mouse_id,interval_start,Approach_active_count,Approach_passive_count,Approach_mean_duration,Approach_std_duration,Approach_contact_active_count,Approach_contact_passive_count,Approach_contact_mean_duration,Approach_contact_std_duration,Approach_rear_active_count,Approach_rear_passive_count,Approach_rear_mean_duration,Approach_rear_std_duration,Break_contact_active_count,Break_contact_passive_count,Break_contact_mean_duration,Break_contact_std_duration,Center_Zone_count,Center_Zone_mean_duration,Center_Zone_std_duration,Contact_active_count,Contact_passive_count,Contact_mean_duration,Contact_std_duration,FollowZone_active_count,FollowZone_passive_count,FollowZone_mean_duration,FollowZone_std_duration,Get_away_active_count,Get_away_passive_count,Get_away_mean_duration,Get_away_std_duration,Group_3_break_count,Group_3_break_mean_duration,Group_3_break_std_duration,Group_3_make_count,Group_3_make_mean_duration,Group_3_make_std_duration,Group_4_break_count,Group_4_break_mean_duration,Group_4_break_std_duration,Group_4_make_count,Group_4_make_mean_duration,Group_4_make_std_duration,Group2_active_count,Group2_passive_count,Group2_mean_duration,Group2_std_duration,Huddling_count,Huddling_mean_duration,Huddling_std_duration,Move_in_contact_active_count,Move_in_contact_passive_count,Move_in_contact_mean_duration,Move_in_contact_std_duration,Move_isolated_count,Move_isolated_mean_duration,Move_isolated_std_duration,Oral_genital_Contact_active_count,Oral_genital_Contact_passive_count,Oral_genital_Contact_mean_duration,Oral_genital_Contact_std_duration,Oral_oral_Contact_active_count,Oral_oral_Contact_passive_count,Oral_oral_Contact_mean_duration,Oral_oral_Contact_std_duration,Periphery_Zone_count,Periphery_Zone_mean_duration,Periphery_Zone_std_duration,Rear_at_periphery_count,Rear_at_periphery_mean_duration,Rear_at_periphery_std_duration,Rear_in_centerWindow_count,Rear_in_centerWindow_mean_duration,Rear_in_centerWindow_std_duration,Rear_in_contact_count,Rear_in_contact_mean_duration,Rear_in_contact_std_duration,Rear_isolated_count,Rear_isolated_mean_duration,Rear_isolated_std_duration,Rearing_count,Rearing_mean_duration,Rearing_std_duration,SAP_count,SAP_mean_duration,SAP_std_duration,Side_by_side_Contact_active_count,Side_by_side_Contact_passive_count,Side_by_side_Contact_mean_duration,Side_by_side_Contact_std_duration,Side_by_side_Contact_opposite_way_active_count,Side_by_side_Contact_opposite_way_passive_count,Side_by_side_Contact_opposite_way_mean_duration,Side_by_side_Contact_opposite_way_std_duration,Social_approach_active_count,Social_approach_passive_count,Social_approach_mean_duration,Social_approach_std_duration,Social_escape_active_count,Social_escape_passive_count,Social_escape_mean_duration,Social_escape_std_duration,Stop_count,Stop_mean_duration,Stop_std_duration,Stop_in_contact_active_count,Stop_in_contact_passive_count,Stop_in_contact_mean_duration,Stop_in_contact_std_duration,Stop_isolated_count,Stop_isolated_mean_duration,Stop_isolated_std_duration,Train2_active_count,Train2_passive_count,Train2_mean_duration,Train2_std_duration,WallJump_count,WallJump_mean_duration,WallJump_std_duration,isolated_count,isolated_mean_duration,isolated_std_duration,seq_oral_geni___oral_oral_active_count,seq_oral_geni___oral_oral_passive_count,seq_oral_geni___oral_oral_mean_duration,seq_oral_geni___oral_oral_std_duration,seq_oral_oral___oral_genital_active_count,seq_oral_oral___oral_genital_passive_count,seq_oral_oral___oral_genital_mean_duration,seq_oral_oral___oral_genital_std_duration,Corner_2_mean_duration,Corner_3_mean_duration,Move_high_speed_mean_duration,Corner_0_mean_duration,longChase_mean_duration,Move_high_speed_std_duration,Move_high_speed_count,longChase_passive_count,Corner_2_count,Corner_3_std_duration,Corner_1_count,longChase_std_duration,Corner_1_mean_duration,Corner_2_std_duration,Corner_0_std_duration,Corner_1_std_duration,longChase_active_count,Corner_0_count,Corner_3_count,Group_3_break_total_duration,Group_3_make_median_duration,Rear_in_centerWindow_median_duration,Group_3_break_median_duration,Get_away_median_duration,Side_by_side_Contact_opposite_way_total_duration,Center_Zone_median_duration,Contact_median_duration,Group_4_make_median_duration,Periphery_Zone_median_duration,Center_Zone_total_duration,Oral_genital_Contact_median_duration,Side_by_side_Contact_opposite_way_median_duration,Group_4_make_total_duration,Group2_total_duration,Social_approach_total_duration,isolated_median_duration,Approach_rear_total_duration,Group_4_break_total_duration,Huddling_total_duration,Approach_median_duration,Train2_median_duration,seq_oral_oral___oral_genital_median_duration,FollowZone_median_duration,Stop_total_duration,WallJump_median_duration,Stop_in_contact_total_duration,Rear_in_contact_median_duration,Group2_median_duration,Approach_rear_median_duration,Social_escape_median_duration,Side_by_side_Contact_total_duration,Move_isolated_median_duration,Stop_isolated_median_duration,Stop_isolated_total_duration,SAP_total_duration,Rear_at_periphery_median_duration,seq_oral_geni___oral_oral_median_duration,Rear_at_periphery_total_duration,Social_escape_total_duration,Approach_contact_total_duration,Move_in_contact_total_duration,Group_3_make_total_duration,Get_away_total_duration,Group_4_break_median_duration,Rear_in_centerWindow_total_duration,Break_contact_total_duration,Approach_contact_median_duration,Oral_oral_Contact_median_duration,Rear_isolated_total_duration,Stop_median_duration,Train2_total_duration,Periphery_Zone_total_duration,Huddling_median_duration,Contact_total_duration,seq_oral_oral___oral_genital_total_duration,seq_oral_geni___oral_oral_total_duration,Side_by_side_Contact_median_duration,Stop_in_contact_median_duration,isolated_total_duration,Oral_genital_Contact_total_duration,Oral_oral_Contact_total_duration,Move_isolated_total_duration,Rearing_total_duration,Social_approach_median_duration,Rear_isolated_median_duration,Approach_total_duration,Rearing_median_duration,WallJump_total_duration,SAP_median_duration,Move_in_contact_median_duration,FollowZone_total_duration,Rear_in_contact_total_duration,Break_contact_median_duration
8226,2024-06-03 19:00:00,15232,15306,3.766456873403628,6.216713539017237,1652,1695,0.8924439796832986,0.6474592406121144,2785,2981,1.3352774887270205,1.3219115738808918,2417,2571,0.9112449879711308,0.8651346327384961,540,2.546648148148148,4.83850987796483,4302,4303,5.080569436374201,12.05637485016008,13.0,10.0,0.3734782608695653,0.1711243812997911,13984,14729,2.3616006686866577,2.6774709527707907,123,0.7156097560975611,0.6357393063165714,129,0.7253488372093023,0.572929432065202,20,0.852,0.4273593335824081,23,0.6439130434782608,0.3797681115174361,2709,2710,2.6715316479055176,5.57963374189829,718,1.9565598885793871,4.560721672803052,5188,5280,1.393885173863202,1.3654681945510243,3463,2.2863528732313023,2.4418979778001924,2910,2939,1.493082578218499,2.0878656792851067,3135,3135,1.4033397129186604,2.3160078348947133,497,76.53213279678069,106.68122563457848,1310,1.3311450381679388,3.0356810524569893,38,1.0973684210526315,0.8226583488926434,1249,1.2567253803042433,1.2136462232333154,1347,1.327238307349666,2.9983136718678525,503,71.61636182902585,105.19592908618876,890,1.5297415730337076,4.0466082399736,3075,3075,1.878035772357724,2.9943307807816755,2723,2723,1.8848255600440689,3.1531675481232018,5734,5788,3.929596424231904,7.835607454332229,6422,6560,2.1505892774611,2.855021906066323,2246,15.725431878895815,38.40192456271812,3937,3844,5.177597995116309,11.745042710643492,3107,7.155909237206309,22.28313887774205,8,11,0.5794736842105263,0.5944521908465105,12,0.5591666666666667,0.3079626149749709,3030,4.720475247524753,10.906443103059695,186,142,2.770640243902439,2.85822783528193,212,189,2.5881047381546134,2.020269086297632,,,,,,,,,,,,,,,,,,,,,,,,,,,,,,,,,,,,,,,,,,,,,,,,,,,,,,,,,,,,,,,,,,,,,,,,,,,,,,,,,,,,,,,,,,,,,
8226,2024-06-04 19:00:00,14507,14812,3.818071898768717,6.623878768602672,1313,1549,0.949266247379455,0.6663674011528334,2363,2470,1.4543368508172978,1.8032129347306445,1930,2178,0.9412000973709834,0.8106585767284274,573,2.388394415357766,4.07446008647391,3682,3683,5.125014256619144,13.481001831843082,17.0,12.0,0.3399999999999999,0.2105493635296925,12876,13417,2.2872920549195603,2.927526267702039,122,0.8251639344262294,0.7982452410937271,116,0.904396551724138,0.827156834556559,14,0.737857142857143,0.5775833714888338,15,0.6026666666666666,0.4817394408691163,2439,2439,3.257043870438704,8.334594846367635,807,2.459714993804213,4.24638565379478,4233,4350,1.317719911452872,1.513974743675218,3213,2.3566760037348278,2.8904237231991967,2461,2404,1.4772764645426515,2.2254817376643032,2496,2496,1.4069110576923076,1.801747380600156,579,62.29906735751296,100.99224805060524,1345,1.2557472118959108,1.3402710356899183,43,1.2532558139534882,1.7698031961672664,1153,1.336790980052038,1.7295574251601034,1377,1.2685185185185186,1.3766302352071174,510,68.95498039215687,109.82722448437268,790,1.3820886075949366,1.941714319481063,2430,2430,1.8885843621399176,3.121527742072641,2202,2202,2.025363306085377,4.390583193701633,5137,5198,3.849444605708757,7.976351373278306,5454,5572,2.0328142572102306,3.1991862142841527,2193,15.283005015959873,40.90082949631925,3340,3292,5.294859770808203,13.937709895370224,3081,6.721934436871146,17.238714053274588,9,10,0.5752631578947368,0.4940953287634048,10,0.534,0.1560897177907629,2356,5.640033955857385,14.714869274232797,139,127,2.679172932330827,2.1526774882900246,157,157,2.6632165605095537,1.8473389807475624,,,,,,,,,,,,,,,,,,,,,,,,,,,,,,,,,,,,,,,,,,,,,,,,,,,,,,,,,,,,,,,,,,,,,,,,,,,,,,,,,,,,,,,,,,,,,
8227,2024-06-03 19:00:00,15231,15190,3.761376023141908,6.37741236617208,1671,1634,0.914947049924357,0.6572460804043486,2977,3178,1.3465085296506902,1.3550546026511534,2534,2444,0.925134592205705,0.872402597226702,688,2.9301453488372093,16.64923043587243,4194,4194,5.534930853600382,13.94066208021012,11.0,19.0,0.3276666666666666,0.1506139288231854,14529,14490,2.332435990213309,2.671304305163245,120,0.6877500000000001,0.5145183224790607,104,0.6475000000000001,0.4368038417343031,29,0.5820689655172413,0.4258490853807478,34,0.668235294117647,0.3302180259111822,2646,2646,2.9413643235071807,6.463608733436295,772,1.8262046632124351,3.381578328884664,5401,5446,1.4138194892597031,1.370026525243555,3523,2.273167754754471,2.388102098814431,3116,3155,1.5266018178918832,2.4041615001275325,3176,3176,1.413573677581864,2.3272194614010417,589,60.50096774193548,88.84670258857744,1496,1.360106951871658,1.448477391355205,21,1.2185714285714286,1.100741246850052,1394,1.261126255380201,1.2246989299395246,1509,1.3711994698475811,1.4516698935230248,524,66.26146946564886,95.7977488058868,827,1.813905683192261,4.123860068887763,3137,3137,1.8773063436404207,2.9177294185218625,2979,2979,1.9720711648204097,3.461694140818392,5815,5839,3.980031748755792,8.06910872553644,6787,6507,2.173837821573642,3.0159136822570507,2532,13.172740916271724,34.940456047262686,3817,3860,5.586738309235378,13.725106423038344,3227,5.972999690114658,17.894300796068208,8,7,0.6706666666666666,0.5672444113627054,22,0.5954545454545455,0.3726041925388396,3060,4.052607843137255,9.917791878647876,168,184,2.889119318181818,2.474549446472206,213,203,2.891995192307692,2.714121831695213,,,,,,,,,,,,,,,,,,,,,,,,,,,,,,,,,,,,,,,,,,,,,,,,,,,,,,,,,,,,,,,,,,,,,,,,,,,,,,,,,,,,,,,,,,,,,
8227,2024-06-04 19:00:00,14817,14362,3.7977980739572974,6.954903310012375,1456,1415,0.9504110066179032,0.6752407145932784,2399,2494,1.3983486613529532,2.1601078733151287,2052,2018,0.9710614250614252,0.9556335761438574,602,1.8289867109634557,4.359635580547098,3614,3614,5.528194521306031,16.02140925541196,22.0,16.0,0.3421052631578947,0.1909554631836114,12809,13402,2.257314867803594,2.799810061171074,120,0.776,0.8635868996999279,111,0.8081981981981982,0.6805975093449014,19,0.8173684210526315,0.7398352740218465,15,0.9193333333333334,0.7811313732159414,2480,2480,3.235435483870968,8.603779063016,721,2.740360610263523,15.661623747229404,4139,4160,1.3312025545246415,1.470693645799784,3187,2.2919956071540635,2.7725782665413483,2400,2384,1.6008904682274248,3.0178357216476,2480,2480,1.4500483870967742,2.348194553044745,554,62.198086642599286,90.94061447825182,1535,1.4049511400651464,1.4199952221178291,26,0.9476923076923076,1.0474045126013882,1121,1.363514719000892,2.06680314667536,1556,1.407435732647815,1.42834837939258,556,60.15005395683453,88.61170036481553,758,1.4604617414248025,2.2871157241398,2509,2509,2.2218971701873254,4.082643387620114,2240,2240,2.255941964285714,5.011447681329546,5307,5238,4.024296823138929,8.852947972071304,5479,5674,2.045646911144983,3.0662881898926178,2372,13.33662310286678,34.645887250786416,3223,3205,5.825311138767891,16.603896043599303,2995,6.210320534223707,14.027815178966913,9,5,0.5664285714285715,0.5673573721695191,14,0.5557142857142858,0.2607328760495331,2820,3.6830851063829786,6.997330376437305,142,138,2.523571428571429,1.4864413742841234,161,144,2.584688524590164,2.0191851914594903,,,,,,,,,,,,,,,,,,,,,,,,,,,,,,,,,,,,,,,,,,,,,,,,,,,,,,,,,,,,,,,,,,,,,,,,,,,,,,,,,,,,,,,,,,,,,
8228,2024-06-03 19:00:00,14554,14604,3.7383904931751153,6.065061350669711,1810,1792,0.8558661854525264,0.6230756376861551,3529,3311,1.3224312865497077,1.27955198595139,2801,2727,0.8941696816208394,0.791758172531015,772,1.9017227979274611,3.544381090817041,4767,4767,5.548096286972939,13.325350983300694,25.0,25.0,0.3628,0.1930807085133054,14647,14008,2.35689687663584,2.7028040724655047,123,0.6651219512195122,0.5510379944312024,116,0.7035344827586208,0.5646501118488683,21,0.589047619047619,0.2584736287903378,17,0.5417647058823529,0.3091208652656118,3234,3234,2.8551020408163263,5.986685784646096,914,2.3505908096280086,4.47112663573045,6361,6082,1.4586000160732944,1.4317405022315075,3362,2.171082688875669,2.292790336029189,3500,3577,1.5279935000706513,2.45094301788914,3643,3643,1.347793027724403,1.7196770387908349,940,34.38786170212766,63.06421943865163,1124,1.2455693950177935,1.3488118323410925,64,1.476875,1.720960737313609,1442,1.1796116504854368,1.1994811009757382,1180,1.2830254237288137,1.3964407841940216,892,34.723576233183856,59.48930508595355,1051,1.4792388201712656,2.461178113820829,3707,3707,1.794669544105746,2.417275656545599,3315,3315,1.9499276018099547,3.5450614931526383,6575,6545,3.9634649390243903,7.437808312342338,7417,7480,2.207199436128079,2.9173612485244,2374,12.498176074136476,29.09149634596299,4408,4400,5.534265440508629,12.872201047786886,3109,4.298784174975877,7.206479126264933,23,20,0.577906976744186,0.549488379967008,12,0.515,0.3381937314617171,1764,3.639557823129252,12.229760656809557,182,230,2.507378640776699,2.3461318965583837,215,251,2.514163090128755,2.0890796809398564,,,,,,,,,,,,,,,,,,,,,,,,,,,,,,,,,,,,,,,,,,,,,,,,,,,,,,,,,,,,,,,,,,,,,,,,,,,,,,,,,,,,,,,,,,,,,
8228,2024-06-04 19:00:00,14191,14091,3.7011551516865855,6.493192955809532,1844,1486,0.9112372372372372,0.6312048878020194,2829,2689,1.3911689017760056,2.0231815366818524,2484,2217,0.937255902999362,0.8988306001737472,744,2.163252688172043,5.817872898678773,4233,4232,5.341018310691082,14.179563211861238,15.0,29.0,0.3195454545454545,0.1406471171771676,14008,12291,2.2781345298300315,2.903702626266356,137,0.8299270072992702,0.7736740447493252,135,0.8164444444444444,0.7571628003097084,22,0.8349999999999999,0.7751993878410192,20,0.8809999999999999,0.7595913374966832,3014,3014,3.1794691439946914,6.872307110916388,798,2.397117794486216,10.682304153070437,5047,4791,1.349350477739378,1.5413091065383426,3458,2.384331983805668,2.698354408602634,2837,2760,1.576192603180275,2.9349736362624173,2900,2900,1.4193310344827583,2.1471727121806974,899,35.2320467185762,67.75353370336184,1416,1.3983968926553672,1.3074880121049883,74,0.9817567567567568,0.884074348879232,1345,1.148810408921933,1.0841635621449064,1468,1.4087670299727522,1.3237411037501494,803,37.63308841843088,57.17260719849914,836,1.421447368421053,2.9276539402941517,2928,2928,2.025225409836066,3.402637861483869,2559,2559,2.2012895662368117,4.955040393445506,6144,5744,3.907289703903096,7.894045895810962,6500,6118,2.0468838167696943,3.1176525692470167,2680,10.59917537313433,28.650941653650516,3710,3841,5.579768242616871,14.625603286693003,3259,4.084737649585763,8.945736586999411,8,11,0.541578947368421,0.4901800223322334,8,0.69625,0.2660327752364358,1344,4.894330357142857,17.548797107172938,161,150,2.716816720257235,2.313143313527412,181,169,2.616628571428571,1.839177938811861,,,,,,,,,,,,,,,,,,,,,,,,,,,,,,,,,,,,,,,,,,,,,,,,,,,,,,,,,,,,,,,,,,,,,,,,,,,,,,,,,,,,,,,,,,,,,
8229,2024-06-03 19:00:00,15178,15095,3.713602550127176,6.011076983401228,1741,1753,0.8771608471665713,0.6089582243043278,3248,3069,1.3422510685451956,1.316873842988824,2596,2606,0.8919223375624761,0.7900468862011125,601,2.918153078202995,6.531408800174966,4506,4505,5.180436133614472,11.197363196643224,30.0,25.0,0.3472727272727272,0.192952698352868,14495,14428,2.33908031670297,2.5749231900354457,114,0.6721929824561403,0.5492095736057665,99,0.633939393939394,0.5611168843860136,23,0.8630434782608695,0.8412694072061251,23,0.8939130434782608,0.7721609380030136,2894,2893,2.833234836702955,5.801437760039404,860,1.88043023255814,3.2157535087213125,5579,5721,1.4310769911504424,1.3753833188309288,3537,2.1250749222504948,2.252207311412087,3290,3145,1.4408904428904428,2.0671991117172093,3382,3382,1.4166558249556476,2.0589125523202263,640,52.30484375,83.14333537617783,1233,1.334663422546634,1.839326652535812,69,0.92768115942029,0.6237129238553287,1304,1.2867484662576687,1.389476336206564,1289,1.3359115593483322,1.8139749618110488,612,54.1291339869281,78.80673048046889,966,1.4180848861283644,2.501595548203227,3351,3351,1.810387943897344,2.6123399344374536,3091,3091,1.8100323519896475,2.6946398137603764,6082,6034,3.852175635523275,7.4479280591696435,6828,6907,2.1519024390243904,2.7744466429691528,2114,14.988013245033112,35.386330888414875,4131,4189,5.150830528846154,11.145277794236565,2963,5.867374282821465,11.562354236706271,20,21,0.6321951219512195,0.5900579227256647,17,0.7847058823529411,0.7769784435427431,2544,5.153007075471698,15.17978706751331,201,181,2.6465968586387434,2.13186518138769,203,200,2.7020843672456576,1.943241292894607,,,,,,,,,,,,,,,,,,,,,,,,,,,,,,,,,,,,,,,,,,,,,,,,,,,,,,,,,,,,,,,,,,,,,,,,,,,,,,,,,,,,,,,,,,,,,
8229,2024-06-04 19:00:00,14350,14600,3.8644286701208985,6.817684721137312,1334,1497,0.9112009890498056,0.62294282187117,2420,2358,1.4081875261615735,1.732935403226946,1999,2052,0.9539348309059492,0.8164794706194797,453,2.710640176600441,5.927392041308384,3660,3660,5.208092896174863,13.15115914906545,13.0,10.0,0.2886956521739131,0.1291545871132758,12722,13305,2.276560879087102,2.875574866488853,143,0.9034265734265734,1.2792502748045669,120,1.0128333333333337,1.3965971641417896,16,0.765625,0.3064508270098157,16,0.889375,0.3602337565734227,2487,2487,3.13248492159228,6.509719733021289,847,2.5352774498229045,8.299287256192665,4214,4332,1.3045483267025506,1.3873737118569152,3086,2.0380848995463383,2.2993691674662284,2297,2447,1.4855775716694772,2.390903336443932,2480,2480,1.3637540322580644,1.674403498741162,500,75.35762,160.4714249881754,1020,1.5213529411764706,3.1956960536930583,35,0.8299999999999998,0.6146962083594046,1078,1.208061224489796,1.7273126918419055,1051,1.5078686964795434,3.152598104824408,549,60.67850637522768,88.57840707094635,874,2.530217391304348,12.571302853910243,2443,2443,2.075268112975849,3.4325214224159257,2197,2197,1.9741101502048248,3.484353438261331,4947,5355,3.886647252960591,7.410590813309166,5523,5592,2.0102231219073325,2.8589989761974604,1672,21.819533492822963,74.14876823093655,3325,3260,5.397837509491267,13.210681636840976,2609,9.183694902261404,47.57643653581259,9,9,0.5349999999999999,0.4926149048135312,10,0.924,1.0612935503431649,2268,5.602063492063492,17.28509207124199,121,148,2.6011524163568773,1.7543309581143036,140,169,2.6788996763754045,2.164021955132995,,,,,,,,,,,,,,,,,,,,,,,,,,,,,,,,,,,,,,,,,,,,,,,,,,,,,,,,,,,,,,,,,,,,,,,,,,,,,,,,,,,,,,,,,,,,,
8445,2024-06-15 19:00:00,16954,17117,3.683638578263039,5.655895892997362,1454,1838,0.8966373025516402,0.6566073363041803,3186,3487,1.5575243518657276,1.734958569582474,2214,2609,0.90200290275762,0.7738829946958679,913,3.934348302300109,9.565169749144292,4213,4213,4.520386897697603,9.236118055297505,26.0,38.0,0.40484375,0.3649785618169066,14897,15484,2.2699048747572497,2.405402634120444,150,0.7774,0.6300607695558686,149,0.7450335570469799,0.6325877652572165,20,0.5354999999999999,0.297531090812372,27,0.5651851851851852,0.3678704519394713,3126,3126,3.1557773512476004,7.044288440690675,1373,2.687975236707939,5.920841973940641,4582,4888,1.4823717001055965,1.5159583393182812,3542,1.9522529644268771,1.9180347836286624,2534,2568,1.290354762838103,1.5341935071372432,3018,3018,1.2977799867461894,1.5404264646989363,749,50.49142857142857,91.24916890651704,1378,1.3344920174165456,1.5437146532416346,117,1.205128205128205,0.9383797778591934,1821,1.4476386600768807,1.7330777247172784,1480,1.346587837837838,1.5226674382213763,477,80.03291404612159,123.50701450852144,1044,2.3721839080459763,14.121377731073164,2366,2366,1.49198224852071,1.9940666429493847,2214,2214,1.4841463414634144,1.8637844735778943,5868,6157,3.3420399168399166,5.055024874228804,5973,6532,1.945250699720112,2.2071236424847664,1765,21.74530878186969,56.80117187753284,3988,3932,4.357674242424242,9.126879525261057,3036,8.139525691699605,26.98507084037172,52,59,0.643783783783784,0.4355426439420017,8,0.40125,0.2063030234872964,2436,2.903300492610837,5.495619074155919,155,139,2.3737414965986394,1.2821295056391195,199,164,2.495371900826446,1.239960259730857,,,,,,,,,,,,,,,,,,,,,,,,,,,,,,,,,,,,,,,,,,,,,,,,,,,,,,,,,,,,,,,,,,,,,,,,,,,,,,,,,,,,,,,,,,,,,
8445,2024-06-16 19:00:00,14248,14235,4.284318365340729,7.528681362543105,1084,1431,0.9223896620278332,0.6660562959064238,2506,2797,1.720546860267773,2.7557407281864044,1714,1990,0.9738984881209504,0.8476806601394112,625,5.865616,18.930947496111862,3059,3059,6.288443935926773,17.181680526993155,14.0,19.0,0.6063636363636363,0.9994508133843584,12386,12815,2.3059751597158846,2.7087184569018543,119,1.5189915966386554,4.644336461540724,104,1.58375,4.860665352425451,11,0.6518181818181819,0.4430230484834884,13,0.6846153846153846,0.4379957039588294,2313,2313,3.868996973627324,9.838288489097904,1173,2.847357203751065,6.112524534673336,3682,3908,1.4219617918313572,1.4746529074619956,2758,1.998034807831762,2.108395365762271,2208,2236,1.5573402340234024,2.1622300386930173,2585,2585,1.4900967117988395,2.3022573293971464,556,58.43726618705036,104.76007243382,995,1.4024120603015076,1.478136682215767,120,1.2460833333333332,1.4012270193377738,1423,1.5732888264230498,3.351046616831004,1106,1.4007142857142858,1.4805432314321316,377,90.03931034482758,135.64927606956888,819,1.6956898656898656,3.8208090490160056,2271,2271,2.019528841919859,3.220511704506648,1983,1983,2.0748764498234995,3.937859589499263,4575,4672,4.225782415918676,8.382472380195413,4854,5182,2.050403547229972,2.764931042422885,1391,24.31714593817397,57.5111144183961,2916,2891,6.225705183399345,17.190507611327988,2386,8.707745180217938,19.523581847164884,16,37,0.730566037735849,0.6427987598300244,7,0.5471428571428572,0.3804401317915225,1854,3.544239482200648,7.479300441968107,121,136,2.9632295719844355,3.992266268545957,149,158,2.784527687296417,2.1645652432371163,,,,,,,,,,,,,,,,,,,,,,,,,,,,,,,,,,,,,,,,,,,,,,,,,,,,,,,,,,,,,,,,,,,,,,,,,,,,,,,,,,,,,,,,,,,,,
8445,2024-06-17 19:00:00,13193,13693,4.7283400282675,9.486171843163188,1155,1158,0.9206009511456984,0.7296273722422144,2694,2814,1.743351488743646,2.328018368223986,1797,1833,0.9565537190082644,0.9374037452184252,697,13.828780487804876,35.09362925714844,2903,2903,7.963193248363762,23.52439346892516,11.0,20.0,0.3170967741935483,0.1365518582429187,11782,11957,2.294030919583807,3.041307421352988,83,0.7789156626506023,0.7663275150724336,89,0.7523595505617978,0.729526585713447,17,0.7435294117647059,0.5114217918068686,18,0.8655555555555555,0.4895374485984162,1857,1857,4.774711900915455,12.968868255112042,1064,2.4148308270676693,6.2081294757698045,3675,3716,1.3929847111351643,1.5134727542111424,2418,1.80575682382134,2.122065303373923,2314,2462,1.752853852596315,2.608315542053078,2605,2605,1.7745566218809978,3.08256261098339,742,36.43277628032345,76.21516263672474,814,1.6054791154791157,3.8424527260939128,160,1.327625,2.190027250829313,1365,1.670791208791209,2.7063592923723,965,1.577056994818653,3.6459301807305575,495,69.28230303030304,104.1278601108354,755,2.483456953642384,9.22924540244099,2360,2360,2.3241483050847456,5.089387408114066,2254,2254,2.352209405501331,5.308124425298045,4646,4801,5.093852016513178,12.272629040930074,5123,5274,2.1972251611041647,3.3762886346254573,1212,28.557722772277227,62.380463636415065,2800,2773,7.942777678090796,23.633676383368314,2013,9.64755091902633,21.271155489300305,18,24,0.6657142857142857,0.5097158071726172,1,1.07,0.0,1734,5.308650519031143,12.550995628175713,152,156,3.1443181818181816,3.014559344517449,187,171,2.8105027932960898,2.158282157203717,,,,,,,,,,,,,,,,,,,,,,,,,,,,,,,,,,,,,,,,,,,,,,,,,,,,,,,,,,,,,,,,,,,,,,,,,,,,,,,,,,,,,,,,,,,,,
8445,2024-06-18 19:00:00,10380,10320,5.096506763285024,9.73123184407269,704,821,0.8479278688524591,0.633280738028367,2233,2209,1.7829131022062137,2.176058406869513,1271,1328,0.8824317045017316,0.7834062599157859,508,9.231338582677166,48.676975544996594,2010,2010,9.44009950248756,23.80424430339621,9.0,16.0,0.258,0.0928654941299511,8483,8915,2.522285894930452,3.2778826939298606,75,0.7556000000000002,0.5498417711790669,74,0.6786486486486486,0.4550596168971778,16,0.598125,0.4506692072629324,18,0.8194444444444444,0.5744124749324518,1263,1263,6.503238321456849,18.67420823199888,950,3.4330315789473684,18.259697393845062,3029,3111,1.5235439739413683,1.6377039064494665,1769,1.948422837761447,3.284939432818375,2055,2070,1.715529696969697,2.4007572122454186,2062,2062,1.4608923375363725,2.02487529499492,516,61.83722868217055,118.44339516744978,655,1.6919083969465647,2.109332991966464,48,3.788333333333334,18.799118145688524,1094,1.5950091407678246,2.097374948042662,701,1.8418972895863053,5.351055034373257,468,64.8928205128205,110.22899136305524,832,4.622151442307692,19.17565781669632,2153,2153,2.276869484440316,3.4971372739737827,2025,2025,2.332716049382716,3.2748771995997754,4028,4204,5.067552235179786,9.572983902324378,4066,4442,2.3518135872120363,2.931987944159303,768,45.88287760416667,100.59170556416636,1983,1967,9.272756962025316,23.135063623862656,1392,15.975653735632184,56.889323541853095,5,4,0.2633333333333333,0.1204620733306176,20,1.677,1.8438251001654145,1068,8.249775280898875,20.508011505374125,125,108,2.743991416309013,2.097690727012067,124,107,2.5494805194805195,1.4603521156106705,,,,,,,,,,,,,,,,,,,,,,,,,,,,,,,,,,,,,,,,,,,,,,,,,,,,,,,,,,,,,,,,,,,,,,,,,,,,,,,,,,,,,,,,,,,,,
8445,2024-06-19 19:00:00,11602,11509,5.340791398035568,10.17272012353824,946,1035,0.8280666330136295,0.642990118415384,2836,2908,1.9719045961002784,3.4134146300413826,1619,1762,0.92974859509021,0.9474861096197964,542,11.126457564575643,33.866744576193895,2484,2484,10.060108695652174,25.560479947237155,5.0,6.0,0.3181818181818182,0.1226834938751806,9949,10419,2.3571474862529462,3.1832197249960075,119,0.930924369747899,0.834508854293057,121,0.8960330578512395,0.8659113379487361,24,0.8508333333333332,0.4815073265855418,23,0.9182608695652172,0.6466142736621204,1509,1509,6.388568588469184,18.04411196519314,1034,2.5182301740812383,5.847500504333491,3253,3453,1.4552326274977634,1.6230683482138455,1622,1.666078914919852,1.8633915060966524,2281,2274,1.796239297475302,2.893328852814756,2493,2493,1.6455716004813477,3.292788636368627,520,55.23311538461539,109.64150495831926,574,1.6119163763066202,2.8581072694597704,22,1.4190909090909092,2.431449079890256,1348,1.7230563798219587,2.794259376948397,593,1.617301854974705,2.8498623034006303,386,82.11849740932642,104.54276455870304,750,3.5296133333333333,14.92224032276953,2415,2415,2.45976397515528,4.381164047624921,2233,2233,2.163179579041648,3.3063697311958364,4606,4744,5.981666310160429,12.713691963432868,5068,5349,2.3108342133051742,3.5300014678374114,717,46.38527196652719,93.33145844753614,2462,2455,9.853577384584096,24.97892534851669,1522,10.820413929040734,28.61340988974478,10,13,0.7965217391304348,0.5822117401744621,7,0.7471428571428572,0.4100423074239426,1530,5.873960784313725,16.56430166962627,149,147,3.0475,3.0308325221013166,154,153,2.9027687296416937,2.0229711327260733,,,,,,,,,,,,,,,,,,,,,,,,,,,,,,,,,,,,,,,,,,,,,,,,,,,,,,,,,,,,,,,,,,,,,,,,,,,,,,,,,,,,,,,,,,,,,
8447,2024-06-15 19:00:00,16915,17143,3.56915702624934,5.585161450216769,1872,1542,0.9067398945518452,0.6439091434893848,3058,3024,1.4574366984544556,1.5504117865947702,2605,2241,0.9136731324803962,0.7405047884889341,1300,3.3972692307692305,6.78122978441619,4305,4305,3.8965737514518,7.972460230594864,27.0,29.0,0.3642857142857143,0.2317854391369707,15092,15337,2.3395313681027967,2.5907707627781984,170,0.6890588235294117,0.4870200467655896,170,0.6788823529411765,0.4755077017193977,32,0.754375,0.4531551714093088,39,0.7058974358974359,0.4803669428020783,3060,3060,2.707575163398693,4.502818260834219,1393,2.184651830581479,4.843020084981104,4665,4498,1.4167248717668883,1.4198405090712043,4006,2.609925112331503,3.49463099278305,2259,2298,1.1654619267061663,1.2692211418512378,2713,2713,1.222532252119425,1.4385517791567766,1007,35.04717974180735,51.95743198638791,1589,2.317111390811831,3.2858988769253648,225,1.2000888888888888,1.0141084715644404,1580,1.3044430379746836,1.4754418797181452,1775,2.24350985915493,3.149860487281844,600,59.96283333333333,81.2641116482068,1042,1.1241458733205376,1.4610554416835078,2033,2033,1.3527693064436792,1.7105860193696552,1885,1885,1.2977984084880636,1.5221739590082597,6057,5939,3.135973657885962,6.114296813137717,6185,5942,1.8465094417415684,2.113172369660406,2613,13.415752009184846,29.65839669417289,3858,4009,3.815177322994789,7.484622778739911,3637,6.555529282375584,18.51343738303431,28,39,0.6582089552238806,0.5166595500579397,95,0.827578947368421,0.503436016505257,3006,3.0935928143712577,4.365528214624537,124,110,2.3935897435897435,1.1400483282142195,147,146,2.394607508532423,1.2474151839593308,,,,,,,,,,,,,,,,,,,,,,,,,,,,,,,,,,,,,,,,,,,,,,,,,,,,,,,,,,,,,,,,,,,,,,,,,,,,,,,,,,,,,,,,,,,,,
8447,2024-06-16 19:00:00,14083,14424,4.258963412495176,7.346302380940715,1451,1177,0.937781582952816,0.6795123057038582,2513,2563,1.6992848699763592,2.425169313387609,1933,1731,0.9792849344978168,0.8408688073217738,831,5.025619735258724,22.130516723843204,3162,3162,5.946824794433903,17.389118458736185,24.0,26.0,0.4082,0.2142492940478451,12876,12834,2.4437829638273043,3.027382545143216,123,0.6958536585365854,0.4228050480605416,103,0.7126213592233012,0.4432097427275691,15,0.6253333333333332,0.4049175499064251,14,0.6628571428571429,0.417277375570813,2293,2293,3.74534234627126,10.247827077737114,1266,2.559225908372828,6.349592618034653,3805,3761,1.424306106264869,1.4545210632830154,3025,2.754396694214876,3.900852168986489,2261,2260,1.557445255474453,2.6329304676182974,2530,2530,1.4900632411067192,2.120983121836472,695,48.69797122302159,79.40061404941169,1177,3.018266779949023,4.433266636546307,103,1.4788349514563104,1.7407750204400638,1317,1.3846924829157174,1.5890234725760206,1263,2.944117181314331,4.320287462820859,626,56.01840255591055,92.76014455516687,856,1.8354789719626168,10.012650094761051,2184,2184,2.041735347985348,3.050096416766368,1948,1948,2.146534907597536,4.429358751327341,4742,4623,4.10686492258409,7.913671372504991,5123,5089,2.0515501370936158,2.827916177350943,1917,18.03143453312467,42.13941473684236,2906,2966,5.9762380790190734,17.52159475520209,2588,8.524095826893355,21.53794072967278,36,33,0.6581159420289857,0.4877611537209427,125,0.8748800000000001,0.6026655669606485,1818,3.817590759075908,7.187052977346733,144,134,3.1076258992805754,4.323350533009285,136,152,2.986805555555556,4.3468491386766095,,,,,,,,,,,,,,,,,,,,,,,,,,,,,,,,,,,,,,,,,,,,,,,,,,,,,,,,,,,,,,,,,,,,,,,,,,,,,,,,,,,,,,,,,,,,,
8447,2024-06-17 19:00:00,13116,13336,4.786690231362468,9.84232252030716,1167,1105,0.9303433098591548,0.6970538265212509,2545,2650,1.7291838306063525,3.112988022029894,1812,1776,0.9711872909698996,0.919251298239231,769,11.722197659297787,29.369358827749856,2810,2810,8.100686832740214,24.44688101098525,8.0,5.0,0.36,0.1637070554374489,11482,11728,2.429382162860836,3.245733686972448,126,0.7957142857142857,0.9297443142046734,111,0.8227027027027026,0.9460300606102752,29,0.7413793103448275,0.6944247142130449,29,0.6879310344827587,0.519246000501555,1772,1772,4.733199774266366,13.910463938116308,1183,2.443440405748098,5.416239044853568,3485,3562,1.391514119483468,1.540585398290537,2401,2.695135360266556,3.9282803168583458,2317,2198,1.7459180509413066,2.950310908393519,2453,2453,1.7065511618426417,2.578556498728269,805,33.702720496894415,82.784147100204,1025,3.2844682926829267,4.619874006857605,189,1.5533862433862435,1.821215119691166,1307,1.710558530986993,4.783361072127485,1198,3.0633222036727883,4.380692669178488,699,46.52181688125894,81.7119913364769,754,2.090755968169761,6.557307975842723,2094,2094,2.457225405921681,5.382875079020169,2088,2088,2.3922174329501917,4.98486985851815,4615,4488,5.137802922113589,13.171157630493356,5010,4943,2.18182156133829,3.197924645938749,1337,25.2654076290202,68.16179663653352,2663,2688,8.15238273219959,24.68376847391139,2056,9.336425097276264,19.512054156466853,19,26,0.5244444444444444,0.3735389645334089,240,1.4291666666666667,1.2288474161677772,2262,4.346233421750664,8.440634263359328,196,154,3.0526285714285715,3.013409545782359,192,178,3.0211351351351348,2.749602292245604,,,,,,,,,,,,,,,,,,,,,,,,,,,,,,,,,,,,,,,,,,,,,,,,,,,,,,,,,,,,,,,,,,,,,,,,,,,,,,,,,,,,,,,,,,,,,
8447,2024-06-18 19:00:00,9710,9762,5.197914954806903,9.649391753545494,768,706,0.8655156037991859,0.6573420319035836,2092,2219,1.7635189051264208,2.1746346778149395,1293,1294,0.9004097410127562,0.7815535077369583,568,5.393080985915494,23.01291476465492,1968,1968,9.045010162601628,22.83850849384596,15.0,8.0,0.2847826086956521,0.1399338217878409,8677,8569,2.638276121999304,3.5399443660048595,54,0.6812962962962963,1.019268158472132,47,0.8412765957446809,1.0412893338003053,13,0.7176923076923079,0.596917129232859,16,0.526875,0.2330160603370505,1211,1211,6.169611890999174,18.31665167056468,1104,2.2535144927536237,4.750685435267465,2969,3064,1.578115365489806,1.8519809201618136,1708,2.6912587822014054,4.075847794283449,1970,1999,1.8017384731670447,3.2463157326984726,2032,2032,1.518257874015748,1.9774901864327925,466,59.82218884120172,96.59213796287467,645,3.683627906976745,4.620747164438973,54,1.0800000000000003,1.4644629909464602,1035,1.5775652173913044,2.011096190702665,699,3.485250357653791,4.513320902261628,659,41.32081942336874,79.69019562748262,783,2.478058748403576,6.55154454694247,2057,2057,2.4221147301895964,3.5824531116258047,1919,1919,2.5850651380927565,4.862565526034109,3716,3504,5.212860110803324,9.96841953425426,4033,3978,2.442942204468856,3.203406970980305,899,32.66749721913237,63.10564730311198,1899,1912,9.006523222251378,21.828647757744783,1366,12.708513909224012,31.570888548174505,2,1,0.7666666666666666,0.5197649041206568,169,1.1428402366863903,0.7782518594415335,1182,8.74253807106599,22.593372004479868,127,113,3.0010416666666666,2.940298482285524,134,118,2.9052380952380954,2.9777430236236357,,,,,,,,,,,,,,,,,,,,,,,,,,,,,,,,,,,,,,,,,,,,,,,,,,,,,,,,,,,,,,,,,,,,,,,,,,,,,,,,,,,,,,,,,,,,,
8447,2024-06-19 19:00:00,11617,11494,5.225897624507811,10.203250707662178,969,914,0.8830323951141795,0.6869083743289637,2588,2827,1.9375364727608493,3.112275559338696,1668,1510,0.9375676526117054,0.9421337234099232,654,10.1331498470948,42.91004245979131,2434,2434,9.197756778964669,23.15029489486012,5.0,7.0,0.3266666666666667,0.1163567311713803,9770,10265,2.4684367357125034,3.243207774373937,90,0.7055555555555555,0.5588363129677223,84,0.7473809523809524,0.545147684331894,37,0.9016216216216216,0.7854023362600697,31,1.0638709677419351,0.8575910651141251,1486,1486,6.053546433378196,17.276785395450986,1326,2.758438914027149,20.346885996018077,3248,3178,1.39286336756925,1.5454630806091068,2017,2.247352503718393,3.918008614514008,2107,2254,1.8027516624627384,3.412742795296688,2246,2246,1.61919857524488,2.158151887942929,613,49.99567699836868,90.21047076676255,680,3.053426470588235,4.5625018801484485,49,1.3959183673469386,1.993255892894989,1353,1.7045380635624536,2.7421390079135595,724,2.97182320441989,4.463645444457501,570,55.606175438596495,115.34122182328623,788,2.728197969543147,11.86185775254107,2299,2299,2.408499347542409,4.519629696996974,2047,2047,2.303067904250122,3.577314749580726,4567,4553,5.62718201754386,12.288246919963498,4871,4967,2.285120959544623,3.235085785139027,880,40.35939772727272,88.2153027243624,2368,2380,9.114237573715249,22.766917756522723,1607,12.682831362787802,41.90808608922972,8,4,1.0166666666666666,0.6718051966323438,106,0.95811320754717,0.6406881813133573,1794,8.58,22.643855442429825,136,130,3.13624060150376,2.95324763289648,155,161,3.1190189873417724,2.826207032316086,,,,,,,,,,,,,,,,,,,,,,,,,,,,,,,,,,,,,,,,,,,,,,,,,,,,,,,,,,,,,,,,,,,,,,,,,,,,,,,,,,,,,,,,,,,,,
8448,2024-06-15 19:00:00,17204,16201,3.575118395449783,5.866506687217987,1939,1766,0.8906477732793523,0.6501844117814973,3463,3011,1.4573787457522396,1.5252867072398484,2699,2565,0.8987993920972646,0.7440130868703055,1444,3.907700831024931,10.585986907867635,4838,4838,4.034739561802398,7.303820422910294,31.0,16.0,0.3376595744680851,0.1345949441995287,15262,15070,2.2613840168798625,2.364665788884728,177,0.7628248587570621,0.5555319513642415,180,0.7438333333333332,0.5947168093583142,25,0.5612,0.5545471666143467,24,0.7358333333333333,0.5059555041920408,3636,3636,2.6933360836083606,4.169969108206371,1435,2.4482787456446,4.142641118235562,5314,5088,1.4270246106517976,1.4367269909150218,3614,2.2694908688433864,2.3949118993954057,2794,2668,1.2190552911021604,1.3714282076322868,3155,3155,1.2265293185419968,1.42846419318114,1267,24.887750591949487,42.06158497131651,603,1.0156053067993367,1.0432128060204868,93,1.081935483870968,1.2852147287762754,1459,1.245729952021933,1.2326102789588975,689,1.0419303338171262,1.091139889884687,683,50.35150805270864,78.08255835772614,1303,1.4011435149654643,1.6903131073084756,2538,2538,1.4258510638297872,1.8970118981510389,2332,2332,1.3427015437392795,1.6245082618263418,6790,6434,3.2018504234724747,5.94201007853846,6902,6609,1.8720879283546736,2.125266360150402,2441,13.32735354362966,27.71902382945923,4449,4459,3.9522485406376298,7.107649163730592,3543,5.428969799604856,12.339420206629644,47,37,0.5975,0.4789767739671726,10,0.5469999999999999,0.2149906974731698,1950,2.730153846153846,5.5192185880326585,141,155,2.3443581081081084,1.1805053287546152,197,183,2.424578947368421,1.1398823030558658,,,,,,,,,,,,,,,,,,,,,,,,,,,,,,,,,,,,,,,,,,,,,,,,,,,,,,,,,,,,,,,,,,,,,,,,,,,,,,,,,,,,,,,,,,,,,
8448,2024-06-16 19:00:00,14649,13578,4.197615757962235,7.374053402945301,1398,1348,0.9177931536780772,0.6693544700646413,2572,2222,1.516430955360868,1.7195253001187514,2038,1917,0.948897597977244,0.7780164076682813,889,5.05644544431946,16.77754761282372,3434,3434,5.154906814210833,13.365284724461477,18.0,18.0,0.4125,0.2870092429793082,12214,12587,2.3001241885407846,2.7454920991614182,129,0.6968992248062016,0.537493174212455,126,0.6864285714285715,0.6061215032021146,11,0.6863636363636364,0.3508761171507358,14,0.8135714285714285,0.5009648853228443,2621,2621,3.4798435711560467,8.914266096352264,1389,2.951641468682505,9.14167010030373,3835,3738,1.3862670011884326,1.345467763637391,2882,2.013160999306037,2.0876879507318438,2144,2096,1.3795966981132075,2.22624946952383,2553,2553,1.4046729338033686,2.120454148037303,854,35.71516393442623,61.16839441512596,530,1.283679245283019,2.7206840584994456,52,1.146730769230769,1.2174875155794067,1106,1.2809855334538878,1.4234765740091209,582,1.282027491408935,2.622590731237743,547,59.60014625228519,89.67700282371612,959,1.626976016684046,2.797958556872008,2162,2162,1.743732654949121,2.7404864097481187,1861,1861,1.782923159591617,3.2577228127601616,5047,5017,3.740887321144674,6.735073680793229,5196,5064,1.9030925925925928,2.397916862596708,1742,18.273386911595864,37.06107808382655,3250,3209,5.092354853692522,13.242430562037384,2581,7.599961255327392,17.063500281089613,33,17,0.6256,0.5758164985479316,12,0.5725000000000001,0.3350155469029261,1452,8.07198347107438,24.112546907780025,132,104,2.6059745762711866,1.8022294054481824,157,122,2.5631182795698924,1.4328326045802748,,,,,,,,,,,,,,,,,,,,,,,,,,,,,,,,,,,,,,,,,,,,,,,,,,,,,,,,,,,,,,,,,,,,,,,,,,,,,,,,,,,,,,,,,,,,,
8448,2024-06-17 19:00:00,13479,12889,4.741129778519418,9.375278180832163,1226,1272,0.8913931144915934,0.6881679743444609,2866,2671,1.7578110890373848,3.166693617727617,1969,1927,0.9329363449691992,0.9045414462482584,866,11.552321016166283,27.989713308274464,3196,3196,7.665450563204005,20.9340342625144,12.0,17.0,0.3758620689655172,0.1809651755673814,11482,11584,2.327237492413076,3.116737069406352,111,0.7821621621621623,0.7025313373862687,97,0.8250515463917526,0.7003447217633131,13,0.9615384615384616,0.8807413499114181,18,0.6533333333333332,0.4450717794793205,2160,2160,4.710861111111111,13.037608047887446,1169,2.639717707442258,5.772135894624111,3995,3837,1.3729111338100102,1.4854472052757492,2449,1.952960391996733,2.6044956137150965,2569,2480,1.7020598138245198,2.737916580361293,2676,2676,1.6888789237668165,2.9438786301286246,979,25.92494382022472,56.410413054619255,369,1.183821138211382,1.3057593002243106,87,1.5193103448275862,1.5618665469823727,1327,1.440821401657875,2.085659870329769,454,1.2568722466960351,1.3714584013650168,619,50.88768982229403,90.76500322444502,1016,2.5556397637795274,10.916497943324488,2354,2354,2.2004333050127443,4.414291513465965,2303,2303,2.3650976986539294,5.801625131787324,5079,5210,4.940795023811837,11.52079523046976,5396,5400,2.155520563171545,3.3325793941267343,1316,25.1111094224924,52.55119365479968,3064,3057,7.66285574252573,21.104610860091523,2107,7.91516373991457,20.077171675941443,23,17,0.54925,0.3276460552181271,15,0.9846666666666668,0.6890850616739723,1262,7.059920760697305,26.6488810817589,151,161,3.3720833333333338,4.656373129789405,199,201,2.896975,3.35683781249184,,,,,,,,,,,,,,,,,,,,,,,,,,,,,,,,,,,,,,,,,,,,,,,,,,,,,,,,,,,,,,,,,,,,,,,,,,,,,,,,,,,,,,,,,,,,,
8448,2024-06-18 19:00:00,9571,9751,5.138552427284961,9.676789940095636,691,741,0.8606005586592179,0.6687200541614382,2200,2164,1.7768263061411549,2.206542545607826,1281,1309,0.8823783783783783,0.7939624854225634,558,8.69073476702509,29.175385504781087,2028,2028,9.674531558185404,23.659657994102943,6.0,7.0,0.3953846153846154,0.1837898207868218,8502,8278,2.5493277711561384,3.334285282379766,73,0.7580821917808219,0.5061177986607698,73,0.7383561643835617,0.5659227250086167,11,0.9790909090909088,0.812811669402793,15,0.962,0.7317668116734092,1267,1267,6.312202052091554,15.098247141221105,1045,2.7766315789473683,8.966359091197731,3206,3054,1.5562044728434503,1.8302167427938685,1686,2.33279359430605,7.960687636915112,2204,2212,1.8351585144927536,3.225699666022924,2160,2160,1.59925,3.8101532112312166,768,30.008346354166665,68.86807406571396,144,1.2800694444444445,1.5794779801003602,27,1.4425925925925926,1.9513729119331888,980,1.5140816326530615,1.681677695305236,169,1.3230177514792902,1.6503145853000625,516,45.6328488372093,89.1168253512353,919,2.249956474428727,3.854773872557464,2247,2247,2.372412105028927,4.5927049857427376,2136,2136,2.53936797752809,4.639742232139347,3932,3998,5.3105901639344255,10.00891426914862,4337,4124,2.480079186857345,3.273688151762734,849,30.90049469964664,65.72924441949614,1975,2002,9.542733215991952,22.525472830182043,1333,9.764523630907728,20.97336019755474,7,6,0.4815384615384616,0.370941549487375,14,1.0642857142857145,1.3513258795172474,978,6.1131288343558285,21.944774061614385,134,151,2.7780701754385966,2.0205834128807307,131,153,2.7022887323943663,1.88919258810304,,,,,,,,,,,,,,,,,,,,,,,,,,,,,,,,,,,,,,,,,,,,,,,,,,,,,,,,,,,,,,,,,,,,,,,,,,,,,,,,,,,,,,,,,,,,,
8448,2024-06-19 19:00:00,11653,10990,5.300291039173255,9.769965527982588,848,1115,0.8485124808965869,0.6780302659097659,2857,2623,1.971060218978102,3.614015659367665,1620,1838,0.9447946790052052,0.9872286991381448,687,11.573857350800584,32.69131634403404,2655,2655,9.30358945386064,23.63360761550658,1.0,6.0,0.3642857142857142,0.1880620826715888,9999,10232,2.336095101576788,3.046209113241376,136,0.8108823529411765,0.6817165516161426,135,0.8305925925925928,0.6933843602622152,25,0.7916000000000001,0.6306040278970633,23,0.8065217391304348,0.4516887028806663,1649,1649,5.590436628259552,14.93287016388646,1265,2.566822134387352,5.573283774899454,3333,3444,1.3739634056367125,1.4079067364788362,1714,1.746120186697783,2.891074190715324,2367,2294,1.811081313022956,3.6183198597738793,2408,2408,1.6268936877076412,3.225339700153881,810,30.203827160493827,61.87546011237634,182,1.4009890109890113,2.4192697358550777,19,1.0389473684210526,0.9247980988008712,1184,1.9213429054054052,3.693771758153825,200,1.3781,2.331588169038435,497,57.31935613682093,94.97688742879448,908,2.1876651982378856,3.7229047340528183,2424,2424,2.2547400990099007,4.0475160167748365,2242,2242,2.254313113291704,4.098243830506958,5224,4659,5.678532834159667,11.742196045797888,5253,5420,2.238528998407196,3.2193084948445763,789,38.92699619771863,73.10711213237639,2593,2565,9.281481194261342,22.974348023316924,1568,8.997512755102042,16.262672458648556,4,5,0.6377777777777777,0.3320902748008197,13,0.6123076923076922,0.313200693735204,1176,6.413010204081632,17.046912031691324,135,136,2.9430258302583026,3.257037523176096,160,138,3.0562080536912752,2.6937463091743017,,,,,,,,,,,,,,,,,,,,,,,,,,,,,,,,,,,,,,,,,,,,,,,,,,,,,,,,,,,,,,,,,,,,,,,,,,,,,,,,,,,,,,,,,,,,,
8449,2024-06-15 19:00:00,16889,17501,3.555298924105845,5.138079693166056,1628,1747,0.9019111111111112,0.645073633082895,2898,3083,1.4371911051663602,1.5059628130900504,2289,2392,0.9092202520828884,0.7528324147623844,1124,3.987740213523132,9.949054134307763,4194,4194,3.9917763471626135,8.415225764651577,32.0,33.0,0.4089230769230769,0.3997350009767936,15742,15102,2.2460912981455063,2.3971119200446918,180,0.7229444444444446,0.5673062050135831,154,0.7248701298701299,0.4642340948509287,27,0.7414814814814816,0.5230940975027817,32,0.6940625,0.3648703483345145,3076,3076,2.759320546163849,6.120230163658703,1485,2.123589225589225,3.814211505281525,4404,4491,1.358432827431141,1.3354323312573924,4103,2.029995125517914,2.0053587361647507,2338,2391,1.2301120744343417,1.493178004845815,2836,2836,1.283198166431594,1.508016249476421,864,39.731770833333336,56.94136447216656,1413,1.3727105449398445,1.4596773530325249,205,1.2906341463414632,1.330714126198146,1564,1.2975767263427112,1.5613863019799956,1571,1.4233672819859962,1.5173420777641804,487,75.74790554414786,103.90567262385692,985,1.776446700507614,5.358147718005855,2131,2131,1.4928578132332238,1.7537487495758506,2001,2001,1.3652223888055972,1.7262861961456415,5725,5910,3.059893425010744,4.638814437656325,5876,5853,1.8473152016369685,2.154572756477495,2244,15.420998217468808,28.506794570840416,3893,3788,3.937121468558781,8.06743246237882,3393,6.813607427055703,12.871484223433042,35,27,0.6079032258064517,0.4485069751562262,6,0.5333333333333333,0.1755625877635159,3348,3.0876702508960574,4.99119338617001,129,145,2.50543795620438,1.3446023446092414,151,201,2.608352272727273,1.3996982673205998,,,,,,,,,,,,,,,,,,,,,,,,,,,,,,,,,,,,,,,,,,,,,,,,,,,,,,,,,,,,,,,,,,,,,,,,,,,,,,,,,,,,,,,,,,,,,
8449,2024-06-16 19:00:00,14079,14822,4.259173385003979,7.187516716648208,1287,1264,0.9425401803214426,0.702553538022082,2424,2433,1.7593946880790614,2.9014495046437245,1747,1794,0.950649534029935,0.7563558245402335,788,5.034505076142132,25.953394790489156,3093,3093,5.788891044293567,16.7756692925255,22.0,15.0,0.6932432432432433,0.954636067783847,13464,12704,2.3025603790889635,2.747246894972074,126,0.7937301587301586,0.6746683301868539,114,0.8337719298245614,0.7215254191226637,18,1.0777777777777775,0.6626257160012526,17,0.8770588235294118,0.5559598452055408,2297,2297,3.885367871136265,10.66782023453914,1273,2.08630793401414,3.886696087762096,3618,3533,1.382540903370158,1.4411055073987011,3344,2.079383971291866,2.1502487290044345,2128,2149,1.5126163198503624,2.4037765092701093,2446,2446,1.4893008994276369,2.0844439900276908,648,54.01322530864198,85.23644447963255,1163,1.3124591573516766,1.6413949163890142,80,1.003625,0.789487561254134,1260,1.5647777777777776,2.6032859330142704,1224,1.3324754901960785,1.6318648859311904,380,93.96739473684212,144.6191961353823,912,1.81406798245614,4.65472566980782,2107,2107,2.0807166587565256,3.517044471140736,1928,1928,2.1326815352697097,4.61908334323762,4516,4568,4.093902465874065,7.804252710235098,5013,4851,1.9724300486618005,2.6447657271282634,1757,20.37723392145703,47.454832631678926,2848,2854,5.8911083830235,16.84548600579654,2629,8.898052491441613,24.80977351794447,24,22,0.7054347826086957,0.5141210588353644,3,0.6333333333333333,0.2866279043560755,1920,5.4103125,17.642335248694934,120,143,2.701825095057034,3.144062134731253,161,171,2.753012048192771,3.883092633127004,,,,,,,,,,,,,,,,,,,,,,,,,,,,,,,,,,,,,,,,,,,,,,,,,,,,,,,,,,,,,,,,,,,,,,,,,,,,,,,,,,,,,,,,,,,,,
8449,2024-06-17 19:00:00,13881,13751,4.66152106253619,8.627735411188896,1143,1156,0.8990387124836887,0.6917606108604104,2493,2463,1.5965799031476997,1.7855882869632704,1750,1792,0.933944099378882,0.916599200302614,849,10.48241460541814,22.424944253976296,2999,2999,6.508129376458819,18.56586740624084,19.0,8.0,0.3633333333333333,0.1761102348383387,12393,11870,2.2595540534970944,2.924490298417419,99,0.7850505050505052,0.6592088520192617,95,0.7702105263157893,0.6373348767738625,33,0.6412121212121212,0.3622468401330915,25,0.5972000000000001,0.3654643074227632,1903,1903,4.12386232264845,12.425933983869427,1339,2.7342345033607174,6.117207899012064,3475,3515,1.3546223175965668,1.3503075447346975,2893,1.9502108537849985,2.3352007599957405,2195,2255,1.574078651685393,2.2813680142155546,2376,2376,1.603396464646465,2.410262770030181,856,35.45855140186916,72.82093617129746,913,1.5658050383351587,2.31051651463468,237,1.6335443037974682,1.791781781545544,1200,1.3657666666666668,1.4973197984695483,1118,1.643855098389982,2.2548136313448026,536,67.31173507462687,107.1563114142486,800,2.9677999999999995,16.415378587166362,2076,2076,2.100751445086705,3.57896622541371,2067,2067,2.103091436865022,4.046241086574228,4719,4560,4.521187627977152,9.453382799469589,4989,4901,2.064568250758342,2.630051263142489,1392,26.40581896551724,61.29460045097152,2844,2853,6.517205546779006,18.73100710002726,2231,10.748511878081578,29.04395028824041,19,12,0.700967741935484,0.5136671122285558,10,0.6839999999999999,0.808,2142,8.240140056022408,28.757662405682552,134,162,3.0071621621621616,4.309579530587664,167,195,2.8998618784530388,3.271868834707494,,,,,,,,,,,,,,,,,,,,,,,,,,,,,,,,,,,,,,,,,,,,,,,,,,,,,,,,,,,,,,,,,,,,,,,,,,,,,,,,,,,,,,,,,,,,,
8449,2024-06-18 19:00:00,10433,10261,5.014919300280274,8.995692253265187,777,672,0.8639337474120082,0.6482640074490221,1944,1877,1.7728133996336035,2.107202405437301,1254,1168,0.88345995045417,0.7500694725916747,624,8.536089743589743,44.55873662605231,1902,1902,8.274610935856993,18.61071998473478,8.0,7.0,0.3266666666666667,0.1643032426811947,8822,8722,2.4821899224806203,3.2520094375751905,58,0.8051724137931034,0.6419642308740884,59,0.7767796610169492,0.6069301489364495,18,0.7600000000000001,0.551774913851251,20,0.7645000000000002,0.5388271986453542,1127,1127,5.133158828748892,13.873288882380868,1117,2.564744852282901,6.767780259726354,2838,2813,1.4744664661121925,1.7244601311741257,1961,2.317700152983172,12.140000804982344,1874,1822,1.6996374458874457,2.4601831352626387,1888,1888,1.571324152542373,4.021620283975658,564,48.034379432624114,94.77496580162928,551,1.3800907441016337,2.0555985679867663,90,2.382555555555556,5.962896306160681,930,1.535516129032258,2.1050780902068422,632,1.5472151898734177,2.9840275483630374,401,69.54451371571072,121.963486158504,769,3.1979583875162545,14.506409188194354,1821,1821,2.22113124656782,4.811876134399325,1764,1764,2.1808163265306124,3.170464212783469,3585,3555,4.897700280112045,9.22477662379461,3835,3727,2.337692409415498,3.095994226032332,971,31.522636457260557,69.04896778119479,1865,1841,8.152914193200216,18.207009317004413,1446,14.070484094052558,36.39379516048521,3,6,0.4366666666666667,0.2684109618559653,4,1.525,1.9938217071744404,1584,6.983295454545456,13.274747277305996,125,139,3.096477272727273,3.0043487570568312,125,136,2.8934865900383144,3.1343514653047,,,,,,,,,,,,,,,,,,,,,,,,,,,,,,,,,,,,,,,,,,,,,,,,,,,,,,,,,,,,,,,,,,,,,,,,,,,,,,,,,,,,,,,,,,,,,
8449,2024-06-19 19:00:00,11425,12304,5.098827594926041,9.59052826087438,1079,778,0.871437802907916,0.6959868270817466,2547,2470,1.8797428742276256,2.7668080278558045,1649,1446,0.9099806138933764,0.8840236984734221,682,8.39133431085044,23.90982612169652,2369,2369,8.721207260447446,21.473901944704583,8.0,0.0,0.34125,0.1887748328035281,11121,9923,2.361143793955522,3.09456232205258,115,0.8325217391304348,0.6251467215305969,103,0.8780582524271845,0.6480516853599849,29,0.8775862068965519,0.5143503111385964,32,0.8771875,0.7076909387887836,1434,1434,5.3655439330543935,13.8343205263286,1344,2.7071726190476197,8.191055355645588,3170,2929,1.3538908017707822,1.407724897483028,2383,1.8484557280738565,1.9670253264630977,2059,1992,1.6903332510491238,2.942230888184271,2229,2229,1.7033423059668014,2.43125919331132,647,47.103013910355486,86.12358362970257,868,1.515541474654378,2.5192858063519323,104,3.296730769230769,5.311050063186059,1186,1.599991568296796,2.5792907406989585,961,1.733225806451613,3.02089611199374,449,73.60407572383073,119.85195578571168,860,3.116151162790698,13.162636618268836,2128,2128,2.449492481203008,4.365832481607862,1936,1936,2.285397727272727,4.441541751119422,4156,4597,5.488945504398493,11.04055009979116,5082,4538,2.242006237006237,3.396766704020331,1012,33.83625494071147,75.50189875571087,2287,2310,8.669058081357408,21.2500056994784,1725,11.884666666666666,37.674371265891,7,7,0.9028571428571428,0.7679697591835294,4,0.5325,0.2379469478686373,1974,8.104224924012158,19.436906925820946,126,133,3.0433976833976835,2.4944684828099324,137,154,3.03893470790378,2.5795024492663905,,,,,,,,,,,,,,,,,,,,,,,,,,,,,,,,,,,,,,,,,,,,,,,,,,,,,,,,,,,,,,,,,,,,,,,,,,,,,,,,,,,,,,,,,,,,,
8718,2024-05-14 19:00:00,14702,18292,2.866280535855004,4.1691633987038506,1395,4150,0.8487862939585212,0.5143826667174528,1984,2900,0.9252129402129402,0.9839103942489758,2177,4123,0.7965111111111112,0.5364063128042266,1073,2.3110344827586204,4.973902474556287,7274,7274,2.160784987627165,5.731420543214748,40.0,43.0,0.286144578313253,0.1021908364234218,15102,18041,2.014456144585584,2.048322260454209,131,0.6078625954198473,0.4396216409901264,112,0.6242857142857142,0.4578398704118892,17,0.5523529411764706,0.4664954373620226,18,0.5366666666666667,0.3123922036301305,4906,4906,1.5127639624949043,3.0138833639079405,841,1.516860879904875,2.306293182452743,6759,7674,0.9819649414536132,0.9900561049009023,4275,2.831672514619884,9.871435821566337,2300,2837,1.0542339887093637,1.5548357823428314,2733,2733,1.0794255396999637,1.737454155957266,962,39.86772349272349,69.40273028949683,1365,0.9951501831501832,1.437845787482285,118,1.0620338983050848,0.7188097026900884,976,0.9531147540983608,1.1414817857326351,1471,1.0259415363698163,1.407287353778942,862,41.45589327146171,64.95922837531415,1009,1.933726461843409,8.848637831062792,2451,2451,1.4735046919624644,2.789222657539501,2111,2111,1.4791710090004735,2.5258175810058257,5820,8643,2.1117485998755448,4.345200919970261,6784,8443,1.3103894398108622,1.6023327954923938,2985,11.285383584589614,30.577286663367204,5297,4100,2.700560817282112,6.752006068351599,3946,5.996675114039534,20.127122933789227,7,22,0.392758620689655,0.425739895919337,10,0.5660000000000001,0.1541557653803451,4698,1.513422733077905,5.583110549346709,86,105,2.6365445026178014,2.1467107669943486,103,113,2.764861111111111,2.842313705932563,,,,,,,,,,,,,,,,,,,,,,,,,,,,,,,,,,,,,,,,,,,,,,,,,,,,,,,,,,,,,,,,,,,,,,,,,,,,,,,,,,,,,,,,,,,,,
8718,2024-05-15 19:00:00,15289,17898,2.8899861391508725,4.451894881450425,1682,3625,0.8541021292632373,0.5397446507778725,2417,3043,1.020529304029304,1.234757288833756,2522,3865,0.8319774542038516,0.6144817896840876,948,2.578364978902953,6.186753353128312,6793,6793,2.542140438686884,7.353898035898639,62.0,49.0,0.3038738738738738,0.1209062712787994,15841,17280,2.1640937773617948,2.2981549304166085,128,0.6171875,0.4401933834620302,109,0.6322935779816515,0.433667172569313,16,0.565,0.2626547163102159,13,0.4746153846153846,0.2825873693245598,4604,4604,1.4987054735013032,3.978526966247723,960,1.841125,3.981748723995736,6606,7151,1.0888594897143271,1.184611582623583,4526,2.6740388864339373,3.1189327126169424,2663,2924,1.2303382853051728,1.932874252155284,2929,2929,1.1118163195629909,1.4581532511306332,1062,33.31789077212806,55.108102972735374,1466,0.9505320600272852,1.0823077968474428,102,1.0258823529411767,0.9731416205312308,1148,1.003144599303136,1.11996303603626,1562,0.9729833546734956,1.0916528534052266,1153,29.500607111882044,53.84940122502788,901,1.81503884572697,10.909867232139367,2502,2502,1.4333932853717029,1.9963676538542177,2192,2192,1.6081569343065694,2.5098935216399445,5764,7734,2.430192621129056,5.1255662144833884,6739,7704,1.5646714671467146,2.1312682457623944,3237,9.588443002780352,30.981306788583144,4803,4075,3.186507096192836,8.600712200015423,3920,5.323650510204081,20.845516713586843,47,45,0.5792391304347825,0.5000831098224361,17,0.9670588235294116,0.67189604155512,4507,2.1913822942090087,10.497544299438973,149,120,2.576802973977695,1.4734622133825652,144,148,2.588219178082192,1.7389298334491818,,,,,,,,,,,,,,,,,,,,,,,,,,,,,,,,,,,,,,,,,,,,,,,,,,,,,,,,,,,,,,,,,,,,,,,,,,,,,,,,,,,,,,,,,,,,,
8718,2024-05-16 19:00:00,15175,17490,3.0648887188121843,4.424832591528059,1522,3620,0.8599805523142747,0.5196467919846331,2679,3436,1.103901880621423,1.5142521234042905,2564,3878,0.8340235951567836,0.6121639170594008,816,2.745,7.662908211306068,6482,6482,2.9664208577599505,7.435277432855674,45.0,29.0,0.3274324324324324,0.2058079714449843,15442,16914,2.2542644331808632,2.429072800797847,129,0.7090697674418605,0.4851587159153467,111,0.7081981981981981,0.5683708315518273,21,0.6238095238095238,0.4205832253348991,15,0.8866666666666666,0.5091387062699341,4304,4304,1.8268169144981412,4.105298411144629,1107,1.877145438121048,3.3413656852856426,6811,7281,1.2031102753335223,1.2555621912782655,4094,2.557926233512457,3.3974575141939503,2882,3287,1.232865942616307,1.4821642232188077,3229,3229,1.28258593991948,1.980781329568135,873,39.9042726231386,58.99302352955143,1354,1.1546528803545053,2.2581826405649776,110,1.450090909090909,1.6278868038905503,1349,1.0432765011119347,1.4756039629577875,1443,1.2081981981981982,2.239751328161125,986,34.58348884381339,53.269458264292254,978,1.1844274028629855,1.5634718096388505,3071,3071,1.5408759361771411,2.253488019182496,2786,2786,1.5885642498205312,2.1807743983889765,5946,7811,2.5759933124954566,4.692821451297471,6965,8026,1.6760249483023149,2.156249619725144,2823,11.241353170386114,23.754815712008234,4985,4342,3.485594510560737,8.266716832688525,3779,5.295178618682191,10.203595428074005,18,28,0.5354347826086957,0.6273536778014773,11,0.5418181818181819,0.2621872398884632,4500,2.07212,4.638544617901898,145,165,2.591677419354839,1.874512691721664,169,199,2.401603260869565,1.431635346906155,,,,,,,,,,,,,,,,,,,,,,,,,,,,,,,,,,,,,,,,,,,,,,,,,,,,,,,,,,,,,,,,,,,,,,,,,,,,,,,,,,,,,,,,,,,,,
8718,2024-05-17 19:00:00,12634,14145,4.037508868889802,7.27723762749883,1104,2547,0.9191043549712408,0.6139013120501834,2561,2890,1.377915978719501,2.269606117611364,2006,3124,0.9130916179337232,0.753753850305137,425,2.9504941176470587,8.21376517463721,4449,4449,4.701607102719713,12.927165614935342,24.0,22.0,0.2869565217391304,0.1099381162927064,11922,13981,2.397302629039107,2.7575289728598475,118,0.7593220338983053,0.7795976024321116,88,0.77375,0.8466301012892766,23,1.054782608695652,1.8649370418682567,22,1.1172727272727274,1.8901423270560676,2954,2954,2.769140148950576,8.209260949716962,1099,2.128835304822566,4.910788842042433,4811,5407,1.3060814249363868,1.353994109646773,2745,2.06359927140255,2.2406968275364862,2647,2971,1.5092203631185477,2.231865992227283,2822,2822,1.4265485471296953,2.374151867126828,461,76.40275488069413,152.29791270506476,768,1.0725,1.148694344861446,31,0.9190322580645164,0.6838050789926844,1156,1.3164965397923871,2.982032282185246,795,1.0842389937106918,1.1445783682191508,533,62.15294559099438,117.22229148408336,966,1.981086956521739,7.537267433979012,2710,2710,1.8544132841328411,2.992172174802308,2507,2507,2.003721579577184,4.629096173465407,4771,5736,3.89307509279528,8.504750356031694,5590,6400,2.0074670558799,2.8215118090510334,1508,22.31509283819629,58.0351870334709,3813,3340,5.328161610513071,13.932287990149195,2457,8.43152625152625,22.46527493738807,13,23,0.3719444444444443,0.2222838456224188,6,0.5116666666666667,0.2982960870604165,2502,4.391079136690648,18.2317136936484,169,191,2.847055555555556,2.582090388559501,190,205,2.891443037974683,2.940183442769358,,,,,,,,,,,,,,,,,,,,,,,,,,,,,,,,,,,,,,,,,,,,,,,,,,,,,,,,,,,,,,,,,,,,,,,,,,,,,,,,,,,,,,,,,,,,,
8718,2024-05-18 19:00:00,14223,15570,3.547669586815695,5.961166087356482,1276,3181,0.9161925061700696,0.6117168883183027,2535,3030,1.2642749326145553,2.405038541526304,2176,3560,0.8796251743375175,0.7054756565921159,470,2.1455319148936174,5.62165214169046,5288,5288,3.8669667170953104,12.16212574034056,30.0,30.0,0.3151666666666667,0.1416626470017963,13912,15773,2.2584433215428668,2.4153573439002725,127,0.6534645669291338,0.5889539344749077,118,0.6448305084745763,0.6072691485085093,19,0.7499999999999999,0.4023745309508229,20,0.6955,0.4398462799660808,3742,3742,2.1646231961517906,5.1728116470999295,958,2.0531002087682677,4.235699000808345,5607,6325,1.2318462956754943,1.288691506283123,3241,2.1959642085776,2.583445697686253,2758,3101,1.379583546680321,2.0325794386882494,3030,3030,1.294927392739274,1.5871331580541228,502,75.25792828685259,151.1028228347054,840,1.0965,1.8718338060893784,14,0.9964285714285716,0.4452865392540137,1272,1.1321855345911949,1.3865351266379136,853,1.095322391559203,1.858427033565833,659,49.742397572078914,84.79386244155268,981,1.411243628950051,2.5916774747845235,2910,2910,1.7367044673539518,2.467789924603221,2610,2610,1.789229885057471,2.9551384789737827,5236,6550,3.264916850500594,7.094102881064663,6348,7180,1.7642223536369013,2.325983091139979,1951,17.96062019477191,68.52931364441692,4318,3737,4.504507759155803,13.10802032912997,3039,7.406215860480422,39.9835239063442,12,23,0.4482857142857143,0.3310199451417281,10,0.5660000000000001,0.4207184331592805,3222,2.196499068901304,6.0764923630398044,180,162,2.839970760233918,2.3599148188783023,195,199,2.77743654822335,2.026479600402374,,,,,,,,,,,,,,,,,,,,,,,,,,,,,,,,,,,,,,,,,,,,,,,,,,,,,,,,,,,,,,,,,,,,,,,,,,,,,,,,,,,,,,,,,,,,,
8718,2024-05-19 19:00:00,13841,15284,3.599972532188841,6.229720756431076,1298,2912,0.8770665083135392,0.5457124766904263,2251,2722,1.1526704202694549,1.3310834143153605,2196,3337,0.8877245617205856,0.674874107481703,369,2.828943089430894,5.677596176282233,4985,4985,3.941283851554664,12.17010364231398,33.0,21.0,0.3614814814814814,0.270085085409706,13031,15050,2.339831914817849,2.668969765379976,126,0.6572222222222224,0.4308419938134593,105,0.7165714285714286,0.4698547466964629,14,0.6764285714285715,0.563808568612447,16,0.5325,0.3257779151507972,3437,3437,2.527378527785859,7.12792091597446,979,2.474341164453524,4.952358529545233,5441,6041,1.2555155896185333,1.328374522142491,3169,2.093452193120858,2.355149855174925,2671,2876,1.3416405264106723,2.111653752497367,3156,3156,1.361964512040558,2.16812835213666,430,81.04748837209301,122.492618085008,779,1.16599486521181,1.772466172804115,11,0.7781818181818182,0.4207961757045842,1069,1.119579045837231,1.355716825490239,787,1.166416772554003,1.7652559901248508,555,60.25812612612613,111.47051718357316,868,2.4005875576036866,12.507527410958652,2993,2993,1.9950050116939524,3.265504988243141,2610,2610,1.7992298850574713,3.2161846194738,5130,6236,3.2658419848671474,7.165891426593553,5829,6856,1.847245565628695,2.4143358393431966,1748,19.26576086956522,46.23384736855544,4222,3700,4.392032315071951,12.9166653880265,2771,7.583706243233489,23.145491423514283,14,21,0.4351428571428571,0.3692646857787315,11,0.760909090909091,1.2729811435113785,3600,2.556683333333334,10.84137367524932,128,172,2.6939333333333337,2.25627817335442,169,199,2.6535054347826086,1.9340641892176025,,,,,,,,,,,,,,,,,,,,,,,,,,,,,,,,,,,,,,,,,,,,,,,,,,,,,,,,,,,,,,,,,,,,,,,,,,,,,,,,,,,,,,,,,,,,,
8719,2024-05-14 19:00:00,15387,15254,2.6975637218106456,3.994453972467622,2339,3084,0.8639590632491241,0.5221351678341731,2460,2517,0.9451537070524414,1.0947872090204476,2965,3413,0.8232110379429287,0.5707460524918927,1364,2.051341642228739,10.103913546136305,7744,7744,2.199805010330578,6.148268798674959,37.0,39.0,0.281578947368421,0.1121330580813768,16022,15912,1.940674516189641,1.9995971620273203,120,0.5626666666666668,0.3471496635298511,109,0.5706422018348623,0.3434746234215877,21,0.5514285714285714,0.3111772686380012,17,0.59,0.3300980246568479,5151,5151,1.5364511745292175,3.3632726643044366,1017,2.1872664700098325,10.824739218805648,7608,7711,0.9899203603368364,1.0001743467977982,4252,3.071159454374412,6.289379555923536,2946,2917,1.0528432543066688,1.459713002835918,2857,2857,1.1516765838291914,2.118418492426051,1560,20.47682692307692,40.98926777291573,740,0.849108108108108,0.7287024856805151,39,0.895128205128205,0.5800436402453578,985,0.9337969543147208,1.0209088214510698,781,0.858258642765685,0.7241676150176914,2119,13.605087305332704,29.33525532982612,679,1.193578792341679,2.258753942314516,2626,2626,1.4412985529322162,2.97057918554851,2128,2128,1.5535808270676692,2.6649063408489724,7186,7645,2.1062423302541973,4.421177931289241,7821,8042,1.3086597743175945,1.6231400521823198,3388,7.1104456906729645,15.593441150519055,4904,4772,2.7998914840843323,7.446904764610378,3465,3.8937546897546897,6.352997284950896,14,19,0.5045454545454546,0.6957929459914495,15,0.8953333333333334,0.7652177613086503,3684,1.4422475570032574,5.379678964661345,103,86,2.8424867724867733,2.2187361520151274,111,115,2.6795575221238934,1.6801779769720304,,,,,,,,,,,,,,,,,,,,,,,,,,,,,,,,,,,,,,,,,,,,,,,,,,,,,,,,,,,,,,,,,,,,,,,,,,,,,,,,,,,,,,,,,,,,,
8719,2024-05-15 19:00:00,15473,15932,2.838131826142334,4.841238661232435,2213,3300,0.8367277344458552,0.5120373209931683,2860,2987,1.017255002565418,1.2872115083436937,3008,3737,0.8420830244625648,0.6910279655328363,972,1.716851851851852,3.65159026840912,7539,7539,2.584799044966176,8.38015437933467,42.0,60.0,0.3011764705882352,0.1146118266974041,15969,16488,2.0967091844594385,2.282867863640309,147,0.6226530612244898,0.4044889721773362,139,0.6236690647482014,0.3478404990567046,9,0.5255555555555556,0.2339568389022552,14,0.5235714285714287,0.2833878498972525,5049,5049,1.442358882947118,3.4435292309216066,1138,2.037021089630932,4.097821681341004,7594,7709,1.074575573416977,1.1437317104983635,4338,2.8950622406639,3.3996541274865635,3141,3228,1.2177468990422358,1.7862535304341378,3220,3220,1.1740714285714289,1.498154405335829,1416,23.562492937853104,40.72669580856027,854,0.8104918032786886,0.8251428046461275,34,0.8579411764705882,0.70311817855207,1196,0.9492140468227422,1.0166979065158557,884,0.8234502262443439,0.8282265691131967,2037,14.522498772704958,30.284528449645727,689,1.1860522496371553,2.4875708046516616,2758,2758,1.484492385786802,2.063280057892088,2379,2379,1.6388188314417822,2.2966654539124254,6855,7746,2.498561057461818,5.944402671379173,7558,8235,1.568969163553473,2.21711736789788,3322,7.712152317880795,18.554343577618305,4985,4671,3.305281690140845,9.908490870206162,3539,4.114179146651597,6.8446642404638975,30,30,0.529,0.4557071428011635,24,0.9925,0.6693046765113777,2966,1.382437626432906,3.8728767778921966,123,171,2.8430272108843537,2.8026953777055312,161,158,2.811692789968652,2.3521769319962096,,,,,,,,,,,,,,,,,,,,,,,,,,,,,,,,,,,,,,,,,,,,,,,,,,,,,,,,,,,,,,,,,,,,,,,,,,,,,,,,,,,,,,,,,,,,,
8719,2024-05-16 19:00:00,15040,15475,2.9911568081271502,4.745120666339063,2243,3060,0.845887233641335,0.5265304910613395,3159,3116,1.0908701195219124,1.426023845464113,3081,3679,0.8367159763313611,0.6322900632338638,950,1.8345894736842108,4.9112043961681975,7134,7134,2.92755396691898,7.475943536820666,36.0,39.0,0.3109333333333333,0.1444268980795782,15451,15704,2.1828505857807734,2.294543471560654,157,0.5806369426751592,0.4075695892730552,145,0.6239310344827587,0.4009906638378713,19,0.7405263157894737,0.9761550442220288,21,0.7914285714285715,0.955661255557716,4627,4627,1.7732526475037822,5.024678718898462,1079,1.9307414272474512,4.931728375531861,7581,7709,1.2030170045781556,1.2299306909805978,4128,2.6604021317829454,3.054974083409798,3375,3317,1.2251628810520026,1.544759488475618,3420,3420,1.2116754385964914,1.5379877393766053,1437,22.09369519832985,42.48178933340307,870,0.8474252873563218,0.8659646356319335,39,0.9012820512820512,0.800641343844243,1267,1.068460931333859,1.4833391209576117,905,0.8612817679558011,0.8694317145366726,1808,15.980530973451328,34.21922933607996,748,1.099024064171123,1.352904277241422,3299,3299,1.5227614428614733,2.1214343651793777,2905,2905,1.5919001721170396,2.298727262242951,6964,7524,2.6327560739922693,5.326979850961396,7894,8123,1.671372916276456,2.1463263690921672,3209,7.904191336865066,18.005747210379475,5079,4884,3.4989912676904544,8.514581631976059,3340,3.964793413173653,7.88133975125341,31,27,0.5251724137931034,0.4635293443053035,22,0.6154545454545455,0.2800442704081441,2802,1.783404710920771,4.334698971617157,179,150,2.5786930091185405,1.808876574558807,178,177,2.345774647887324,1.1802201536951724,,,,,,,,,,,,,,,,,,,,,,,,,,,,,,,,,,,,,,,,,,,,,,,,,,,,,,,,,,,,,,,,,,,,,,,,,,,,,,,,,,,,,,,,,,,,,
8719,2024-05-17 19:00:00,12487,13147,3.8917964422251696,7.369281495997816,1496,2066,0.8944188658057272,0.6010354734832529,2652,2741,1.3380326348970888,2.03727237662464,2345,2698,0.8940194328772556,0.7116427619261921,556,2.6439748201438853,7.372482976851849,4542,4542,4.694024658740642,14.396762551251577,23.0,13.0,0.3669444444444443,0.2924021150976515,12005,13162,2.377348114594509,2.849586883255159,98,0.7412244897959185,0.4997596673547553,98,0.7175510204081632,0.5486459421575062,18,0.8738888888888888,1.1293416906857672,19,1.075263157894737,1.3563937032131723,3047,3047,2.382271086314408,6.891984230307809,1205,3.260622406639004,12.664324644439075,5358,5384,1.3242301247439954,1.689859870182676,2970,2.2464781144781143,2.61233063898239,2921,2939,1.5504368600682592,2.643851263211689,2970,2970,1.404400673400673,1.7766016611374789,939,32.49037273695421,62.18484861956036,618,0.9773462783171522,1.0020936399672675,32,0.8075,0.4531831859193366,1105,1.1490859728506788,1.5100294494843558,648,0.9832716049382716,0.998338329454458,1043,26.645829338446788,54.842955655239024,806,1.249441687344913,1.9042448496955928,2835,2835,1.9186984126984128,2.74954965670541,2638,2638,2.104685367702805,3.752650268372393,5069,5581,3.8986882629107975,8.919396762561037,5946,6413,2.038957035358848,3.129051186586413,2077,13.219321136254212,30.91687104067908,3611,3491,5.44585468882005,15.266529434506737,2479,5.946958450988301,13.544437982764263,18,13,0.3751612903225806,0.2132524018356127,13,0.5761538461538462,0.2321650096719493,2394,2.589122807017544,6.12775754364845,169,186,2.9188450704225346,4.1932192166081705,181,200,2.963175853018373,3.879180399275804,,,,,,,,,,,,,,,,,,,,,,,,,,,,,,,,,,,,,,,,,,,,,,,,,,,,,,,,,,,,,,,,,,,,,,,,,,,,,,,,,,,,,,,,,,,,,
8719,2024-05-18 19:00:00,14274,15096,3.364962206332993,5.6240914923511,2029,2542,0.8591533581273244,0.5555152213248482,2878,2939,1.2513752793536188,1.5345509623234683,2824,3178,0.8628090636454515,0.6849618838084346,807,2.0932094175960345,3.937532453021537,5813,5813,3.728623774298985,11.490058675770396,27.0,29.0,0.32625,0.1750261460060019,14585,14701,2.2720446629788973,2.5919210036235323,136,0.8927205882352941,1.2388416475931938,134,0.8223880597014924,1.2051674678355166,15,0.6960000000000001,0.5072119872400493,17,0.7423529411764705,0.5017678091070165,4000,4000,2.1463225,4.345279709177967,1018,2.159950884086444,4.168023410778053,6468,6479,1.231076697304395,1.4491599053269435,3578,2.497448295136948,2.67795088869291,3182,3176,1.3641711229946527,2.079403806904808,3315,3315,1.3276229260935142,1.725407025113202,1090,28.914541284403665,48.83490485242644,812,0.8800985221674876,0.812779843522971,45,0.9797777777777776,0.7013367835431258,1265,1.1315256916996046,1.4072721223754256,857,0.89512252042007,0.8193097047046897,1195,24.706962343096237,44.69347940864866,876,1.3782990867579907,2.1298679846432496,3113,3113,1.7904754256344362,2.66249718521574,2718,2718,1.7778807947019866,2.747613453255877,6040,6717,3.205110135611821,6.886308377078417,7057,7494,1.7863033468490137,2.668141707299428,2832,9.563216807909605,20.82585799667392,4456,4238,4.365795951230735,12.703060024351954,3203,4.3366843584139865,7.890478590339367,24,16,0.4625,0.5745378577604787,12,0.5783333333333333,0.3785461956250812,2197,1.9890532544378696,5.36468664759945,162,180,2.940233918128655,2.6416037024354933,211,216,2.793606557377049,2.3375202767604253,,,,,,,,,,,,,,,,,,,,,,,,,,,,,,,,,,,,,,,,,,,,,,,,,,,,,,,,,,,,,,,,,,,,,,,,,,,,,,,,,,,,,,,,,,,,,
8719,2024-05-19 19:00:00,13963,14763,3.474003341920212,6.272224519677861,1796,2774,0.8735032822757113,0.5396846093417365,2770,2839,1.162972009270815,1.3202286276533142,2712,3353,0.8737774113767519,0.6768177270857372,518,2.156988416988417,4.87359576883563,5723,5723,3.8836274681111305,12.102842071696813,16.0,18.0,0.283235294117647,0.1170399777912832,13877,14331,2.3167959444129327,2.6884230413545183,152,0.6752631578947369,0.4740918567563245,130,0.7073846153846155,0.511215074182096,15,0.5533333333333332,0.2292499848539919,10,0.4899999999999999,0.2658194876227098,3956,3956,2.4530384226491404,8.05909639169911,955,2.4521256544502616,8.668609216210712,6477,6744,1.239846456395129,1.2844202779042744,3302,2.2682434887946696,3.609647556927363,3193,3154,1.3921616511737829,2.5394758574782026,3567,3567,1.3810036445192038,2.303391936214371,794,39.52556675062973,67.89209251220903,640,0.851921875,1.0441516712846293,16,1.03125,0.9106102006347172,1136,1.0336091549295776,1.1112069168381122,652,0.8687423312883437,1.0725655618781913,980,29.997357142857147,56.90747573693636,776,1.473105670103093,3.330917069654588,3424,3424,1.9826606308411212,2.837420418706422,2851,2851,1.8679480883900383,3.21575034195346,5935,6869,3.248219306466729,6.844186830959855,6936,7458,1.8498645268862024,2.5997986053485107,2340,11.89747435897436,29.43408085246904,4610,4185,4.447814667424674,13.13491775729678,2934,4.763640081799591,10.48784006379732,16,10,0.5753846153846154,0.4988851476367525,16,1.4275,1.6474734443990289,1920,1.9155,7.538982010192092,201,183,3.4078125,5.207258146313063,207,190,2.9235012594458434,5.190500583316991,,,,,,,,,,,,,,,,,,,,,,,,,,,,,,,,,,,,,,,,,,,,,,,,,,,,,,,,,,,,,,,,,,,,,,,,,,,,,,,,,,,,,,,,,,,,,
8720,2024-05-14 19:00:00,15574,16894,2.741519342121473,4.130278273010943,2107,3395,0.8435768811341331,0.5182996216622283,2123,2630,0.9172859246791502,0.9762481357524548,2600,3732,0.808498104864182,0.5531824051519989,1212,1.9322937293729372,6.87558296498868,7386,7386,1.94569591118332,5.3614387190853465,75.0,45.0,0.2895,0.1256241086203865,16146,16958,2.012596060898985,2.058699026963167,129,0.5937984496124031,0.3529766968579202,118,0.5846610169491526,0.3693321554139236,12,0.7225,0.631943101341674,17,0.6511764705882354,0.3408791808206465,4933,4933,1.3370403405635518,3.3716592760633786,943,1.4760763520678686,2.7366614493074994,6867,7390,0.943286105071193,0.924589827751245,4228,3.4628666035950806,5.859345099051087,2396,2546,1.0403986240388503,1.6440736878616815,2556,2556,0.969424882629108,1.5686508330610642,1260,27.80886507936508,51.41713195341733,1691,0.9500118273211118,0.9098472391986372,30,0.7713333333333332,0.6887995999482643,1011,0.8947477744807121,0.8224298819140605,1726,0.9536732329084588,0.9113429382843188,1315,24.33809125475285,48.61723473772447,643,1.1660964230171071,2.446323010283064,2233,2233,1.316717420510524,2.3622361299567918,1899,1899,1.452132701421801,2.506694193170014,6557,7906,1.9874638733319507,4.386465197125647,7045,8062,1.2750989607466736,1.5500051979032474,3882,7.14697320968573,18.07924594913853,4909,4177,2.4699812898965443,6.518684801436712,4341,4.3427896797972805,11.83336912742974,18,17,0.3211428571428572,0.2037473425393242,15,0.542,0.3203789422959422,5172,1.62292343387471,4.131604104269436,61,85,2.4973972602739725,1.8058887899414875,74,83,2.518980891719745,1.404331871746953,,,,,,,,,,,,,,,,,,,,,,,,,,,,,,,,,,,,,,,,,,,,,,,,,,,,,,,,,,,,,,,,,,,,,,,,,,,,,,,,,,,,,,,,,,,,,
8720,2024-05-15 19:00:00,16137,18044,2.840443521254498,5.062886753400971,2114,3333,0.8296163025518635,0.5227989692680461,2455,2924,1.015463840862614,1.4595986071577782,2849,3770,0.836668681069648,0.7164600329123583,1014,2.045315581854043,7.477746976937533,6892,6893,2.555505259339862,8.515888016263482,81.0,75.0,0.2886538461538461,0.1073162504628829,16361,17594,2.186515093506111,2.3351427772292808,174,0.6060919540229885,0.3653823578205804,136,0.6646323529411766,0.4465964557040336,27,0.6022222222222223,0.3174240455468962,20,0.5585,0.3350563385462212,4603,4603,1.485468172930697,3.828668617382099,941,3.1023485653560043,38.5768326696225,6566,7072,1.0471564745563866,1.08431167240317,4057,3.9156026620655657,19.003892935328658,2638,2754,1.2733994807121662,1.980956900715488,2863,2863,1.1630247991617184,1.7130851430631242,913,40.202705366922224,77.08131759831264,1929,0.962213582166926,0.9680969151483892,29,1.1362068965517242,1.2593249800864266,1120,1.0413035714285712,1.9633825806104084,1957,0.9709044455799694,0.9754763780295634,1038,33.36589595375723,62.51146632018619,665,1.7563308270676692,7.967917138728992,2440,2440,1.5537459016393445,2.5700904942333795,2082,2082,1.7311815561959654,2.827538677507531,6393,7475,2.481359965387944,6.546966131623934,7115,7780,1.5377099697885197,2.1349795415030144,4261,7.019713682234216,21.962538755297874,4704,4236,3.2448758389261747,10.1547002923321,4802,4.138269471053728,9.312871656591753,25,44,0.521304347826087,0.4075978162799316,10,0.64,0.2801785145224379,4574,1.8571425448185397,7.719199151368724,147,138,3.1294035087719294,3.641448621805729,156,150,3.0580392156862746,3.3787186840834424,,,,,,,,,,,,,,,,,,,,,,,,,,,,,,,,,,,,,,,,,,,,,,,,,,,,,,,,,,,,,,,,,,,,,,,,,,,,,,,,,,,,,,,,,,,,,
8720,2024-05-16 19:00:00,15879,16877,2.956635120283307,4.677128215106681,2135,3016,0.8454979615608621,0.5366387507909172,2698,3138,1.046790610006854,1.0966472198316406,2808,3556,0.8116499057196732,0.5922537725594726,1131,1.8685057471264368,4.738561020342833,6397,6397,2.754064405189933,7.696666599449221,55.0,62.0,0.2922222222222222,0.1321622359079549,16164,16593,2.255854321213786,2.315862210909672,136,0.6713235294117648,0.4890218460528681,128,0.65484375,0.4757444567054223,22,0.5086363636363637,0.2975856706983027,24,0.6183333333333333,0.3488393453853635,4244,4244,1.6064561734213008,4.814128150985522,1001,1.4649150849150847,2.181212719762418,6586,6882,1.200919215919216,1.1974630463027602,3871,3.6036166365280287,4.709394606866668,2809,2922,1.199773163496772,1.5535766033982723,2989,2989,1.205550351288056,1.5579304906641678,1034,32.71423597678917,46.80897391857554,2006,0.9228813559322032,0.8853493336269559,53,0.7956603773584905,0.6862380615422694,1312,1.0682240853658538,1.0276583471389145,2048,0.9339697265625,0.896131395275907,946,35.254672304439744,63.00050565544594,681,1.0446255506607929,1.6856141464414192,2786,2786,1.4828248384781046,2.156769894492541,2470,2470,1.5041862348178137,2.2007805860622853,6237,7159,2.448694386383995,5.28095121214423,7082,7495,1.632444947520066,2.0375664075230104,4074,6.768463426607756,16.772278585794826,4687,4268,3.25472585147962,8.76711952516363,4463,3.874976473224289,7.823847530455743,18,27,0.5286666666666666,0.6351398796065846,15,0.8593333333333335,0.3740849576707883,4950,2.262812121212121,5.864911301701226,139,142,2.5730604982206406,1.675775242035874,162,140,2.322450331125828,1.2530096044025585,,,,,,,,,,,,,,,,,,,,,,,,,,,,,,,,,,,,,,,,,,,,,,,,,,,,,,,,,,,,,,,,,,,,,,,,,,,,,,,,,,,,,,,,,,,,,
8720,2024-05-17 19:00:00,13804,13601,3.763657726692209,7.020879048037315,1791,2000,0.9173094170403588,0.609875891923006,2563,2759,1.3014543404735062,1.7986176757912409,2443,2693,0.8883781152647974,0.6900129222598258,847,2.2313459268004725,5.990301908970699,4543,4543,4.258318291877614,12.946482601221328,31.0,34.0,0.3056923076923077,0.1412032820578379,13862,13004,2.4442845976326955,2.7905273792630987,121,0.6803305785123968,0.4150314812002442,103,0.7012621359223301,0.3932727495728669,33,0.9318181818181818,0.8017649264249336,30,0.7579999999999999,0.7003970302621222,3021,3021,2.1230619000331017,5.352556903138185,1005,1.997283582089552,4.525714290032467,4986,5202,1.2979485669414998,1.6726671524633423,3324,3.545508423586041,4.392302691806577,2710,2740,1.5020807339449542,2.238562227157909,2804,2804,1.308092011412268,2.22238181178531,735,48.07931972789116,80.34516395844878,1769,1.102815149802148,1.241558581334005,33,0.6657575757575758,0.6401800423982554,1147,1.1644986922406275,1.25323594633343,1803,1.0993233499722683,1.237836611023038,603,56.316119402985066,101.42417686430912,716,1.6752793296089383,11.931857797868991,2577,2577,1.8277143965851768,3.1976505027892457,2368,2368,2.004298986486486,3.716316858808805,5216,5389,3.5958906176331915,8.489323712578427,6007,6053,1.949253731343284,2.951920931815988,3217,9.681986322660864,34.58752015831301,3655,3471,4.868116755543081,13.780003948860122,3652,5.412097480832421,22.290134204181964,18,26,0.4413636363636363,0.3650005660586576,16,0.716875,0.3836456494931228,2838,3.4717336152219875,9.279870663515528,178,155,2.8408708708708708,3.177174811388959,194,169,2.716143250688705,2.9383243292354173,,,,,,,,,,,,,,,,,,,,,,,,,,,,,,,,,,,,,,,,,,,,,,,,,,,,,,,,,,,,,,,,,,,,,,,,,,,,,,,,,,,,,,,,,,,,,
8720,2024-05-18 19:00:00,15210,15869,3.2926098008301428,5.6497274191914455,2029,2420,0.867648909867386,0.5776738543074057,2440,2763,1.2586507783970786,2.7130269917739938,2638,2935,0.8830127399964113,0.7408603729769366,934,1.7885546038543898,3.716761955139527,5202,5202,3.4600884275278734,11.316425050541108,44.0,47.0,0.3049450549450549,0.1472261744106338,15410,15257,2.2904907555352656,2.420310460771108,121,0.5839669421487603,0.3818819845801159,112,0.6090178571428572,0.4505412614317927,18,0.6755555555555557,0.5492542643563,21,0.6333333333333332,0.4118406225868187,3577,3577,1.9276460721274813,5.428437509418482,905,2.260022099447513,5.407981966481384,5536,5665,1.2196036068208194,1.4596484491876764,3576,3.374230984340045,4.151505733591392,2628,2596,1.336491194486983,2.016234349965464,2750,2750,1.3016363636363637,1.7499701645626715,736,47.92169836956522,84.8262603907008,1784,1.0619955156950671,1.9061736930201176,24,0.6945833333333334,0.4926457412673826,1135,1.2260969162995594,4.524002945556091,1806,1.061279069767442,1.896064693197772,619,54.88342487883683,88.26639308848974,690,1.7466956521739128,7.932752731106627,2522,2522,1.7632593180015863,2.8689633454265806,2253,2253,1.7892454505104305,2.964523115133763,5446,5965,3.106287792480939,7.133627336469705,6450,6573,1.7181640175074868,2.322552218161316,3415,8.843947291361639,33.60296659056796,3926,3710,4.096145887899424,12.412840600350378,3869,5.029002326182476,18.522022713351124,18,17,0.5591428571428573,0.5477349276980683,15,0.7526666666666666,0.518362378607433,4260,2.4678732394366194,5.921666006605819,151,132,2.8152296819787983,2.8185425023769914,172,166,2.7565384615384616,2.5094104838251075,,,,,,,,,,,,,,,,,,,,,,,,,,,,,,,,,,,,,,,,,,,,,,,,,,,,,,,,,,,,,,,,,,,,,,,,,,,,,,,,,,,,,,,,,,,,,
8720,2024-05-19 19:00:00,15026,15287,3.3532164417906505,6.475741936059277,2141,2299,0.8748445945945946,0.5504798669863122,2410,2670,1.1050374015748032,1.1026890175689898,2806,3061,0.8853298108062041,0.7055414153232518,718,2.051267409470752,4.768479717006305,5350,5350,3.4721046728971965,12.02143662633573,26.0,38.0,0.28125,0.0961362964753687,14945,14471,2.333287666576013,2.5462165479781764,135,0.7207407407407408,0.4413139130162038,129,0.6784496124031008,0.4408597126306508,15,0.4440000000000001,0.2427838544878962,13,0.4007692307692308,0.2137741992945445,3631,3631,2.2252244560727075,9.322017752606683,1006,2.337186878727634,8.076371455274046,5795,5894,1.2678672255967147,1.343464388597656,3721,3.005452835259339,3.4926435093893877,2665,2752,1.3457171866346689,2.750110200981573,3055,3055,1.2616628477905074,2.4918039628827238,591,57.59018612521151,81.57520846644753,1455,0.8522611683848798,0.7782176573228609,21,0.6685714285714286,0.3700744547260947,1101,0.9765031789282472,0.9071098905491708,1475,0.8540000000000001,0.7821914456366285,598,54.97546822742475,102.56375837075822,640,1.1561093750000002,1.881522327607916,2924,2924,1.791860465116279,3.0042377319192077,2340,2340,1.7133376068376067,2.850260254520674,5767,6131,2.950813582114641,7.052118647501174,6555,6459,1.770489472875365,2.383982153220524,3153,9.33326990168094,27.7452288626202,4197,4018,3.8997370663420576,13.330580617594974,3759,4.814932162809258,13.950717779561185,11,18,0.4282758620689655,0.249496996948512,26,0.6792307692307692,0.2973850531255483,3960,2.683636363636364,11.035362900811965,146,130,3.2680797101449275,5.6724807605802905,155,140,3.1586440677966103,6.576951191472169,,,,,,,,,,,,,,,,,,,,,,,,,,,,,,,,,,,,,,,,,,,,,,,,,,,,,,,,,,,,,,,,,,,,,,,,,,,,,,,,,,,,,,,,,,,,,
8722,2024-05-14 19:00:00,18300,13523,2.6644288721993523,3.691908203886835,6269,1481,0.8924890322580645,0.500645272213157,3332,1852,0.7842071759259259,0.893106956086579,5875,2349,0.864755593385214,0.5539277541361974,1669,1.1605931695626124,3.3184048295528017,9532,9532,1.5154458665547628,4.737824322653116,53.0,78.0,0.2944274809160305,0.1348969655176422,18392,14751,2.054213559424313,2.100553629207929,155,0.5954193548387097,0.3842701313125164,141,0.617872340425532,0.3848381966537914,28,0.4453571428571428,0.2306742004097854,24,0.5112500000000001,0.1742199878506099,6050,6050,1.1464793388429753,3.55227092560688,793,1.5291298865069358,2.395531174625449,9597,8056,0.8346468022432448,0.8257660278896383,3849,5.519228371005457,9.928146698073755,3238,2580,0.8834462014437952,1.1499730371583987,2836,2836,0.8995416078984485,1.387748732974035,952,39.188918067226886,64.13422275467465,1392,0.7066307471264368,0.6591223800844404,16,1.4175,1.9156575241937164,1177,0.7675106202209006,0.6886865869558418,1408,0.7195099431818183,0.7003609874095101,1205,28.81322821576764,55.70482599788049,434,1.0038248847926268,1.2846458124105182,2194,2194,1.199708295350957,2.0941974151744502,1776,1776,1.2762556306306307,1.9989292741894444,10547,5916,1.639236469659236,3.4321693183574844,10094,7197,1.0921930484066855,1.3987794244609555,4529,4.667030249503202,17.136402730890705,3916,5977,2.070010108157283,6.210332472149581,4125,3.232128484848485,12.041803780234648,35,16,0.3752941176470588,0.5524716404439324,10,0.5429999999999999,0.2792507833471555,4038,2.5247251114413074,8.032885545335871,84,58,2.7073943661971835,2.4157280066724773,93,70,2.958957055214724,3.225340351754961,,,,,,,,,,,,,,,,,,,,,,,,,,,,,,,,,,,,,,,,,,,,,,,,,,,,,,,,,,,,,,,,,,,,,,,,,,,,,,,,,,,,,,,,,,,,,
8722,2024-05-15 19:00:00,19276,14301,2.738602614885189,4.753022844653492,5762,1513,0.8803601374570447,0.4993997849570035,3532,2310,0.8940876412187607,1.2315448438241412,5514,2521,0.8789595519601742,0.5707303699452966,1073,1.74807082945014,9.054865184549168,8623,8622,1.83166599014207,7.150913222862559,90.0,91.0,0.3008839779005525,0.1116886596956839,18313,15122,2.239459847465231,2.356016405877901,166,0.6080722891566266,0.4313887851241665,165,0.5713939393939395,0.3039974022410877,43,0.7593023255813953,0.6040421799103692,37,0.7454054054054053,0.6580339044686383,5588,5588,1.1413278453829634,3.152332962172621,744,2.121290322580645,10.290808677044808,8745,7579,0.9105666503308012,0.9767170763074025,3763,5.515397289396757,7.313051646911426,3078,2614,1.0361665495432186,1.3689436834737465,2838,2838,0.986525722339676,1.437143502213922,739,52.15576454668471,82.1837292076254,1513,0.7478849966953073,0.6903813863976579,16,0.723125,0.3835315950153259,1382,0.8458755426917511,0.912149260782455,1528,0.7528599476439791,0.6953183957618365,1030,35.609184466019414,66.48232157246768,465,1.8846021505376345,9.696392184769325,2238,2238,1.3699463806970509,2.437859910741247,1787,1787,1.4622775601566873,2.3252684894502638,9604,5661,1.9596403537504092,5.549419400086565,9263,6956,1.294650101732536,1.8133938909185996,4698,5.135661983822903,24.623301791204405,3824,5334,2.5971281939288056,9.290379862519057,4435,3.5765659526493803,18.442660392276952,47,30,0.5568831168831169,0.5163640609891379,10,0.616,0.4338939962709786,4086,3.208267254038179,8.814323491503083,101,91,2.9361979166666665,3.262220872860848,103,108,2.938056872037915,3.3996996684454537,,,,,,,,,,,,,,,,,,,,,,,,,,,,,,,,,,,,,,,,,,,,,,,,,,,,,,,,,,,,,,,,,,,,,,,,,,,,,,,,,,,,,,,,,,,,,
8722,2024-05-16 19:00:00,17842,14094,2.932485596192384,4.518107530452481,5408,1612,0.8817578347578349,0.4959340820317433,3869,2715,1.0109629404617255,1.2852016577869136,5308,2648,0.8728079436902966,0.5623256302594625,989,1.557381193124368,5.3758770928079205,8159,8159,2.200578502267435,6.196254888056028,68.0,74.0,0.2909859154929577,0.1164154160642021,17304,15150,2.2937570099217357,2.441001102204425,156,0.6975,0.6451124181499548,145,0.671448275862069,0.5574597301804762,45,0.7933333333333334,1.015326986191586,55,0.8425454545454545,0.961937851293973,5089,5089,1.3784083316958144,3.7738042930321423,865,1.7279999999999998,3.0630741745579604,8585,7691,1.080181862865569,1.1624214685468346,3690,4.831783197831978,6.066610860695668,3388,2928,1.114854338188727,1.3357821170210074,3330,3330,1.1115945945945944,1.6577813090632585,812,44.09752463054188,67.9835825944035,1559,0.811616420782553,0.7408587352305653,48,0.8010416666666668,0.5460511254426844,1606,0.9431195516811954,0.9498470320072594,1601,0.8220737039350406,0.7432494095264113,1006,34.790934393638175,64.01597058067118,501,0.9535528942115769,1.279906024999861,2942,2942,1.385,2.053939769272404,2491,2491,1.5479044560417503,2.287270944740252,9342,5995,2.173297255004238,4.505125513762319,9223,7520,1.460916203786657,1.9529182751692835,4520,5.330944690265486,19.28041371046012,4359,5616,2.830389974937343,7.449672142845581,4158,3.4435666185666185,10.174132583924225,30,15,0.4902222222222221,0.4352035992952106,15,0.7353333333333333,0.2789472271874297,3750,2.875648,7.921690987415251,129,135,2.443712121212122,1.614015041283519,152,145,2.3843097643097644,1.4740697957125133,,,,,,,,,,,,,,,,,,,,,,,,,,,,,,,,,,,,,,,,,,,,,,,,,,,,,,,,,,,,,,,,,,,,,,,,,,,,,,,,,,,,,,,,,,,,,
8722,2024-05-17 19:00:00,14605,12637,3.739267307833493,7.361682623636483,3460,1238,0.9385078756917836,0.5812761097389209,3244,2630,1.2625961865849509,1.8901249888032168,3932,2211,0.939005371968094,0.7082477319989167,633,2.03739336492891,6.225943960360928,5440,5440,3.85528125,13.799499206131216,40.0,49.0,0.3197752808988764,0.2139567189672089,14635,12277,2.4714595719381687,2.825570720842866,92,0.6941304347826087,0.9327765380536164,92,0.7682608695652174,0.9332582110374432,27,0.7633333333333332,0.5413631628344082,27,0.6877777777777778,0.3276892535826896,3588,3588,2.138029542920848,7.637063784375436,774,1.9032945736434104,3.730882241272068,6388,5550,1.2033104372591723,1.4729974969523096,2939,4.219482817284791,5.593883635898913,3198,2826,1.481168658698539,2.435599314206466,3018,3018,1.335844930417495,1.755784975406527,526,64.33686311787072,103.51414722220802,1255,0.8779521912350599,1.350244846361089,27,0.8711111111111111,0.5914096990232451,1303,1.1827398311588642,2.034162135588617,1275,0.8864235294117647,1.346517510074252,604,54.19746688741723,102.52967227940609,570,2.3246666666666664,14.002587153599585,2770,2770,1.9061841155234656,3.333817835395821,2569,2569,2.0643869209809265,4.474414234302917,6685,5035,3.414197098976109,8.93682134512419,7457,6134,1.8439231844603048,2.944129791509707,3291,8.041273169249468,34.279138054105566,3369,4146,4.941155023286759,15.94711058690918,3321,4.313405600722674,12.952469001381717,30,17,0.4697872340425532,0.3522540751418662,6,0.89,0.2795234039098216,2646,3.865736961451248,9.64374589502061,179,163,2.873450292397661,3.9999101337328207,185,176,2.9387534626038776,3.768034506438654,,,,,,,,,,,,,,,,,,,,,,,,,,,,,,,,,,,,,,,,,,,,,,,,,,,,,,,,,,,,,,,,,,,,,,,,,,,,,,,,,,,,,,,,,,,,,
8722,2024-05-18 19:00:00,16830,14002,3.156862999481059,5.021125269126167,4258,1449,0.90979323637638,0.5435416176367669,3248,2369,1.1424603881075306,1.861758277591245,4422,2387,0.9205345865765898,0.6860336206547413,765,1.4358169934640523,2.465648972460901,6631,6631,2.5026617403106624,7.734788393259768,54.0,49.0,0.300873786407767,0.1386208546780841,16097,14273,2.3126634837010207,2.512549554425604,158,0.7350632911392406,0.8438712383298224,166,0.7246385542168674,0.8667309038671642,46,1.455869565217391,2.2184528256216103,55,1.332909090909091,2.049424462647788,4275,4275,1.532762573099415,3.5188391983525453,671,1.9280625931445603,3.3445030375770743,7010,6152,1.0633004102719952,1.0847190677181258,3583,4.182017862126709,5.165397379635934,2877,2572,1.167258212516058,1.4486540565167614,2865,2865,1.1538429319371728,1.3906126550846056,607,58.11886326194398,90.79038328512762,1414,0.8037906647807638,0.99059091205564,30,0.8543333333333332,0.794097740975393,1305,1.1146666666666665,2.1079821442096023,1440,0.8126944444444444,0.9941014736781834,764,43.74465968586387,70.29659048850284,540,1.339888888888889,2.720638607404292,2481,2481,1.3908907698508666,1.8455918626330756,2057,2057,1.5131064657267863,2.511860272202754,7656,5146,2.5114677394157163,5.5522335154362965,7823,6431,1.5054742528413076,2.2471922387838625,4037,6.369100817438691,22.409518102125137,3837,4852,3.138392220048337,9.128887844824412,3949,4.142311977715877,14.772877983926922,34,32,0.463030303030303,0.4462061274485542,13,0.5838461538461539,0.3417947756169676,3012,4.6703187250996026,14.379725556133852,123,142,2.5601509433962266,1.593023698981901,174,171,2.4913333333333334,1.5261247566784506,,,,,,,,,,,,,,,,,,,,,,,,,,,,,,,,,,,,,,,,,,,,,,,,,,,,,,,,,,,,,,,,,,,,,,,,,,,,,,,,,,,,,,,,,,,,,
8722,2024-05-19 19:00:00,16231,13727,3.1829397823619736,5.261570163166785,4112,1362,0.9028991596638656,0.5075892592521755,2954,2154,1.0227075176194205,1.178777559115618,4341,2304,0.9373679458239278,0.6605873376059644,688,1.4611191860465116,2.9714274127960145,6312,6312,2.6649112801013946,9.720298878634038,47.0,45.0,0.3255434782608696,0.2171873771776183,15381,13382,2.381606577895212,2.591921283914707,151,0.6464238410596026,0.3733956309063461,135,0.6420740740740741,0.3933523466144643,22,0.5954545454545455,0.3010697181827019,32,0.5553125,0.3470229132834747,3978,3978,1.7033408748114631,4.739725526261734,723,2.1750899031811897,4.367289620524203,6926,5960,1.0672838739717525,1.1053097454418357,3278,4.284469188529592,5.709370529623708,2797,2544,1.2116495038382324,1.7966769429761302,2874,2874,1.1861586638830897,1.730640445213463,516,69.40734496124031,108.947224369397,1181,0.7955207451312447,0.7502481693515577,40,0.91075,0.6493319162801102,1220,0.9147950819672132,0.8682643553638978,1215,0.8103456790123457,0.7649982139438603,580,56.37855172413793,88.0581894151527,407,2.4594348894348896,16.474994451798537,2621,2621,1.7169935139259824,2.624284463724008,2095,2095,1.6527064439140813,2.513792327083821,7402,4998,2.523041935483871,5.657341509605543,7455,6002,1.5817321839934606,2.33684892342151,3871,6.980351330405579,30.75504975169426,3572,4698,3.384371221281741,11.598085704325484,3792,4.589762658227849,26.271130907176055,27,19,0.4167391304347826,0.3612782520791015,12,1.0716666666666663,0.6317678019300726,3558,3.586340640809444,9.663061581183152,130,120,2.86628,2.566221222264363,149,151,2.5806666666666667,3.2009551005216483,,,,,,,,,,,,,,,,,,,,,,,,,,,,,,,,,,,,,,,,,,,,,,,,,,,,,,,,,,,,,,,,,,,,,,,,,,,,,,,,,,,,,,,,,,,,,
9314,2024-09-13 19:00:00,10323,10451,5.615677288918841,16.021663833595838,691,831,0.8177003942181341,0.6470267342713656,2822,2745,1.953973414765583,2.5557292826099225,1480,1435,0.8795437392795883,0.8155892109091252,520,14.381384615384617,35.55744886266873,2395,2395,9.17764509394572,20.138298397477826,4.0,9.0,0.4769230769230769,0.1554835937615093,8664,9141,2.5770603762987925,3.537283697760756,101,0.8590099009900991,0.8768005575521451,106,0.839433962264151,0.8652307252422146,17,1.0094117647058825,1.2870279058551242,15,1.306,1.2788943141114777,1272,1272,5.292193396226415,12.90260705642604,659,3.036054628224582,10.487898390937255,3556,3613,1.6334063328218722,1.8004252848187294,1652,1.607015738498789,2.308317520310129,2254,2374,1.635136127917027,2.274850057945893,2327,2327,1.5671895143962185,2.5852183877467403,724,36.448121546961325,115.83880433653404,482,2.05454356846473,7.690130085068796,95,1.2695789473684211,1.6005360390157934,1272,1.617319182389937,2.12488552381477,579,1.927512953367876,7.053512729726655,573,46.74424083769633,80.72282497251996,884,2.6923303167420816,9.527075242128165,2345,2345,2.085658848614072,2.7860240607332525,2291,2291,2.329340899170668,4.176695248301942,4244,4400,5.489685330865339,10.377849921316471,4753,4924,2.584785574041541,3.3975200530851395,843,38.35069988137604,107.08298256837044,2390,2407,8.804227642276423,19.4609342891601,1266,14.293909952606636,59.584511207078975,13,22,0.6514285714285715,0.4824884475723914,7,0.7228571428571428,0.2772164850650782,1338,8.45013452914798,25.56270037876569,121,129,2.57,1.633135879221322,129,146,2.595418181818182,1.610851188780855,,,,,,,,,,,,,,,,,,,,,,,,,,,,,,,,,,,,,,,,,,,,,,,,,,,,,,,,,,,,,,,,,,,,,,,,,,,,,,,,,,,,,,,,,,,,,
9314,2024-09-14 19:00:00,8337,8476,5.1685148397073695,9.08863384283355,744,795,0.920019493177388,0.7321299267476431,3086,2997,2.400833470327141,2.9816810046346154,1540,1383,0.975730413958262,0.983717615700606,424,39.51615566037736,117.54172632490146,1730,1730,11.502913294797688,22.250517953534803,7.0,10.0,0.4094117647058823,0.3380997170734118,7691,7311,2.7820590587921608,3.927094630480235,59,0.7740677966101694,0.5413984360801759,57,0.7915789473684212,0.5520481464945017,15,0.5313333333333334,0.3353976081541959,12,0.6649999999999999,0.3990091895349446,908,908,6.18898678414097,15.50736036226384,399,2.0188972431077694,5.112144936481791,3355,3372,1.999061988999554,2.681329679668355,1569,1.921733588272785,4.898340042489355,2303,2392,1.6791565495207668,2.225509117659876,2385,2385,1.5645702306079663,2.0680399965807235,448,24.37584821428572,46.12413182684887,448,1.2673214285714285,1.3123504895407931,219,3.1703196347031968,8.563686441516289,1468,1.9140190735694824,2.500686157535924,666,1.9042342342342344,5.105396729437795,419,53.47563245823389,84.98428184738346,699,2.8275679542203145,10.238248664496025,2317,2317,2.18226586102719,3.420487690345576,2357,2357,2.098510818837505,2.59180755197937,3376,3330,6.073926334625709,11.102624545768268,3699,3780,3.203150153763872,4.688773196451574,895,29.03275977653632,77.95982951189221,1902,1914,9.933561320754718,18.762481988600285,1105,12.74649773755656,55.86482872486175,25,37,0.8220967741935483,0.7366754813541062,20,1.013,1.51600164907562,879,8.364880546075085,20.43254932906579,94,80,2.81367816091954,1.5872521002515447,125,95,2.5351818181818184,1.594049578228745,,,,,,,,,,,,,,,,,,,,,,,,,,,,,,,,,,,,,,,,,,,,,,,,,,,,,,,,,,,,,,,,,,,,,,,,,,,,,,,,,,,,,,,,,,,,,
9314,2024-09-15 19:00:00,9009,8704,5.632860610850788,13.34126800430009,677,657,0.8494977511244378,0.6701522368907197,2547,2396,2.2925672668419987,4.621624985199503,1369,1160,0.8834203242388297,0.8926702790193132,578,22.91643598615917,77.28980786465026,2024,2024,9.4726185770751,20.562722331072635,10.0,14.0,0.3416666666666666,0.1302454946970868,7500,7358,2.5773112128146454,3.644522403710486,84,0.7936904761904761,0.6134286541390293,68,0.8391176470588234,0.6424830858247821,19,0.61,0.3471538412198318,16,0.7531249999999999,0.4215257813882799,1104,1104,6.188596014492754,15.88381956662822,613,6.287830342577488,42.48790035640174,2864,2816,1.6959718309859153,1.8800066412216452,1473,1.62489477257298,1.60362031198685,1845,1868,1.6674952868300563,2.3844120379123264,1950,1950,1.5613743589743592,2.195470245372708,674,29.084955489614245,68.2374368177395,305,1.140852459016393,1.154955933245877,133,2.5622556390977445,4.4948355689381465,1215,1.924798353909465,4.294231878750221,435,1.5904367816091955,2.768063191513216,418,56.97296650717703,92.91135018453726,587,4.702998296422487,21.72444578517275,1867,1867,2.288548473486877,3.686966227206147,1865,1865,2.284337801608579,4.688357355784811,3898,3740,6.098490442524222,13.767837434270378,4168,4074,2.6776061635525354,3.8996976604541502,861,35.637909407665504,99.30497382453431,2072,2095,8.79387808975282,19.76071324705093,1210,15.184008264462811,70.55108418411194,19,45,0.85203125,0.7708562197475204,12,1.12,0.7201967323817384,1416,8.080677966101694,21.733171581662653,108,102,3.0153809523809523,2.676558931168552,108,103,2.8007582938388627,2.1330865413205733,,,,,,,,,,,,,,,,,,,,,,,,,,,,,,,,,,,,,,,,,,,,,,,,,,,,,,,,,,,,,,,,,,,,,,,,,,,,,,,,,,,,,,,,,,,,,
9314,2024-09-16 19:00:00,8730,7791,5.97236002663277,12.510087442076458,556,737,0.9132869296210364,0.6952948322476437,2556,2611,2.1816411844397137,2.732315479121059,1270,1380,0.9409849056603774,0.9683783623162744,560,13.879160714285714,38.28430605132231,1663,1663,12.017991581479253,29.447211124140544,22.0,28.0,0.3954000000000001,0.1688337643956326,6163,7377,2.80114623338257,3.914414057791899,57,0.7628070175438596,0.7380290356717774,65,0.7540000000000001,0.6592928612711326,19,0.8231578947368421,0.9662355201152616,15,1.0626666666666666,0.83427786471628,895,895,5.208983240223463,11.295009536016936,582,6.149295532646048,63.13833455514325,2677,2942,1.9285602420359491,2.306570890805616,1694,1.8204958677685952,3.955228481353685,1986,2130,1.99437074829932,3.5878414114535544,1979,1979,1.724310257705912,2.5348906102658613,645,33.16097674418605,101.69212670113384,310,1.464258064516129,1.7430777186926305,68,4.972205882352943,12.092840716914752,1219,1.832018047579984,2.2453467397323528,378,2.1034126984126984,5.532286547002571,335,70.95868656716418,129.0913267607164,629,3.0809697933227342,11.21029765275287,1927,1927,2.247607680332122,3.5392421084659524,1935,1935,2.5235917312661496,4.723289865247113,3831,3546,6.295251457231937,14.256381245953614,3987,3941,2.8651185671039348,4.187584417700336,720,38.235625,103.05226067873652,1788,1811,10.508974715198669,27.031214433350737,889,18.38413948256468,63.46918207526688,81,77,0.9723417721518988,0.8142777864903002,8,0.6487499999999999,0.3646038089488369,1428,9.115042016806724,25.073738089980864,91,104,3.18425641025641,3.826103304715693,108,137,3.16269387755102,3.356500134245045,,,,,,,,,,,,,,,,,,,,,,,,,,,,,,,,,,,,,,,,,,,,,,,,,,,,,,,,,,,,,,,,,,,,,,,,,,,,,,,,,,,,,,,,,,,,,
9314,2024-09-17 19:00:00,7759,6938,5.745409267197387,11.16066866714807,514,592,0.8956690777576852,0.7178857815648174,2275,2145,2.5909728506787326,7.394866998286029,1001,1045,0.9589638318670576,1.0994358731463487,304,8.85450657894737,23.16817333493489,1465,1465,11.264621160409556,26.099274510528726,7.0,18.0,0.3196,0.1957647567873236,6001,6153,2.506126378147112,3.542618585149349,62,1.3659677419354836,2.3737940637350863,68,1.3650000000000002,2.269439228480178,23,1.307826086956522,1.5318217529457308,22,1.2890909090909088,1.5343310923091034,778,778,6.163097686375321,12.29247472028363,525,2.950990476190476,8.882511472921156,2147,2353,1.6244577777777776,1.7986200745743188,1031,1.8310960232783704,2.8812096119218635,1457,1413,1.835135888501742,2.8665482342782447,1483,1483,1.6856035064059338,2.5419706245370506,333,59.47003003003003,133.07441314968943,321,1.6949532710280375,2.0232476162890984,51,1.3211764705882352,1.16896409153126,1070,2.3870280373831774,5.07372741276342,376,1.6410904255319148,1.931586860675404,358,55.50329608938548,99.76143167032204,525,2.292247619047619,4.808336203246057,1372,1372,2.458775510204082,3.856955451121609,1375,1375,2.283563636363636,4.036941122653214,3267,2795,6.368548333883207,13.960841197405864,3290,3217,2.6090333487013986,4.143324389179549,540,39.69766666666667,86.86119244561448,1520,1529,10.34509675303378,24.858196493206616,821,13.56708891595615,31.70364667280166,45,57,0.9281372549019608,0.6705378736392309,7,0.6814285714285714,0.1715832635385241,780,8.421538461538463,21.02292336626629,76,83,3.0481761006289307,3.1778743450042777,99,100,3.1712060301507536,3.216894090690181,,,,,,,,,,,,,,,,,,,,,,,,,,,,,,,,,,,,,,,,,,,,,,,,,,,,,,,,,,,,,,,,,,,,,,,,,,,,,,,,,,,,,,,,,,,,,
9314,2024-09-18 19:00:00,5905,5314,6.377489081023263,12.36975571092367,353,397,0.83396,0.6731568799816776,2113,1949,2.625610536681437,4.207372858474598,839,789,0.8988452088452089,0.8988858203656571,310,42.48906451612904,104.23745362158444,1154,1154,15.58487001733102,28.94577414628334,5.0,11.0,0.426875,0.2690194869800327,4846,5388,2.466456908344733,3.341291121111541,32,1.1025,0.794000944583821,33,0.9972727272727272,0.8290713049250575,13,0.9053846153846152,0.8443259977831693,14,0.9628571428571427,0.7706993908265454,403,403,7.57774193548387,19.65794190684282,518,2.3279343629343625,4.654271233376768,1984,2044,1.5346127110228402,1.710691255590448,956,2.155031380753138,8.14649355346142,1415,1523,1.9261130020422057,2.813865407794084,1269,1269,1.8000157604412923,2.736508361751523,350,20.230257142857145,57.92090336896288,202,1.6729207920792082,2.817093664842967,125,3.5909599999999995,5.658307934214963,804,2.3234701492537315,3.5169102539279504,326,2.418803680981595,4.246514064224344,318,53.12226415094339,94.78194648655028,549,3.98063752276867,18.040288098462614,1346,1346,2.4048811292719168,4.126025383023312,1379,1379,2.5432342277012325,5.001303889113094,2763,2530,7.594617419232948,15.275851385340214,3121,3318,2.631174095356421,3.617505151313018,565,33.90467256637168,91.96311239968946,1234,1223,14.225201465201463,27.467490614718116,642,14.221121495327102,46.205266644836506,15,31,0.8730434782608697,0.6498456992950323,22,0.9086363636363636,0.7287616860410008,822,11.473211678832117,23.76641176894927,91,62,2.9545098039215687,2.231963566238256,89,84,2.8968786127167627,2.4786334507048413,,,,,,,,,,,,,,,,,,,,,,,,,,,,,,,,,,,,,,,,,,,,,,,,,,,,,,,,,,,,,,,,,,,,,,,,,,,,,,,,,,,,,,,,,,,,,
9314,2024-09-19 19:00:00,4137,4197,5.689979601631871,10.7299926769852,8,19,1.0188888888888887,0.906892673356475,186,158,3.238982558139535,5.175205181837179,653,687,0.8537313432835821,0.8108825776209774,48,11.151458333333332,15.744576181125485,871,875,14.929060710194731,26.94339738372038,0.0,0.0,0.0,0.0,368,343,2.887046413502109,3.4653571442329425,1,0.6,0.0,0,0.0,0.0,2,0.42,0.1499999999999999,1,1.97,0.0,13,13,18.310769230769232,27.16448203120518,17,1.3511764705882352,1.4646697373286466,215,190,1.5134814814814816,2.170784458032928,15,1.164,1.4564239309578328,147,157,1.8657894736842104,2.455888071316884,138,138,1.7596376811594203,1.8011700743797072,57,11.235964912280702,18.285620643406077,2,2.635,1.335,0,0.0,0.0,79,3.178354430379747,5.469661417882998,2,2.635,1.335,313,42.56364217252397,87.90743100030416,74,2.6704054054054054,3.387959379119734,153,153,2.663202614379085,3.52326676502213,160,160,2.6609375,2.959804427000837,177,169,9.22101156069364,15.757587450861337,276,278,2.9359025270758123,3.5336573537551894,802,27.46236907730673,111.77241630320871,75,76,20.558874172185437,29.441001088450232,9,10.436666666666667,11.038509359913087,0,0,0.0,0.0,0,0.0,0.0,24,24.24,24.464450739797943,7,12,2.188947368421053,1.1386829637641722,6,8,3.7735714285714295,3.324823533755175,,,,,,,,,,,,,,,,,,,,,,,,,,,,,,,,,,,,,,,,,,,,,,,,,,,,,,,,,,,,,,,,,,,,,,,,,,,,,,,,,,,,,,,,,,,,,
9315,2024-09-13 19:00:00,10850,10954,5.6290171528159965,17.656248561236684,844,791,0.8235168195718655,0.6360047690315408,2899,2810,2.001364512173761,2.653952909986078,1554,1517,0.8489612504070335,0.8023203865860682,548,14.58361313868613,58.6969740488611,2452,2452,9.421574225122349,22.65786628564268,4.0,3.0,0.4899999999999999,0.1308215796964923,9721,9103,2.5573921589460262,3.359191998369618,109,0.7388073394495412,0.4958187090456656,109,0.7755963302752291,0.4923812783700101,33,1.2927272727272727,1.3112826769820334,35,1.2397142857142855,1.0018254359326442,1381,1381,5.578247646632875,16.75709919178063,616,6.201964285714285,75.55879527696639,3686,3606,1.5939001645639057,1.7995208449576694,1667,2.4462147570485904,10.439138838291845,2316,2400,1.6982251908396946,2.9741620313936736,2285,2285,1.5874223194748356,2.620153128090813,689,40.88545718432511,142.77995728953294,778,1.5312210796915169,3.1490526057199544,110,1.717545454545455,4.55736749896924,1461,1.7269746748802188,2.648930876771429,883,1.5746998867497168,3.36913127103762,556,49.64771582733814,94.16973813775653,845,2.461846153846154,8.036999242777267,2319,2319,2.247240189736956,3.5473838386678533,2319,2319,2.575101336783096,5.522200978262504,4563,4411,6.021394027189658,19.25442523516859,5090,4997,2.549620303360761,3.406726614277069,1042,32.98701535508637,119.50369987935056,2452,2435,9.097851442602824,22.00696868368284,1595,11.934294670846391,76.37397112239272,7,9,0.463125,0.3411692899060524,10,0.5160000000000001,0.2531876774252649,1236,9.544611650485436,23.447806418086497,117,128,2.921836734693877,2.3727453086825507,141,134,2.6827636363636365,1.883268242021024,,,,,,,,,,,,,,,,,,,,,,,,,,,,,,,,,,,,,,,,,,,,,,,,,,,,,,,,,,,,,,,,,,,,,,,,,,,,,,,,,,,,,,,,,,,,,
9315,2024-09-14 19:00:00,8505,8814,5.055144061435417,8.899972282186223,749,786,0.9021889250814332,0.7550535262479713,2784,2802,2.4042552810597924,3.0435753077214613,1348,1459,0.9636195226220164,0.9915718622369772,317,38.57839116719242,107.84878355278488,1683,1683,10.886090314913844,20.79004099466561,4.0,5.0,0.3144444444444444,0.1067823446820796,7873,7462,2.704508640365177,3.94601239599154,56,0.8025,0.4926033249119272,50,0.7077999999999999,0.5053485529810093,17,0.6511764705882354,0.4139747413854984,16,0.58,0.2941725684016101,943,943,5.695620360551431,12.879044288034695,462,1.7403679653679651,2.8070716348719684,3122,3182,1.8902046319796957,2.414720613286836,1436,1.6402855153203344,2.9389390842215706,2101,2109,1.656334916864608,2.715107227348805,2129,2129,1.4978910286519491,1.883477320209576,283,52.296219081272085,87.78805513003373,579,1.2701036269430053,1.308217810889878,185,1.5911891891891892,3.000785787520634,1427,1.8614155571128244,2.3000548332293493,761,1.3641524310118265,1.8882535014051989,314,72.73372611464968,108.22446179593838,688,2.548968023255814,6.275429264398242,2098,2098,2.249756911344137,3.417173443813231,2065,2065,2.133602905569008,3.213584060739582,3187,3272,5.735143211023379,9.959311953533192,3634,3521,3.12109713487072,4.706364842762655,603,43.07066334991708,95.69322066280525,1809,1838,9.568593364409104,18.48016054224401,1036,14.574430501930502,46.203963837419536,14,12,0.6057692307692307,0.605888877073137,10,0.672,0.3684508108282569,1062,10.84593220338983,23.818562916037447,73,84,2.5254777070063694,1.2948287375920051,76,105,2.5018784530386737,1.418891796430481,,,,,,,,,,,,,,,,,,,,,,,,,,,,,,,,,,,,,,,,,,,,,,,,,,,,,,,,,,,,,,,,,,,,,,,,,,,,,,,,,,,,,,,,,,,,,
9315,2024-09-15 19:00:00,8971,9192,5.508044926498926,11.927381977844874,689,645,0.8290554722638681,0.6154893531567908,2317,2500,2.411285032177704,5.970248873376913,1260,1199,0.8731313542090281,0.8068576777525686,470,22.90108510638298,84.19675664580915,2036,2036,8.68111493123772,22.23809968693821,11.0,9.0,0.3395,0.1560600845828298,7910,7428,2.5285337071326115,3.594214390456697,92,0.6568478260869565,0.5454514072881885,92,0.7392391304347826,0.6195181046160556,36,0.8772222222222221,1.5877388028806372,36,0.915,0.9820259670701176,1112,1112,5.364658273381295,14.9691714876645,491,2.5921995926680244,6.91702366217254,2720,2695,1.6185152354570638,1.798767273714104,1428,1.8458193277310924,2.763658181032384,1752,1772,1.5810244040862658,2.292705577579846,1742,1742,1.5205109070034444,1.966686275298973,497,37.039094567404426,85.61127394181653,665,1.4600000000000002,1.7653908383216663,90,2.661666666666666,4.466602798050836,1205,2.146058091286307,6.321700843664732,749,1.6204806408544727,2.303154575205228,392,60.17369897959184,104.91463328043696,694,2.8894092219020173,7.4906108816362815,1638,1638,2.2236507936507937,3.3724674546622064,1622,1622,2.148094944512947,3.0364124595928974,3743,3775,5.749849694067571,11.858666147588746,3940,4021,2.655184022107776,4.001037874951992,686,40.34957725947522,93.21854966224932,2048,2054,8.216089712335446,21.695090895436117,1125,14.596337777777778,48.51589136136868,20,20,0.8695,0.8690827060757796,27,1.0037037037037035,0.8935577999425299,1530,8.428823529411764,27.02257955256568,63,109,3.008720930232558,3.075249014879188,64,99,2.900368098159509,2.3706792507428154,,,,,,,,,,,,,,,,,,,,,,,,,,,,,,,,,,,,,,,,,,,,,,,,,,,,,,,,,,,,,,,,,,,,,,,,,,,,,,,,,,,,,,,,,,,,,
9315,2024-09-16 19:00:00,8106,8664,5.554589147286822,12.28557605775626,846,726,0.8710814249363868,0.6845250399113637,2815,2975,2.1879982728842835,3.297265609692458,1480,1472,0.9692242547425473,1.0777871041401137,655,13.662274809160309,32.74376866096743,1936,1936,11.184932851239669,28.22419549533923,9.0,9.0,0.3672222222222221,0.1610660856624301,8200,6579,2.7250727383449487,3.726577775932794,88,0.8676136363636363,1.2326910642225204,80,0.9197500000000002,1.0173003182443223,15,0.6306666666666667,0.4933486484109274,15,0.6986666666666667,0.3758344789339524,1073,1073,4.176374650512582,10.509858177753255,521,3.1398272552783117,11.63358694761268,3220,3100,1.810514240506329,2.1400255391797343,1691,1.958586635127144,2.6399038701359587,2241,2157,1.9512596634834012,3.3570483846127783,2150,2150,1.6090558139534883,2.3566316505596894,824,22.008228155339804,60.63995466652044,661,1.5633736762481087,2.1272166072720733,80,4.820500000000001,32.03580531608344,1351,2.008334566987417,4.307983152236371,728,1.910247252747253,11.560384570695843,383,57.37357702349869,92.3816755054228,620,2.064177419354839,7.552922322762472,2091,2091,2.3868101386896226,4.611920305747257,2072,2072,2.4399806949806946,3.991456609854752,4221,4064,5.982458660229331,15.517377379127677,4661,4307,2.7469078947368417,3.926804947522568,825,30.39369696969697,68.35295767956596,1987,1989,10.418319919517105,25.92130844951068,1159,11.306531492666092,37.53696032886064,25,27,0.7950000000000002,0.7885319855958237,4,0.6475000000000001,0.299029680801087,1220,5.97455737704918,16.487193854550494,128,114,3.2827272727272727,3.697365266964487,143,127,3.1786666666666665,4.4434844185366265,,,,,,,,,,,,,,,,,,,,,,,,,,,,,,,,,,,,,,,,,,,,,,,,,,,,,,,,,,,,,,,,,,,,,,,,,,,,,,,,,,,,,,,,,,,,,
9315,2024-09-17 19:00:00,7310,7854,5.484175019783698,10.227720096568287,499,572,0.9147432306255836,0.7528395697156328,2116,2116,2.621273629489603,6.520405284525286,923,985,0.9999737945492662,1.388447676003244,181,10.276685082872929,24.839546420162154,1429,1429,11.18552134359692,28.182688040782377,8.0,4.0,0.3583333333333333,0.235330736529582,6293,6125,2.490400225479143,3.5692807910935143,52,0.7774999999999999,1.2343261553140272,47,0.8851063829787236,1.336288719504191,29,0.9479310344827586,1.0412306356533445,29,1.0282758620689654,1.055801930763326,754,754,6.638700265251989,17.141717054095803,525,2.583085714285714,5.743113839512972,2147,2214,1.5509699610181151,1.718486546184285,1144,1.6950087412587411,3.5484641856508383,1335,1329,1.9349849849849847,3.585932275581879,1426,1426,1.6770897615708276,2.3288934918907715,290,80.75879310344827,164.0023456253366,498,1.925963855421687,3.367624914529323,37,1.650810810810811,1.6031057330177811,1052,2.167005703422053,3.783509504556601,535,1.9143177570093453,3.2776312183806438,281,75.57327402135233,117.39816886099304,473,3.759090909090909,8.74918290465659,1333,1333,2.619827456864216,5.968186002151356,1290,1290,2.5358062015503875,4.624281767952609,2896,3039,6.065115417017691,13.136931287617823,3107,3126,2.646860259906947,4.284324777883712,467,51.66310492505353,114.50555061677618,1454,1411,10.753137870855149,26.618733911950667,819,17.2982905982906,58.14243885580604,18,22,0.7150000000000001,0.5659107703516518,7,0.8985714285714286,0.6092718973479403,1182,9.020964467005076,18.799948822258788,62,66,2.903359375,2.0804650461734773,86,77,3.021349693251534,2.2452765731607696,,,,,,,,,,,,,,,,,,,,,,,,,,,,,,,,,,,,,,,,,,,,,,,,,,,,,,,,,,,,,,,,,,,,,,,,,,,,,,,,,,,,,,,,,,,,,
9315,2024-09-18 19:00:00,5452,5978,6.3573569553805775,12.569552921727585,442,392,0.7926019184652278,0.5776416265517369,2061,2221,2.862022419430173,5.570988374005041,892,893,0.9681176470588236,1.0722741808568734,186,76.88161290322581,158.27150605053984,1231,1231,15.395938261575951,30.882072458678365,4.0,5.0,0.3988888888888889,0.2236785612557272,5570,5080,2.4418619718309857,3.600502129523616,29,1.163103448275862,1.3199767590646692,36,0.9588888888888886,1.2298956093411113,11,0.7463636363636365,0.5930548453446585,12,0.9299999999999998,0.5896609195122228,478,478,7.563891213389121,24.76956774598405,433,2.7056581986143184,11.012737663657015,2150,2146,1.4737081005586592,1.6786927823831423,908,1.708876651982379,4.350071883322345,1560,1466,2.0335789821546597,3.4971122701283286,1377,1377,1.872062454611474,3.447428534759243,355,20.329830985915496,52.92207215423632,246,1.6070325203252034,1.949722029113983,130,3.053692307692308,8.342095672732228,887,2.889098083427283,9.57768170201921,376,2.1113031914893616,5.198662384587596,377,46.06997347480105,83.3131070168137,586,4.369232081911263,14.139077681011852,1378,1378,2.582735849056604,4.832762733219414,1386,1386,2.4198124098124096,3.4906095581524217,2615,2730,7.782392890551917,16.026385208238025,3390,3384,2.628700915264245,4.02856802644252,431,48.37531322505801,115.35111139506158,1288,1305,14.254357886617818,29.58722817660781,543,18.3051197053407,56.87079163338392,15,12,0.6259259259259258,0.5437337260860337,10,1.463,2.6085055108241577,666,11.324234234234234,24.8189075537452,70,97,2.900538922155689,2.1903211853953413,66,84,3.063,2.357930660558109,,,,,,,,,,,,,,,,,,,,,,,,,,,,,,,,,,,,,,,,,,,,,,,,,,,,,,,,,,,,,,,,,,,,,,,,,,,,,,,,,,,,,,,,,,,,,
9315,2024-09-19 19:00:00,3734,3877,6.014941531993168,11.54564925725894,18,14,0.9309375,1.0689432847881828,126,159,3.0130526315789474,4.715745422726587,643,636,0.8720641125879595,1.0088508045546096,25,18.1704,26.00941759901594,848,847,14.910707964601771,28.25565924728684,0.0,0.0,0.0,0.0,302,308,2.8453770491803274,3.3492542755210764,0,0.0,0.0,0,0.0,0.0,0,0.0,0.0,0,0.0,0.0,11,11,3.333636363636364,3.73431087162684,23,1.4965217391304348,1.6799601669595885,151,156,1.601368078175896,1.7801619673475697,32,1.028125,0.6303294649427393,130,115,1.9471020408163264,2.737736471902961,107,107,2.0628971962616824,2.2179189578183607,48,9.739583333333334,31.28688323125825,7,0.8814285714285715,0.9573837649915458,1,3.4,0.0,69,2.1185507246376813,2.680670084605615,8,1.19625,1.223028387855327,332,38.33759036144579,68.77022247319633,26,3.035384615384616,3.7107517699550927,129,129,2.604108527131783,3.352797654534623,125,125,2.3941600000000003,2.671627873488372,138,140,8.276942446043167,11.5802382682398,219,200,3.069236276849642,3.389351271559984,288,63.73229166666667,127.9313610491468,66,67,16.281203007518794,23.48228764705941,19,12.584736842105263,37.71187267585928,0,0,0.0,0.0,0,0.0,0.0,42,36.59,58.14627343420827,16,6,3.709090909090909,4.093766779664052,13,9,3.141818181818181,2.8558562421860554,,,,,,,,,,,,,,,,,,,,,,,,,,,,,,,,,,,,,,,,,,,,,,,,,,,,,,,,,,,,,,,,,,,,,,,,,,,,,,,,,,,,,,,,,,,,,
9316,2024-09-13 19:00:00,10157,10080,5.746524682512229,16.009107135793524,729,756,0.8380875420875421,0.6787756697501763,2596,2693,2.07877103422197,3.0954247555124965,1389,1519,0.8673039889958735,0.8434999592876921,403,15.07076923076923,51.4714950157866,2286,2286,9.242322834645668,21.269213099731253,4.0,4.0,0.46125,0.2093106244317282,8953,9011,2.545317857938098,3.595926227155084,85,0.7075294117647059,0.7619601747850588,78,0.7252564102564103,0.5141079512474318,24,1.1695833333333334,1.014464058697443,28,0.9425,0.9611883455984502,1238,1238,5.1791276252019385,14.376144906512645,477,6.311278825995808,83.89028014601432,3184,3217,1.58923918137791,1.7285843734323667,2105,1.4134014251781473,1.8014022837851829,2141,2068,1.700344499881207,3.041304255629302,2054,2054,1.5779406037000974,2.3929735048907013,642,40.08830218068535,130.23090101629552,481,1.1898128898128897,1.2961178907072457,57,1.202982456140351,1.3246276734903373,1324,1.7365407854984891,2.820492842879651,535,1.207495327102804,1.3132280579629552,531,46.96885122410546,81.96229180981933,800,2.018275,4.464392038606713,2046,2046,2.227727272727273,3.52784758299251,2064,2064,2.521579457364341,5.471599314250088,4147,4151,5.776230416967944,12.322999061404282,4629,4635,2.528018134715026,3.524133564509176,747,40.82744310575636,117.3737565214998,2271,2278,8.956566278302923,20.80580724289823,1249,13.287197758206563,70.08293753846895,12,7,0.7000000000000001,0.5114067286468404,14,0.9142857142857144,0.6903385741350222,1878,6.358945686900959,12.660985954581026,108,109,2.8078341013824883,2.4358755672097168,111,120,2.633896103896104,1.813505005449396,,,,,,,,,,,,,,,,,,,,,,,,,,,,,,,,,,,,,,,,,,,,,,,,,,,,,,,,,,,,,,,,,,,,,,,,,,,,,,,,,,,,,,,,,,,,,
9316,2024-09-14 19:00:00,8670,7985,5.226072050435304,8.931929089065184,773,742,0.8647986798679869,0.6921570118890426,3047,2994,2.422257904320477,3.0249781595544354,1423,1473,0.9369682320441988,1.034366044982576,325,47.03138461538462,135.16831164232497,1682,1682,11.589087395957195,21.91693489983891,8.0,4.0,0.4116666666666666,0.1636476567371361,6591,7824,2.864702740201179,4.020099065544401,50,0.8212,0.7181438296051843,43,0.9518604651162788,0.7877115981914733,7,0.6842857142857144,0.3266215434613296,7,0.7385714285714285,0.274144308787938,889,888,5.966831738885762,12.498574155317732,533,2.611688555347092,7.390079182222106,3309,3352,2.028449181804534,2.661184967570666,1215,1.5327736625514403,2.125703902348256,2405,2407,1.604488778054863,2.115885069287241,2373,2373,1.5295364517488412,1.8124988966498436,360,32.86483333333334,64.24961471977002,270,1.348666666666667,1.567255114074474,214,1.7236915887850468,2.826158834062553,1501,1.951179213857428,2.653703257941032,482,1.5239626556016597,2.2324957339096745,361,61.01584487534626,107.08746257054862,794,2.1551637279596974,5.785200395231927,2309,2309,2.3026678215677783,2.985660980115624,2416,2416,2.063737582781457,2.5421494325528142,3290,3240,5.821346094946401,9.630166677690257,3635,3666,3.315573209149432,4.776233159606135,586,44.54358361774744,105.0069244675502,1877,1861,9.909764579989298,18.218858186808543,884,16.49366515837104,69.57260812469586,35,26,0.6980327868852458,0.6543168623091333,18,1.232222222222222,1.294954119974722,948,7.793291139240507,14.928092133223949,89,93,2.496923076923077,1.252461920464933,113,107,2.4294545454545458,1.436481393331786,,,,,,,,,,,,,,,,,,,,,,,,,,,,,,,,,,,,,,,,,,,,,,,,,,,,,,,,,,,,,,,,,,,,,,,,,,,,,,,,,,,,,,,,,,,,,
9316,2024-09-15 19:00:00,8947,8753,5.71844406779661,12.559418284573198,677,690,0.8431894659839063,0.6694218394030196,2644,2462,2.343307873090482,4.497980380453245,1270,1354,0.874359756097561,0.8649145956513118,573,22.008813263525305,57.92281438100869,2025,2025,9.827886419753089,22.74422769211028,11.0,9.0,0.3269999999999999,0.1118972743189037,6762,7773,2.677767457860337,3.9298002537884087,79,0.6513924050632912,0.4783164943874258,83,0.697710843373494,0.4699482804181365,38,1.3836842105263158,1.977127662801229,39,1.3002564102564105,2.0157615945465013,1077,1077,6.477418755803157,18.41134239302564,533,2.6372045028142588,7.12200626480012,2950,2797,1.654452757960675,1.783547089837444,1274,1.5571585557299843,2.366265349958504,1991,1904,1.717165596919127,2.682889390841353,1920,1920,1.55503125,2.2681046141415315,617,29.78880064829822,80.88703520767697,268,1.4925746268656717,2.210773251895477,148,2.2133783783783785,3.23003316735838,1189,2.078561816652649,3.612161525138267,410,1.7915365853658536,2.6804569741230555,470,52.90525531914895,86.8346148883448,741,3.580283400809716,11.15552582041476,1850,1850,2.300837837837838,4.114742381437181,1910,1910,2.263795811518325,4.590237225979481,3820,4054,6.332644145288291,15.45323862304202,4144,4127,2.806995526538508,4.318755502672883,593,47.6987521079258,100.54996264202649,2064,2069,9.226992499395111,21.885893509299624,1020,15.004598039215688,48.41548272591657,45,19,0.7073437499999999,0.538827552966566,14,0.665,0.3628409726430732,1494,6.220200803212851,17.55820320988677,112,101,3.1016431924882637,3.082322401116646,116,101,2.8470046082949305,2.760324859826466,,,,,,,,,,,,,,,,,,,,,,,,,,,,,,,,,,,,,,,,,,,,,,,,,,,,,,,,,,,,,,,,,,,,,,,,,,,,,,,,,,,,,,,,,,,,,
9316,2024-09-16 19:00:00,8274,8565,5.825976601935983,12.16476847885387,708,733,0.8887369882026371,0.7149212218475353,2983,2857,2.2485530821917807,3.1587342291496223,1498,1409,0.9499621603027176,1.1026218708007864,739,20.840405953991883,70.72769665789163,1919,1919,11.51852006253257,28.058051139842416,20.0,25.0,0.4137777777777778,0.2221539895246727,6699,7252,2.846012472224213,3.985965764893983,90,1.3270000000000002,1.4453668892168676,72,1.5393055555555553,1.765918337098992,20,0.6535,0.3319981174645423,20,0.6895,0.4238687886598871,1066,1066,5.2824296435272045,13.145407019576869,621,3.8541384863124,26.84281429001431,3248,3126,1.942405083150298,2.388262429417215,1350,2.115948148148148,5.805656292780686,2339,2339,1.9863616930312096,3.3716189492007445,2354,2354,1.6970858113848766,2.447977353199635,899,18.8592213570634,57.12362109925808,212,1.309952830188679,1.5735662829482628,119,2.812605042016806,6.855966850054792,1354,1.909741506646972,2.6630868309858498,320,1.94978125,4.426428895243709,473,50.79985200845666,91.48826491470278,570,3.466333333333333,17.10485552468853,2184,2184,2.459761904761905,4.464996763398246,2172,2172,2.626220073664825,4.780091091294218,4111,4551,5.923530362502886,13.594418174385376,4385,4709,2.8518165823619968,4.136342065904757,757,39.68672391017173,110.41928753532532,2043,2040,10.299194219936322,25.393226930674384,984,17.734420731707317,75.58046163100293,51,63,1.0002631578947367,0.8427549440140967,4,0.64,0.2535744466621193,1206,7.815721393034824,22.118120767159148,122,138,3.4135,4.670130337087458,139,138,3.153718411552347,4.472179089929729,,,,,,,,,,,,,,,,,,,,,,,,,,,,,,,,,,,,,,,,,,,,,,,,,,,,,,,,,,,,,,,,,,,,,,,,,,,,,,,,,,,,,,,,,,,,,
9316,2024-09-17 19:00:00,7425,7266,5.722449799196788,11.273415377975445,584,543,0.8879236912156165,0.7134622218471391,2262,2260,2.714133126934984,8.05826230841325,1049,994,0.9808223201174744,1.2584381890752745,233,15.793433476394847,37.09378291170247,1476,1476,11.78628726287263,25.776369073460422,14.0,4.0,0.2983333333333333,0.1365955099310857,5768,6225,2.5738572500625367,3.793356785811473,75,0.9034666666666668,0.7561490035406749,69,0.8805797101449275,0.7478798711138757,14,0.655,0.4479915496652013,16,0.78625,0.5428037743973415,784,784,6.642742346938776,15.60709025015464,494,2.3618016194331983,3.5560410185805416,2425,2346,1.5646908404946551,1.668970153945854,1040,1.6893846153846157,2.647458470320357,1483,1516,1.8695465155051685,3.308408345868856,1475,1475,1.796305084745763,2.70616804102135,346,70.98988439306359,218.3344933149247,279,3.010358422939068,9.556941886544434,80,1.716125,2.899160867281255,1083,2.627608494921514,6.286938967037585,361,2.71196675900277,8.530054622681561,496,42.16627016129033,70.68177044033517,528,3.511363636363636,15.548120502838884,1433,1433,2.548283321702721,4.324325696155187,1441,1441,2.4333726578764745,4.272068604994032,3024,3146,6.369246353322528,14.27659443814608,3223,3330,2.692083015412788,4.502252854639006,545,50.0231376146789,167.8460746485482,1505,1522,11.048027750247767,24.65460843710978,773,21.270103492884864,107.2955930295359,28,20,0.8658333333333333,0.7073625700837977,9,0.7866666666666666,0.9290377339543916,757,7.756195508586525,18.894580186571226,84,76,2.9295625000000003,3.0468611608660066,75,100,3.061085714285714,3.149432686976484,,,,,,,,,,,,,,,,,,,,,,,,,,,,,,,,,,,,,,,,,,,,,,,,,,,,,,,,,,,,,,,,,,,,,,,,,,,,,,,,,,,,,,,,,,,,,
9316,2024-09-18 19:00:00,6036,5892,6.315810697518445,12.927930414631192,399,409,0.81115099009901,0.640692529842552,2143,2117,2.778223004694836,5.35158503675948,896,848,0.9317947247706424,0.9731327929078964,218,88.23633027522936,162.14243923542048,1307,1307,14.78557765876052,30.214765954199866,8.0,4.0,0.3533333333333333,0.1338116420777936,4969,5396,2.4825779064158224,3.4682667155875624,40,0.79675,0.6590196791447127,40,0.7865,0.6596572973900918,18,0.7405555555555554,0.3414100210438114,23,0.6352173913043477,0.3140876306025796,457,457,8.734967177242888,26.94600248947952,460,5.466195652173913,29.467245162781328,2191,2092,1.4709432640672424,1.5945510171672443,858,3.559965034965036,45.912143158348826,1439,1570,2.02682618810236,4.976466017295964,1328,1328,1.679382530120482,2.5906271182319736,322,21.06267080745342,83.80029309794548,96,1.4088541666666667,1.6313956638614593,168,3.935238095238095,11.702932576738688,866,2.5824942263279445,6.663344770068067,263,3.0307984790874523,9.48159737154259,459,41.06006535947712,83.2136327875131,509,7.764440078585462,28.73926205435903,1378,1378,2.4448838896952108,4.270733378846629,1436,1436,2.719456824512535,7.192657931336416,2774,2746,7.892833333333334,16.745811124967695,3393,3472,2.6320990531682447,3.835378224589883,573,43.80094240837696,108.7666708033573,1386,1374,13.628105072463768,29.077574182839346,647,21.134590417310665,78.23916983747317,15,13,0.8489285714285713,0.6520316561427404,10,0.7860000000000001,0.600436507884056,750,8.6364,15.774231361305691,83,81,3.1383536585365857,2.2615217943113333,74,85,2.5853459119496858,1.472440228415698,,,,,,,,,,,,,,,,,,,,,,,,,,,,,,,,,,,,,,,,,,,,,,,,,,,,,,,,,,,,,,,,,,,,,,,,,,,,,,,,,,,,,,,,,,,,,
9316,2024-09-19 19:00:00,3882,3802,6.316828474752732,12.174675206056778,16,6,0.933181818181818,1.2932952498582004,151,149,3.160866666666667,5.369696631612959,722,628,0.9013777777777778,1.103603470566722,28,19.68285714285715,32.5226582397502,927,926,14.849465731246628,30.942873441585064,0.0,0.0,0.0,0.0,335,327,3.041299093655589,3.7295168852750953,1,0.43,0.0,2,0.485,0.1149999999999999,0,0.0,0.0,0,0.0,0.0,9,9,4.288888888888889,6.087804647990831,14,0.9914285714285714,1.1309973925879833,176,185,1.4891689750692525,1.816294933989769,32,1.8959375,2.5218456279268464,120,137,2.1409727626459145,2.7153213200012734,118,118,1.8685593220338983,1.9634927696964888,39,13.38,26.45604666476466,16,1.27,1.07495930155518,1,0.57,0.0,60,2.726166666666667,4.92912436161051,17,1.2288235294117646,1.055790099197759,313,39.09450479233227,72.89745862481111,37,3.216486486486486,5.261160192784641,135,135,2.6117777777777778,3.0687526399878013,137,137,2.837153284671533,3.5430855761414333,148,162,9.321645161290324,15.757775107092447,245,227,3.0996610169491525,3.817688077616065,341,45.59372434017595,96.34197569518024,72,73,20.161586206896555,32.617025460604786,15,14.697333333333336,17.9718756085415,0,0,0.0,0.0,1,0.87,0.0,24,28.6725,24.562459541951416,8,13,3.145238095238095,2.449067109169412,8,6,2.6492857142857145,1.7931196449831477,,,,,,,,,,,,,,,,,,,,,,,,,,,,,,,,,,,,,,,,,,,,,,,,,,,,,,,,,,,,,,,,,,,,,,,,,,,,,,,,,,,,,,,,,,,,,
9317,2024-09-13 19:00:00,11321,11166,5.709576644283364,19.60323414158908,845,731,0.8151713197969543,0.6316784072955445,2694,2763,1.9903390141103168,2.756632180259931,1434,1386,0.8878617021276596,0.8270384672213074,505,15.64477227722772,48.03598426754783,2311,2311,8.12883167459974,17.431908993750152,4.0,0.0,0.515,0.2065792826011359,9323,9406,2.523365903144856,3.4826724893353047,109,0.7675229357798165,0.5533553298140201,104,0.8294230769230769,0.6852383455679391,23,0.8208695652173914,0.9472748696333824,21,0.8942857142857144,0.9582204310897484,1285,1285,4.536739299610895,11.752397422036848,827,3.3222249093107616,13.91091692886902,3243,3233,1.5382164916615195,1.5400476527604965,1935,2.2152403100775198,20.513271719105116,2095,1964,1.5507390983000742,2.216530061681944,2088,2088,1.4762164750957856,2.135462065416293,523,53.34799235181645,158.92321491161434,920,1.560554347826087,1.8932210926730049,108,1.3175,1.4167164206949343,1342,1.7569225037257823,2.3848076325080907,1013,1.5687364264560708,1.8760822168363465,485,58.66061855670103,101.50717537802753,821,2.270109622411693,10.401800175066557,1964,1964,1.983192464358452,2.7979774739313985,1922,1922,2.131404786680541,3.8128258825649937,4206,4198,5.5807722513089,18.89743895753461,4573,4489,2.3953200176561467,3.128865020530844,839,40.96078665077473,112.3535369096825,2274,2267,7.927240695881964,17.21219243841029,1501,14.897641572285144,67.18317209558924,11,5,0.739375,0.5743307926404435,11,0.8236363636363637,0.5236979130493374,1614,11.97446096654275,36.83730413098672,123,103,2.652699115044248,1.608275960255422,134,115,2.5493574297188752,1.4629714730228112,,,,,,,,,,,,,,,,,,,,,,,,,,,,,,,,,,,,,,,,,,,,,,,,,,,,,,,,,,,,,,,,,,,,,,,,,,,,,,,,,,,,,,,,,,,,,
9317,2024-09-14 19:00:00,8615,8852,5.101801683173985,8.81879223212188,813,756,0.8643977055449332,0.6953775521125114,3042,3166,2.3709375,2.935167980442233,1449,1445,0.9369039391845198,0.9472794601946496,380,40.74584210526315,92.2003244632738,1751,1751,11.242841233580812,21.774235378912877,5.0,5.0,0.427,0.4036347358689537,7920,7478,2.779786985322769,4.063569586645697,49,0.6075510204081632,0.3380467943229457,37,0.6662162162162164,0.3043056016515203,12,0.59,0.3779550237792851,12,0.6016666666666667,0.4019915698397445,953,954,6.036371263765076,13.313740167062331,549,2.4954098360655736,6.29886482281356,3529,3409,1.9843038339579129,2.634281498854803,1515,1.7863762376237622,2.5587243889698783,2438,2339,1.623552438769102,2.1043379547951004,2433,2433,1.476596794081381,1.6680745908720953,341,37.927302052785926,58.88885915273384,508,1.706377952755905,2.02920601178246,281,2.4473665480427047,7.07134109989412,1552,1.9679381443298969,2.680389190522287,786,1.9880788804071243,4.547893480873398,428,56.1932476635514,93.41738453384504,965,2.6404974093264246,7.053196384225329,2472,2472,2.150687702265372,2.8178544701761097,2440,2440,2.1222172131147543,3.059967407471144,3365,3376,5.827484052811156,10.819589461469915,3832,3833,3.174670580560991,4.873296824842067,668,40.93235029940119,66.30545710521255,1930,1905,9.784419817470663,17.791320892030633,1080,14.50514814814815,35.059698744985866,17,16,0.6872727272727273,0.5614606099531165,19,1.086315789473684,1.069501657321694,870,10.07151724137931,30.13599202994673,91,90,2.6396685082872926,1.5382414083767009,112,119,2.4556709956709954,1.3130369789942582,,,,,,,,,,,,,,,,,,,,,,,,,,,,,,,,,,,,,,,,,,,,,,,,,,,,,,,,,,,,,,,,,,,,,,,,,,,,,,,,,,,,,,,,,,,,,
9317,2024-09-15 19:00:00,8877,9155,5.516822315882874,11.089935294480997,671,722,0.8262239770279972,0.6288987732469397,2461,2611,2.372994873817034,5.20979673504432,1203,1389,0.9087577160493828,0.909068764428182,444,25.00119369369369,67.17945430883428,2081,2081,9.551388755406055,23.253980976954207,5.0,5.0,0.307,0.1442948370524739,7884,7497,2.518946102334049,3.5869057476993733,99,0.8463636363636364,0.6373056519686776,91,0.9231868131868132,0.7743027762294653,25,1.2332,1.2334300790883932,25,1.2268,1.2888404711212322,1117,1117,5.196589077887198,11.855061296288294,554,2.2852888086642604,3.4648740746833298,2746,2972,1.6027632039174535,1.653699697645456,1460,1.7206438356164386,4.984762287705177,1891,1935,1.6992368008363825,2.434883219283196,1924,1924,1.5320945945945943,1.828750703781685,522,32.964636015325674,65.71073447213564,424,1.6866509433962265,2.999540391027394,139,1.7499280575539569,2.364854018158073,1242,2.0584943639291464,4.77589280458493,564,1.7061170212765957,2.8546698695856594,399,59.67877192982455,102.9804121907806,757,4.024861294583883,14.021339196166124,1879,1879,2.3841671101649817,4.550876379672245,1869,1869,2.286425896201177,3.681754205750369,3968,3860,6.104683188553908,13.51630642164834,4228,4258,2.6670386518972427,4.032133817296923,505,52.99639603960396,107.46898707742209,2100,2066,9.193828612578011,22.378247705915964,1061,13.843129123468426,36.489793641139705,8,8,0.5487500000000001,0.37141410514411,15,0.7773333333333334,0.5141785249848106,1284,5.010981308411215,10.193963463398749,114,85,2.993467336683417,2.648107798457172,102,87,2.592592592592593,2.1297984474151064,,,,,,,,,,,,,,,,,,,,,,,,,,,,,,,,,,,,,,,,,,,,,,,,,,,,,,,,,,,,,,,,,,,,,,,,,,,,,,,,,,,,,,,,,,,,,
9317,2024-09-16 19:00:00,8567,8657,5.615887134231306,12.071043424437494,801,715,0.8369854881266492,0.6581345687679286,2786,2697,2.171486412547875,3.39168405040112,1443,1430,0.943306648103028,1.0064690836307726,612,20.31449346405229,75.33535935527134,1950,1950,10.10325641025641,24.221141204368266,19.0,8.0,0.4444444444444444,0.2329732671571495,7322,7176,2.7656800938060417,3.957248359337323,109,1.317981651376147,1.5056820697199569,111,1.253153153153153,1.5588278005216762,23,1.037391304347826,1.137962394852439,32,0.9578125,1.0347666837716365,1024,1024,4.4795703125,10.055215084785912,669,3.8610463378176383,20.48035539368554,2967,2944,1.840145491456606,2.251910674851685,1826,1.8982420591456737,3.26631421857805,2101,2041,1.84100193143409,2.7296614713965868,2067,2067,1.5986744073536527,2.244050842512575,780,23.13553846153846,56.66446701772078,453,1.8462913907284768,2.76255343441631,171,2.3513450292397664,5.9703901890588185,1217,1.800895645028759,2.2840411871089272,621,2.0052979066022543,3.934322292336955,413,60.44384987893462,99.07708462978589,646,3.0797523219814247,11.166155559081886,1952,1952,2.169118852459017,3.823024621470008,1929,1929,2.245775012960083,3.2593036961759934,4209,4211,5.748489311163896,14.493791224516173,4323,4399,2.7955778491171754,4.159435757071207,687,41.91260553129548,105.3963662250464,2008,1986,9.405590886329492,22.18363852800954,1106,15.821952983725136,64.16478538941841,43,33,0.766842105263158,0.6883374526738049,2,0.5,0.1999999999999999,1405,8.513359430604982,21.902228348964154,118,103,3.149683257918552,2.5925878315652757,121,109,2.954,3.1473574284800727,,,,,,,,,,,,,,,,,,,,,,,,,,,,,,,,,,,,,,,,,,,,,,,,,,,,,,,,,,,,,,,,,,,,,,,,,,,,,,,,,,,,,,,,,,,,,
9317,2024-09-17 19:00:00,7318,7754,5.546378715498938,10.726505868868763,608,498,0.8702983725135623,0.6410674314461812,2160,2292,2.495116801437556,6.158679060612143,1075,1024,0.9671986660314436,1.1104829709860726,273,10.24186813186813,24.913814308462086,1464,1464,11.624234972677591,27.56041619191488,5.0,8.0,0.3692307692307693,0.167995491627307,6402,5961,2.584508614413977,3.789900984111711,72,0.73375,0.6267274737785865,62,0.8285483870967743,0.6655966200048755,10,1.1729999999999998,1.8236011076987204,15,0.8113333333333332,1.0234638353269851,796,796,6.560527638190955,15.283232107155737,523,3.050210325047801,6.2815481517932215,2421,2227,1.585740103270224,1.6822466264326046,1164,1.972508591065292,6.470459763331758,1470,1487,1.777778153533987,2.989198291560139,1494,1494,1.5778380187416332,1.9506572051477944,340,80.08597058823528,201.2783931697566,415,2.146289156626506,4.145828818353122,105,1.2228571428571429,1.321152969972829,1111,2.132178217821782,3.084631328195425,519,1.976011560693642,3.7715261278691528,369,56.56043360433604,99.948613517074,522,3.69676245210728,18.99178883008548,1446,1446,2.487206085753804,5.6894572559801775,1444,1444,2.3440166204986146,3.786910436419558,2972,3179,6.082150869777272,13.64620828508446,3240,3187,2.732288781702194,4.485515013954467,532,54.40180451127819,147.4776875660398,1477,1494,11.018424772803767,26.170691404682135,820,22.470975609756096,105.25097690653467,39,31,0.8098571428571429,0.54958813892676,23,2.183913043478261,3.2126201403763264,876,9.425753424657533,28.980606076166527,70,67,2.798978102189781,2.032731176525031,94,77,2.8367251461988303,2.1217698753605565,,,,,,,,,,,,,,,,,,,,,,,,,,,,,,,,,,,,,,,,,,,,,,,,,,,,,,,,,,,,,,,,,,,,,,,,,,,,,,,,,,,,,,,,,,,,,
9317,2024-09-18 19:00:00,5928,6137,6.184010774968918,12.466819437580432,421,417,0.8008711217183773,0.6008361954379776,2073,2103,2.698558429118774,4.873135494753443,825,922,0.8935317687464225,0.9372686538402802,336,60.33568452380952,145.06837949495863,1288,1288,15.06593944099379,30.0099508789535,8.0,5.0,0.4307692307692309,0.2386971540696426,5554,5075,2.460204158434472,3.4822548376112303,48,0.8279166666666667,0.6763257299966899,48,0.8197916666666666,0.5182683088232923,10,1.026,0.921121056105005,19,0.8142105263157895,0.5827278482725488,494,494,8.097348178137652,21.826795422906866,300,3.0577,11.227492820898764,2095,2138,1.483590833923931,1.7189573215775993,994,2.7230684104627767,10.83446418733794,1571,1426,2.247671004337671,5.367111631825064,1346,1346,1.803974739970282,3.305128622586927,208,34.39634615384615,63.59492926323263,204,1.833186274509804,3.493668944074696,206,4.918155339805825,16.005774397790223,843,2.1805338078291814,3.2615293190700574,409,3.401662591687041,11.723419132658965,400,48.286275,89.41313491525938,612,4.967516339869281,21.91404207891965,1372,1372,2.5497448979591835,3.959220188067994,1369,1369,2.6163623082542005,6.541278374972748,2700,2846,7.62416516408222,15.882733134621,3589,3319,2.609213954834974,3.86582240849257,555,47.25270270270271,121.23253560671051,1323,1329,14.272880844645549,29.234256502247423,668,22.73255988023952,80.86770188380508,23,12,0.6814285714285714,0.5929256414817381,17,0.9488235294117646,0.7621709114561485,714,12.02529411764706,24.69880883133039,83,87,3.036352941176471,1.8933060701937563,99,75,2.8950574712643675,2.393882468409659,,,,,,,,,,,,,,,,,,,,,,,,,,,,,,,,,,,,,,,,,,,,,,,,,,,,,,,,,,,,,,,,,,,,,,,,,,,,,,,,,,,,,,,,,,,,,
9317,2024-09-19 19:00:00,4328,4205,5.8162311027774525,12.703608935826304,19,22,0.8860975609756098,0.8647088274879091,142,139,2.8898576512455514,4.554592846124855,618,685,0.8503376822716807,0.9231970258809308,46,8.007391304347825,14.73797851084101,924,922,14.54556338028169,32.06784552746895,0.0,0.0,0.0,0.0,309,336,2.891271317829457,3.838050610958395,2,0.735,0.265,1,1.0,0.0,0,0.0,0.0,0,0.0,0.0,13,13,16.474615384615383,27.741005365671683,14,2.209285714285714,2.419694385323764,162,173,1.631731343283582,2.3312488459096152,34,1.472058823529412,1.529418919666521,129,117,1.925081300813008,2.7832094917003625,111,111,1.8586486486486489,2.081409556386511,35,20.222,31.259212840834163,17,1.3658823529411763,1.075962271498672,1,1.1,0.0,74,2.7420270270270266,4.079423309710586,18,1.3511111111111112,1.04741952164402,388,36.89438144329897,68.73667463647993,39,2.528974358974359,5.815685154808103,115,115,2.947391304347826,4.444593606297631,124,124,3.007016129032258,3.910165613982624,158,150,7.882499999999999,13.914211899204856,183,218,3.0639900249376555,4.149755217958983,570,39.59378947368421,118.22269061612954,81,78,14.470943396226415,22.72916436973611,19,14.068947368421052,28.980668129077984,0,0,0.0,0.0,0,0.0,0.0,36,51.063333333333325,40.88638227522161,7,7,3.9014285714285712,4.956389609300672,7,11,2.651111111111112,1.5519875747243486,,,,,,,,,,,,,,,,,,,,,,,,,,,,,,,,,,,,,,,,,,,,,,,,,,,,,,,,,,,,,,,,,,,,,,,,,,,,,,,,,,,,,,,,,,,,,
9333,2024-09-02 19:00:00,14170,11021,5.513039180659759,13.697755942647309,787,425,1.094026402640264,0.8573140722307169,1225,903,1.528641917293233,1.7820713183839896,734,942,0.8887887828162292,0.7327478122396239,966,7.277826086956521,34.64460458046884,1515,1515,3.0639669966996697,5.891955194340169,157.0,34.0,0.4112565445026178,0.3140455366764256,8062,11048,2.328434327577184,3.0436022919079337,44,0.6818181818181818,0.4652187790671118,50,0.6002000000000001,0.3815625243652736,40,0.6922499999999999,0.3541291254613209,39,0.7202564102564103,0.4397055377122354,1014,1014,2.07,4.668094082906203,1591,4.108183532369579,16.691317476504093,1396,1309,1.2499112754158963,1.3739962061021245,2286,2.5838451443569554,2.907813929146072,733,554,1.3918104118104118,2.1827071437375265,881,881,1.282429057888763,1.4125611301613863,761,44.88145860709592,146.42108548547577,550,1.280890909090909,1.642250708052572,87,0.7366666666666667,0.5397608381979071,515,1.4052815533980585,1.7968133789534009,640,1.213921875,1.5485075759086502,216,159.4024074074074,254.6731888049,514,1.6631906614785992,3.176146248959044,458,458,1.3394759825327511,1.6015696955168182,468,468,1.4505769230769228,1.841527343744332,2275,1931,2.7944816928197813,4.472954602593691,2042,1972,1.562192326856004,2.0143222674613783,1361,27.997413666421743,103.45521871100716,1091,1209,3.333513043478261,6.367493459978843,1501,23.60876748834111,81.64903034926535,52,28,0.5727500000000001,0.4792676053104361,0,0.0,0.0,3739,17.09908264241776,35.82995512539988,44,25,2.63,1.3949941561354924,35,39,2.369864864864865,1.2412836568945995,,,,,,,,,,,,,,,,,,,,,,,,,,,,,,,,,,,,,,,,,,,,,,,,,,,,,,,,,,,,,,,,,,,,,,,,,,,,,,,,,,,,,,,,,,,,,
9333,2024-09-03 19:00:00,9235,9105,6.806137949836423,15.899160702852358,831,565,0.9344269340974212,0.8066819094997085,2825,2681,2.245804576825281,3.45278780707786,1341,1419,0.9515072463768116,1.0709022218615805,315,3.1655873015873013,9.805493951821283,1800,1800,11.858855555555555,25.590087061230527,70.0,17.0,0.3248275862068965,0.1754787347955243,8281,8038,2.6983926711195543,3.93312205410084,82,1.124268292682927,1.527893520814152,86,1.1272093023255811,1.5735810523406666,44,0.9486363636363636,1.0685495498552549,39,1.0425641025641026,0.9792820969353216,770,770,6.377025974025973,17.90596482962716,1067,5.169615745079662,26.86313617640198,3222,3145,1.4889822522381024,1.527682510688103,1463,1.9925495557074504,2.1094487477173307,2325,2202,1.887163684559311,3.0491104339126878,2156,2156,1.6878849721706863,2.396303135613669,315,117.3088888888889,424.5433528127553,368,1.9851902173913043,4.271038396638044,6,19.34,42.05236814576162,1170,1.836675213675214,3.312763141179365,376,2.25936170212766,7.128659054248896,357,86.91165266106442,192.48331892310887,1235,3.9244534412955465,15.430443753109396,2077,2077,2.470625902744343,3.658859449740379,2109,2109,2.7063963963963964,4.854049768234285,4258,3687,7.544553807426054,17.725246305253602,4180,4531,2.889523590862128,4.307133955079976,784,46.30979591836735,221.847545250408,1676,1734,12.100580645161289,24.82918537543508,983,24.90449643947101,149.5302050010495,14,11,0.4104,0.2262472983264109,8,0.575,0.2784780063128864,1248,17.516826923076923,30.188954146037965,136,124,2.9032692307692307,2.21476854247697,145,164,2.81621359223301,2.1744569458590206,,,,,,,,,,,,,,,,,,,,,,,,,,,,,,,,,,,,,,,,,,,,,,,,,,,,,,,,,,,,,,,,,,,,,,,,,,,,,,,,,,,,,,,,,,,,,
9333,2024-09-06 19:00:00,10752,10831,5.659985173516193,10.794083378061174,1075,1045,0.7885518867924528,0.6104203834060361,3739,3768,1.6962728120420938,1.8392519703621384,2216,2244,0.8922892376681614,1.0471252689614672,625,6.194352,13.943562228501582,3095,3095,10.747602584814215,21.22480982833932,3.0,3.0,0.54,0.30171730698343,11321,10903,2.5832541396688264,3.1262839152320074,97,0.8683505154639174,0.7025413080453302,101,0.8499009900990098,0.6747958914720321,83,1.0760240963855423,1.117689031217405,89,1.0676404494382024,1.0542892834489517,1135,1135,5.3969955947136565,13.879333022828254,1100,2.6686636363636365,11.582884243397686,4980,5067,1.469938290036827,1.41164168069345,1822,1.8796926454445664,1.825006808384132,3614,3566,1.7732214484679665,3.070183869987076,3616,3616,1.6483102876106197,2.7170928540250823,675,47.61472592592592,89.99684617374756,630,1.5554444444444446,3.771968250795441,73,1.9273972602739724,3.4085312095634146,1363,1.4729640498899486,1.6842793524468644,695,1.623136690647482,3.763725760469365,492,64.1220325203252,91.72657383049837,1150,2.3630347826086955,6.518696609426358,3352,3352,2.343221957040573,4.915880718115994,3428,3428,2.2071791131855307,4.108989256927151,6052,5918,6.460511278195489,12.092992945028236,7320,7292,2.66387147549959,3.260257204390241,823,41.63626974483597,81.81758603148582,3116,3104,10.413085209003215,20.474218596896712,1350,11.796948148148148,39.81621096456931,6,8,0.8650000000000001,0.9334555617244378,5,0.68,0.3404702630186665,2220,10.804513513513514,24.855410252445747,261,280,3.231256931608133,5.420258900939125,288,298,3.0969795221843004,3.438525249838746,,,,,,,,,,,,,,,,,,,,,,,,,,,,,,,,,,,,,,,,,,,,,,,,,,,,,,,,,,,,,,,,,,,,,,,,,,,,,,,,,,,,,,,,,,,,,
9333,2024-09-07 19:00:00,9487,9324,5.432394875338898,10.531230325764684,874,794,0.796798561151079,0.6054163521266915,3563,3397,2.092288793103448,2.875054883022522,1748,1584,0.9144177671068427,1.0350374737995354,820,16.783817073170727,60.5622799470196,2175,2175,11.666312643678165,23.082537544794587,10.0,9.0,0.2542105263157895,0.061585694637095,9255,8949,2.6770171390903097,3.514649317314741,79,0.8813924050632913,0.583350718871709,80,0.7873749999999999,0.5020377071246741,36,1.078888888888889,1.162804984551909,46,0.8878260869565217,1.068462758081173,936,936,6.824989316239317,16.887247945188673,739,2.701921515561569,9.967818968142508,4156,4099,1.724564506359782,1.7757288062612129,1642,1.7028867235079177,1.7391018789215065,3021,2861,1.6892978578714724,2.2242646760731883,2939,2939,1.638584552568901,2.7882876306876274,859,22.33147846332945,62.1434102463472,425,1.3983294117647058,2.303188232139171,92,6.548804347826088,30.243431225078748,1510,1.80453642384106,2.679835769591965,514,2.330797665369649,13.11721236614974,389,69.8587146529563,110.3911245356252,876,2.299337899543379,4.084174857277701,2892,2892,2.360169432918396,4.495168168842509,2881,2881,2.18084345713294,3.266831259879718,4599,4305,6.097220350404312,11.52686763435675,5141,5280,2.856452355819979,3.884565673223937,718,43.49103064066853,102.8260686536226,2241,2253,10.910669781931464,21.445775753280213,1077,15.185543175487467,65.22124113277779,20,38,0.7308620689655172,0.6146215109029987,7,0.5342857142857144,0.1894244774390607,1320,14.520136363636365,33.33251959054599,163,149,2.901282051282052,3.1518518606077133,185,173,2.839804469273743,3.363792206195334,,,,,,,,,,,,,,,,,,,,,,,,,,,,,,,,,,,,,,,,,,,,,,,,,,,,,,,,,,,,,,,,,,,,,,,,,,,,,,,,,,,,,,,,,,,,,
9333,2024-09-08 19:00:00,8680,8633,5.526281407035175,10.01858981559784,775,670,0.7953010380622838,0.6068381918081497,3131,3027,2.0766417668074046,3.0364657076051045,1390,1350,0.8658284671532847,0.893571693842378,328,3.728048780487805,14.374092224912966,1916,1920,12.20769551616267,25.22097300789885,11.0,2.0,0.3976923076923077,0.2768824756560873,8592,8546,2.6853670206558524,3.4373467611708435,56,1.1330357142857144,1.6696127862074326,51,1.1917647058823528,1.649725712059079,25,0.9544,1.1839664860121677,27,0.7918518518518518,1.1043819690703405,895,896,7.486515912897822,19.434100189427213,647,2.633740340030912,7.446384987311204,3686,3689,1.6528596610169493,1.7105618064031798,1395,1.6982293906810038,1.673429532126411,2762,2687,1.7241842539915584,2.9574268499746226,2621,2621,1.6206409767264405,2.741300910909042,322,92.35375776397515,163.17332586285752,448,1.4665178571428572,2.73505989090257,28,0.9185714285714284,0.8736365470414631,1327,1.7422607385079123,2.8841504122428243,477,1.4423899371069182,2.661399151055786,315,78.38612698412699,112.3453492156955,899,3.015528364849833,9.785341868751956,2649,2649,2.188120045300113,3.072949873953606,2566,2566,2.387279812938426,4.225100450460626,4010,3869,6.070134534839446,10.77059465673681,4717,4752,2.7951621079311435,3.5301568192150525,593,50.87424957841484,118.66773617509745,1950,1925,11.719109677419356,24.030187318499294,953,16.23734522560336,78.1282819501765,17,14,0.4641935483870968,0.3817512633314405,2,0.6,0.13,1314,11.539817351598174,24.913583923104685,184,200,3.3741927083333336,9.268893816278556,176,198,3.1725401069518715,6.5560033489537695,,,,,,,,,,,,,,,,,,,,,,,,,,,,,,,,,,,,,,,,,,,,,,,,,,,,,,,,,,,,,,,,,,,,,,,,,,,,,,,,,,,,,,,,,,,,,
9334,2024-09-02 19:00:00,10944,12043,6.240162265628398,13.758533877280971,775,1084,1.005104895104895,0.9003955423160547,3216,3541,2.287583247003108,4.110518163559195,1532,1706,1.0054014823965411,1.128594405862472,639,3.1860719874804384,6.917180063608037,2413,2413,13.21822213012847,32.87534757015744,29.0,49.0,0.4557692307692309,0.3842025348318295,10426,9872,2.398537786974086,3.226526172230523,148,0.9236486486486488,1.0177035281194726,137,0.996204379562044,0.9948099854414932,6,0.6933333333333334,0.3486003761074021,6,0.85,0.4029888335921976,1544,1544,6.966049222797926,22.400195365142263,884,3.009966063348416,7.068513263054653,3035,3295,1.2509289099526066,1.4766361979109683,1459,2.1361686086360523,2.7173373607434232,2513,2436,2.1891594261466967,3.717493455009782,2346,2346,1.777037510656437,2.937432106247667,525,67.45828571428571,142.33827896118686,466,1.9120815450643776,3.1618176988454563,38,1.1876315789473686,2.4845654435360114,1754,2.078181299885975,4.174434223017018,505,1.8650693069306927,3.122048331989073,502,64.62756972111555,111.3494276890698,906,2.999613686534216,7.033691308759636,2395,2395,2.905507306889353,5.380150313327381,2251,2251,3.063918258551755,5.235574747098593,4533,4546,7.2257451261152115,15.205172407103852,5140,5437,2.2945343670227856,3.413875824513517,976,36.23981557377049,97.9675085898904,2154,2132,14.498691087260848,34.14947977581361,1360,10.502536764705884,32.02661752066279,30,27,0.5935087719298244,0.4342102782207336,18,1.2766666666666664,1.0979425202522115,645,2.457457364341085,4.384915656879803,132,126,3.252325581395349,2.645054478894969,157,134,2.804707903780069,1.708605116429604,,,,,,,,,,,,,,,,,,,,,,,,,,,,,,,,,,,,,,,,,,,,,,,,,,,,,,,,,,,,,,,,,,,,,,,,,,,,,,,,,,,,,,,,,,,,,
9334,2024-09-03 19:00:00,8826,7845,7.2650626837022365,15.623172616043648,544,697,0.8684045124899276,0.734355084380481,2948,3060,2.522669773635153,4.32791405983599,1319,1296,0.9298585086042064,1.0762216408032077,160,3.7634375000000007,11.756089754190963,1570,1570,17.371700636942673,36.97895385215155,14.0,33.0,0.2982978723404255,0.1083005893568799,6912,8527,2.765755554116199,4.116806625448613,48,0.9389583333333332,0.8604607282906963,43,0.8402325581395351,0.9987724753639432,12,0.8716666666666666,0.5322567258590748,11,0.7745454545454545,0.5826329522304702,708,708,11.030070621468928,29.99431755732202,864,4.27269675925926,22.40701201159304,3254,3375,1.5085744456177403,1.668814680861041,809,2.012187886279357,4.189569576388882,2520,2525,2.1551040634291376,3.88149815442033,2431,2431,1.965545043192102,3.542393003494156,205,137.89770731707316,248.8908336269621,303,2.987623762376238,10.765467694602393,11,0.8281818181818181,0.8965369553993268,1389,2.3115478761699064,5.329699173914503,317,2.8933753943217666,10.535614063051929,402,67.84529850746269,102.61943198745696,822,2.85169099756691,6.974220774612266,2416,2416,3.185095198675497,7.419079729364843,2503,2503,3.083875349580504,5.68529500628362,3593,3591,8.267252227171493,16.57382442309713,4458,4538,2.99891507336594,4.563177588892624,437,70.96949656750573,193.97738801959483,1531,1490,17.674313141343927,36.34865358138683,599,24.425809682804672,69.95720850639471,2,4,0.2433333333333333,0.0453382350291181,11,0.5545454545454547,0.3139879452336763,990,12.639575757575756,25.456344053050728,149,146,3.29528813559322,3.858172813567423,177,154,3.166918429003021,2.483657434136953,,,,,,,,,,,,,,,,,,,,,,,,,,,,,,,,,,,,,,,,,,,,,,,,,,,,,,,,,,,,,,,,,,,,,,,,,,,,,,,,,,,,,,,,,,,,,
9334,2024-09-06 19:00:00,10375,10254,5.952491153230889,11.201042245207136,1017,1039,0.7869698443579767,0.6499119298800144,3810,3927,1.746160010339925,2.2620103246426324,2269,2256,0.8896729281767954,0.9671009381216292,447,5.761476510067114,13.267576635023698,3089,3089,11.817484622855291,24.4635280988434,2.0,2.0,0.3675,0.1472030910001552,10979,10983,2.557687369092068,3.1512066618971075,95,1.016,1.22987496155204,77,0.997792207792208,1.3465102787756107,69,0.9585507246376812,1.0477253143756395,69,1.0734782608695654,1.1405590112848447,1117,1117,5.667332139659803,15.136092536360612,744,2.330362903225806,8.833922292347038,5135,5218,1.486933256061045,1.5449266866735056,1515,1.5126006600660065,1.5446225581443116,3744,3744,1.7896260683760683,2.878064897197913,3594,3594,1.706769616026711,2.8025053877404824,544,58.23079044117648,116.56326754170972,636,1.5077201257861637,2.298094300118353,30,0.8506666666666666,0.5262124623719544,1391,1.5885118619698058,2.933301913323061,660,1.4994999999999998,2.266706773820745,530,58.34169811320755,89.3612993844788,1090,2.1375045871559637,4.961700786055718,3607,3607,2.5023038536179656,7.243676116471335,3551,3551,2.429878907350042,4.330729946151896,6040,5947,6.880846750646533,12.628305748345786,7457,7465,2.647737568690524,3.2407507538150324,652,50.84817484662576,98.73994334850694,3124,3124,11.38749519846351,23.467505410572283,1111,11.606777677767775,29.46022000280954,18,4,0.8318181818181817,0.861197033540242,15,0.426,0.1657226598869327,2208,6.555217391304349,12.271667238014851,257,260,2.899671179883945,2.930649495978605,253,262,2.7630873786407766,2.334498715891893,,,,,,,,,,,,,,,,,,,,,,,,,,,,,,,,,,,,,,,,,,,,,,,,,,,,,,,,,,,,,,,,,,,,,,,,,,,,,,,,,,,,,,,,,,,,,
9334,2024-09-07 19:00:00,8887,9557,5.6134076122316205,10.635243120566104,887,717,0.7935723192019949,0.6044384002383131,3563,3620,2.176161770847835,3.5118042084596968,1690,1611,0.918430778551954,0.9689121798745588,662,16.86277945619335,50.607863417720445,2049,2049,13.363679843826256,27.16804876004169,7.0,9.0,0.283125,0.0811417548183424,9623,8772,2.651390595270453,3.497847735164416,55,0.7741818181818183,0.6541828793765712,55,0.8099999999999998,0.6644423499173095,25,0.6416,0.5119740618429804,20,0.8009999999999999,0.58893038637856,962,962,7.056954261954262,18.224959410247926,573,1.9336998254799305,6.211346308209363,4284,4295,1.6988646695419043,1.7723070584258906,1329,1.3544996237772762,1.2312638237393394,3044,3023,1.7443250370858745,2.42615535073402,2991,2991,1.64810765630224,2.592084128682696,733,24.424788540245565,52.24664708514931,526,1.575190114068441,2.386512135519557,57,1.8166666666666669,2.8336625195767056,1603,1.8160012476606364,4.362649520037498,574,1.622108013937282,2.4562143860592074,440,58.28831818181818,82.81660723269894,934,2.20551391862955,5.111708492084655,2962,2962,2.4958879135719108,5.784910127558206,2982,2982,2.20289067739772,3.11347058580167,4145,4356,6.586701564521821,12.32098881224067,5529,5200,2.86130767079877,3.869989251909677,578,47.80036332179931,80.61101323676752,2114,2109,12.583686952403506,25.643522900570968,866,13.33272517321016,32.869319503586595,25,23,0.6833333333333335,0.623626268066237,10,0.8229999999999998,0.3941078532584703,1374,10.66231441048035,24.67572306169169,173,168,2.6036363636363635,1.5374640075505712,189,193,2.6598167539267017,2.052834005303856,,,,,,,,,,,,,,,,,,,,,,,,,,,,,,,,,,,,,,,,,,,,,,,,,,,,,,,,,,,,,,,,,,,,,,,,,,,,,,,,,,,,,,,,,,,,,
9334,2024-09-08 19:00:00,8599,8566,5.626774249927178,10.211826564151082,758,678,0.7565250696378829,0.5779951422538137,3139,3263,2.123219306466729,2.9334503918085555,1374,1423,0.8381766178047909,0.7941431345223452,215,4.962279069767442,12.895180347757446,1901,1901,12.522098895318251,25.769621778149016,5.0,10.0,0.2906666666666667,0.076547733836839,8503,8426,2.638744757516688,3.3719967407132496,63,0.8876190476190476,0.7783370842893491,62,0.8337096774193546,0.7613532812949619,27,0.5885185185185186,0.3744497563458078,25,0.5016,0.2327518850621837,930,930,6.7638494623655925,16.458517297534804,552,2.195199275362319,3.3511813778063395,3705,3810,1.6042022621423817,1.6807986130763657,1110,1.3728288288288288,1.3443875719722356,2613,2670,1.7431080825288665,2.5314783536099115,2563,2563,1.6270737417089347,2.5785684623992573,245,109.09665306122449,176.61447608470704,470,1.7667659574468084,2.313560525883473,20,0.9515,0.6005187340957816,1488,1.9659879032258067,3.00224245801957,486,1.7542798353909463,2.2892206240825885,421,58.555415676959626,87.45196334151478,884,3.395373303167421,15.288325721524645,2597,2597,2.1629803619561034,3.037819560591153,2590,2590,2.4279150579150577,3.927811515055699,3912,3950,6.338608496565759,11.660240197891294,4842,4794,2.8130645496056457,3.670729930078981,406,70.6753448275862,135.13439042713227,1906,1929,12.046312907431552,24.74583835088779,804,17.722562189054727,56.4825387639953,21,19,0.5315,0.4500530524282665,4,0.7175,0.2745336955639508,1363,9.717872340425531,19.886327153400693,169,153,3.0868322981366463,6.573226083574879,165,168,3.0652552552552548,6.467799683250291,,,,,,,,,,,,,,,,,,,,,,,,,,,,,,,,,,,,,,,,,,,,,,,,,,,,,,,,,,,,,,,,,,,,,,,,,,,,,,,,,,,,,,,,,,,,,
9335,2024-09-02 19:00:00,10933,12313,6.171007915340273,14.233350066673488,832,1139,1.022673769660071,0.8872951873443643,3340,3523,2.233198309777065,3.838603906374879,1580,1764,1.0275478468899522,1.2413459631956976,542,4.274354243542435,21.621945900154262,2487,2486,12.660916951538308,31.96276911179517,25.0,56.0,0.3490123456790123,0.187620611007279,10303,9808,2.41907314405052,3.241211983232947,115,0.8914782608695652,0.8163569588789078,99,0.9573737373737377,0.941972555154241,7,1.0514285714285714,0.8566617697522763,6,0.9433333333333332,0.583428563655302,1538,1537,6.739069918699187,21.89935774341278,782,2.8600255754475703,11.814798622723517,3216,3310,1.2647088568801717,1.5696810569077295,1564,1.9507992327365729,2.869269636805691,2429,2478,2.1153209700427964,3.643705717132131,2353,2353,1.82652783680408,3.238671303402995,490,71.92763265306122,151.05936640432893,597,2.238726968174204,6.727751998669718,49,1.418367346938776,2.987306716103426,1712,2.091781542056075,3.775429531351547,647,2.18935085007728,6.520016537769896,574,57.429912891986056,97.65694989189215,885,3.954079096045197,16.70830464963248,2361,2361,3.094167725540025,6.594775382228743,2287,2287,2.960253607345868,5.181535886823497,4434,4802,7.025152663490689,14.444546087741726,5093,5452,2.3052612612612613,3.4920383971828346,986,36.1808215010142,93.56023700652229,2283,2214,13.62418056482099,32.76832510688167,1338,11.046494768310913,29.779939785828663,19,30,0.5883673469387756,0.4341416440483945,3,0.3433333333333333,0.1381625451737513,582,1.8118556701030928,3.464124033485964,118,127,3.2224489795918365,3.0877192762668,156,148,2.715263157894737,1.728176308077551,,,,,,,,,,,,,,,,,,,,,,,,,,,,,,,,,,,,,,,,,,,,,,,,,,,,,,,,,,,,,,,,,,,,,,,,,,,,,,,,,,,,,,,,,,,,,
9335,2024-09-03 19:00:00,8181,8829,6.699330393885949,13.112222883705888,669,754,0.865572733661279,0.6989744059076056,3097,3206,2.391811835633825,3.6690168973004247,1443,1429,0.978965877437326,1.0473061724688542,195,2.085076923076923,4.238239882519057,1764,1764,16.050702947845803,31.238097295371816,21.0,36.0,0.3310526315789474,0.2077083330439147,8529,7512,2.729605386197868,3.925816573780264,48,0.8439583333333333,0.7462007649401214,48,0.7047916666666666,0.5929199973553674,13,0.7707692307692307,0.4849974074230712,11,0.9190909090909092,0.4991347885993148,826,826,8.958486682808717,22.25378091793134,715,2.51958041958042,7.178850373916784,3707,3648,1.5126118286879675,1.6874381052886864,1184,1.8798564189189189,7.346269327816461,2775,2850,2.04816,3.712639098622734,2606,2606,1.7895548733691482,2.8355316991264616,347,88.18515850144092,166.60941692724498,469,1.7371428571428569,2.3055203851010204,9,0.8522222222222221,0.8807796770510619,1372,1.9247886297376096,2.5484174530656034,480,1.7171458333333334,2.285785965205981,480,57.10675,88.64158986862488,959,3.382085505735141,10.970252088977388,2591,2591,2.828548822848321,5.57514053882268,2649,2649,2.9942431106077767,5.542021234266049,3851,4023,7.775105410210821,14.511911778253255,4970,4812,2.9500879165814764,4.278145524338421,639,46.31433489827856,90.83983871171888,1732,1719,16.025056505360762,30.12812594782131,802,15.503952618453866,42.73574521014093,9,11,0.4779999999999999,0.2536848438515789,11,0.7663636363636364,0.5632417973783991,906,8.371721854304637,19.075945838096708,159,172,2.7462235649546827,1.7753682052515491,184,191,2.687386666666667,1.819712826379176,,,,,,,,,,,,,,,,,,,,,,,,,,,,,,,,,,,,,,,,,,,,,,,,,,,,,,,,,,,,,,,,,,,,,,,,,,,,,,,,,,,,,,,,,,,,,
9335,2024-09-06 19:00:00,10190,10278,5.929332128200118,11.02926991459734,1114,1018,0.7714962476547842,0.6124545880358662,4021,4080,1.7438945809159363,2.1345125757544348,2395,2329,0.8984314140558848,1.0564553866948962,543,4.960847145488029,10.798601779272948,3167,3167,12.187341332491316,25.49415263984074,1.0,1.0,0.25,0.0499999999999999,10949,10942,2.620875245534694,3.216042141851573,91,0.8846153846153846,0.9134060249181194,92,0.8832608695652174,0.9281645149054548,70,0.8542857142857143,0.7054574431400046,66,0.9598484848484848,0.776802873524478,1235,1235,5.956672064777328,18.191913877992068,782,2.339130434782609,13.402938993683764,5477,5472,1.4967083751940815,1.5832251048299757,1386,1.9179437229437228,3.1865363908157502,3883,3964,1.8020377214222,2.7915552421394887,3836,3836,1.7264937434827945,3.1354704441875683,674,46.17218100890208,104.91029246232723,539,1.2918552875695737,1.4162836109437564,21,1.211904761904762,0.8430817564581518,1554,1.5002702702702704,1.7875886072100269,557,1.3049192100538598,1.4210634759956051,552,53.60998188405797,90.80968050671446,1175,2.3538978723404256,9.569195148251216,3798,3798,2.538251711427067,6.747181710154863,3719,3719,2.50517881150847,4.419698068651284,6100,6238,6.88074647430702,12.608193086580322,7743,7828,2.6897347633421105,3.349207057457402,878,36.450421412300685,85.12104835501637,3178,3226,11.751915990006244,24.86975373378928,1277,8.223359436178542,27.54597896812647,3,11,0.6828571428571429,0.5651097058021891,10,0.7290000000000001,0.2694234585183703,1872,6.370705128205128,16.059170760921475,307,281,3.102670068027211,2.927991379255621,313,268,3.023511187607573,2.716519945585337,,,,,,,,,,,,,,,,,,,,,,,,,,,,,,,,,,,,,,,,,,,,,,,,,,,,,,,,,,,,,,,,,,,,,,,,,,,,,,,,,,,,,,,,,,,,,
9335,2024-09-07 19:00:00,9192,8654,5.889398744816766,10.752289776044211,681,911,0.7931721105527638,0.5660452381073334,3645,3673,2.204706203880842,3.5600888002154223,1530,1797,0.9124165915238954,0.9275625145488562,669,24.80327354260089,79.52964052959581,2035,2035,14.089749385749386,27.027714439064216,4.0,3.0,0.2857142857142857,0.0812152594488679,8604,9256,2.6634232922732366,3.371589753158116,59,0.9784745762711864,1.0263144751468756,53,1.0266037735849056,0.9442975694178196,19,1.0047368421052634,0.9947724861338774,16,1.32625,1.1581821693930536,861,861,7.596469221835075,17.78256880732545,571,2.5419089316987744,8.596779038750132,4259,4503,1.6849429354028762,1.75581246939856,804,1.2490671641791045,1.1512553176573157,3127,3318,1.7293204034134988,2.2869032667205227,3027,3027,1.5976015857284438,2.1730255183438976,770,18.88146753246753,44.34158582595614,288,1.538333333333333,4.524858806882511,101,2.6406930693069306,4.9282528097976765,1554,1.907432432432432,3.669356921292012,386,1.84360103626943,4.677477203695065,382,63.52089005235603,88.1280807132583,955,2.483675392670157,13.85160071266159,3171,3171,2.3733774834437087,4.770544375470422,3202,3202,2.3546314803247967,3.5802652754484208,4353,4210,6.9357117832535335,12.451488534839273,5402,5578,2.878662112932605,3.692801924228844,369,81.33723577235772,129.74065132792109,2102,2088,13.343190930787587,24.951369312280587,750,17.36292,64.41260036882224,7,3,0.688,0.5122460346357012,11,0.6645454545454546,0.3393138433626318,1344,6.542142857142856,11.003411153606235,177,173,2.846857142857143,2.8741453104020542,193,180,2.820670241286864,3.503702343775695,,,,,,,,,,,,,,,,,,,,,,,,,,,,,,,,,,,,,,,,,,,,,,,,,,,,,,,,,,,,,,,,,,,,,,,,,,,,,,,,,,,,,,,,,,,,,
9335,2024-09-08 19:00:00,8143,8595,5.689942048034412,10.252773675421617,676,748,0.7643679775280899,0.5903845818449015,3303,3330,2.0939800995024878,2.86144848465408,1427,1456,0.8561255636489767,0.9319251596226434,192,2.88765625,5.516148851569297,1868,1866,13.67092126405999,29.224348243728475,4.0,8.0,0.2908333333333333,0.0812873845617442,8807,8282,2.7025355491836858,3.4735198402255976,59,1.2338983050847456,1.3956336474138682,67,1.1694029850746268,1.4489336074496508,17,0.9317647058823528,0.7096663283387867,23,0.8169565217391304,0.6251569179195606,842,841,8.23412358882947,20.93821677404602,514,2.140428015564202,4.596490097626763,4012,3929,1.633976829114721,1.7664956808671146,1208,1.5562003311258277,1.6877743729656596,2915,2861,1.8016274238227148,3.190371700871052,2565,2565,1.5810409356725148,2.285700469385954,274,93.462700729927,161.55294538565073,478,1.2118200836820083,1.070549185039285,7,0.8114285714285715,0.3975794106277412,1497,1.7924048096192384,2.4501713356971844,486,1.2054732510288064,1.0644292130978064,356,65.56491573033708,96.16238836003014,993,2.352306143001007,4.878801197714482,2765,2765,2.22754068716094,3.1344059126985684,2793,2793,2.547457930540637,4.490451290590282,3978,4017,6.483395872420262,11.335330320889872,5014,4964,2.889725395870916,3.723197658805243,449,56.78741648106905,99.8902761129546,1912,1915,12.995032662660048,27.14252538764299,871,11.05297359357061,37.161053480090736,3,2,0.226,0.0257681974534502,6,0.7383333333333333,0.5256556752179975,1149,8.63308093994778,17.115615102152812,165,168,3.0276276276276275,7.720266186308925,188,165,3.032832861189802,4.110167716827367,,,,,,,,,,,,,,,,,,,,,,,,,,,,,,,,,,,,,,,,,,,,,,,,,,,,,,,,,,,,,,,,,,,,,,,,,,,,,,,,,,,,,,,,,,,,,
9336,2024-09-02 19:00:00,11520,12190,5.721562631800928,12.359641786340363,1162,908,0.9698647342995168,0.7460867837923193,3203,3017,2.238030546623794,4.046016396101664,2029,1463,1.0010022909507446,1.0738880730090052,1034,3.5296324951644102,13.741855581977516,2582,2583,10.950183930300096,27.70185312272036,24.0,96.0,0.41125,0.2618000588871846,11159,9222,2.407658112948334,3.169847493170736,166,1.0524698795180725,1.0047342373219763,154,1.059025974025974,1.1286026122901751,8,0.6325000000000001,0.345859436765863,7,0.6042857142857143,0.1921202854506328,1515,1516,4.585971626525899,12.739877781349454,1082,3.7650184842883543,8.99465318941258,3281,3014,1.264664019062748,1.6664864640712014,2121,2.4732531824611037,2.8057556148092235,2167,2374,2.11187183439771,3.715241203007184,2250,2250,1.63284,2.46740176005269,740,44.86498648648648,90.1679906416416,462,1.8652164502164503,3.886724081710514,49,1.5253061224489797,2.297893535873108,1427,1.9768465311843029,3.456575303777857,516,1.8304651162790695,3.747798808327076,498,66.01236947791163,123.47065411879102,900,2.8153,7.297829526570821,2114,2114,2.741087984862819,5.828828012301361,1968,1968,2.7025965447154467,4.31180299137273,4613,4576,6.530138208727827,14.0108858985214,5442,4856,2.214056127403379,3.2962957351345974,1599,20.9325641025641,49.44364035481912,2270,2243,12.160755594947927,28.558262117860508,1829,8.671224712957901,21.863039876943503,19,35,0.4818518518518517,0.4081488203261252,2,0.5,0.03,775,1.9255612903225805,3.670340782426984,107,123,3.1330869565217387,2.7188823696998456,131,158,2.7687889273356405,1.645911024562704,,,,,,,,,,,,,,,,,,,,,,,,,,,,,,,,,,,,,,,,,,,,,,,,,,,,,,,,,,,,,,,,,,,,,,,,,,,,,,,,,,,,,,,,,,,,,
9336,2024-09-03 19:00:00,8426,8889,7.085792665319088,15.415816684252814,671,699,0.8643357664233577,0.7350555098694085,3072,2995,2.373662436129883,3.4556078792558926,1435,1394,0.9530540827147402,1.0347714048414776,269,3.762527881040892,12.428092066774624,1780,1780,15.431410112359552,31.876796886656543,8.0,27.0,0.3528571428571428,0.2924533802024465,8113,7758,2.768712116438788,3.96299074734169,52,0.8449999999999999,0.5954297090854122,48,0.8554166666666667,0.7690035715492844,16,2.289375,3.189673707352368,14,2.6078571428571427,3.3110382026778,758,758,10.069643799472296,26.124058771693463,853,3.3053106682297773,8.499360491953732,3414,3429,1.474807832821862,1.6695176035430526,1191,1.8714525608732155,2.1358585338923426,2506,2549,2.077157270029673,4.056999959893241,2397,2397,1.9378556528994575,3.54749114741548,306,111.33444444444446,225.43111090654867,318,2.70496855345912,8.601896337232587,14,1.56,3.14793583162046,1245,2.0786345381526106,3.2830927820936204,332,2.6591867469879515,8.446126666343618,405,71.75883950617283,113.80368730551864,930,4.132043010752688,18.17296698242713,2436,2436,3.027138752052545,6.808387284872501,2461,2461,2.9181145875660297,4.921133276304936,3703,4104,8.370142180094787,17.809111601785602,4843,4570,2.894471475618825,3.996101062385164,654,51.59498470948012,131.54306913996356,1715,1711,15.6888704028021,31.08414976083308,833,20.171704681872747,86.3719103288376,4,3,0.3371428571428571,0.2335878106967965,9,0.7477777777777778,0.4289205515082867,990,10.264666666666669,22.146118574576267,148,150,2.9955033557046984,3.662058858375095,168,165,2.8816516516516515,2.122180724113895,,,,,,,,,,,,,,,,,,,,,,,,,,,,,,,,,,,,,,,,,,,,,,,,,,,,,,,,,,,,,,,,,,,,,,,,,,,,,,,,,,,,,,,,,,,,,
9336,2024-09-06 19:00:00,10184,10138,5.967376734573369,11.606323825125417,946,1050,0.7813777555110221,0.6319227867413695,3854,3649,1.703751832600293,2.029795506170402,2178,2229,0.9149058316314954,1.0209625120847474,418,6.972631578947368,15.18832363669454,3029,3029,12.173572136018487,26.52019337477924,1.0,1.0,0.835,0.3349999999999999,10580,11001,2.6187929196978823,3.3041412209368253,82,0.8426829268292684,0.6445135219313939,82,0.8512195121951219,0.6266955347517731,58,0.9577586206896552,0.7578077344720648,60,1.0233333333333332,0.7388609852709477,1131,1131,6.932740937223696,19.700479797374683,844,2.4624407582938392,6.029894068614963,5176,5011,1.4776136252085992,1.534726446074619,1278,1.55160406885759,2.9310046256427165,3815,3782,1.9006634197709624,3.4401780923201644,3592,3592,1.8422355233853005,3.542281170056361,599,50.77966611018364,103.45723723734044,352,1.4689204545454544,2.2347461403600946,15,0.9093333333333332,0.6105458395749022,1294,1.4337480680061825,1.7008801071807569,367,1.4510354223433242,2.1967758183347845,518,57.040656370656365,88.33267611614315,1237,2.347008892481811,5.319844662919464,3617,3617,2.5286121094829968,4.824964267847757,3584,3584,2.6739146205357147,5.17096962235752,5950,6039,6.943641671532237,13.497241014585429,7532,7467,2.6884878991932792,3.4109818928770568,620,51.47979032258065,99.47348690425764,3049,3013,11.89508578027054,25.877590162796928,1068,10.34510299625468,24.75089779494995,4,8,0.4374999999999999,0.2544970530281244,15,0.7126666666666667,0.3634550254922272,2172,8.608674033149171,22.893429258505325,293,297,3.474796610169492,5.6043230477051695,284,310,3.216734006734007,3.71576844334167,,,,,,,,,,,,,,,,,,,,,,,,,,,,,,,,,,,,,,,,,,,,,,,,,,,,,,,,,,,,,,,,,,,,,,,,,,,,,,,,,,,,,,,,,,,,,
9336,2024-09-07 19:00:00,8920,8951,5.664087068434895,10.509149198190034,790,810,0.7916374999999999,0.5744203109167972,3443,3524,2.190773647193914,3.953066628952199,1645,1621,0.9222872014696876,0.946845216944938,669,19.67970104633781,60.638068914703645,2053,2053,13.219313200194836,25.17461169908125,7.0,7.0,0.2785714285714286,0.0787271184768848,8406,8911,2.716524224750245,3.700389177563909,69,0.683913043478261,0.5247337969446552,53,0.7564150943396224,0.5982713914983471,21,1.1223809523809525,0.7553990100596459,25,1.1076,0.7834808485215193,875,875,7.089051428571429,16.18191803262203,819,2.138778998778999,4.584073743592002,4289,4091,1.6842684964200476,1.7460690393569327,1122,1.389812834224599,1.8399108375415,3005,2995,1.7707966666666666,2.379009219259611,3005,3005,1.5870981697171382,2.319351040685755,808,20.56860148514852,48.14072224753647,285,1.8120350877192983,7.573918965106302,109,2.614678899082569,4.836341890163016,1516,1.8438258575197888,4.19440444337239,390,2.056153846153846,6.968624414670489,484,51.757685950413226,80.21719089638037,1032,2.724505813953488,6.504565417259485,2937,2937,2.231498127340824,3.309354001122612,2921,2921,2.327367339952071,3.2660814654999832,4153,4379,6.508647444913267,11.395745661161296,5137,5151,2.9041261664074653,4.160457375565265,590,47.92199999999999,87.45182197557384,2109,2116,12.48803550295858,23.61461262529044,853,14.67097303634232,48.02684622799746,22,10,0.5465625000000001,0.3627034719902058,11,0.5309090909090909,0.2446687759346406,1332,10.139864864864863,24.003599851638803,181,204,2.6343376623376624,1.7246139083103182,193,214,2.566707616707617,1.6279306502370725,,,,,,,,,,,,,,,,,,,,,,,,,,,,,,,,,,,,,,,,,,,,,,,,,,,,,,,,,,,,,,,,,,,,,,,,,,,,,,,,,,,,,,,,,,,,,
9336,2024-09-08 19:00:00,8643,8271,5.453096842852075,9.718857091909296,644,757,0.8035974304068524,0.6220244336924848,3016,2969,2.071181286549708,2.9671449235267184,1371,1333,0.8651775147928994,0.914542622371133,260,3.7834615384615375,6.698030848579358,1919,1917,11.600208550573514,24.299712903514138,7.0,7.0,0.34,0.2724492088969454,7890,8538,2.6532517652787924,3.441710376007004,57,0.8282456140350879,0.5971896839540299,62,0.8088709677419355,0.5390556403106049,19,0.6036842105263157,0.330998656799879,20,0.7659999999999999,0.8297433338087147,920,920,6.516369565217391,16.40631939734715,706,2.58128895184136,6.348981128477594,3614,3589,1.6072789115646258,1.7371043223480702,1174,1.404054514480409,1.5064729446537222,2485,2557,1.7164180880602935,2.563932526825988,2435,2435,1.6046817248459957,2.1223340593993565,341,82.3908504398827,147.5663528319822,344,1.538168604651163,2.737325308337592,30,0.6989999999999998,0.4938714407616621,1216,1.7776398026315787,2.528775565444556,372,1.4854838709677416,2.648113963100496,351,65.12598290598291,95.98515110167357,922,2.464273318872017,5.248819179583211,2471,2471,2.1956454876568188,3.6209314904507535,2429,2429,2.354487443392342,3.764695027271165,3843,3907,5.9576438709677415,10.051028945414457,4530,4593,2.7536819028828234,3.5525750553251245,512,55.12271484375,109.76226220761993,1934,1933,11.145345228859584,22.476142408280616,863,17.098528389339513,63.45505443820505,9,15,0.5083333333333333,0.443317668896194,5,0.398,0.2184856974723975,1296,13.216064814814816,30.0871333053323,154,151,2.509606557377049,1.6211129073317678,166,164,3.0148181818181823,3.925053266996555,,,,,,,,,,,,,,,,,,,,,,,,,,,,,,,,,,,,,,,,,,,,,,,,,,,,,,,,,,,,,,,,,,,,,,,,,,,,,,,,,,,,,,,,,,,,,
9621,2024-12-09 19:00:00,13694,13828,4.415004360148245,8.228969590103114,1137,1062,0.965443383356071,0.7429121020724744,3465,3439,1.8721320973348785,2.0995827682248613,1786,1742,0.9563180272108844,0.8760242905244421,811,3.0792355117139336,6.639524640741619,2929,2929,8.153574598839194,23.21066620542244,5.0,15.0,0.4394999999999999,0.2891621517418902,12245,12936,2.5928902744132483,3.842271983463688,83,0.7225301204819277,0.7404082940269111,66,0.7512121212121213,0.7967766790115739,14,0.6257142857142857,0.419348376918869,16,0.51625,0.3241310498856905,1979,1979,4.436776149570489,12.596506201523091,851,2.053772032902468,4.137459496256868,4476,4412,1.5912297479747972,1.7340007244728572,2987,2.096327418814864,2.11903636181792,2992,3058,1.6992611570247933,2.309251411650588,3069,3069,1.6137471489084392,2.672465866026924,932,38.46667381974249,85.54889861586278,1423,1.37402670414617,2.355026088094254,202,1.1218316831683166,1.033671295870727,1814,1.506201764057332,1.781402599243713,1582,1.4026042983565108,2.2946206082839264,559,62.05867620751342,99.76104840890017,874,2.337128146453089,8.697783805398643,2807,2807,2.3918881368008558,3.597865742728402,2815,2815,2.4152504440497338,3.793746626098356,4719,4667,5.045492222458981,10.224723171985575,5505,5495,2.6342136363636364,4.3711076919196925,1817,19.42334617501376,55.3072344621379,2755,2754,8.279121437647486,22.59877915356842,2356,8.516668081494059,22.433677904119723,14,16,0.5386666666666666,0.4987834087947281,8,0.62125,0.4953392145792619,1554,6.158841698841699,17.89998393611471,158,160,2.8080817610062896,2.9362281295116124,178,183,2.635401662049861,1.9663856397199813,,,,,,,,,,,,,,,,,,,,,,,,,,,,,,,,,,,,,,,,,,,,,,,,,,,,,,,,,,,,,,,,,,,,,,,,,,,,,,,,,,,,,,,,,,,,,
9621,2024-12-10 19:00:00,13599,13903,4.921446803868809,9.375954410937572,1338,1226,0.903896255850234,0.6985552218497124,4400,4150,1.8903649122807016,2.814795065124972,2286,2203,0.9461483626642906,0.9799562077574704,762,2.5226771653543305,3.6121391533593856,3325,3325,9.473563909774436,23.617938196462674,6.0,9.0,0.288,0.1086400785468542,13212,12897,2.6251457351871,3.4444783093364264,84,0.6017857142857144,0.3798124873015683,74,0.6324324324324325,0.4487996326864458,16,1.2,1.808089461282267,21,0.9776190476190476,1.6493141569175402,1883,1883,4.895066383430696,12.747069619758612,812,1.846133004926108,3.0833250991484427,5478,5480,1.619788282533309,1.7407326360798527,2591,2.004519490544192,1.919215511848728,3543,3571,1.7688684284509415,2.595784828172496,3569,3569,1.693748949285514,3.386444589782766,822,45.11829683698298,93.07465060464688,1052,1.3601235741444866,2.498323522282851,187,1.2077540106951872,1.3876303362871716,1994,1.6196038114343028,2.776444583831412,1198,1.4150667779632722,2.428695718288905,551,65.60428312159709,109.0579131243978,997,1.950341023069208,7.422211851622349,3546,3546,2.4155019740552737,4.047655179542567,3473,3473,2.4182205585948746,3.692697847398722,5448,5341,5.815071832421911,11.548126212758396,6738,6401,2.744266686962478,3.914782940918384,1591,22.83574481458202,54.60731722801651,3253,3263,9.275363720073663,22.62256898354568,2164,7.792310536044363,19.88645425813432,12,13,0.7440000000000001,0.5782110341389206,14,0.5885714285714286,0.3720187618705183,1890,4.309936507936508,7.645211510716221,196,192,2.7671134020618555,2.0861459847321804,201,181,2.688586387434555,1.9438481539663977,,,,,,,,,,,,,,,,,,,,,,,,,,,,,,,,,,,,,,,,,,,,,,,,,,,,,,,,,,,,,,,,,,,,,,,,,,,,,,,,,,,,,,,,,,,,,
9621,2024-12-11 19:00:00,13685,14026,4.2832561076828695,7.2309650366142515,1438,1359,0.9104469074007868,0.6656123015082499,4285,4252,1.8944277849361604,2.206950138298414,2219,2203,0.8936250565355043,0.7765610895561885,869,2.338262370540851,3.944029540643401,3586,3586,6.989749023982152,15.202314888288113,17.0,14.0,0.4516129032258064,0.4995358928251336,13269,13048,2.5291784777900217,3.022100969116338,85,0.6854117647058823,0.5198541717266407,93,0.6268817204301075,0.4363139308170174,17,0.7176470588235295,0.42382750947227,21,0.6338095238095238,0.4685283565182347,2234,2234,3.82550581915846,8.76701733559306,630,1.7566190476190475,2.823659760342395,5579,5523,1.6638191316879842,1.804153139954159,2923,2.0116010947656515,2.0941957082239595,3241,3237,1.432301636307502,1.8157571002940027,3280,3280,1.3905091463414634,1.6532415728159864,798,42.9587969924812,73.68315932747173,1110,1.3240450450450452,2.605815384441262,160,1.5401875,2.714320926096204,2136,1.5565589887640452,1.6610968929915235,1233,1.4269424168694242,2.687933110450172,570,58.94235087719298,97.64905429290104,1090,1.789183486238532,7.207566333553326,3240,3240,2.0159166666666666,3.22398866703255,3180,3180,1.845622641509434,2.920993792890309,5448,5368,4.631592085798816,8.374313921294867,6342,6239,2.504173754073603,3.219833846721086,1787,18.60889759373251,44.900424096118925,3472,3519,6.723700472035474,14.330091925635582,2362,7.245952582557154,17.02276135383215,16,25,0.5934146341463415,0.5184997577725876,24,0.69375,0.3932960346015878,2004,4.956107784431138,9.317885277693794,159,129,2.419409722222222,1.281162665929719,150,179,2.5599088145896656,2.3126503547699864,,,,,,,,,,,,,,,,,,,,,,,,,,,,,,,,,,,,,,,,,,,,,,,,,,,,,,,,,,,,,,,,,,,,,,,,,,,,,,,,,,,,,,,,,,,,,
9621,2024-12-12 19:00:00,10635,10874,5.071968013389744,10.082741891844549,752,659,1.0130262225372078,0.791894613372706,2561,2694,2.272441484300666,3.331847111049576,1274,1148,1.0186705202312138,0.9555754767538708,448,3.0522991071428573,6.095504844745891,1784,1784,11.42229260089686,28.10973891807228,7.0,11.0,0.3511111111111111,0.1966352768420901,9018,9735,2.639381965552178,3.5555576250289707,42,0.7549999999999999,0.7553499661935329,38,0.7621052631578946,0.7676216100971158,19,0.9526315789473684,0.7973696369627693,15,0.9633333333333334,0.8101083603787556,1149,1149,6.295726718885987,17.82409522281326,785,3.040089171974522,5.772754687317525,2993,2956,1.62100857286939,2.2767266873524377,2113,2.7473828679602463,17.344178108461932,1992,2130,1.8912372634643373,2.706617713916368,2081,2081,1.7105526189332054,2.2775046480011003,595,53.89055462184874,101.3047372192127,845,1.522840236686391,2.2218746238926643,103,1.327864077669903,1.402350765980291,1473,1.9539375424304144,3.492662132635413,918,1.582701525054466,2.212332757786257,531,52.03406779661017,82.84437553307002,712,2.6771488764044946,10.035896296965896,2062,2062,2.505455868089234,3.94154262375049,1967,1967,2.5338281647178444,3.831155909700489,3375,3603,6.0072542275723695,12.639511029479944,4009,4148,2.679851661149933,3.981523514768272,1212,25.855057755775576,56.51763691616471,1756,1725,11.340861821315713,27.229552399491,1600,11.4192875,28.70838186823395,5,8,0.4192307692307692,0.2899989797982462,4,0.525,0.2152324325003088,990,11.518363636363636,27.211416527691576,116,106,2.8009459459459456,2.854869477895075,114,120,2.542307692307692,2.0942158374201814,,,,,,,,,,,,,,,,,,,,,,,,,,,,,,,,,,,,,,,,,,,,,,,,,,,,,,,,,,,,,,,,,,,,,,,,,,,,,,,,,,,,,,,,,,,,,
9621,2024-12-13 19:00:00,12022,11839,5.037567997988349,9.136855219177567,774,745,0.8738117182356814,0.6785773126843674,3166,3071,2.285060125060125,3.2280478487241937,1408,1299,0.9486368673808644,0.9251382887753568,461,3.901019522776573,9.752976231971326,2040,2040,11.128823529411765,28.642612873887185,4.0,6.0,0.303,0.1167090399240778,10414,11002,2.654878128502055,3.633186077800117,66,0.6954545454545454,0.483087236673579,48,0.6829166666666667,0.4619927774206961,8,0.56375,0.3535511808776772,7,0.5057142857142857,0.4883750649671138,1327,1327,6.091281085154484,16.307806421479516,652,2.4778987730061357,5.421554802306776,3770,3625,1.5657795807978363,1.6523215777946498,2194,2.250524156791249,5.607889102876763,2500,2366,1.823563501849568,2.549460868713441,2491,2491,1.697808109193095,2.121105563765266,624,52.24524038461538,94.38839146256775,922,1.6221475054229937,2.675928558998266,84,1.0382142857142858,1.033225601965913,1693,1.8713585351447133,2.840555908772416,987,1.6203343465045592,2.626295558067268,632,47.48802215189873,82.7540658799558,798,1.9967669172932327,4.664511253754167,2485,2485,2.578096579476861,3.761406747889248,2411,2411,2.459216092907507,3.417983730566956,3612,3813,6.0490249158249165,11.720023824916836,4611,4519,2.7683373493975907,3.886326680416647,1149,28.14516971279373,61.29802375428547,1955,1948,11.268644632334103,27.76105370064049,1650,10.81647878787879,24.85459812640928,7,5,0.7025000000000001,0.5015164503782502,8,0.65375,0.2764478929201668,1200,13.63625,33.029398184609725,125,137,2.8774809160305344,2.34542931941764,136,142,3.0411510791366907,3.0118075977645176,,,,,,,,,,,,,,,,,,,,,,,,,,,,,,,,,,,,,,,,,,,,,,,,,,,,,,,,,,,,,,,,,,,,,,,,,,,,,,,,,,,,,,,,,,,,,
9621,2024-12-14 19:00:00,13298,12993,4.963626716366817,10.2015276552859,846,920,1.0045922989807474,0.9893604602484856,3387,3567,2.3961834915156746,4.671273209832721,1497,1545,0.9798948060486522,1.0115763806772549,586,3.785153583617748,9.123499777201904,2306,2306,10.693382480485688,27.818868889103783,7.0,6.0,0.3400000000000001,0.2357638975428922,11964,12181,2.6380422447711744,4.111801015351942,65,0.699076923076923,0.5374347132498208,49,0.7730612244897959,0.7042326960097159,9,0.81,0.5555377774933242,6,1.1816666666666666,0.5301703080667151,1514,1514,5.534128137384411,13.653505627403192,721,2.010055478502081,3.2287708438306177,4158,4193,1.5970757993054725,2.055007511536793,2571,2.1616219369894982,3.683894079355755,2788,2840,1.7620167022032691,2.6542935812564683,2862,2862,1.6874982529699507,2.419150901819918,781,44.76846350832267,88.77982548996387,993,1.4351560926485396,2.030145471450853,122,1.0708196721311476,0.9680634633747954,1915,1.8746005221932116,3.4611235871211097,1083,1.4628901200369344,2.00592245318791,688,48.29704941860466,88.53719946833213,893,1.7930347144456888,3.819471166985744,2837,2837,2.4585583362707086,3.993147867534704,2750,2750,2.499941818181818,3.827733931605008,4166,4136,5.91876776680318,12.480001150934452,5066,5151,2.8218743271018885,4.6802284013158495,1375,25.26399272727273,59.89902434282018,2199,2224,10.748218403798328,27.138685131175976,1843,10.393575691806834,23.46915338193016,6,16,0.8104545454545454,0.5744283899726854,22,1.1745454545454543,0.8206523307307939,1146,12.007329842931938,27.87125469762708,136,140,2.7818115942028983,2.1846557237171087,168,158,2.8732515337423314,2.436923758140259,,,,,,,,,,,,,,,,,,,,,,,,,,,,,,,,,,,,,,,,,,,,,,,,,,,,,,,,,,,,,,,,,,,,,,,,,,,,,,,,,,,,,,,,,,,,,
9621,2024-12-15 19:00:00,11124,11283,5.189858526353372,9.95012643211898,797,766,0.9220857325655788,0.7164472132771285,3096,3124,2.244790996784566,3.846966066202952,1371,1377,1.023602620087336,1.1473390095293958,401,3.2546384039900254,7.430653329899637,1949,1949,12.142519240636226,31.962032787880847,4.0,8.0,0.3525,0.2749886361288408,10405,10176,2.6599965988047227,3.7763117078894832,35,0.6682857142857141,0.4704191791175533,38,0.6197368421052631,0.4418947650510259,4,0.49,0.1770593120962577,2,0.865,0.035,1217,1217,5.978052588331964,13.816740179591289,532,2.112669172932331,4.373457839858482,3913,3706,1.585736973356083,1.7168374173271044,2146,2.3621155638397013,5.930269360292147,2491,2571,1.8238561833267484,2.7563207388956084,2539,2539,1.588672705789681,2.053183948724883,646,52.120247678018565,114.50753566101432,858,1.7626689976689975,3.4861650953814047,79,1.0222784810126584,0.923986888732514,1564,1.95633631713555,4.68905994722621,918,1.757962962962963,3.3932089828424417,598,49.29576923076924,88.62266790848517,964,2.9518983402489627,15.737273460184252,2659,2659,2.4730048890560363,3.833347682268592,2536,2536,2.552744479495268,4.700157486891928,3659,3714,6.313291740132917,12.771834702666863,4707,4641,2.874123876765084,4.347144769013707,1093,30.20394327538884,71.94433778261775,1923,1938,11.892015022015022,30.654775650282627,1510,12.269761589403974,42.84430356252427,5,12,0.4488235294117647,0.4364142979398897,9,0.7566666666666666,0.5057228050578257,966,13.681242236024843,37.88619084629574,143,127,3.00037037037037,4.147072846738904,149,149,3.0193624161073824,3.8971032861622974,,,,,,,,,,,,,,,,,,,,,,,,,,,,,,,,,,,,,,,,,,,,,,,,,,,,,,,,,,,,,,,,,,,,,,,,,,,,,,,,,,,,,,,,,,,,,
9622,2024-12-09 19:00:00,13349,13775,4.342748857100722,7.9182998410642815,1025,1042,0.9583551040154814,0.7180979308520378,3318,3068,1.844732226746007,2.181149179493483,1623,1731,0.9644663088849136,0.9052704117521072,634,3.865615141955836,9.62895809967635,2848,2848,8.011801264044944,21.105703911291894,19.0,8.0,0.3077777777777778,0.1098259003835694,12703,12548,2.534359827333571,3.6421436301210233,87,0.7310344827586207,0.586916811514652,70,0.7660000000000001,0.6052942613780036,16,0.8556250000000001,0.6401363990392985,17,0.7776470588235295,0.5638369540271758,1888,1888,4.424396186440677,11.407385108637524,890,1.874640449438202,3.5242007516796097,4384,4304,1.5508540515653777,1.6037510868836966,3286,2.0152069385270845,1.9060358854163175,2859,2848,1.643504468196951,2.2024386547181627,2819,2819,1.5749024476764812,2.089629985371097,919,37.6584548422198,67.36669473668157,993,1.563081570996979,7.403294003693806,84,1.1871428571428573,0.9623032531486156,1606,1.499115815691158,2.09308294852977,1070,1.5539065420560747,7.1384488531227,734,45.72884196185287,79.36114152627701,923,2.017876489707476,5.17781673809154,2756,2756,2.265965166908563,3.032654305739284,2708,2708,2.3178397341211228,3.5728668043727856,4556,4802,4.864979696516349,9.394445492239653,5430,5600,2.4817923844061647,3.5208921238300186,1776,19.13838400900901,42.86535224406703,2694,2664,8.109876819708845,20.76374689341695,2387,8.15251780477587,17.174244792499838,9,10,0.5915789473684211,0.5917793254948186,22,0.7231818181818183,0.4867273491357293,1524,7.761732283464568,20.487601650965463,166,152,2.749182389937107,2.3721124700375182,180,177,2.769299719887955,2.718273325799564,,,,,,,,,,,,,,,,,,,,,,,,,,,,,,,,,,,,,,,,,,,,,,,,,,,,,,,,,,,,,,,,,,,,,,,,,,,,,,,,,,,,,,,,,,,,,
9622,2024-12-10 19:00:00,14099,13593,4.700670951899466,9.1711969624643,1240,1194,0.9307764995891536,0.7351054101394862,3804,3727,1.820224405789404,2.2049143130678828,2068,2169,0.9436724097238612,0.9895941071397384,693,3.3682828282828288,6.92694688554903,3259,3259,8.309515188708193,20.468854818035823,4.0,5.0,0.2888888888888889,0.116566094216919,12431,12880,2.595580972699617,3.367928707772878,78,0.829871794871795,0.7838293469256599,82,0.8378048780487806,0.7917702062394112,10,0.644,0.5110812068546446,12,0.7366666666666667,0.5623660334297899,1848,1848,4.258560606060606,11.194628083511532,1064,2.5031015037593987,8.163020514154612,5092,4994,1.595747570890343,1.7133734194422616,2905,1.9493769363166955,5.030217939669177,3140,3157,1.7153930443068128,2.45336820300122,3173,3173,1.623025527891585,2.7728199021139983,856,40.84411214953271,72.33672092424106,1071,1.3450140056022406,1.56409693737176,107,1.5079439252336448,1.5877020002870292,1725,1.527286956521739,1.9966430817541787,1163,1.3962940670679276,1.603104824855408,633,53.82529225908373,88.7354946174831,1020,1.932705882352941,4.259185659503735,3231,3231,2.248294645620551,3.740925887320966,3113,3113,2.261696113074205,3.8827447084628623,5207,5112,5.360200600833414,11.01838281812764,5919,6129,2.6448348273572377,3.649802270373594,1607,21.64018046048537,44.82403000474885,3195,3199,8.078714419768534,19.4232071779442,2095,8.744849642004773,18.08006005290834,7,8,0.516,0.3023419697406674,18,0.9955555555555556,1.0993039324056242,2082,8.765187319884728,21.673219338443676,158,195,3.1644475920679884,3.8515071614099616,176,188,3.1027197802197803,3.741062612537703,,,,,,,,,,,,,,,,,,,,,,,,,,,,,,,,,,,,,,,,,,,,,,,,,,,,,,,,,,,,,,,,,,,,,,,,,,,,,,,,,,,,,,,,,,,,,
9622,2024-12-11 19:00:00,13613,13718,4.174755405949289,6.998035960243636,1345,1424,0.929902491874323,0.6854610639796718,4215,3979,1.911959970710276,2.26155181512729,2109,2277,0.8882603739170086,0.823145710992889,778,3.0703727506426737,9.164983026243952,3724,3724,6.474127282491945,13.748139146258058,22.0,10.0,0.3153125,0.1526430553407196,12776,13000,2.4917725791433893,2.9561272567005634,104,0.8426923076923077,0.7539386717167778,103,0.9139805825242718,0.7891070777818976,20,0.572,0.2962195131992489,20,0.6565,0.4391955714712979,2213,2213,3.713859014911885,8.861872969003706,822,2.244659367396594,4.039398285546198,5326,5356,1.609675154465456,1.677277417979639,3085,1.8328622366288492,2.105283684611321,3110,3068,1.4356393654904502,1.8593183431784224,3172,3172,1.370870113493064,1.6929341883190356,975,32.36753846153846,54.4230715017484,973,1.328530318602261,1.6134647335497092,91,1.5045054945054948,1.5849174164614312,1961,1.5623304436511982,2.159811790612364,1050,1.3796190476190475,1.6494021565169914,874,35.22443935926773,61.08386768619767,1092,1.794478021978022,4.0164446311124085,3140,3140,1.872531847133758,3.195801753007712,3005,3005,1.760685524126456,2.3296382348834865,5438,5526,4.459298613644656,8.031256404403171,6157,6411,2.4159388924252068,3.059578745101241,1784,17.320790358744397,35.0608534079814,3603,3581,6.2914629732739416,13.225258246876274,2355,6.655940552016984,13.53885156641591,13,9,0.6018181818181818,0.608011934419625,18,0.4983333333333333,0.2480647316954006,2100,5.3149428571428565,14.69947153072004,141,147,2.6511805555555554,1.635362471088332,163,158,2.4962616822429906,2.0495656511353038,,,,,,,,,,,,,,,,,,,,,,,,,,,,,,,,,,,,,,,,,,,,,,,,,,,,,,,,,,,,,,,,,,,,,,,,,,,,,,,,,,,,,,,,,,,,,
9622,2024-12-12 19:00:00,10362,11005,5.120091262226798,10.608639847420266,817,615,0.9656424581005586,0.7354045408101837,2661,2666,2.1834672423502908,3.264930547099851,1283,1190,1.0120986655883542,0.9802538123185964,478,3.951150627615062,11.190297675449813,1884,1884,10.691889596602971,29.3593522218011,12.0,12.0,0.3425,0.1815959342422988,9953,8948,2.623937357811756,3.552472942364818,53,0.750566037735849,0.4765695621059007,47,0.737872340425532,0.5224245284807674,16,1.45,1.203198861369142,16,1.325625,1.1938695947945903,1251,1251,5.7606554756195045,16.48036380839338,827,2.4522490931076177,5.292215909635975,3148,3017,1.5558345498783457,1.5884223368082913,2444,2.895114566284779,7.079207113103371,2116,2071,1.82267494626224,2.7443077871512567,2084,2084,1.5887476007677543,2.050837082880373,665,50.051428571428566,130.23874271149876,692,1.855838150289017,4.701825222684454,73,1.1526027397260274,1.0117569519679652,1399,1.7148606147248036,2.85319310581758,762,1.811981627296588,4.497612826685958,560,50.60367857142857,90.4913553845076,788,3.349060913705583,13.417284485915358,2101,2101,2.3769966682532124,3.094784434240957,2031,2031,2.47465780403742,3.589860134313856,3363,3552,5.896010122921186,12.907265086209474,4247,4020,2.650441514455062,3.920818707944501,1266,26.095853080568723,89.40396473783551,1799,1790,10.880610197826693,28.68386008564946,1641,12.31438756855576,60.35402801999696,11,8,0.4331578947368421,0.3047872878889895,11,0.8336363636363636,0.5596796604434091,942,12.969426751592357,36.18239166432157,97,108,2.911853658536585,2.52719153444192,113,114,2.7739207048458145,2.568435484789769,,,,,,,,,,,,,,,,,,,,,,,,,,,,,,,,,,,,,,,,,,,,,,,,,,,,,,,,,,,,,,,,,,,,,,,,,,,,,,,,,,,,,,,,,,,,,
9622,2024-12-13 19:00:00,11767,11969,4.998570104482643,9.677676621600408,864,691,0.920501607717042,0.7774563226308611,3058,2960,2.3086208042539047,3.770874422515473,1371,1223,0.9256669236700078,0.9052263858539068,515,3.4523106796116507,8.292742990786895,2203,2203,10.119550612800726,28.356333788681795,7.0,4.0,0.2872727272727273,0.0772352850463979,11126,10682,2.6280337490829053,3.786274689186164,63,0.8098412698412698,0.9088113500847312,57,0.7829824561403508,0.8921410574336771,7,0.6514285714285715,0.2723143441701453,8,0.5625,0.3915274575301201,1464,1464,5.072493169398906,12.32364682936089,840,2.3836547619047623,5.102021480779404,3714,3536,1.6004896551724137,1.834602712295485,2688,2.262552083333333,4.00753609718041,2434,2457,1.8146595788182376,2.5655194293522143,2410,2410,1.681149377593361,2.351819734763544,672,48.97900297619047,85.95096523454515,820,1.6065487804878047,9.74339108926416,54,1.6555555555555557,4.969112621677394,1634,1.8605691554467565,3.259621758576816,868,1.6343778801843316,9.551781299603515,780,37.01524358974359,66.7899704398117,852,1.8524530516431923,4.734795181891453,2498,2498,2.515388310648519,3.510971153981579,2389,2389,2.6346546672247806,3.792998222094086,3932,3956,5.810546399594321,12.68104640193384,4700,4599,2.7030196795354344,4.176975441880033,1384,23.30986994219653,50.31489196645265,2109,2096,10.232087990487514,28.13990684859614,1814,10.09810915104741,23.450434446980797,10,1,0.6609090909090909,0.4928111300664337,33,0.9115151515151516,0.8391522461357498,1314,12.026849315068494,27.38708654185886,141,144,2.910491228070176,2.4400629350727896,133,140,2.8982783882783885,3.2080171382226133,,,,,,,,,,,,,,,,,,,,,,,,,,,,,,,,,,,,,,,,,,,,,,,,,,,,,,,,,,,,,,,,,,,,,,,,,,,,,,,,,,,,,,,,,,,,,
9622,2024-12-14 19:00:00,13141,12880,4.917957419007725,9.848524296504108,887,853,0.9301149425287356,0.684996172911322,3349,3224,2.2576555606268065,3.364498583507239,1505,1504,0.969248919906946,0.987548485637646,496,4.290766129032257,22.866393264905252,2348,2348,10.058718057921634,26.38058613297829,11.0,12.0,0.3965217391304347,0.1601794834512664,11831,12143,2.6626795695336614,3.95722848064622,53,0.6632075471698113,0.4480051110932572,40,0.709,0.4111556882739189,6,1.205,0.6483761768191878,6,1.0316666666666665,0.833914797139905,1535,1535,4.968234527687297,14.179703086428288,983,2.70205493387589,6.676830670435025,4180,4049,1.6352788917243894,1.91252288096014,2733,1.9203073545554332,3.184319667684375,2750,2795,1.7557781785392246,2.60964075369179,2841,2841,1.6323653643083422,2.4332877989272568,783,43.83444444444444,85.9678832240249,700,1.441157142857143,5.094323951042304,32,1.09125,0.9977686041863616,1657,1.7613095956547975,2.323646575681591,729,1.4403566529492455,4.996670620915841,735,44.13191836734693,82.41263946052499,906,1.983079470198676,4.717796318861939,2809,2809,2.294453542185831,3.536400330869437,2606,2606,2.31974673829624,3.769911081153407,4111,4260,5.701819376418588,11.44195949682978,4873,5090,2.8367148449262274,4.424101439820496,1308,26.153256880733945,58.98349005723183,2248,2269,10.07113128182422,25.90690525341497,1714,11.41074095682614,24.57310497896957,17,9,0.5523076923076923,0.5387186199485683,12,0.6283333333333334,0.2648217429811146,1104,13.755271739130434,33.86224752633608,154,153,2.782899022801302,2.153296177849907,175,160,2.805313432835821,2.0705245871370286,,,,,,,,,,,,,,,,,,,,,,,,,,,,,,,,,,,,,,,,,,,,,,,,,,,,,,,,,,,,,,,,,,,,,,,,,,,,,,,,,,,,,,,,,,,,,
9622,2024-12-15 19:00:00,10696,10726,5.361244514984596,10.970941740990789,720,775,0.9045953177257524,0.7487690367169101,3111,2873,2.3280932486631016,4.538362120776541,1343,1370,0.9632178400294876,1.0374932945584727,300,4.1898333333333335,23.85698415500631,1949,1949,11.95559261159569,33.01691611490391,2.0,3.0,0.254,0.0778716893357271,10064,10042,2.6745205411320003,3.857509953490986,56,0.7346428571428572,0.4862684601186082,54,0.7842592592592593,0.5603656275043466,6,0.89,0.3338662406813044,7,0.9471428571428572,0.4444808941969524,1205,1205,5.448921161825726,13.90449320486874,781,2.5330473751600517,5.735353594535362,3597,3677,1.5841586472367335,1.6546504440396337,2017,2.039603371343579,5.332683989682039,2414,2457,1.846629028946828,2.812045527911684,2456,2456,1.664755700325733,2.5092205251632884,544,57.78036764705882,107.14570248963412,529,1.4006994328922495,4.758234816149161,25,1.2036,1.3426358553234008,1436,1.991190807799443,3.910814078611287,555,1.4035855855855857,4.659640353574199,648,43.39777777777778,81.20312049095858,874,2.538695652173913,8.723854177385574,2549,2549,2.6713417026284816,4.779072095574076,2442,2442,2.494066339066339,3.586199382630467,3494,3607,6.608688917053937,14.01190225993941,4541,4558,2.9092449719749425,4.524477907022049,1003,30.851296111665004,63.49394725405998,1910,1898,11.892387079831932,32.35958339584891,1467,11.473135650988413,28.22555553500617,7,2,0.37,0.2765662468358871,6,1.0616666666666668,0.6085068245759907,936,12.29544871794872,32.398159518455174,143,160,2.927194719471947,3.058385818298515,137,150,2.915400696864112,2.466352332694796,,,,,,,,,,,,,,,,,,,,,,,,,,,,,,,,,,,,,,,,,,,,,,,,,,,,,,,,,,,,,,,,,,,,,,,,,,,,,,,,,,,,,,,,,,,,,
9623,2024-12-09 19:00:00,13545,13196,4.529106989267417,8.379991040352605,694,1180,0.9732710779082178,0.746250695461125,3064,3498,1.881782992989942,2.1497404682699983,1425,1781,0.9443449781659388,0.9227971146474552,431,3.631902552204176,9.12224616169655,2621,2621,8.873487218618848,24.593091858491,5.0,5.0,0.4600000000000001,0.390281949364815,11633,12708,2.587103652273941,3.7964776043999167,68,0.6844117647058825,0.4256599801309974,59,0.6527118644067798,0.4508215871257253,14,0.9171428571428571,0.6239897958349339,13,0.8384615384615386,0.4964310495751132,1783,1783,4.674615816040381,11.094243597693112,684,2.153318713450292,5.315334454238044,4031,4317,1.5760265931959752,1.713326661478609,2499,1.802861144457783,2.3359734600224424,2834,2882,1.734786564030791,2.457065960651224,2821,2821,1.667164126196384,2.715041871119447,678,51.29143067846607,103.2605662018127,1119,1.4558087578194818,2.046965155467503,43,1.022093023255814,0.94311349323086,1754,1.5432953249714936,1.773420982186114,1158,1.4506908462867012,2.024182012943112,611,55.03459901800327,106.66006410671416,718,1.6395125348189417,2.385389583928184,2763,2763,2.408458197611292,3.4285860220681195,2741,2741,2.396727471725648,3.6670075212690687,4391,4406,5.227111515289304,10.519337187835951,5173,5352,2.667879334916865,4.359249015351037,1065,32.43532394366197,62.585725909492055,2510,2475,8.962310932798394,23.579884013835365,1789,11.042291783119062,21.01559950305288,7,4,0.3972727272727274,0.255915146061094,25,1.022,1.4598602672858796,1740,5.93296551724138,15.427896838548016,167,172,2.79858407079646,2.682554873625467,188,162,2.773,2.745098879301592,,,,,,,,,,,,,,,,,,,,,,,,,,,,,,,,,,,,,,,,,,,,,,,,,,,,,,,,,,,,,,,,,,,,,,,,,,,,,,,,,,,,,,,,,,,,,
9623,2024-12-10 19:00:00,13373,13437,5.049233121969414,9.53120922607354,865,1432,0.9167131040487592,0.7231976482656245,3966,4410,1.933264087870105,2.919829971593871,1884,2261,0.9223377563329312,0.917243792797797,457,4.530065645514223,9.432016301170048,3127,3127,9.67020786696514,22.338320767795857,3.0,2.0,0.2339999999999999,0.0427083130081252,11820,13293,2.656315055947119,3.507180231504281,80,0.7628749999999999,0.4853508878893702,70,0.8082857142857144,0.5513981486796513,18,0.8694444444444444,0.7734157443317577,20,0.8515,0.7196823952272281,1855,1855,5.177660377358492,13.054101689289311,867,2.187254901960784,4.193188146963164,5164,5399,1.611878254283821,1.7362098671465809,2093,1.7900716674629715,2.3598985791744167,3454,3501,1.7682890007189072,2.5552044587265947,3494,3494,1.6005580995993132,2.809994938532974,685,53.41388321167882,104.2969540664942,823,1.2227703523693805,1.2328483470798206,121,1.1391735537190082,0.9716915359070938,1968,1.6623729674796746,3.2822134623636647,931,1.2471965628356605,1.2512866774317362,548,64.08049270072993,113.69831590699008,883,1.7140656851642129,2.567358678159701,3513,3513,2.3277597495018503,3.4418690708937825,3477,3477,2.4630716134598787,3.813905984643239,5044,5352,5.862498076183147,11.3684437254212,6074,6557,2.777491093341778,3.846889683900951,980,37.736908163265305,71.48409307950776,3141,3097,9.333932350112216,21.124211849551703,1776,10.21456644144144,21.432857406650864,3,6,0.758888888888889,0.6101993197935763,22,0.7009090909090908,0.5903073859586676,1854,7.536504854368932,23.61607858471072,184,165,2.9084240687679084,2.467927934539362,191,198,2.8761696658097686,2.6647227884597875,,,,,,,,,,,,,,,,,,,,,,,,,,,,,,,,,,,,,,,,,,,,,,,,,,,,,,,,,,,,,,,,,,,,,,,,,,,,,,,,,,,,,,,,,,,,,
9623,2024-12-11 19:00:00,13956,13600,4.330330236609086,7.0059437941373925,958,1564,0.9179619349722444,0.6696463387572622,3935,4418,1.922821740691967,2.2182227296832493,1875,2260,0.8953857315598549,0.7381218952360669,610,3.1719672131147543,6.6067531321932025,3330,3330,7.21436936936937,14.970855569879662,5.0,9.0,0.2771428571428572,0.0963200447487861,12028,13335,2.517924141465915,2.996489219153281,76,0.7075,0.469241058575048,74,0.6868918918918918,0.4514538846153154,20,0.6020000000000001,0.4664075471087491,18,0.8744444444444445,0.6092273998199342,2112,2112,3.752286931818182,6.9152404649804815,869,2.1573762945914843,4.028212505943535,5149,5336,1.654268001907487,1.6606462682696874,2520,1.8003730158730158,2.082486994696817,3021,3125,1.44371786527823,1.7526926960400382,3130,3130,1.4035782747603835,1.840893390151915,659,54.364279210925645,95.32557257391215,982,1.3866293279022404,2.577545395894612,84,1.191666666666667,1.0042680743105226,2119,1.6177347805568667,1.9075272182131524,1055,1.3999905213270143,2.516935114296434,659,49.69194233687405,86.33519440289369,883,2.619592298980747,14.405873709784968,3114,3114,1.9284971098265895,3.118725467903046,2975,2975,1.8979764705882352,2.997036374717388,5217,5391,4.606428167420814,7.829211862405522,5935,6104,2.501178669324695,3.1026574728010003,1278,27.917801251956178,57.93543076264964,3284,3245,6.949102465921275,13.992551545385153,2068,9.905459381044489,27.132699640457783,7,6,0.4807692307692308,0.311261985582305,14,0.5807142857142857,0.2834346557526666,2196,5.118032786885246,15.760428708317654,124,154,2.602661870503597,1.846533822882684,151,143,2.413673469387755,1.5836658075416037,,,,,,,,,,,,,,,,,,,,,,,,,,,,,,,,,,,,,,,,,,,,,,,,,,,,,,,,,,,,,,,,,,,,,,,,,,,,,,,,,,,,,,,,,,,,,
9623,2024-12-12 19:00:00,10645,10104,5.3622950503638735,10.63315595290532,474,860,1.0342503748125935,0.9325490209328882,2621,2611,2.206896024464832,3.258082386825415,1025,1357,0.9892275398824518,0.9846255534726784,298,6.353825503355705,15.554971867382282,1674,1674,12.910501792114696,30.6105489639186,5.0,3.0,0.345,0.1261942946412396,8447,9744,2.6680270463415976,3.880666381222321,49,0.7465306122448979,0.4690135154068793,44,0.6772727272727272,0.4672373527466023,13,1.1715384615384614,1.3543084874909188,15,0.8966666666666664,1.2212543642592324,1126,1126,7.138365896980462,20.82709030944484,836,3.679198564593301,15.5516722036247,2808,3029,1.561382559534007,2.1007362873294246,1650,2.240169696969697,14.280705723850028,2106,2142,1.89111581920904,2.5791510391272374,2114,2114,1.766934720908231,2.4361857893212044,530,61.32852830188679,145.5139228354668,650,2.0448,5.066073069411394,36,1.1316666666666668,0.9713893257711976,1311,1.8509916094584284,2.5835779433279598,686,2.004620991253645,4.939754106121794,464,63.104396551724136,115.80603336739854,627,3.402519936204147,14.78641605900555,2151,2151,2.7009623430962346,4.726893133198351,2078,2078,2.6866843118383064,4.040510458066676,3458,3333,6.60009424237962,14.13896324863965,3944,4230,2.744060435527281,4.155543800600139,712,46.50946629213484,115.48253357400075,1624,1645,12.872802080146837,30.27545318715569,1258,15.216931637519874,40.18015987203023,6,5,0.6236363636363635,0.4817821598884467,142,2.061901408450705,1.7960700185144418,1170,8.629333333333333,24.23885313074893,101,96,3.001015228426396,3.015340134490908,117,112,2.810393013100436,2.3262670066336013,,,,,,,,,,,,,,,,,,,,,,,,,,,,,,,,,,,,,,,,,,,,,,,,,,,,,,,,,,,,,,,,,,,,,,,,,,,,,,,,,,,,,,,,,,,,,
9623,2024-12-13 19:00:00,11746,11568,5.334702753710218,10.417323816487547,575,902,0.93031144211239,0.7833455398209433,3201,3363,2.382341560024375,3.9523803430754016,1206,1520,0.9407960381511372,0.9111349522287344,237,6.400210970464136,15.17808525827254,1962,1962,13.084347604485218,35.79337483625526,2.0,3.0,0.476,0.1332066064427737,10465,11025,2.6932052117263843,3.846106895487057,53,0.6277358490566038,0.4645372682794196,50,0.6862,0.5506646529422422,8,1.09375,0.8408319912443865,8,1.09125,0.8423247221232438,1328,1328,6.578094879518072,17.264625864320774,660,2.10069696969697,4.3245546064925895,3530,3766,1.6006661184210524,1.7637858692229225,1953,1.907429595494112,3.365444113210705,2519,2689,1.959652457757297,3.157512336224189,2496,2496,1.854591346153846,3.469915736385744,490,73.4528775510204,158.9434274279249,819,1.7518315018315018,4.474842341783493,30,1.2856666666666667,1.209803519401211,1746,2.103258877434135,3.695745112169933,847,1.743931523022432,4.407708607526661,620,51.13133870967742,88.81073761901577,838,2.3496539379474943,12.181905141947254,2637,2637,2.6069472885855136,4.054804540989933,2546,2546,2.708809897879026,4.413895402177441,3853,3743,6.731121642969985,14.259839461382535,4704,4843,2.895630040850529,4.418650898235816,777,46.6627927927928,114.39119544985712,1895,1885,13.235087301587305,34.950977426784746,1410,14.110801418439715,46.969399907339685,5,5,0.6130000000000001,0.4771383447177558,14,0.9214285714285716,0.7920394754128388,1326,7.000588235294118,20.75232133594817,147,140,2.78411149825784,2.0656574224375333,141,135,3.0328985507246378,4.052700334863262,,,,,,,,,,,,,,,,,,,,,,,,,,,,,,,,,,,,,,,,,,,,,,,,,,,,,,,,,,,,,,,,,,,,,,,,,,,,,,,,,,,,,,,,,,,,,
9623,2024-12-14 19:00:00,12601,13192,5.290761834606288,10.642786217239395,708,930,1.0074420024420023,0.8939608062275212,3579,3497,2.4974632560768795,4.717724441606504,1415,1563,0.9983378106111483,1.09861911496163,321,4.651370716510903,12.16252043850642,2087,2087,13.090579779587925,33.816483511252706,6.0,6.0,0.3716666666666667,0.1418234426633653,11864,12390,2.719205904180753,4.179239027808664,48,1.255,2.301764721541568,40,1.4622499999999998,2.473474769933989,7,1.625714285714286,1.4672019740489244,10,1.045,1.2015011444022847,1355,1355,6.9720959409594085,20.188849541059376,658,2.3514133738601823,5.432078560335538,4090,4282,1.6034257047300524,2.1956491026977187,2272,1.861104753521127,2.317210441125993,2874,2979,1.9235366478728853,2.812996873098576,3021,3021,1.7546540880503143,2.3907138956092986,427,87.94182669789228,147.85914131904266,1051,1.9400190294957185,4.873320325885259,47,1.3180851063829788,1.0658542439530123,1824,2.329523026315789,6.570178385395419,1097,1.922989972652689,4.776203985901406,628,57.30331210191082,99.2408837725658,986,2.239685598377282,5.667828268792092,3008,3008,2.658284574468085,4.7176387746252,2889,2889,2.671201107649706,4.207214251632586,3950,3980,6.744186633039092,14.123747933453805,5130,5184,3.0204556912933875,5.047864842344201,972,39.12094650205761,87.11684753958801,2065,1990,13.074377311960545,32.8673208915796,1509,13.68263750828363,30.362156766072346,10,6,0.56875,0.3385239097907266,14,0.8021428571428572,0.4897547282850377,1530,5.810117647058824,11.209792969432206,153,177,2.9192727272727272,2.50242393124755,153,201,2.8455367231638418,2.2977855638068103,,,,,,,,,,,,,,,,,,,,,,,,,,,,,,,,,,,,,,,,,,,,,,,,,,,,,,,,,,,,,,,,,,,,,,,,,,,,,,,,,,,,,,,,,,,,,
9623,2024-12-15 19:00:00,11049,10652,5.445095156905212,10.840143013978157,543,810,0.9097930524759792,0.6526765304523527,2837,2888,2.307517903930131,3.6612538771213634,1214,1295,0.9651693901952968,0.9227082611945504,193,6.936113989637306,17.617828932586647,1743,1743,13.006029833620197,30.632241543654345,2.0,1.0,0.6433333333333333,0.4199470866139632,9113,10672,2.7380945160475108,3.9427379856535674,33,0.7575757575757576,0.7941186473562823,29,0.7958620689655173,0.8804642867745258,3,0.8966666666666666,0.262466929133727,6,0.6783333333333333,0.3619123589428186,1116,1116,5.833924731182796,13.830432912987318,671,2.624128166915052,5.11025450834458,3347,3436,1.6144478844169246,1.725481278267672,1513,1.735697290152016,2.837935432855506,2349,2495,1.833579686209744,2.78753391362695,2452,2452,1.736337683523654,2.3935458104358465,349,95.5032951289398,180.70160421833305,699,2.108340486409156,6.16243206208672,21,1.220952380952381,1.277262343048804,1409,1.9732434350603263,3.5867360805471566,720,2.088430555555556,6.07733939027778,460,66.08495652173913,113.51267921613072,805,3.117465838509317,13.19310352641754,2511,2511,2.688176025487853,4.502881410617774,2353,2353,2.707709307267318,4.861352001914021,3308,3390,6.784410271722901,13.715537981868057,4204,4457,2.976224454450987,4.445192968935916,580,57.9781724137931,119.24780732649624,1744,1718,12.749693818601964,28.688762399337087,1096,18.094370437956204,45.36618786729772,3,2,0.206,0.0119999999999999,8,0.5075,0.2033930923114155,1278,10.338075117370892,31.578050104582186,142,150,3.5080136986301373,5.16690643248009,146,171,3.0641955835962147,3.7970876769045465,,,,,,,,,,,,,,,,,,,,,,,,,,,,,,,,,,,,,,,,,,,,,,,,,,,,,,,,,,,,,,,,,,,,,,,,,,,,,,,,,,,,,,,,,,,,,
9624,2024-12-09 19:00:00,14260,14049,4.165643434950016,7.7693292289854785,1364,936,0.9302782608695652,0.662966725479211,3387,3229,1.7710429262394198,1.935690044865072,2034,1614,0.9598081140350876,0.8772382815708971,981,3.724923547400612,19.48705464651848,3018,3018,7.214963552021206,19.657641840236487,8.0,9.0,0.2941176470588235,0.1407567289595948,13863,12252,2.5565965919969367,3.3147131488046995,88,0.6001136363636363,0.3934275211007793,78,0.6769230769230771,0.4273241359433881,23,0.7234782608695652,0.3885268576207153,19,0.9689473684210528,0.5437578286124121,1990,1990,3.816844221105528,9.651783618895744,864,3.0010185185185185,20.32511346557617,4354,4212,1.5753700677095497,1.629154019040108,3595,2.413777468706537,2.3757388662253542,2837,2734,1.6066217914198528,2.213858150196859,2897,2897,1.5467138419054194,2.199195613118988,1025,33.41228292682926,75.3165613132765,1305,1.1688735632183906,1.9240742699475704,137,1.0945985401459852,0.9870053613610884,1708,1.4400117096018734,1.5244038262953847,1417,1.1920959774170783,1.892750586102298,506,67.45021739130435,108.78595831555,883,1.8802718006795016,10.817738721530588,2622,2622,2.242822273073989,3.143628908386896,2586,2586,2.152579273008507,2.916785044305208,4824,4615,4.637636402161246,9.475730450331575,5752,5413,2.4497563815494847,3.605922537055872,2193,15.622398540811671,46.288275823339184,2793,2859,7.3019957537155,19.37060367165592,2808,7.354910968660969,23.58465348437048,10,10,0.5175,0.3075528409883413,9,0.5299999999999999,0.262466929133727,1782,6.783905723905724,21.24890319762936,155,162,2.859463722397476,3.243299819430125,153,177,2.7133030303030305,2.352894220147378,,,,,,,,,,,,,,,,,,,,,,,,,,,,,,,,,,,,,,,,,,,,,,,,,,,,,,,,,,,,,,,,,,,,,,,,,,,,,,,,,,,,,,,,,,,,,
9624,2024-12-10 19:00:00,13875,14013,4.6186327452667815,8.72957181461387,1537,1128,0.9173921200750468,0.7136724184901057,4114,3997,1.7857637775859942,2.376353421567179,2423,2028,0.9406133453156594,0.8966831746480954,869,2.862266973532796,6.082252099597932,3597,3597,7.641170419794273,19.447453793275137,9.0,6.0,0.2686666666666666,0.0718207645616657,13925,12318,2.5907655374766607,3.292116109273881,104,0.7470192307692307,0.5785789617803199,103,0.7980582524271846,0.6083290152388031,15,0.5466666666666667,0.4221005672690915,22,0.6527272727272727,0.3879688579135493,1992,1992,3.9666014056224905,8.363216708936855,786,1.998791348600509,3.3901201221298463,5296,5157,1.6006313976848754,1.7580026594120624,3117,2.250731472569779,2.711063416508241,3264,3172,1.6271146674953387,2.228993295726836,3268,3268,1.570764993880049,2.528168957264026,933,38.54894962486602,78.12088481677532,1146,1.1112478184991277,1.245871757432598,199,1.4908040201005026,1.5083041016649847,1938,1.4292466460268316,2.219180891397234,1306,1.2235222052067385,1.3738958807569204,609,57.36865353037767,102.54320102608632,1011,1.6344015825914937,2.8587880911509163,3186,3186,2.2591556811048337,3.678051518398963,3095,3095,2.2859709208400645,3.8763953017595294,5578,5472,5.130985520361991,10.631029356254547,6590,6234,2.584524329382408,3.625161612531076,2015,17.36422332506203,46.12028202616991,3461,3491,7.516921749136939,18.939337096670272,2535,7.181605522682445,19.019129736223032,15,10,0.5828,0.4617403599426846,22,0.4886363636363637,0.2355514893441164,1992,8.021536144578313,17.2696658562011,182,168,3.0697999999999994,3.837934372252121,186,187,3.098981233243968,3.901332422720481,,,,,,,,,,,,,,,,,,,,,,,,,,,,,,,,,,,,,,,,,,,,,,,,,,,,,,,,,,,,,,,,,,,,,,,,,,,,,,,,,,,,,,,,,,,,,
9624,2024-12-11 19:00:00,14366,14276,4.026096990433629,6.808317975246824,1771,1165,0.9419822888283378,0.6909976456402147,4134,3920,1.8440600943630496,2.149496202687517,2461,1924,0.9238129988597492,0.818189040482442,1179,2.652798982188295,4.706091369968565,3736,3736,6.03551391862955,13.742230057070618,12.0,23.0,0.4254285714285714,0.4776809626108375,14005,12695,2.48226404494382,2.923005441395907,97,0.7687628865979381,0.6193449444954564,96,0.7458333333333332,0.568826765271193,22,0.6259090909090909,0.4072597907848044,16,0.7424999999999999,0.4114076445570743,2211,2211,3.4258163726820445,7.890554240614717,738,2.0808265582655827,6.576596779304646,5260,5099,1.6261714451201852,1.6968316659097231,3376,2.249674170616114,2.4852444429529617,2921,2863,1.4694017980636238,2.0206097898726,3122,3122,1.3734240871236387,1.8144023513376533,1063,32.05056444026341,62.88066497363977,1216,1.2064884868421053,2.145540568355573,276,1.278731884057971,1.1298102575073896,2028,1.538367850098619,1.8417051230177477,1423,1.3112508784258607,2.0854364958878917,668,49.95636227544911,79.40054228630794,902,2.0966740576496674,15.154242701795978,2940,2940,2.045795918367346,3.816206803425877,2786,2786,1.8452692031586504,2.6232831016096645,5586,5404,4.227437670609645,8.12312417679934,6368,6048,2.3376755798969078,3.022273486333574,2417,13.60401737691353,38.65819371154068,3560,3574,5.890609756097561,13.382271203687516,2809,6.751584193663225,26.808312302170137,20,16,0.7283333333333333,0.564178360292401,14,0.7421428571428569,0.6614721522205339,2472,5.842427184466019,11.962524530294672,125,119,2.5424999999999995,1.5929218114964034,139,123,2.519503816793893,1.8785054107533752,,,,,,,,,,,,,,,,,,,,,,,,,,,,,,,,,,,,,,,,,,,,,,,,,,,,,,,,,,,,,,,,,,,,,,,,,,,,,,,,,,,,,,,,,,,,,
9624,2024-12-12 19:00:00,10812,10471,5.262447493304515,10.739250428695785,794,703,0.9463527054108216,0.8052729057612715,2840,2712,2.286183357348703,3.6194884719408416,1320,1207,1.0422081519588444,1.0122354903749922,544,2.6319301470588234,5.621232900885972,1882,1882,11.912013815090331,31.97143044253394,8.0,6.0,0.2714285714285714,0.0903056035958806,10188,9179,2.65353281354882,3.775262222372603,58,0.7441379310344828,0.716832194288268,44,0.8436363636363637,0.8107658862545029,8,0.74625,0.4446048104777994,6,0.6433333333333334,0.445034330760623,1274,1274,5.990368916797488,19.26788846765644,658,2.3247264437689967,4.299381626696507,3161,3108,1.604037326527357,2.348106988808768,2187,2.2393644261545496,2.556376037241492,2325,2196,1.8566025215660251,2.6198723489307105,2235,2235,1.616881431767338,2.0262952124394404,643,51.66461897356143,120.90109233891498,808,1.5485024752475247,4.956516973131876,69,1.1678260869565218,1.1447787832187826,1509,1.8713187541418157,3.0680438110993817,866,1.561339491916859,4.807119292912605,507,57.69201183431952,110.11644395227326,718,3.013844011142061,15.840927440005256,2232,2232,2.586420250896057,4.189215838900469,2170,2170,2.620571428571429,3.857184802980661,3741,3449,6.298727399165508,13.344533755370405,4496,4298,2.694646349783944,4.21600888842203,1260,25.84634920634921,80.6033178853825,1824,1843,11.844379601854378,30.52441545155753,1627,11.310129071911495,53.93542199551795,7,8,0.6066666666666668,0.459618199040126,7,0.8485714285714286,0.3258145209176785,846,7.456737588652482,20.072630337039847,107,111,2.8289908256880736,2.694653879819433,131,129,2.4892307692307694,2.2723272094365203,,,,,,,,,,,,,,,,,,,,,,,,,,,,,,,,,,,,,,,,,,,,,,,,,,,,,,,,,,,,,,,,,,,,,,,,,,,,,,,,,,,,,,,,,,,,,
9624,2024-12-13 19:00:00,11862,12021,5.124424486036093,10.190267541907968,900,775,0.9131283582089552,0.729346797270235,3379,3410,2.2857077625570774,3.299226352360909,1503,1446,0.96548999660902,0.8806348123684058,557,2.670197486535009,5.814958868266793,2155,2155,12.068501160092808,33.510589576472086,5.0,5.0,0.315,0.1371313239198105,11344,10640,2.687639647016012,3.831481458225213,82,0.6876829268292683,0.5195197096673976,68,0.699264705882353,0.3916455336761073,6,0.955,1.2872807256642456,9,0.7988888888888889,0.6326741208630842,1423,1423,6.0729936753338025,16.01875151292974,600,2.078183333333333,4.638262339826797,3797,3884,1.609565160786356,1.81860666736994,2280,2.3226929824561404,4.276776406600655,2655,2596,1.895221862502381,2.7566300132589494,2733,2733,1.808111964873765,3.3461568333699643,661,51.93933434190622,101.92863522351388,893,1.3696752519596864,2.713638071937406,76,1.1650000000000005,0.9879291206197036,1836,1.8157952069716772,2.563584765773506,946,1.4022515856236786,2.6672008876690323,581,53.651325301204814,97.98225987417726,709,2.4074753173483776,7.274695557859855,2744,2744,2.698968658892128,4.334718507734014,2654,2654,2.6174415975885457,4.319524334685251,4092,3977,6.448856115999504,13.998715124111635,4986,5040,2.800957510472771,4.290448984002803,1357,24.69515843773029,65.9709502184658,2052,2082,12.198466376390904,33.40750024307066,1801,9.4976235424764,26.739814473621728,5,16,0.5852380952380953,0.429447253234501,20,0.974,0.5538537713151369,1002,8.061796407185629,18.02902956214122,141,133,2.9691605839416058,2.1989414398670606,144,137,3.0461565836298927,3.835322834180388,,,,,,,,,,,,,,,,,,,,,,,,,,,,,,,,,,,,,,,,,,,,,,,,,,,,,,,,,,,,,,,,,,,,,,,,,,,,,,,,,,,,,,,,,,,,,
9624,2024-12-14 19:00:00,13320,13295,4.97196693593838,10.12268561772924,1091,829,0.9660625,0.8523361378746552,3557,3584,2.542030527937264,5.510487140702312,1744,1549,1.0006923777710297,1.0568082776050445,696,3.162844827586207,9.171911328845116,2443,2443,10.899038067949242,30.647293566697662,14.0,14.0,0.415,0.2094124433470261,12984,11929,2.704005539276683,4.2024590677365445,58,0.7041379310344827,0.5868326275005231,46,0.749782608695652,0.4268106653369485,7,0.38,0.2480783286441142,5,0.44,0.1597498043817268,1624,1624,5.922044334975369,20.414034340067207,742,2.41877358490566,6.96067715049909,4382,4286,1.6242974157821874,2.307977593058028,2790,2.2436774193548388,3.316468609727959,3003,2801,1.883973121984838,3.3083018858606006,3012,3012,1.6632802124833994,2.1244614497235395,753,47.23338645418328,96.99034308568324,1025,1.5521756097560977,4.303210151524744,85,1.3078823529411765,1.0411702625271884,2078,2.1923580365736286,6.214162046111482,1102,1.5638112522686023,4.161863587788283,566,60.92090106007068,115.667059799609,847,2.019315230224321,3.916076814677865,2938,2938,2.5721477195371003,4.271316929760905,2777,2777,2.611105509542672,4.693824354891407,4387,4238,6.165238260869565,13.77496655693512,5484,5128,2.90737843950245,4.986745205903759,1627,21.45066994468347,61.55941251497242,2346,2375,10.858472781190423,30.069328673190125,2041,8.703155316021558,18.66274937799341,13,15,0.5032142857142857,0.3756618309390638,12,0.7808333333333334,0.6015321871872047,1044,10.900402298850576,24.83162495919302,147,120,2.834644194756555,2.3553057811759457,183,160,2.6927113702623906,2.258374488584,,,,,,,,,,,,,,,,,,,,,,,,,,,,,,,,,,,,,,,,,,,,,,,,,,,,,,,,,,,,,,,,,,,,,,,,,,,,,,,,,,,,,,,,,,,,,
9624,2024-12-15 19:00:00,11229,11437,5.261518132886261,10.645740867886191,1005,714,0.938347876672484,0.741197287779916,3150,3309,2.281986375599938,4.189417425402615,1538,1424,0.985050641458474,1.0787524746457275,467,2.947558886509636,10.157890343231664,2123,2123,11.773560998586904,31.92982688900716,8.0,4.0,0.3025,0.0877615139644556,11269,9961,2.6995883184173337,3.855168198290798,52,0.789423076923077,0.6480129790412513,50,0.8610000000000001,0.7091635918460564,20,2.0665,3.2452985609955824,23,1.861304347826087,3.0893312972056166,1336,1336,5.939520958083833,16.33169561028633,693,2.073347763347764,3.9866874851396217,3837,3875,1.5647458506224066,1.6566082972607985,2275,2.978813186813187,14.765442976212473,2688,2419,1.8131133738006655,2.885879076015774,2747,2747,1.6954568620313069,2.654437081930688,614,56.56364820846906,106.29516347367732,907,1.421157662624035,4.156404137257318,71,1.074929577464789,1.0033786209664313,1722,2.026939605110337,5.119152666739727,968,1.426064049586777,4.033534264288194,497,62.3389939637827,100.94478187066164,771,2.6626718547341115,12.528268119337644,2689,2689,2.725764224618817,4.200419592214288,2607,2607,2.5747794399693134,5.243543722185067,3967,3717,6.471712649661635,13.88493596039799,4965,4761,2.9147635204606206,4.567724100171168,1354,23.65781388478582,65.24011735619992,2074,2097,11.620704866938384,30.10569757854628,1803,9.1355074875208,25.723025240348623,6,5,0.4790909090909091,0.4782250239727309,16,0.859375,0.6954087714251237,936,10.729102564102565,25.45817236606449,155,146,3.1893023255813957,4.471406964720099,184,146,3.028484848484849,3.074191414962809,,,,,,,,,,,,,,,,,,,,,,,,,,,,,,,,,,,,,,,,,,,,,,,,,,,,,,,,,,,,,,,,,,,,,,,,,,,,,,,,,,,,,,,,,,,,,
9755,2024-10-14 19:00:00,13699,13672,4.0395900770888895,7.404922879688888,1608,903,0.9348108323377142,0.6416568945695279,3102,2768,1.5808245315161842,1.9643677392145007,2230,1620,0.9278337662337662,0.7555017140277065,1021,3.755063663075416,17.955727868614392,3210,3210,6.301068535825546,14.917954183473851,3.0,12.0,0.3666666666666666,0.2673740617354063,13371,12033,2.305540072429539,2.934701644114838,89,0.7669662921348315,0.6746208331549665,83,0.7212048192771084,0.558689080052175,9,0.8333333333333333,0.794117259743309,12,0.9175,0.7884808706197846,1961,1961,3.644548699643039,8.540969191493158,1104,2.086929347826087,3.857508334790644,4359,3932,1.4147449041128937,1.4421571481066224,3495,2.2706466380543637,3.5642855262876427,2325,2227,1.562390158172232,2.3821369592800106,2352,2352,1.4841241496598638,2.2674380373660368,845,36.52752662721894,62.45441605972885,1474,1.3995658073270014,1.5497221535269097,302,1.5349006622516554,1.451270221231275,1408,1.4262357954545457,1.6527694238048274,1727,1.4877012159814706,1.5940327661804472,547,57.77235831809871,96.72240151846243,910,2.8068571428571425,13.594130020033274,2305,2305,1.952156182212581,2.723151627597505,2157,2157,2.054177097821048,3.3408533623686063,5052,4674,4.364584618548221,9.510619945139547,5627,4876,2.2226839950490334,3.36897506329021,2308,13.332690641247837,36.28395578245552,2933,3058,6.34521782674011,14.798249325165369,2758,6.429978245105148,18.973302740846897,7,11,0.4605555555555555,0.4108456350047656,8,0.725,0.4261161813402537,2062,7.888331716779826,18.592275356702057,131,122,2.757193675889328,2.5031713541230647,128,143,2.8968634686346864,3.8523498526565896,,,,,,,,,,,,,,,,,,,,,,,,,,,,,,,,,,,,,,,,,,,,,,,,,,,,,,,,,,,,,,,,,,,,,,,,,,,,,,,,,,,,,,,,,,,,,
9755,2024-10-15 19:00:00,14220,14246,4.362158364364505,8.33617218829912,1597,896,0.9661973525872444,0.6840888227487408,3585,3195,1.9444734513274335,2.671303445394732,2271,1590,0.9921497021497022,1.1217080250288762,1020,2.6246764705882355,6.844502817363534,3211,3212,7.58633348902382,20.15398971984298,6.0,8.0,0.3192857142857143,0.139102443529646,13963,12608,2.5241364645666327,3.4687053371557703,78,0.7623076923076925,0.6471315862642067,85,0.7145882352941176,0.5850561620928099,12,0.985,0.5437907072885058,19,0.6968421052631579,0.4577180542370109,1776,1773,4.610245139475909,12.940923231327076,1052,2.3510266159695816,5.180799416716474,4736,4210,1.5156852224457855,1.792435593725904,3431,2.6232905858350337,3.4838220078474955,2788,2699,1.7652578822671772,3.208350123911763,2810,2810,1.6023131672597866,2.618002169785389,930,37.68582795698925,71.13651442493891,1543,1.421795204147764,1.5021701577868078,229,1.6739737991266377,1.52182676346668,1650,1.6771454545454545,2.6926540984676235,1710,1.5303450292397662,1.5857658316307894,632,53.01143987341773,84.35674278038107,1121,2.189393398751116,6.993150298966484,2885,2885,2.1339584055459278,3.4665201484117216,2586,2586,2.407235112142305,4.385743846137553,5260,4874,4.990820998618513,10.217978079738655,6045,5313,2.528344779010389,3.835299565573752,2427,13.795339925834364,40.55761186788827,2922,3046,7.753398123324397,20.000623938349207,2710,6.539564575645757,20.77187609282252,4,8,1.0516666666666667,0.7737983515676995,13,0.4453846153846154,0.2702311086292729,1860,10.213806451612903,21.754915818847007,131,162,3.429897610921502,7.385286196752738,161,155,2.9762974683544305,2.6559926081029275,,,,,,,,,,,,,,,,,,,,,,,,,,,,,,,,,,,,,,,,,,,,,,,,,,,,,,,,,,,,,,,,,,,,,,,,,,,,,,,,,,,,,,,,,,,,,
9755,2024-10-16 19:00:00,14251,13658,4.125567379698305,7.11874602051025,1559,987,0.9298271798900236,0.6483998443806962,3584,3118,1.820941509997016,2.462632441835325,2365,1750,0.9049040097205346,0.8079533925846375,898,2.758663697104677,7.062250834947734,3243,3243,6.54695343817453,16.923260483431125,1.0,14.0,0.334,0.1466878772541662,13939,13616,2.4827428778806024,2.971328734901994,145,0.9119310344827588,0.8307406720567344,133,0.8974436090225564,0.8705038331402034,48,1.0739583333333331,1.0716745844380913,48,1.1858333333333333,1.3190524271444088,1878,1878,3.761033013844515,8.30189226783943,954,2.205094339622641,4.502066895640169,4410,4132,1.4711004448606884,1.504476480283378,3388,2.3597432113341203,2.486508369478332,2362,2328,1.606724946695096,2.2268290771508745,2508,2508,1.5105263157894735,1.9740089376672272,627,55.43039872408293,129.99664326055372,1660,1.6237951807228916,2.92184845049972,210,1.499428571428571,1.46541970491891,1568,1.5498660714285712,2.3342548236113667,1820,1.6760494505494503,2.861678453108108,540,58.88944444444445,83.54257441605286,983,2.1283214649033573,6.274904183582446,2456,2456,2.186632736156352,3.535951134933172,2255,2255,1.9903015521064304,2.81492243062594,5159,4669,4.573436100936101,9.292044297493655,6052,5448,2.359667826086957,3.1415708052569973,2176,15.436208639705884,67.36767482627516,2974,3061,6.64055178127589,16.616644683587833,2710,7.5583468634686355,52.610392364957846,8,13,0.5161904761904761,0.3154207498455143,16,0.6699999999999999,0.5416641025580337,2706,6.566474501108647,14.18533539760256,130,146,2.6788405797101453,2.169926223438226,145,173,2.756729559748428,1.8553224462858904,,,,,,,,,,,,,,,,,,,,,,,,,,,,,,,,,,,,,,,,,,,,,,,,,,,,,,,,,,,,,,,,,,,,,,,,,,,,,,,,,,,,,,,,,,,,,
9755,2024-10-17 19:00:00,9930,9639,5.711861617864991,11.653023726243578,638,509,0.9812728857890148,0.7778760463552284,2095,2044,2.2616670693404206,3.965454251584721,1066,856,0.995567117585848,1.1880996009292824,378,3.2705291005291,6.637732945957645,1497,1495,13.348636363636365,36.453665426220255,,,,,8763,7922,2.6997458795325144,4.2696067920801415,59,0.7337288135593222,0.6285654862667143,56,0.6789285714285713,0.5059950542228246,2,1.765,1.265,3,1.1333333333333333,1.18133634311129,972,972,6.999238683127572,20.36363104098783,1038,3.180895953757225,8.952823435272407,2576,2283,1.524109899156205,2.3577029340426283,1970,2.818553299492386,12.091286353136915,1892,1976,2.110090486039297,3.756216366645195,1895,1895,2.0455356200527706,3.606345158068899,532,60.48122180451128,112.10942908961952,673,1.9731054977711735,6.041022173417109,28,1.0367857142857144,0.9407332002654274,1031,1.962376333656644,3.4032772871017376,697,1.954576757532281,5.941630514508416,444,63.13736486486486,103.7285126822962,692,3.782225433526012,10.915506918609882,1893,1893,2.91486529318542,4.849945844162589,1838,1838,3.0188084874863983,5.116990532126203,3170,3194,6.800565681961031,14.46798789471042,3960,3583,2.7678470104732864,4.752048670807877,1180,26.327559322033892,59.2186957335441,1388,1415,13.82128433820906,35.66188871718734,1395,13.216121863799282,35.080764040666296,10,10,0.4495,0.2970265139680294,7,0.5714285714285714,0.2655683162808487,768,18.27953125,45.32203196913752,121,137,3.3294186046511625,3.439681577108836,115,151,3.5226315789473683,4.460495251294672,,,,,,,,,,,,,,,,,,,,,,,,,,,,,,,,,,,,,,,,,,,,,,,,,,,,,,,,,,,,,,,,,,,,,,,,,,,,,,,,,,,,,,,,,,,,,
9755,2024-10-18 19:00:00,11888,11783,4.66830002957205,9.86716211483648,1037,709,0.90393470790378,0.6936604884027037,2681,2556,2.1882470880274965,3.3635287178776694,1675,1314,0.9436232853797256,0.8172106676264582,573,5.142792321116928,21.038964662923878,2115,2115,8.613645390070923,24.113520004238683,,,,,11102,11364,2.4450089023413155,3.186026146065105,108,0.8762962962962964,0.540268439095399,106,0.88,0.5596056563027555,21,0.689047619047619,0.5270393927800371,12,0.6741666666666667,0.414335981487917,1340,1340,4.913925373134329,12.943454225129122,1021,3.4771988246816847,7.738718938028488,3189,2907,1.5055626640419948,1.6932349312752029,3168,2.045268308080808,3.735815706598405,1854,1841,1.6771772665764546,2.4183794806200853,1983,1983,1.5624054462934946,1.8601133289618492,564,58.06804964539007,98.7771174334705,1075,1.6250604651162792,2.535821846700677,55,1.2354545454545458,1.3909614963389605,1354,1.885576070901034,4.129533684271239,1126,1.6221314387211367,2.5042682719210627,489,60.00249488752556,93.96065542560176,744,3.144395161290323,12.950016021486258,2001,2001,2.271264367816092,3.795194593110468,1820,1820,2.246582417582418,3.973127144849685,3903,3634,5.086147008093405,9.785720914054505,4506,4170,2.4448086675887506,3.494526880268469,1431,23.17560447239692,59.35377659293095,2015,2057,8.593072200392927,22.932892445356902,1930,11.146927461139896,38.97720483867704,8,10,0.6699999999999999,0.4684964128879632,2,0.38,0.15,1620,6.888,21.53575379585204,105,96,2.8808457711442785,2.4505210697986035,130,127,2.913385214007782,2.389989787894609,,,,,,,,,,,,,,,,,,,,,,,,,,,,,,,,,,,,,,,,,,,,,,,,,,,,,,,,,,,,,,,,,,,,,,,,,,,,,,,,,,,,,,,,,,,,,
9755,2024-10-19 19:00:00,11878,11705,4.747823008099054,12.884014620987346,1011,649,0.9198795180722892,0.6962154042382019,2549,2402,2.095225207028883,3.093455139294466,1562,1150,1.0118362831858407,1.3637011302359598,519,11.740231213872834,89.2745078409036,2076,2076,8.54808766859345,24.230490916049902,,,,,10980,10313,2.5317292067815718,3.669078413957394,73,0.8402739726027397,0.6069550605168048,77,0.7818181818181817,0.5703376244849955,7,0.7857142857142857,0.4039044138285741,6,0.7166666666666667,0.4983193977984624,1304,1304,4.946518404907976,14.662813111358211,1056,2.7796875000000005,8.005995385850085,3221,2896,1.4994523459212037,1.582213198265914,2904,2.2930922865013774,3.124430175666065,2028,1930,1.7108691258211215,2.7530812087628744,1991,1991,1.528342541436464,2.053607467734591,605,50.20505785123967,92.76514505849664,1142,1.7389316987740804,3.461594048932969,74,2.5443243243243243,9.490389175667378,1250,1.671352,2.6805125801040366,1207,1.8065202982601491,4.115493407372298,546,54.58932234432234,100.72280632149328,753,3.169814077025232,20.694951831466877,1984,1984,2.2605493951612905,3.3452596231307408,1863,1863,2.365829307568438,3.34800568686664,3801,3601,5.013907052148069,10.902262548160149,4229,3958,2.551139611579333,4.387402364434057,1494,22.61564926372155,73.98657546073547,1937,1983,8.667145408163266,24.09082747982165,1943,11.47896551724138,55.30657787239293,6,24,0.551,0.3659995446263104,11,0.7300000000000001,0.3797846279621696,1404,11.206153846153844,28.40074899235509,106,107,2.563098591549296,1.557261281609446,109,120,2.59235807860262,1.547019851843555,,,,,,,,,,,,,,,,,,,,,,,,,,,,,,,,,,,,,,,,,,,,,,,,,,,,,,,,,,,,,,,,,,,,,,,,,,,,,,,,,,,,,,,,,,,,,
9755,2024-10-20 19:00:00,11535,11538,4.698717548649937,9.798398016541215,0,0,0.0,0.0,0,0,0.0,0.0,1580,1250,0.944,0.8689720014031608,0,0.0,0.0,2278,2278,9.250359964881476,25.26742278887848,,,,,0,0,0.0,0.0,0,0.0,0.0,0,0.0,0.0,0,0.0,0.0,0,0.0,0.0,0,0,0.0,0.0,0,0.0,0.0,0,0,0.0,0.0,0,0.0,0.0,0,0,0.0,0.0,0,0,0.0,0.0,1,1266.63,0.0,8,8.50375,9.982838946787632,0,0.0,0.0,0,0.0,0.0,8,8.50375,9.982838946787632,574,53.41351916376307,92.19442070925516,0,0.0,0.0,0,0,0.0,0.0,0,0,0.0,0.0,0,0,0.0,0.0,0,0,0.0,0.0,1597,21.38154664996869,69.40755733674709,0,0,0.0,0.0,1,1266.43,0.0,0,0,0.0,0.0,0,0.0,0.0,0,0.0,0.0,0,0,0.0,0.0,0,0,0.0,0.0,,,,,,,,,,,,,,,,,,,,,,,,,,,,,,,,,,,,,,,,,,,,,,,,,,,,,,,,,,,,,,,,,,,,,,,,,,,,,,,,,,,,,,,,,,,,,
9756,2024-10-14 19:00:00,13258,13235,4.369042766013664,7.974160457541914,1010,1242,0.9039520426287744,0.6557490756955583,3196,3096,1.741137952956135,2.1954372529780124,1677,1933,0.9191080332409972,0.7906256031045905,516,7.372015503875969,24.083023078278757,3027,3029,7.61542107001321,17.79077093709101,10.0,4.0,0.3578571428571429,0.2016779105203064,12016,12793,2.3286936192510783,2.8779012760646383,86,0.8101162790697675,0.5425038724243884,93,0.7601075268817202,0.5315497622314324,16,0.8425,0.8218158248658881,12,0.9891666666666667,0.9503022180104368,1914,1914,4.208145245559039,8.12001597366351,811,2.42078914919852,5.279567656763985,4354,4393,1.4246976106093518,1.3950815330041773,2664,1.87509009009009,2.0108881341287663,2538,2551,1.588877972096679,2.500357203532834,2517,2517,1.5107945967421534,2.5345366690307145,609,51.67174055829229,85.38000574803984,924,1.5372294372294373,2.7181301878168616,145,1.8948965517241376,2.493470954932413,1479,1.535314401622718,1.9234258561763533,1057,1.6194607379375592,2.7198827456467343,617,50.192414910859,74.4284168808326,1111,2.0767146714671463,5.7262330088936295,2591,2591,1.9639096873793904,2.7036247874765613,2436,2436,2.136325944170772,3.368396697611433,4862,5071,4.857455954897816,9.778319946995133,5365,5655,2.327039927404719,3.1150119575506414,1297,25.512999228989976,54.62872041133914,2894,2858,7.639873087621697,17.05727723924013,1985,9.087274559193956,23.371070730302208,9,6,0.5513333333333335,0.6699737971658959,7,0.8242857142857145,0.6988124036608139,1692,5.782056737588652,13.36249958131377,139,146,2.881473684210526,2.950377781967086,160,159,2.857241379310345,2.905374639250609,,,,,,,,,,,,,,,,,,,,,,,,,,,,,,,,,,,,,,,,,,,,,,,,,,,,,,,,,,,,,,,,,,,,,,,,,,,,,,,,,,,,,,,,,,,,,
9756,2024-10-15 19:00:00,13759,13811,4.731990206746463,8.949411203861708,1022,1163,0.9042196796338672,0.6951752967127233,3649,3557,2.00236608381904,2.8913161723949443,1710,1985,0.9259106901217862,0.8791312464310153,420,4.6026428571428575,8.12888713850452,3020,3020,8.539086092715232,19.73487122022033,9.0,1.0,0.35,0.2040588150509553,12540,13131,2.5333056756651477,3.501861382977197,79,0.8722784810126584,0.9083354498955402,81,0.8872839506172838,0.8724239148907379,19,1.0905263157894736,0.6836009430270553,18,1.048888888888889,0.6195687468705676,1771,1771,5.063681535855448,12.585819774628414,922,2.1377982646420826,4.046845298010211,4553,4578,1.581543094951265,1.8971940372453115,2688,2.124252232142857,3.7190048480596056,2912,2855,1.6732287151031735,2.7458226254246423,2878,2878,1.580618485059069,2.400422789600061,612,58.04063725490197,93.34487036758,911,1.530581778265642,2.4321162047552463,84,1.375357142857143,1.289307165762711,1738,1.721306098964327,2.240065773420356,987,1.5408409321175278,2.3808926582434053,636,53.01951257861634,77.62032132923045,1127,2.0352617568766638,6.053182938689967,3018,3018,2.302021206096753,3.8199853440437024,2750,2750,2.319178181818182,3.962172468491171,4999,5195,5.353418677653521,10.118723253768389,5550,5899,2.583724342737357,3.6385856038354536,1281,27.58779078844653,56.89612844237652,2936,2901,8.449187939009766,18.98173353270457,1838,9.910239390642,27.654712897206405,12,7,0.7010526315789473,0.6264763173315375,37,1.81027027027027,1.3931075247814253,1653,9.340369026013308,25.55992142924906,147,134,3.201138790035587,7.308999774710352,167,160,2.79131498470948,1.9667780001840256,,,,,,,,,,,,,,,,,,,,,,,,,,,,,,,,,,,,,,,,,,,,,,,,,,,,,,,,,,,,,,,,,,,,,,,,,,,,,,,,,,,,,,,,,,,,,
9756,2024-10-16 19:00:00,13214,13472,4.367992205650904,6.990445653088101,1219,1121,0.8616837606837606,0.6173859858696588,3663,3587,1.905368275862069,2.5878601642844097,1983,2055,0.8674467558197128,0.7784313190561478,466,5.915729613733905,16.281046525632487,3083,3082,7.473477696674776,15.797388019227668,15.0,1.0,0.265,0.0639335592627221,13233,13678,2.4929482367804985,3.09972996726729,140,0.6934285714285715,0.5165071862708086,127,0.8064566929133858,0.6008989690115484,22,0.7968181818181818,0.8178485432336611,24,0.91875,1.0019410848448127,1920,1919,4.394027090388121,8.12298629288837,824,2.5106674757281557,4.731825800258365,4635,4440,1.524879338842975,1.4929569506570728,2771,1.9565030674846624,2.318283643687487,2466,2415,1.524937512804753,1.995463560667222,2902,2902,1.6626602343211578,2.1637364356247546,581,53.20521514629948,78.36161130838875,744,1.248521505376344,1.219026015701418,69,1.478695652173913,1.5868334278248162,1770,1.5302146892655368,1.9934017879925248,810,1.2816913580246914,1.2706723129754396,527,59.50897533206831,89.8825447173719,893,1.93498320268757,6.57746818385952,2793,2793,2.403193698532045,3.4184857458996545,2550,2550,1.856580392156863,2.545463152203028,4920,5142,4.804507056251242,8.214519693867324,5870,6035,2.4382519949601007,2.946201924699264,1321,23.7733838001514,41.60243005893756,2994,2950,7.344547442799462,15.383704529061038,2117,7.838431743032593,17.039204212777,27,23,0.6166,0.4775043874143985,19,0.7789473684210527,0.515475199636649,2370,6.622582278481013,20.955685223949505,153,150,2.7393069306930693,2.126268330057171,186,176,2.8301933701657456,2.014171399532914,,,,,,,,,,,,,,,,,,,,,,,,,,,,,,,,,,,,,,,,,,,,,,,,,,,,,,,,,,,,,,,,,,,,,,,,,,,,,,,,,,,,,,,,,,,,,
9756,2024-10-17 19:00:00,9825,9708,5.771941330056826,12.1477688437534,699,527,1.0137030995106038,0.8342584148300212,2241,2309,2.217246153846154,3.648991237820941,1049,1083,1.0308208255159474,1.2410305330778888,416,5.616370192307692,15.034903367711388,1463,1464,14.006474205671337,37.91090807693165,,,,,8272,8051,2.6658904613122587,4.332878967589082,35,0.7388571428571429,0.7365703202917518,29,0.7475862068965519,0.6241775563721559,8,0.53125,0.183196445107431,7,0.5942857142857143,0.213598899332179,993,994,6.583286361348768,17.194321873821718,933,3.3239978563772774,6.828985367145688,2528,2576,1.6226567398119125,2.5140136613356883,1887,2.3358187599364078,9.686946611987466,2142,2084,2.077941315664932,3.392765621660675,2001,2001,1.7886856571714145,2.727928137923788,569,55.51551845342706,136.80479229234348,382,1.982198952879581,10.337971581560415,44,0.9554545454545456,0.6161111711425232,1190,1.8654789915966388,3.036206649914861,427,1.8846370023419203,9.78552317171192,429,66.75312354312355,122.5332536323154,569,4.939173989455185,30.453458324503572,1980,1980,2.6033636363636363,4.167480914269302,1939,1939,2.8360546673543063,5.335466429538757,3155,3077,6.9544833119383815,15.59716539460426,3652,3669,2.9551345444611394,5.141533099511166,1012,31.451828063241106,85.98288036307984,1412,1427,13.926685452624165,35.9638289642381,1266,15.100450236966823,48.14712291568365,40,24,0.55578125,0.4346615230825446,4,0.665,0.5198317035349037,762,14.87976377952756,41.74191806285676,142,121,3.0291254752851717,3.013914813853985,146,142,2.842361111111112,1.7653070578479129,,,,,,,,,,,,,,,,,,,,,,,,,,,,,,,,,,,,,,,,,,,,,,,,,,,,,,,,,,,,,,,,,,,,,,,,,,,,,,,,,,,,,,,,,,,,,
9756,2024-10-18 19:00:00,11725,11157,4.81473691110917,9.349295202262535,848,830,0.8418772348033373,0.6592883559561672,2911,2873,2.133895228215768,3.4220950604036693,1444,1582,0.8921017845340383,0.8424728795394772,384,6.449817708333335,16.314607868860545,2131,2131,9.25226184889723,21.729116698140576,,,,,10914,11399,2.438738851790436,3.1761101412046937,81,0.7267901234567902,0.5237067013493873,83,0.8303614457831325,0.6379191431618646,12,0.4699999999999999,0.1737814719698276,12,0.4825000000000001,0.2751704017513511,1495,1495,5.474581939799331,12.332982288002992,777,2.691196911196911,5.513618355534993,3331,3340,1.569460350771998,1.695179435025511,2430,1.8926378600823044,2.4965195024386104,1999,2006,1.6057403245942572,1.9711801398032984,2240,2240,1.5997589285714289,1.8802235892191104,537,57.68558659217877,111.74655389301736,660,1.5841666666666665,2.639755280687812,49,2.0863265306122445,4.40846296222347,1498,1.915607476635514,3.3266376150541803,701,1.6169472182596292,3.0300117622985763,475,62.25353684210526,115.50509840884996,849,2.5944758539458186,13.07936416689711,2216,2216,2.3441200361010828,3.275387697452597,2020,2020,2.110069306930693,2.934380312259937,3978,3764,5.279626711444072,9.548259801207804,4466,4751,2.488846696322014,3.428905307361948,964,32.74228215767635,68.5654598528534,2083,2097,9.073547846889952,20.536150648683265,1678,11.031311084624551,31.6974339952082,19,8,0.6848148148148148,0.396422617458153,11,0.39,0.2214005009438366,1086,10.4,27.757608065625213,94,106,2.49,1.3769462589367822,122,131,2.515415019762845,1.7626106686561762,,,,,,,,,,,,,,,,,,,,,,,,,,,,,,,,,,,,,,,,,,,,,,,,,,,,,,,,,,,,,,,,,,,,,,,,,,,,,,,,,,,,,,,,,,,,,
9756,2024-10-19 19:00:00,11238,10903,4.994767174021047,10.34423378197898,787,818,0.9438878504672896,0.8243557060526784,2579,2483,2.014843935203477,3.044612097837045,1231,1452,1.0008087961237422,1.5173691044771935,294,16.76860544217687,52.64340145509873,1998,1998,9.98914914914915,27.03960713528966,,,,,10003,10489,2.523829787234042,3.5236356218020304,86,0.7375581395348836,0.6200373883072409,89,0.7102247191011237,0.5768024558692787,10,0.6900000000000001,0.4667119025694545,8,0.8462500000000001,0.6593166443371502,1371,1371,5.545404814004376,15.169880016044544,882,3.382789115646259,7.516675531223599,2990,3102,1.5567301378857517,1.7096495699585734,2227,2.072716659182757,4.222019462881919,2027,1975,1.735854572713643,3.012167468022424,2014,2014,1.6658540218470703,2.3725779351022958,460,59.86369565217391,117.71770144970986,608,1.4397532894736844,2.026185675865192,28,1.7710714285714286,2.061567259714446,1327,1.68871137905049,2.722525548606847,635,1.4625669291338583,2.0330752145942994,408,70.72786764705883,124.5339047743434,766,2.279425587467363,8.256623051413404,1930,1930,2.5429948186528497,4.054778367725185,1897,1897,2.425355824986821,3.375888893647895,3812,3832,5.441299058084772,12.572111119293368,4170,4198,2.5305401529636717,3.760821920790488,812,38.06745073891626,76.67956421534333,1955,1936,9.889378051914674,25.46075426786662,1433,12.313147243545012,28.94450671096425,31,7,0.5663157894736842,0.357052414349487,3,1.403333333333333,0.7408703590297624,1098,11.064262295081967,39.18038770532962,108,110,2.8703669724770644,2.757307863536828,121,105,2.645221238938053,1.6393812761991784,,,,,,,,,,,,,,,,,,,,,,,,,,,,,,,,,,,,,,,,,,,,,,,,,,,,,,,,,,,,,,,,,,,,,,,,,,,,,,,,,,,,,,,,,,,,,
9756,2024-10-20 19:00:00,11182,10998,4.841122182146077,9.647964575466364,0,0,0.0,0.0,0,0,0.0,0.0,1413,1585,0.915003335557038,0.8693256781813007,0,0.0,0.0,2200,2200,9.639363636363637,26.082790875743505,,,,,0,0,0.0,0.0,0,0.0,0.0,0,0.0,0.0,0,0.0,0.0,0,0.0,0.0,0,0,0.0,0.0,0,0.0,0.0,0,0,0.0,0.0,0,0.0,0.0,0,0,0.0,0.0,0,0,0.0,0.0,1,316.63,0.0,0,0.0,0.0,0,0.0,0.0,0,0.0,0.0,0,0.0,0.0,416,67.92757211538462,126.32691348746252,0,0.0,0.0,0,0,0.0,0.0,0,0,0.0,0.0,0,0,0.0,0.0,0,0,0.0,0.0,1006,29.730606361829025,62.29538269805505,0,0,0.0,0.0,1,316.43,0.0,0,0,0.0,0.0,0,0.0,0.0,0,0.0,0.0,0,0,0.0,0.0,0,0,0.0,0.0,,,,,,,,,,,,,,,,,,,,,,,,,,,,,,,,,,,,,,,,,,,,,,,,,,,,,,,,,,,,,,,,,,,,,,,,,,,,,,,,,,,,,,,,,,,,,
9757,2024-10-14 19:00:00,13148,13080,4.283789461644045,7.698498331616105,1140,1203,0.931378574477166,0.6652991032617361,3078,3376,1.735120855283545,2.0696910068700944,1841,1858,0.9335198702351988,0.7856616484307735,640,4.3535,15.375396811952529,3088,3087,7.330079352226721,17.620520570513502,9.0,3.0,0.3075,0.2242812594340716,12364,12242,2.3270332439242463,2.923462568824758,92,0.8932608695652173,0.6092192235819981,115,0.7683478260869565,0.5458984304871352,18,1.0688888888888888,0.6802523133930108,17,0.7417647058823529,0.5845383829204601,2021,2021,4.122795645719941,8.97992868021415,773,2.220077619663648,5.1181729330397205,4280,4372,1.4547306981044843,1.5097192928166925,2690,1.9475799256505573,2.058711162969158,2484,2420,1.700128466557912,2.8656580408608603,2554,2554,1.595982772122161,2.537490342243309,662,46.87424471299093,83.27463776639563,1243,1.4676588897827838,1.5560518161426151,203,1.77256157635468,2.2738824115546987,1739,1.5635422656699252,1.7523721833318302,1398,1.5915450643776825,1.793293870522112,594,51.10323232323233,87.36623840354127,711,1.9976230661040784,12.118098371179734,2430,2430,2.0705925925925928,3.020137608035065,2274,2274,2.19707563764292,3.640438486169991,4947,4849,4.870587995100041,9.89987235902074,5387,5505,2.3569656628718323,3.409276917174125,1525,20.54029508196721,49.15169487508295,2937,2909,7.355757783099555,16.521925334609318,2211,7.4420578923564,18.08150995944903,5,5,0.5900000000000001,0.7169658290323188,11,0.5836363636363637,0.2505003257944798,1746,6.7259106529209625,22.00576710052933,151,137,3.111354166666666,4.329834634013094,151,151,3.00476821192053,4.167500058110828,,,,,,,,,,,,,,,,,,,,,,,,,,,,,,,,,,,,,,,,,,,,,,,,,,,,,,,,,,,,,,,,,,,,,,,,,,,,,,,,,,,,,,,,,,,,,
9757,2024-10-15 19:00:00,13436,13530,4.805274790476897,9.046438589717193,1031,1112,0.9029724685020998,0.6598458386168066,3687,3922,2.066790642660008,2.866926302672684,1775,1861,0.9216611661166116,0.8377905824900942,545,5.840990825688074,16.833288190720268,2962,2965,9.627570440357683,23.945093098269396,10.0,12.0,0.4131818181818182,0.4962439499391803,12969,12991,2.550569722650231,3.606616632156557,80,0.81875,0.6830270400943143,93,0.7426881720430109,0.4944403587438258,15,0.6426666666666667,0.3387913156436504,12,0.5783333333333335,0.3360762149010581,1754,1754,5.717688141391106,14.835616814570423,810,2.2091234567901235,4.3822087104894125,4594,4771,1.598103577148959,2.0855070818686543,2434,2.2116351684470006,2.9215678226475124,3118,3127,1.8918959167333864,3.283519654491577,3220,3220,1.7098012422360247,2.7904946506449284,622,54.53963022508039,117.4861662090748,1060,1.5025377358490566,3.225074823395658,123,1.3717073170731706,1.792003787070019,1922,1.9033298647242456,3.26414849460488,1158,1.546053540587219,3.1571212736192025,591,56.92521150592216,92.53945964534658,865,2.0410404624277456,6.364749404870713,3253,3253,2.5875561020596374,4.35509471842566,3022,3022,2.6557147584381204,4.685597510014173,5037,5179,5.719613351605326,11.445966761569924,5915,6078,2.6790227632785792,4.00202272448984,1350,25.75497037037037,60.40194774115359,2853,2824,9.651521930597148,22.7099504979792,1839,8.618678629690049,22.27298506419756,8,5,1.0569230769230769,0.8293221014352591,19,0.6426315789473683,0.3269450638750243,1491,7.096700201207244,17.067673480733383,186,176,3.44792817679558,4.802193774158347,184,200,3.212369791666667,4.49352136167588,,,,,,,,,,,,,,,,,,,,,,,,,,,,,,,,,,,,,,,,,,,,,,,,,,,,,,,,,,,,,,,,,,,,,,,,,,,,,,,,,,,,,,,,,,,,,
9757,2024-10-16 19:00:00,13105,13685,4.474435610302352,7.330670335692501,1101,1378,0.8527269060104881,0.6145615575953063,3989,4276,1.9356745311554748,2.5076828846624317,2070,2298,0.8782875457875459,0.7743127330260114,429,4.822564102564102,15.746227370677111,3212,3213,8.133106614785993,18.98530846123917,6.0,2.0,0.3575,0.0749583217528247,14115,13475,2.4971598405219284,3.180026981023901,138,0.7536956521739131,0.8302724156468134,113,0.8050442477876107,0.8995526163302279,26,0.9307692307692308,0.6991749152609649,28,0.9117857142857142,0.5791437865592655,2093,2094,4.619128254119895,8.905993131911913,659,1.9480576631259483,2.9489429998049017,4920,5038,1.5349507933319944,1.576336833102855,2170,2.50873732718894,19.52194683363426,2709,2761,1.6196252285191954,2.1973222748320764,3269,3269,1.7195319669623736,2.305916193259488,473,73.55568710359407,124.89660985757293,844,2.0009715639810426,8.61540655446494,97,1.5944329896907217,2.222423201076896,2113,1.6536157122574535,2.303568516673048,934,1.9905139186295504,8.22449523019876,454,70.50200440528636,115.83546068328658,700,2.536057142857143,11.803732322430555,3236,3236,2.482935723114957,3.5730560210573032,2838,2838,2.1567159971811134,3.677664513877832,5200,5511,5.065658668658389,8.932985112287325,6492,6468,2.5182955246913576,3.3495659642371978,1245,27.167855421686745,63.95055373514217,3086,3082,8.087464332036316,18.16048424535097,2216,7.669796931407941,28.399852674852877,12,15,0.497037037037037,0.3363399384310662,19,0.6526315789473685,0.4151200473834191,1614,5.604869888475837,13.2008628365691,163,163,2.709447852760736,2.244666685610417,172,171,2.7040233236151603,1.6921167310578724,,,,,,,,,,,,,,,,,,,,,,,,,,,,,,,,,,,,,,,,,,,,,,,,,,,,,,,,,,,,,,,,,,,,,,,,,,,,,,,,,,,,,,,,,,,,,
9757,2024-10-17 19:00:00,9439,10202,5.846739473550226,12.012102938920288,544,629,0.9716197783461212,0.8064973378928503,2128,2161,2.265507111214736,3.814331783917957,1009,1090,1.017818008575512,0.981055621114074,297,8.404478114478113,71.34987219164918,1429,1432,15.417081440055924,39.91280067581697,,,,,8022,8374,2.6534179068065384,4.3495412324401705,62,1.094032258064516,1.6855701243557644,63,0.9226984126984128,1.658035944953964,8,0.475,0.2110687091920543,5,0.5880000000000001,0.2158147353634593,875,876,8.579948600799543,23.36789314135968,636,2.549009433962264,4.799472991893069,2418,2499,1.5480536912751677,2.47316710238841,1669,3.0720850808867586,27.41021286690744,1994,1967,2.220141378439788,4.133666711883668,1911,1911,1.9268341182626896,3.0672825195340563,531,59.23977401129943,152.34782678010004,549,2.0555009107468125,7.876424991754048,38,1.0647368421052632,0.927256101687308,1043,2.3196836049856184,5.394455784197351,586,2.006928327645051,7.634043640525201,478,57.48822175732217,115.75864845817334,538,2.6118215613382905,8.071182066667172,1824,1824,3.036968201754386,5.363169801039152,1811,1811,3.197824406405301,6.59182657516085,3107,3149,7.335674552429666,16.036748960559528,3666,3921,2.81601687096349,5.050127876445444,868,36.95761520737327,96.28346771157663,1373,1345,15.775717439293595,39.13777174603407,1162,15.641643717728057,40.71863832264885,10,17,0.6451851851851852,0.5092868679384884,5,0.526,0.2372003372678884,924,10.28987012987013,22.25806023528733,137,118,3.6398039215686273,3.772706881862837,147,116,3.786692015209125,4.514504138038828,,,,,,,,,,,,,,,,,,,,,,,,,,,,,,,,,,,,,,,,,,,,,,,,,,,,,,,,,,,,,,,,,,,,,,,,,,,,,,,,,,,,,,,,,,,,,
9757,2024-10-18 19:00:00,11108,12003,4.795113149582449,8.60748492338453,790,957,0.8231825987406984,0.6096694163433046,2991,3035,2.153986060404912,3.037743297852706,1548,1650,0.916454033771107,0.8546687417611083,350,4.477657142857143,11.232868998594787,2210,2210,9.588063348416291,25.128736384217177,,,,,12790,10789,2.348337079604733,2.964922055135947,88,0.7720454545454545,0.6787457669228608,78,0.847820512820513,0.763706628187944,6,0.9666666666666665,0.5809379389305616,10,0.946,0.6938472454366307,1549,1549,5.659444803098773,13.29362252924264,411,1.9940145985401456,4.677581069483176,3320,3450,1.47497341211226,1.5541086083351303,1957,1.7493408277976494,1.989899077623064,1979,1902,1.6347101262561194,2.1080499016291894,2380,2380,1.7371050420168066,2.1207323487061087,356,85.30087078651685,157.99780071920907,635,1.5076692913385827,2.27454138340128,33,0.957878787878788,0.9046370696206651,1552,1.780612113402062,2.695456361922508,665,1.495578947368421,2.240100092455344,380,77.60594736842107,127.18087690536768,654,2.646085626911315,13.526688975765737,2297,2297,2.567205050065303,4.083097274207484,1940,1940,2.1677371134020618,3.2870367664640616,3950,4307,5.362804892818215,9.472266688411173,5132,4836,2.4142225120385232,3.2215219896848293,759,40.76130434782609,77.3280943889712,2169,2141,9.49786078886311,24.5598689510912,1594,10.617471769134252,29.11010412300537,4,8,0.6441666666666667,0.4286501746438723,12,0.7041666666666666,0.3185764778231786,840,9.882142857142858,24.151066902955247,109,108,2.916313364055299,2.391926561580961,152,133,2.7009122807017545,1.677033055577113,,,,,,,,,,,,,,,,,,,,,,,,,,,,,,,,,,,,,,,,,,,,,,,,,,,,,,,,,,,,,,,,,,,,,,,,,,,,,,,,,,,,,,,,,,,,,
9757,2024-10-19 19:00:00,11075,11354,5.072304605644479,10.160093659015576,706,845,0.8851966473243069,0.7610488177803395,2717,2916,2.2630836144150543,3.524059950287184,1284,1390,0.967247569184742,1.1959970542055536,392,11.102193877551018,38.99767177486845,1929,1929,11.60232763089684,33.01406900913042,,,,,10747,10373,2.523119791666667,3.642230551072393,80,0.720875,0.3780052703005607,80,0.7585,0.4824497383147803,2,0.315,0.085,2,0.6000000000000001,0.07,1349,1349,6.161334321719792,19.464979901061245,833,2.556386554621849,5.236306491268773,3330,3378,1.5473867024448418,1.701102499880726,2164,2.165536044362292,4.861263987816013,2210,2334,1.8564216549295776,2.5760699360003536,2285,2285,1.724070021881838,2.3584187808957124,513,60.04148148148148,139.0385008557787,795,1.4366163522012578,2.2258158275332183,42,0.840952380952381,0.7149652323342108,1549,1.913214977404777,3.5796053092559346,830,1.426927710843373,2.2042853842039696,449,66.25804008908686,115.4809051761428,758,2.585593667546174,7.588012459849457,2297,2297,2.4660252503265125,3.356942695714971,2127,2127,2.7653831687823223,4.197275173529932,3827,3752,6.130649162158597,13.57153386186633,4435,4467,2.7210424623680067,4.381589379616628,943,34.991845174973484,90.86920388461044,1858,1850,11.680083603020496,31.55422749973766,1492,11.902426273458444,32.084704596523444,4,10,0.8007142857142858,0.4239350402683728,12,0.49,0.2828132481573898,1182,6.053502538071066,12.847296834570972,133,121,2.747322834645669,2.775850284379473,133,139,2.8169117647058823,2.586751743103661,,,,,,,,,,,,,,,,,,,,,,,,,,,,,,,,,,,,,,,,,,,,,,,,,,,,,,,,,,,,,,,,,,,,,,,,,,,,,,,,,,,,,,,,,,,,,
9757,2024-10-20 19:00:00,11107,11269,4.78087504469074,9.855912273470231,0,0,0.0,0.0,0,0,0.0,0.0,1499,1547,0.9478988837820091,0.9059474373876916,0,0.0,0.0,2249,2249,9.833268119164073,28.344310573307105,,,,,0,0,0.0,0.0,0,0.0,0.0,0,0.0,0.0,0,0.0,0.0,0,0.0,0.0,0,0,0.0,0.0,0,0.0,0.0,0,0,0.0,0.0,0,0.0,0.0,0,0,0.0,0.0,0,0,0.0,0.0,0,0.0,0.0,0,0.0,0.0,0,0.0,0.0,0,0.0,0.0,0,0.0,0.0,568,49.88193661971831,93.64242646137193,0,0.0,0.0,0,0,0.0,0.0,0,0,0.0,0.0,0,0,0.0,0.0,0,0,0.0,0.0,1155,26.952831168831167,64.13235763206968,0,0,0.0,0.0,0,0.0,0.0,0,0,0.0,0.0,0,0.0,0.0,0,0.0,0.0,0,0,0.0,0.0,0,0,0.0,0.0,,,,,,,,,,,,,,,,,,,,,,,,,,,,,,,,,,,,,,,,,,,,,,,,,,,,,,,,,,,,,,,,,,,,,,,,,,,,,,,,,,,,,,,,,,,,,
9758,2024-10-14 19:00:00,13102,13220,4.483812780183876,8.289362388198443,968,1378,0.926099744245524,0.6557482767783712,3269,3405,1.767939766257117,2.071260850811551,1730,2067,0.9144930208058992,0.8116555698332648,366,5.140054644808743,13.177009909723388,3063,3062,8.066927346938776,17.925597133241975,4.0,7.0,0.2672727272727273,0.0685022772137618,12008,12691,2.3451216648447306,2.995884284993447,75,0.7852,0.8357469473471021,82,0.7956097560975611,0.7802955937100728,18,0.8055555555555556,0.7423028898279417,21,0.7080952380952382,0.4692508624201837,2012,2012,4.5484393638170975,8.757430605204437,725,2.397848275862069,4.672086861986334,4405,4701,1.4734383922688337,1.5160190770091604,2196,1.8221948998178503,2.030997585755274,2557,2706,1.6431673950218502,2.4467360406115164,2731,2731,1.538172830465031,2.0558450116636786,451,77.4109756097561,134.46891550700153,989,1.6067542972699695,2.74418876409718,96,1.8135416666666664,2.2430020708707685,1733,1.6608828620888634,2.118393841866097,1067,1.6653420805998127,2.755860714127375,526,59.228593155893535,100.63229683775523,988,2.3704352226720644,8.521688637807125,2670,2670,1.991996254681648,2.8508331957689728,2563,2563,2.1092781896215373,3.120221747765463,4941,5208,5.098634348211646,10.51478320771374,5575,5918,2.3934673279387453,3.4330604023747635,939,37.58867944621938,88.58406800266309,2991,2930,7.975576760682317,17.3790998465688,1821,10.427501372872053,45.55555259915781,6,5,0.4727272727272726,0.3473821817037961,17,0.5876470588235294,0.2697608834802691,1386,5.499004329004329,14.282393707089517,132,148,2.915785714285714,3.5552345849580216,170,156,2.783098159509202,4.309812164376216,,,,,,,,,,,,,,,,,,,,,,,,,,,,,,,,,,,,,,,,,,,,,,,,,,,,,,,,,,,,,,,,,,,,,,,,,,,,,,,,,,,,,,,,,,,,,
9758,2024-10-15 19:00:00,13474,13302,4.903220421272782,9.27412114224174,826,1305,0.9269169404035664,0.6822584587611406,3731,3978,2.0764418212478923,2.802229402174233,1690,2010,0.9648567567567568,1.1335530154963342,313,5.860958466453674,20.33304847835649,2863,2859,10.16083012932541,24.61777586263804,3.0,7.0,0.506,0.7002171091882861,12325,13067,2.548694470699433,3.6141679208130255,68,0.7344117647058824,0.7516205675130574,61,0.70672131147541,0.7926480237443484,22,1.3163636363636362,1.571974859429274,22,1.3449999999999998,1.6173062621082457,1660,1663,6.163866987661751,15.260707599969376,695,2.620805755395684,9.177376903711249,4506,4830,1.5455666238217651,1.7437354392778903,2108,2.005237191650854,3.903757336006816,2966,3103,1.8535953204811335,3.089005947597354,3092,3092,1.687936610608021,2.1653827117507856,473,76.90824524312896,137.78439199514042,985,1.657005076142132,2.0533156212777834,49,2.0687755102040817,1.8916364070674645,1949,1.778163160595177,2.2477628607006266,1031,1.693385063045587,2.094037141059753,617,55.03766612641815,86.27181770643013,954,2.680345911949685,12.186877371542892,3262,3262,2.39926732066217,3.5256406746921405,2982,2982,2.4707780013413814,3.848128422033287,4954,5002,5.886120932101245,11.686269723881129,5766,5986,2.683342409802586,3.9938352417062815,962,38.014542619542624,79.56912240289897,2834,2774,10.00015335235378,23.666301191821635,1649,10.36586416009703,31.439384178091306,3,7,0.41,0.4207849807205576,24,0.9875000000000002,0.9366307080879492,1638,6.108608058608058,12.91928235896088,171,163,3.106077844311377,4.768971054231296,176,173,2.950085959885387,4.27520501608679,,,,,,,,,,,,,,,,,,,,,,,,,,,,,,,,,,,,,,,,,,,,,,,,,,,,,,,,,,,,,,,,,,,,,,,,,,,,,,,,,,,,,,,,,,,,,
9758,2024-10-16 19:00:00,13172,12927,4.588321008467757,7.407476253205408,991,1384,0.8744968421052631,0.626356741709359,3967,4222,1.9697179142752472,2.7610756514459966,1934,2249,0.8839038967248386,0.8005089448161661,285,5.574280701754386,13.118396802126725,3023,3023,8.856758187231229,20.133349176608185,3.0,8.0,0.2990909090909091,0.1630088979977666,13083,13601,2.517862764203268,3.1860641746209337,129,0.817984496124031,0.7368173543783549,137,0.7278832116788321,0.654662592827847,31,1.0506451612903225,1.057049867544851,30,1.0106666666666666,0.818799663464079,1958,1958,5.027083758937692,9.701776867473448,624,1.9631730769230769,3.1553757845681787,4723,5078,1.5936353433323132,1.6497624336283054,2108,1.6785009487666034,1.7050117083237055,2795,2828,1.6061515205406365,1.9908194825617267,3289,3289,1.7416631194892065,2.285821381180853,426,76.819882629108,130.95761864066242,778,1.5411825192802056,2.072127898034452,63,1.197619047619048,1.55134525778227,1996,1.7132414829659317,3.039047858717885,836,1.530693779904306,2.048531740976708,452,68.29657079646017,108.66608282941073,797,1.7695106649937264,4.456775241953426,3257,3257,2.532290451335584,3.501634826456749,2923,2923,2.0864009579199454,3.499982285184499,5268,5225,5.264068426570094,9.064947352629463,6107,6570,2.60603770608188,3.485190716814353,828,39.66225845410628,77.74025834303859,2977,2938,8.670488588334743,19.454318265785403,1859,8.234233458848843,24.933840591873032,15,11,0.6526923076923077,0.5538505608799021,23,0.6969565217391305,0.4487415716307559,1693,4.380189013585352,14.31954564370406,175,162,2.5944510385756674,1.8649607782942976,182,165,2.935878962536023,2.013829138956901,,,,,,,,,,,,,,,,,,,,,,,,,,,,,,,,,,,,,,,,,,,,,,,,,,,,,,,,,,,,,,,,,,,,,,,,,,,,,,,,,,,,,,,,,,,,,
9758,2024-10-17 19:00:00,9710,9355,6.136686073957514,12.150090610893905,450,666,0.9569802867383512,0.7719066625368219,2235,2185,2.4282194570135744,4.084490018043223,940,1035,1.0482987341772152,1.0928190195508445,226,6.524646017699116,25.24077490480533,1349,1347,16.53512611275964,41.68129366693978,,,,,7732,8442,2.717725361691604,4.474913181194627,53,0.8320754716981132,0.7205170012019174,41,0.8212195121951218,0.7948253224940753,12,0.7466666666666667,0.5412074976897083,10,0.779,0.5695515779979895,854,852,8.507948417350528,22.076983370377143,708,2.707104519774012,5.281940578727785,2404,2568,1.5667558326629123,2.200809904109557,1467,2.2191615541922287,5.461901962958799,2086,2087,2.104435657800144,3.2483561805723333,2003,2003,1.9716275586620071,3.1817651865789203,420,75.37204761904762,174.7290031097071,566,2.093197879858657,4.795693281391418,26,0.8969230769230769,0.6369987877706689,1026,2.323976608187134,4.421221658175473,593,2.047032040472176,4.692545553462153,510,56.17637254901962,121.07058882005056,667,2.649370314842579,8.08141450941986,1941,1941,2.946208140133951,4.887484447081059,1974,1974,2.7925329280648428,4.11152761623803,3056,3068,7.520169823644677,15.497563685307885,3778,3883,2.8774585563242394,4.641405406558924,721,44.11410540915395,99.66084090441588,1303,1289,16.73381172839506,40.52234237283452,1008,17.80394841269841,46.1310602106224,7,16,0.6008695652173912,0.4035916257531514,2,0.685,0.0149999999999999,948,8.791518987341773,29.47022374475795,130,154,3.650422535211268,4.423223264409803,136,135,3.0383025830258297,3.098946267279267,,,,,,,,,,,,,,,,,,,,,,,,,,,,,,,,,,,,,,,,,,,,,,,,,,,,,,,,,,,,,,,,,,,,,,,,,,,,,,,,,,,,,,,,,,,,,
9758,2024-10-18 19:00:00,11501,11279,4.849202809482001,8.796624541498915,683,862,0.8714174757281554,0.6784525490502057,2743,2862,2.22907047279215,3.0888174312332417,1358,1479,0.9458195276700742,0.9019718381953428,283,6.2354416961130745,13.462983253763769,1988,1988,9.85760060362173,23.13704594797338,,,,,10353,11607,2.425629781420765,3.146768398215738,86,0.8104651162790699,0.654991402352137,82,0.9070731707317072,0.6929690237065259,6,1.4766666666666666,0.9105431834289294,8,1.33375,1.0302783301127905,1334,1334,5.845022488755622,12.926319545543398,664,2.933222891566265,5.636666416213465,3088,3231,1.5251764519702484,1.7202308027121789,1913,2.012854155776268,3.280382773834413,1873,1956,1.7009375816139982,2.2214401469491385,2297,2297,1.6937222464083588,2.037689335911621,425,76.99790588235294,196.44354301448868,769,2.2194148244473344,6.767782090906983,28,1.4592857142857143,2.421966333037548,1481,1.8201080351114112,2.345274730226565,795,2.1993962264150944,6.674441941686342,511,57.56084148727985,91.75779115395252,767,2.850338983050848,13.942610708407004,2160,2160,2.3665,3.1606663868967977,1862,1862,2.258952738990333,3.856724333868692,3697,3823,5.360659574468086,9.60378715835824,4226,4573,2.5127298556654165,3.4611829594995744,778,42.18917737789203,103.67068726519538,1967,1939,9.7047516641065,22.242080549277567,1488,13.32024193548387,51.35363871315501,1,6,0.8514285714285714,0.5484114350018755,19,0.84,0.5873401238231828,1362,7.667885462555066,19.678150273130427,114,112,2.7945575221238936,2.2953897675001302,128,141,2.799776951672862,1.9772809863416805,,,,,,,,,,,,,,,,,,,,,,,,,,,,,,,,,,,,,,,,,,,,,,,,,,,,,,,,,,,,,,,,,,,,,,,,,,,,,,,,,,,,,,,,,,,,,
9758,2024-10-19 19:00:00,11141,11370,5.082380613922083,13.08405015118442,684,876,0.8439230769230769,0.612484217886276,2724,2768,2.194666788055353,3.5877494708406696,1375,1460,0.9465855379188712,0.9847036722021218,259,18.99359073359073,95.88567280098,2005,2005,10.72,26.76308871945625,,,,,9772,10327,2.49126424200209,3.38323945475338,86,0.8036046511627907,0.7484711748045146,76,0.8415789473684211,0.824190276688803,3,0.59,0.2760434748368452,6,0.5783333333333335,0.2966151640687905,1426,1426,5.960652173913043,14.947836890175324,859,2.242048894062864,4.742696731430038,3162,3327,1.5211927877947296,1.5702317944810598,1921,3.1600676730869344,61.24018393520808,2144,2170,1.83907046824293,3.359180584392217,2158,2158,1.640593141797961,2.2840364981991605,488,65.91848360655737,189.0912699222661,608,1.860953947368421,4.501126585350921,48,7.581458333333333,25.52733714321304,1464,1.9142213114754096,3.526583715106606,657,2.2800304414003043,8.281722259962512,544,51.2407169117647,88.87827255930294,815,2.623042944785276,13.52962329736892,2199,2199,2.3876352887676218,3.8312654981931376,2031,2031,2.583106843919252,4.022164349460295,3698,3953,5.805719513789047,11.643040883216214,4304,4515,2.62026080054428,3.8357622986645135,1078,31.9860853432282,96.0979896353102,1939,1920,10.805765742420316,26.295534496224704,1714,11.744521586931151,56.18124495028882,7,7,0.5457142857142857,0.4081091290629134,10,0.657,0.3357990470504643,924,11.107532467532469,39.36392968372251,104,113,2.648940092165899,1.8461548734295152,130,129,2.919652509652509,2.5219223138793825,,,,,,,,,,,,,,,,,,,,,,,,,,,,,,,,,,,,,,,,,,,,,,,,,,,,,,,,,,,,,,,,,,,,,,,,,,,,,,,,,,,,,,,,,,,,,
9758,2024-10-20 19:00:00,10936,10955,5.023683705632452,10.26689950480566,0,0,0.0,0.0,0,0,0.0,0.0,1405,1515,0.9050068493150684,0.857743415641516,0,0.0,0.0,2209,2209,10.619447713897692,28.81262402299002,,,,,0,0,0.0,0.0,0,0.0,0.0,0,0.0,0.0,0,0.0,0.0,0,0.0,0.0,0,0,0.0,0.0,0,0.0,0.0,0,0,0.0,0.0,0,0.0,0.0,0,0,0.0,0.0,0,0,0.0,0.0,1,116.63,0.0,0,0.0,0.0,0,0.0,0.0,0,0.0,0.0,0,0.0,0.0,551,52.92399274047187,88.94328738986898,0,0.0,0.0,0,0,0.0,0.0,0,0,0.0,0.0,0,0,0.0,0.0,0,0,0.0,0.0,863,37.65268829663962,84.76222423188281,0,0,0.0,0.0,1,116.53,0.0,0,0,0.0,0.0,0,0.0,0.0,0,0.0,0.0,0,0,0.0,0.0,0,0,0.0,0.0,,,,,,,,,,,,,,,,,,,,,,,,,,,,,,,,,,,,,,,,,,,,,,,,,,,,,,,,,,,,,,,,,,,,,,,,,,,,,,,,,,,,,,,,,,,,,
9905,2024-11-04 19:00:00,16420,16491,3.933623712436571,6.538876058889627,1827,1239,0.9003294194390085,0.6820490613890411,4203,4163,1.7530026296916088,2.418874813595524,2727,2235,0.8959834744054817,0.7824447845822553,1094,2.7418007312614256,5.271095299885479,4383,4383,5.781676933607119,13.053079925641429,,,,,15944,15062,2.463198413210346,2.6461965058678025,164,0.773109756097561,0.5322496779340652,171,0.7105847953216373,0.50073128697648,35,0.7557142857142858,0.5830034830294668,34,0.8308823529411765,0.5853674946614548,2717,2717,3.6760471107839527,8.867627040457904,588,1.6166326530612245,3.178496289281237,5767,5435,1.5566389930369575,1.5688011199462597,3803,2.4568261898501182,2.952853773799667,2880,2891,1.377213654479293,2.195878758102295,3046,3046,1.3419336835193698,1.858583211226907,933,40.65756698821007,70.1599538535642,1913,1.2046732880292734,1.2401806734817669,204,1.1440196078431373,1.32538581863659,2250,1.5908800000000003,2.237283338495845,2081,1.243796251802018,1.293378845083878,667,56.25269865067467,87.7823369202259,970,1.9732680412371133,8.044506683042455,2758,2758,1.801490210297317,2.606774877690265,2678,2678,1.830362210604929,2.739522722223196,6815,6414,4.015246806258976,7.193641255441827,7342,6981,2.1897982266285,2.504259061695046,2459,14.971968279788532,38.598693373793125,4147,4244,5.647436539149088,12.404540349401811,3333,5.959921992199219,15.948412889102272,14,16,0.5790000000000001,0.487171085622563,12,0.6500000000000001,0.4479025191564194,2526,5.936389548693587,10.201325249489722,140,149,2.668650519031142,2.0151776808697317,150,181,2.649305135951661,1.917956916008664,,,,,,,,,,,,,,,,,,,,,,,,,,,,,,,,,,,,,,,,,,,,,,,,,,,,,,,,,,,,,,,,,,,,,,,,,,,,,,,,,,,,,,,,,,,,,
9905,2024-11-05 19:00:00,14560,14597,4.172794183215008,7.527593951265543,1874,1265,0.91961771264734,0.6615255861029626,4518,4456,1.867340093603744,2.5163248679573007,2696,2425,0.899982425307557,0.8487190686513064,943,2.514549310710498,5.488096130180374,4170,4170,6.500755395683452,15.882879323864035,,,,,14634,13503,2.544666808828233,3.0790068880891805,143,0.6714685314685316,0.5457040849310465,121,0.8042148760330579,0.6219746640771714,33,0.5757575757575757,0.39121435109568,33,0.6566666666666666,0.4605310943778811,2346,2346,3.5135379369138957,8.830662021931142,637,1.6812401883830457,3.0093350627701043,6234,5919,1.5376606599193614,1.5223275051307463,3254,2.305608481868469,2.9893260503261505,3358,3334,1.4340376569037656,1.9059192606481925,3457,3457,1.3937778420595892,1.7230963395824428,799,43.64501877346683,79.26828251409461,1593,1.3553358443188952,2.60835263740482,153,1.3333333333333333,1.2478321070241225,2308,1.546837088388215,2.349725408082928,1716,1.3960489510489509,2.5587201341445143,704,47.71403409090909,70.61437769819531,955,1.8598638743455496,4.526404775414356,3346,3346,1.9837507471607887,3.034783902974556,3215,3215,1.8915489891135304,2.8922167600748603,6386,6088,4.37420634920635,8.235850272389838,7405,6934,2.4425894413836384,3.276321703955028,2114,15.835094607379377,40.346219823367775,3861,3948,6.518552951722372,15.139593614752965,2689,6.265191521011528,22.32778026829631,10,10,0.5439999999999999,0.4468042076793816,14,0.6742857142857143,0.3547577500555693,2988,6.1388353413654615,15.281598951518658,164,170,2.5162275449101794,2.155681288244342,184,188,2.546236559139785,2.037383106471239,,,,,,,,,,,,,,,,,,,,,,,,,,,,,,,,,,,,,,,,,,,,,,,,,,,,,,,,,,,,,,,,,,,,,,,,,,,,,,,,,,,,,,,,,,,,,
9905,2024-11-06 19:00:00,13747,13899,4.160922375750561,6.82756132850859,1718,1114,0.9233121468926552,0.6433404316836412,4027,3945,1.847002007024586,2.133949204108662,2279,2003,0.8905021018215787,0.7364937733024526,772,2.822979274611399,7.153464734255259,3692,3692,6.514135969664138,13.10294955488459,,,,,13642,12204,2.394096958910469,2.707767222311769,101,0.7545544554455447,0.5908401883950712,109,0.7840366972477062,0.5699623668021804,9,0.7944444444444444,0.4011126500432159,16,0.691875,0.5465256026710916,2377,2377,3.8219941102229695,7.465609396653874,687,2.085414847161572,5.388288158780144,5250,5046,1.5257536907536908,1.4647724560607234,3064,2.373005874673629,3.7337662290546794,2858,2649,1.4506028690757218,2.5514026733708968,2866,2866,1.4396999302163296,2.1514094879974275,694,47.67239193083574,78.21898197346054,1474,1.4055495251017638,3.610493282099356,141,1.3209929078014186,1.2375028074841936,2219,1.6244434429923391,1.7714325603170114,1587,1.4415374921235036,3.508496882874312,636,49.9857389937107,72.72115603986671,842,1.854655581947744,5.345882753209934,2812,2812,1.873620199146515,2.5373802830284475,2701,2701,1.847393557941503,3.4523839908863936,5911,5508,4.23444171994045,7.835248363681133,6475,6195,2.192792423046567,2.617605782369086,2044,15.344936399217222,38.805605980635455,3479,3523,6.459493001999428,13.097459773314442,2551,6.079560956487652,16.923319821656523,14,8,0.5818181818181817,0.5239416723577709,22,0.6968181818181818,0.3160607876463059,2112,4.781676136363636,10.214083930673354,133,120,3.0202766798418974,5.0739186159295775,126,156,2.632446808510638,1.5549586796431654,,,,,,,,,,,,,,,,,,,,,,,,,,,,,,,,,,,,,,,,,,,,,,,,,,,,,,,,,,,,,,,,,,,,,,,,,,,,,,,,,,,,,,,,,,,,,
9905,2024-11-07 19:00:00,10935,11119,5.039678969801397,8.749971989557588,877,840,0.9453115899825276,0.7031665454377127,2915,2836,2.239274908711528,4.085880082096604,1410,1463,0.9404420466411416,0.8552956468024262,344,3.926220930232558,8.443008440868999,2323,2322,8.87378040904198,19.837229148329136,19.0,8.0,0.3214814814814815,0.1166731332716955,9421,9784,2.4244353033064305,3.051627595490681,77,0.8240259740259741,0.6476295633102321,76,0.8819736842105264,0.6987508021591142,16,0.9675,0.5768394490670693,19,0.9910526315789472,0.7835942474255013,1334,1334,5.937781109445277,14.18561293765111,588,2.5638265306122454,5.837344105670284,3501,3477,1.5221983376325596,1.586312037709855,1751,1.6858595088520842,1.7983993265919702,2196,2078,1.6549555451567617,2.4739437956361656,2238,2238,1.6601385165326186,3.3663951343614302,368,82.15239130434783,143.8306222751757,651,1.340061443932412,1.789105620402503,41,1.3102439024390244,0.8874586566938589,1478,1.908484438430311,2.783084318797387,687,1.3560844250363902,1.7635875368550418,498,55.50281124497992,88.80475149947806,845,2.1732899408284023,4.280923731259107,2178,2178,2.2780119375573924,3.885148388868897,2082,2082,2.1592987512007684,3.5637834712911785,4162,4277,5.2418971442114,9.69201510089863,4466,4543,2.423520923520924,3.269645530893502,900,33.01164444444445,69.6727275255631,2271,2285,8.692122475856014,19.52353683747773,1368,11.51997807017544,24.759279241370308,14,8,0.3768181818181819,0.2172009200473642,15,0.6333333333333333,0.3816047984790314,1476,8.058943089430894,23.35676421628856,130,117,2.8308097165991906,2.744972318361253,145,117,3.209274809160305,4.912844732660296,,,,,,,,,,,,,,,,,,,,,,,,,,,,,,,,,,,,,,,,,,,,,,,,,,,,,,,,,,,,,,,,,,,,,,,,,,,,,,,,,,,,,,,,,,,,,
9905,2024-11-08 19:00:00,12514,12312,4.927614194795779,8.600393030266975,1090,1029,0.9042708824917416,0.6501258630505302,3835,3854,2.0666445571595786,2.693146420458937,1856,1821,0.932099537666576,0.8397156219172812,377,3.747586206896552,11.618487063886974,2692,2692,9.135163447251117,18.80109568931826,7.0,6.0,0.3461538461538461,0.1149272988617962,11097,11667,2.508535846072746,3.1291087899797643,97,0.7083505154639176,0.5179791828248898,95,0.6955789473684212,0.4738236753754083,25,0.714,0.4921869563489061,22,0.7695454545454545,0.5304841465605417,1574,1574,5.110317662007623,8.94297479853591,632,2.096598101265823,3.654440204130589,4477,4402,1.6010350264669444,1.7157977404870528,1895,1.8951240105540896,3.0632151307291458,2618,2726,1.5736470808383234,2.421449582334801,3043,3043,1.5496812356227407,1.820598753025975,361,88.60124653739612,144.3396988134962,693,1.2523232323232325,1.595850842916368,48,1.2845833333333332,1.2043306549236754,1899,1.7055344918378093,2.0467719910133693,737,1.2666621438263228,1.5813355007421672,524,57.13574427480916,86.28226814695739,1002,1.6289820359281435,2.321379924133984,2784,2784,2.4144576149425285,3.8749834158431993,2567,2567,2.1198130112972344,3.562367381343381,4840,4882,5.169893026126311,9.280923305837652,5474,5596,2.548654019873532,3.335359066640849,1014,30.91592702169625,65.06644303592853,2671,2660,8.872429187769649,17.101801799992632,1588,9.836448362720404,22.843946460818984,5,7,0.4075,0.2369291384922223,11,0.5809090909090909,0.2780599852044534,1716,7.267272727272727,13.051660301200286,130,126,2.4908203125,1.75340263814744,144,144,2.793090277777778,2.4561849013516266,,,,,,,,,,,,,,,,,,,,,,,,,,,,,,,,,,,,,,,,,,,,,,,,,,,,,,,,,,,,,,,,,,,,,,,,,,,,,,,,,,,,,,,,,,,,,
9905,2024-11-09 19:00:00,12434,12507,5.144423238843671,9.173957488657791,1114,961,0.8668289156626506,0.6366604641673331,3717,3589,1.9639419655078012,2.642258402392572,1905,1755,0.8917213114754099,0.8320059300797666,341,3.2761290322580643,10.188845302256842,2790,2790,9.226878136200718,21.39232292125444,11.0,3.0,0.4478571428571429,0.204561502153424,12145,11627,2.459857815917886,3.352995551052848,121,0.8525619834710743,0.6940116093601348,121,0.8829752066115703,0.7251430689592696,26,0.738076923076923,0.6595279152590262,26,0.6557692307692307,0.6772919667942502,1620,1620,5.521024691358026,13.662989403634723,679,2.067525773195876,5.091892721998389,4289,4234,1.4994250850639446,1.543412748574526,2207,1.988106026280018,2.529805532497783,2602,2497,1.7762012159246912,3.215529924620073,2921,2921,1.8064909277644643,2.5617454847807952,465,74.87544086021505,127.57610837047892,761,1.310065703022339,1.8427409513594544,27,1.3611111111111112,1.090441070574225,1733,1.6257587997691865,2.4412144167859933,789,1.3205069708491763,1.826974684654148,641,50.59391575663027,89.20473900676978,714,1.979187675070028,7.031310579954556,2762,2762,2.7402172338884863,4.565340717713448,2443,2443,2.243876381498158,3.408802682897932,5215,5269,5.494084318962228,10.632736584116673,6167,5983,2.4395456790123458,3.319269118470998,1139,29.957796312554876,63.22090251360339,2725,2712,9.103779657899578,20.319694241590756,1703,10.370152671755728,32.799621008798105,8,7,0.4573333333333334,0.303083413527622,13,0.8284615384615385,0.6228575112254333,1746,7.427113402061855,19.41948475709709,181,141,3.381459627329192,4.27162682072943,189,160,3.621776504297994,6.080519624758211,,,,,,,,,,,,,,,,,,,,,,,,,,,,,,,,,,,,,,,,,,,,,,,,,,,,,,,,,,,,,,,,,,,,,,,,,,,,,,,,,,,,,,,,,,,,,
9905,2024-11-10 19:00:00,24,29,2.733584905660378,3.5291091902565577,0,0,0.0,0.0,0,0,0.0,0.0,4,4,0.7925,0.9624935064716024,0,0.0,0.0,8,8,3.455,2.173861771134494,0.0,0.0,0.0,0.0,0,0,0.0,0.0,0,0.0,0.0,0,0.0,0.0,0,0.0,0.0,0,0.0,0.0,0,0,0.0,0.0,0,0.0,0.0,0,0,0.0,0.0,1,0.2,0.0,0,0,0.0,0.0,0,0,0.0,0.0,1,1783.3,0.0,0,0.0,0.0,0,0.0,0.0,0,0.0,0.0,0,0.0,0.0,11,4.239090909090909,3.6109894250882513,0,0.0,0.0,0,0,0.0,0.0,0,0,0.0,0.0,0,0,0.0,0.0,0,0,0.0,0.0,9,220.99,593.6879518549941,0,0,0.0,0.0,1,1783.2,0.0,0,0,0.0,0.0,0,0.0,0.0,0,0.0,0.0,0,0,0.0,0.0,0,0,0.0,0.0,,,,,,,,,,,,,,,,,,,,,,,,,,,,,,,,,,,,,,,,,,,,,,,,,,,,,,,,,,,,,,,,,,,,,,,,,,,,,,,,,,,,,,,,,,,,,
9906,2024-11-04 19:00:00,15982,15609,4.060329207685733,6.432751600393188,1272,1522,0.8655010737294202,0.6632265733902395,4182,4131,1.7120089017201972,1.9214303727101996,2191,2420,0.8765408805031446,0.8208223189835788,713,3.826199158485273,9.12216527466721,4051,4051,6.366820538138732,13.41122139316964,,,,,14427,15187,2.43365536570541,2.634045382463618,145,0.7375172413793103,0.5477257444032051,127,0.8060629921259843,0.6588753929488996,22,0.755,0.768030243249219,27,0.8214814814814816,0.7861801871671034,2616,2616,3.757469418960245,8.103469573665825,616,1.8692207792207796,5.053191743384806,5491,5587,1.579212854305831,1.6023788264954044,3072,2.2250488281250003,3.0423851958467525,3005,2944,1.408404773911582,1.938007155984094,3133,3133,1.3225470794765402,1.9494353061501977,779,46.35170731707316,72.66880051793454,1271,1.2979937057435091,1.446440647239676,110,1.0442727272727277,0.8740391702174338,2043,1.5495203132648068,1.740637008470033,1371,1.2997301239970822,1.4243978599456877,721,48.68238557558946,71.85049402332879,1125,1.5990755555555556,2.806835820489016,2890,2890,1.789740484429066,3.072408729283865,2835,2835,1.8151463844797175,2.52325090652946,6507,6456,4.108156290982025,6.936446434669851,6934,7042,2.222515025758443,2.5111811739578878,1600,22.4252,41.255806325716144,3938,3887,6.204246645367411,12.922403926667762,2612,7.209498468606432,14.189580158883237,26,30,0.5501785714285715,0.4455233322069859,10,0.595,0.2637896889569416,2341,6.086198205894917,15.280411070363789,182,165,2.554207492795389,1.9611525878413651,196,193,2.679331619537275,1.7065872876106098,,,,,,,,,,,,,,,,,,,,,,,,,,,,,,,,,,,,,,,,,,,,,,,,,,,,,,,,,,,,,,,,,,,,,,,,,,,,,,,,,,,,,,,,,,,,,
9906,2024-11-05 19:00:00,14457,14533,4.398927906174543,7.973561034670944,1541,1524,0.9079836867862968,0.657171341929899,4726,4742,1.8897475707646807,2.235864915374569,2628,2550,0.9208285052143684,0.8566844098065105,761,2.911471747700394,6.478742349651687,4160,4160,7.252487980769231,15.32845368089853,,,,,13991,13819,2.5686130888169725,3.243612992168493,131,0.7142748091603054,0.6758754916440721,131,0.7138931297709924,0.6724576918716746,26,0.6826923076923077,0.5016630626250719,29,0.6182758620689655,0.2922689947281943,2415,2415,3.787262939958592,9.946336899878952,650,1.7338,2.8125022294692017,6281,6293,1.6033457929059969,1.771616390071132,2865,2.434523560209424,19.49303106486693,3634,3598,1.4703304756637168,2.11741155188493,3670,3670,1.4472070844686649,1.8901181192719003,765,46.8818954248366,92.70160293296983,1141,1.2912883435582825,1.3079674962308094,107,1.1028037383177571,1.2046714326100592,2282,1.5887510955302364,1.787119453877856,1218,1.3255336617405582,1.3991767175600534,723,45.76795297372061,68.50990854395017,1135,1.895647577092511,3.869376083644384,3684,3684,1.9464060803474483,2.895990124166195,3547,3547,2.0301466027628985,3.338289435161148,6589,6592,4.670989302784311,8.667977612599959,7504,7475,2.5092776553842047,3.4001972977968413,1895,18.302675461741423,42.23595184747181,4035,4056,7.036807563959956,14.536686698504678,2543,6.348938261895399,14.841849051288378,26,23,0.6938775510204082,0.6705185819048692,19,0.7663157894736842,0.5651847441446473,2346,4.863606138107417,12.91627938630263,189,171,2.5491111111111118,1.888607008379129,198,204,2.7007960199004977,2.5253294673351285,,,,,,,,,,,,,,,,,,,,,,,,,,,,,,,,,,,,,,,,,,,,,,,,,,,,,,,,,,,,,,,,,,,,,,,,,,,,,,,,,,,,,,,,,,,,,
9906,2024-11-06 19:00:00,13763,13826,4.254884555438761,6.738110060456477,1305,1282,0.923830691921144,0.6234362851488093,3878,3867,1.807018721755972,2.017474495309275,2013,1950,0.8946379005803684,0.7906324115804815,644,4.719409937888199,16.219595807576198,3441,3441,6.704661435629177,13.127105161634342,,,,,12384,12708,2.375063366810138,2.7086346968354653,97,0.7335051546391753,0.6671157200921354,97,0.7006185567010309,0.5883417451959234,16,0.7831250000000001,0.3474319852503508,17,0.6111764705882353,0.3103675686692488,2184,2184,4.029097985347985,8.543071382475773,553,1.6171971066907775,2.5554811338620915,4935,4999,1.5396003623917858,1.4901113790684448,2504,2.0442372204472847,5.280199424992216,2611,2696,1.4748878839268889,2.345953751223855,2846,2846,1.4129269149683763,2.014518797859288,575,58.26215652173913,106.99937314506272,1034,1.3669052224371372,2.3089590662765374,157,1.3938216560509555,1.5013227861858438,1989,1.5651432880844645,1.637895387143879,1163,1.4284522785898537,2.2793781517051386,644,49.893198757763976,73.81803542321553,974,2.3754620123203285,7.0687183127716,2793,2793,1.8783566058002148,2.572072458846278,2617,2617,1.958173481085212,3.422381483810048,5561,5668,4.208585804613056,7.276816716942764,6013,6032,2.242817766708177,2.6935417859842703,1519,22.00621461487821,55.33824999162549,3289,3312,6.574403878200273,13.071495302292387,2077,8.76573423206548,28.74940216585765,8,20,0.6203571428571427,0.5425237463062077,11,0.5445454545454546,0.2565988604935952,2058,6.038104956268223,15.475169358401216,122,142,2.8714393939393936,3.789512967942673,156,152,2.7218181818181817,2.982605405665186,,,,,,,,,,,,,,,,,,,,,,,,,,,,,,,,,,,,,,,,,,,,,,,,,,,,,,,,,,,,,,,,,,,,,,,,,,,,,,,,,,,,,,,,,,,,,
9906,2024-11-07 19:00:00,11309,11795,4.862469269390582,8.243757426424017,1095,816,0.909905808477237,0.6561168064911056,3105,3115,2.269498392282958,4.353283752162992,1662,1495,0.9487234716503008,0.907206245846342,459,4.9653376906318085,16.935350326496707,2486,2486,8.935522928399035,18.664952974424747,8.0,16.0,0.3662499999999999,0.1959977146975613,10485,9489,2.3904290577751075,2.9091013634995244,80,0.8302499999999998,0.7405251092974497,53,0.9486792452830188,0.7473072105417774,13,0.8323076923076922,0.6813804296726084,16,0.910625,0.6226000798064516,1498,1498,5.473731642189586,11.83869175444183,764,2.1166361256544506,3.430980858724772,3925,3858,1.4648837209302323,1.4787186422866436,1973,2.1780841358337555,8.718764273693253,2358,2292,1.6350086021505377,2.8417368401636365,2388,2388,1.5970603015075375,2.2992553017797714,455,67.84085714285715,120.63008379872446,712,1.180870786516854,1.136742994255636,86,1.4234883720930234,2.705453909146477,1649,2.0826137052759246,5.668754992278327,792,1.2331439393939394,1.4117106141378015,527,54.0684440227704,96.62346414109967,897,2.4846711259754737,11.861281226700916,2399,2399,2.2614214255939973,3.4812041639932896,2324,2324,1.941166092943201,2.8588891734938224,4834,4700,5.064456681350955,9.243601137106594,5111,4802,2.3932694441642286,3.118966656582572,1032,30.11717054263566,64.57918612044183,2408,2430,8.81565522943365,17.63763261039886,1528,10.66157722513089,32.75484196350588,9,19,0.4028571428571428,0.2558020599556442,14,0.8571428571428571,0.5351558994673363,1134,6.604126984126984,15.771406378585208,139,157,2.75625,3.1069214022343985,148,155,2.6666996699669965,2.2688731007761618,,,,,,,,,,,,,,,,,,,,,,,,,,,,,,,,,,,,,,,,,,,,,,,,,,,,,,,,,,,,,,,,,,,,,,,,,,,,,,,,,,,,,,,,,,,,,
9906,2024-11-08 19:00:00,12475,13062,4.829099346046913,8.06702827688556,1198,936,0.8915604498594188,0.6114076065450351,3864,3776,2.061278795811518,2.462844559734588,1959,1705,0.9006713973799125,0.7785646553678144,493,5.111622718052738,18.99905852806904,2670,2670,8.902734082397004,18.165843408909016,7.0,11.0,0.3477777777777778,0.1679800105685711,12453,11330,2.4630774082327718,3.068877654830155,98,0.8544897959183675,0.6374904920443105,84,0.863452380952381,0.689560753992505,19,0.9973684210526316,0.652508052825994,28,0.8942857142857142,0.5894575507037234,1582,1582,5.486877370417194,10.87686840174859,576,2.0723611111111118,3.8996098872036606,4487,4387,1.5704811809781385,1.57219096534915,2158,1.8151158480074143,2.95006750688833,2624,2558,1.490287533770745,1.8089573362732223,3018,3018,1.5745129224652086,1.979956885654593,431,77.06979118329467,147.46546847886762,660,1.426469696969697,5.473511292606771,68,1.6591176470588236,2.4860544781866927,2010,1.7520398009950249,2.183735108315911,723,1.4728354080221302,5.284699631015961,505,62.25633663366337,100.7492603743853,929,2.1155220667384285,5.95226005432869,2862,2862,2.3189308176100627,3.10916913006526,2579,2579,1.926378441256301,2.5187923531792014,4789,4812,5.073014269346943,8.0771802676195,5801,5466,2.4836806603354926,3.1837849172779613,1159,29.15570319240725,71.42546371053996,2686,2700,8.444922020051987,17.168483463513006,1664,11.106358173076924,44.33420781033298,22,33,0.5314545454545456,0.4693299602308039,16,0.7306250000000001,0.4264016409149946,1860,9.65251612903226,21.90894997832999,122,139,2.5683908045977017,1.706425679081753,152,151,2.677260726072608,2.174484974797314,,,,,,,,,,,,,,,,,,,,,,,,,,,,,,,,,,,,,,,,,,,,,,,,,,,,,,,,,,,,,,,,,,,,,,,,,,,,,,,,,,,,,,,,,,,,,
9906,2024-11-09 19:00:00,12532,12503,5.181285400439386,9.440195206122116,1154,989,0.8837050863275782,0.6459391010500215,3652,3759,1.96922682498988,2.50942318175482,2039,1815,0.8976933056564609,0.8010467000386327,423,4.937210401891253,20.94566595364738,2849,2849,8.82966303966304,20.273089762219925,5.0,11.0,0.39375,0.207722019776431,12316,11571,2.4386858960941096,3.419141337481285,123,0.8882926829268293,1.1182351857265391,111,0.9706306306306306,1.1326476033153463,29,0.7320689655172414,0.5641372987097039,28,0.8560714285714288,0.6932652516776486,1699,1699,5.415544437904649,12.997773992680433,767,2.1935723598435466,4.1721778260171,4270,4135,1.50108506841166,1.5290619265660157,2253,2.0716999556147355,3.4715850290499377,2504,2455,1.6954204476709014,3.353295450865588,2977,2977,1.8888377561303324,2.7777502646862984,487,69.14340862422999,118.14914813581628,685,1.563138686131387,2.8838885832029293,46,1.3580434782608697,1.1567657678146868,1846,1.662703141928494,1.944222712627248,737,1.5459565807327,2.800650668391977,546,59.502197802197806,98.90141437932996,835,2.1113053892215565,4.665100710945517,2776,2776,2.796199567723343,4.440010231080955,2383,2383,2.26990767939572,4.335762321143871,5489,5283,5.417879688080208,10.747787804108617,6172,6129,2.4154759775627994,3.229663699305714,1136,29.816866197183103,62.716041747450966,2789,2815,8.618874018558172,19.237907498957547,1712,10.415940420560748,27.207108741188605,8,15,0.627391304347826,0.5003756622804975,11,0.5518181818181818,0.272190380626842,1842,8.430912052117264,23.98998277271707,173,168,2.6335777126099704,1.858642202344528,176,187,2.7709090909090905,2.0326090928946243,,,,,,,,,,,,,,,,,,,,,,,,,,,,,,,,,,,,,,,,,,,,,,,,,,,,,,,,,,,,,,,,,,,,,,,,,,,,,,,,,,,,,,,,,,,,,
9906,2024-11-10 19:00:00,24,22,2.7091304347826086,4.078333966156831,0,0,0.0,0.0,0,0,0.0,0.0,2,3,1.2340000000000002,1.0118221187540823,0,0.0,0.0,6,6,2.583333333333333,2.287288545175026,0.0,0.0,0.0,0.0,0,0,0.0,0.0,0,0.0,0.0,0,0.0,0.0,0,0.0,0.0,0,0.0,0.0,0,0,0.0,0.0,0,0.0,0.0,0,0,0.0,0.0,0,0.0,0.0,0,0,0.0,0.0,0,0,0.0,0.0,0,0.0,0.0,0,0.0,0.0,0,0.0,0.0,0,0.0,0.0,0,0.0,0.0,7,9.704285714285716,4.458545109090624,0,0.0,0.0,0,0,0.0,0.0,0,0,0.0,0.0,0,0,0.0,0.0,0,0,0.0,0.0,12,35.87166666666666,94.99695502430006,0,0,0.0,0.0,0,0.0,0.0,0,0,0.0,0.0,0,0.0,0.0,0,0.0,0.0,0,0,0.0,0.0,0,0,0.0,0.0,,,,,,,,,,,,,,,,,,,,,,,,,,,,,,,,,,,,,,,,,,,,,,,,,,,,,,,,,,,,,,,,,,,,,,,,,,,,,,,,,,,,,,,,,,,,,
9907,2024-11-04 19:00:00,16273,16309,3.985178626235344,6.263882607785483,1331,1395,0.8810858400586941,0.6807745539935817,4029,4131,1.8038676470588235,2.5442307125646466,2206,2321,0.8640667108460349,0.7754771978843427,817,3.0754467564259484,5.068526067976279,3969,3969,6.23527840765936,12.719289322365924,,,,,15175,15202,2.41164301938967,2.6487065398597407,151,0.8295364238410596,0.7896250579338351,138,0.868768115942029,0.7624782751940066,33,0.5939393939393939,0.3943689965220573,27,0.69,0.3621335951561809,2511,2511,3.846774193548387,8.511408832561218,496,1.9158870967741932,3.727471579281274,5189,5422,1.5644491565356704,1.6088587354460455,3394,2.0698232174425457,2.716482910500956,2938,2797,1.3623766346992152,1.88433443215842,2824,2824,1.3336402266288951,2.904548083170078,821,44.40046285018271,72.21826858859446,1314,1.2343683409436834,1.5694244467821703,116,0.9608620689655172,0.8013604477274419,2017,1.6988993554784335,2.4254285185399573,1417,1.2372759350741005,1.540583133212327,661,53.554947049924365,82.9845661545174,986,1.7211257606490873,4.427716416817391,2753,2753,1.7609662186705417,2.3267504555660223,2660,2660,1.8074022556390976,2.654153827011261,6279,6382,4.118451149198325,6.680662006164938,6721,6903,2.2106517909571344,2.5918097915555216,1665,21.78530930930931,41.44415919874735,3838,3802,6.099193717277487,12.207432129356285,2590,7.602297297297296,15.133426813390532,28,15,0.5960465116279071,0.4674529675875808,12,0.6375000000000001,0.3192732633132105,2730,5.853406593406594,15.247349156729156,154,140,2.673367346938776,1.917434480629053,156,145,2.54843853820598,1.4811416604482743,,,,,,,,,,,,,,,,,,,,,,,,,,,,,,,,,,,,,,,,,,,,,,,,,,,,,,,,,,,,,,,,,,,,,,,,,,,,,,,,,,,,,,,,,,,,,
9907,2024-11-05 19:00:00,14241,14631,4.322402327514546,7.621317188314926,1289,1607,0.9048169889502762,0.6727921491064093,4535,4366,1.9169127064374791,2.631277293562088,2408,2531,0.9144462441789836,0.9435856234635048,587,3.172316865417377,7.4466667078652735,4012,4012,7.196901794616152,16.58073689975539,,,,,13393,13861,2.577835547075659,3.2538227114319205,127,0.7254330708661417,0.4962183858598681,111,0.7554954954954957,0.5638393783466209,44,0.6313636363636363,0.456068131418835,30,0.7699999999999999,0.5228575331770596,2276,2276,3.892970123022847,9.716309036943612,666,1.611096096096096,2.916511012538961,5898,6037,1.5915584415584416,1.792665137726235,2707,2.0524972294052457,3.6658382260799702,3368,3465,1.5127572076686668,2.3122864350288754,3472,3472,1.4847235023041474,2.082105383205862,664,52.59296686746988,86.61983112115108,1011,1.204213649851632,1.2911751177972053,85,0.9436470588235292,0.7638753317730252,2067,1.6959748427672956,2.588549187167214,1077,1.2238161559888578,1.2983509344999469,739,44.83929634641408,68.00468097828404,1091,2.008340971585701,8.807474145424829,3440,3440,1.9435523255813956,2.760475196631102,3326,3326,2.046873120865905,3.511262931247998,6388,6520,4.604565385807251,8.454710400507324,7046,7259,2.551650471862985,3.459829641574045,1479,23.193488843813387,45.9073335443902,3902,3873,7.0193504823151125,15.64618491296004,2269,7.20174966945791,15.522508735984324,10,18,0.7167857142857141,0.7524676242272514,34,1.5438235294117648,1.65253106174577,2844,4.943607594936709,8.944138161354273,175,186,2.5054293628808866,1.7351300640566467,203,191,2.672766497461929,2.4010893702131697,,,,,,,,,,,,,,,,,,,,,,,,,,,,,,,,,,,,,,,,,,,,,,,,,,,,,,,,,,,,,,,,,,,,,,,,,,,,,,,,,,,,,,,,,,,,,
9907,2024-11-06 19:00:00,13683,13702,4.3106003286470695,7.009610812073591,1125,1398,0.9313912009512484,0.6601374533733703,3511,3649,1.8409162011173184,2.186555586707063,1858,2022,0.8954536082474226,0.8419290260830824,437,2.896361556064073,7.440679657397841,3303,3303,6.67381774144717,13.340302093013984,,,,,12188,12595,2.370972844288424,2.6876991148726983,94,0.6707446808510638,0.4979388139839137,91,0.7253846153846154,0.5197068228735655,18,0.6094444444444445,0.2551790705067548,13,0.870769230769231,0.4275054932343701,2141,2141,4.026823914058851,7.829162027245506,594,1.6263636363636362,2.607016544195297,4660,4749,1.4629726857264322,1.400246541384246,2562,1.681303669008587,1.7258207661401452,2419,2424,1.4096035515176544,1.7817500067870673,2515,2515,1.4084294234592445,1.7281957744078011,443,78.82699774266366,126.63359383602038,945,1.4484550264550264,2.046588991943823,61,1.3332786885245904,1.0770036170715331,1891,1.5737652035959808,1.8365863120826784,1002,1.4596606786427146,2.023363359868568,600,54.91806666666666,86.44526582523507,957,1.8735109717868337,7.315417409396683,2511,2511,1.916594982078853,2.58292029588934,2341,2341,1.826052968816745,2.453511351843146,5198,5295,4.383673877823311,8.028406476801798,5758,5749,2.226934909185713,2.61215059288914,1252,27.1860303514377,67.44286099372007,3179,3141,6.576865506329114,13.310193906789706,2050,9.385678048780488,35.38825188073573,11,4,0.4620000000000001,0.3456819347319151,11,0.7672727272727272,0.4140068271086384,2538,5.8795744680851065,10.566892465024235,127,126,2.664901185770751,1.9397409493821736,131,131,2.470534351145038,1.425039875149662,,,,,,,,,,,,,,,,,,,,,,,,,,,,,,,,,,,,,,,,,,,,,,,,,,,,,,,,,,,,,,,,,,,,,,,,,,,,,,,,,,,,,,,,,,,,,
9907,2024-11-07 19:00:00,11574,10918,5.071990485505958,9.30244430374478,683,935,0.90446847960445,0.657682559545313,2873,2878,2.270796383237698,3.675812394224125,1359,1449,0.94610754985755,0.958149881274185,277,4.7822382671480135,12.569857621386534,2205,2204,9.214579269675664,19.045098785840626,6.0,11.0,0.38,0.1397897581033325,8979,9828,2.4509156165257617,3.0474987816250456,62,0.7835483870967742,0.6541039100005775,47,0.9091489361702128,0.7259354340530305,8,0.77,0.5909949238360681,10,0.5980000000000001,0.477866090029414,1307,1307,5.408431522570773,11.208538631051804,844,2.117665876777252,2.9212883247018597,3466,3529,1.4882044317369552,1.5327067932364802,1654,2.1891656590084643,7.325984416545589,2084,2200,1.703452380952381,2.793918241613916,2208,2208,1.5635778985507247,1.8986482289230635,424,81.37518867924528,157.23118142626876,611,1.4907528641571193,1.9337487035755645,56,1.1635714285714285,0.997837713278475,1468,2.0095572207084467,3.0721525674926937,664,1.479457831325301,1.9052375515247109,570,50.9849649122807,96.04997162706594,840,3.9636547619047615,20.671148062890783,2171,2171,2.302468908337172,3.4666496466696914,2112,2112,2.069782196969697,3.093676720880741,4457,4324,5.288029837148389,10.488580278771176,4351,4625,2.463055926916221,3.2501387649644418,802,42.88728179551123,97.81122220695764,2187,2167,8.973199356913183,17.91813811678289,1303,16.073039140445125,57.30641227044367,10,12,0.3868181818181818,0.2329726157071287,15,0.6286666666666665,0.4185668670860395,1416,6.946652542372881,14.47807645002721,113,112,2.750444444444444,2.528088566974887,128,164,2.7740410958904107,1.9594219439609,,,,,,,,,,,,,,,,,,,,,,,,,,,,,,,,,,,,,,,,,,,,,,,,,,,,,,,,,,,,,,,,,,,,,,,,,,,,,,,,,,,,,,,,,,,,,
9907,2024-11-08 19:00:00,12536,12830,5.028187731609241,8.88951226076276,931,1170,0.8651975249881009,0.626677451173409,3957,4043,2.113925,2.9718329267263663,1850,1952,0.8725881115202525,0.7727751375393823,321,3.1809968847352024,7.39716833104042,2666,2666,9.82106526631658,19.81467840227385,17.0,7.0,0.4454166666666667,0.2488469939317911,11674,11710,2.4869094252480326,3.1330767739024084,88,0.7925000000000001,0.5590134369827551,94,0.7428723404255319,0.5530373046176702,15,0.6606666666666665,0.4818639734291088,19,0.6178947368421053,0.3833862824244584,1635,1635,5.5448868501529045,11.65577050598177,593,1.9425632377740305,3.5835849065227,4512,4566,1.591151134611148,1.6722026939331225,1912,1.57793410041841,2.1081399746129312,2685,2732,1.5521026398375484,1.914781948829204,3072,3072,1.6328190104166669,1.8851057686266408,330,114.74590909090908,201.5723706413945,640,1.69596875,3.642141239919649,26,0.7742307692307692,0.5131439524892906,1990,1.7661306532663317,2.281992143661705,665,1.675263157894737,3.579777785128331,564,56.55028368794326,95.71248425794474,999,1.8892392392392396,4.0401274301033245,2901,2901,2.544315753188556,4.78454738511134,2704,2704,1.9507026627218935,3.3150189688237908,4985,5127,5.323935917721519,9.327306434731348,5724,5864,2.525517777010701,3.32983645299666,746,50.34213136729222,115.17395905375828,2673,2687,9.416087686567163,18.302713381841325,1518,13.617187088274044,66.70082777410069,21,12,0.6124242424242425,0.6040721926705114,14,0.9257142857142858,0.9585682350383252,1458,7.389711934156379,20.586213381739235,157,138,2.5745084745762714,1.7928788550572043,175,155,2.69239393939394,2.023579044129993,,,,,,,,,,,,,,,,,,,,,,,,,,,,,,,,,,,,,,,,,,,,,,,,,,,,,,,,,,,,,,,,,,,,,,,,,,,,,,,,,,,,,,,,,,,,,
9907,2024-11-09 19:00:00,12103,12214,5.212621211498129,9.118279296804785,902,1115,0.8450322260783341,0.617190695360772,3710,3801,2.021411263480229,2.58301196749172,1788,2014,0.8927406628090478,0.8356177242853353,235,5.210297872340425,15.563873427957606,2772,2772,9.7225,21.063823462644194,4.0,8.0,0.2991666666666667,0.1265871460913609,11336,11663,2.458637332057916,3.4040120573540693,128,0.8560937500000001,0.8436724356709406,115,0.9537391304347826,0.9645196694814652,36,2.1508333333333334,5.019363270265352,35,2.362571428571429,5.165290390319457,1618,1618,6.127064276885044,15.93674191110696,744,2.4418682795698925,6.112051652872455,4238,4275,1.5393045929754494,1.5961897646380143,1932,1.672743271221532,2.623831107261279,2617,2723,1.8063539325842697,3.282687327208437,3035,3035,1.872718286655684,2.773773328126696,539,62.57944341372913,152.99644530431743,426,1.9976760563380285,8.125305454611615,20,0.8835,0.5473597994007232,1790,1.656877094972067,2.227292497086074,447,1.952438478747204,7.93896902480819,642,47.20844236760124,113.43372452479709,743,2.7647240915208613,13.767557879214522,2963,2963,2.7134289571380354,4.343848512477988,2536,2536,2.347184542586751,3.6766173986304977,5250,5440,5.671159027128157,10.478381769302056,6080,6137,2.51267659818286,3.673551101181037,846,39.71394799054374,80.90938714334814,2755,2731,9.485940576011664,20.67935192690465,1602,10.027228464419474,27.7354600917465,8,6,0.8242857142857144,0.578603173732275,14,0.9664285714285714,0.5739662402075223,1974,5.841550151975684,17.97947915956712,159,206,2.9256712328767125,2.3029729211334256,175,184,3.1342896935933147,4.713524071767381,,,,,,,,,,,,,,,,,,,,,,,,,,,,,,,,,,,,,,,,,,,,,,,,,,,,,,,,,,,,,,,,,,,,,,,,,,,,,,,,,,,,,,,,,,,,,
9907,2024-11-10 19:00:00,25,25,2.7868,4.195673695605987,0,0,0.0,0.0,0,0,0.0,0.0,1,3,0.4599999999999999,0.2266053838724931,0,0.0,0.0,7,7,2.644285714285714,1.7221652247169814,0.0,0.0,0.0,0.0,0,0,0.0,0.0,0,0.0,0.0,0,0.0,0.0,0,0.0,0.0,0,0.0,0.0,0,0,0.0,0.0,0,0.0,0.0,0,0,0.0,0.0,0,0.0,0.0,0,0,0.0,0.0,0,0,0.0,0.0,0,0.0,0.0,0,0.0,0.0,0,0.0,0.0,0,0.0,0.0,0,0.0,0.0,18,40.28055555555555,104.91800848875714,0,0.0,0.0,0,0,0.0,0.0,0,0,0.0,0.0,0,0,0.0,0.0,0,0,0.0,0.0,6,245.7,373.0766788029864,0,0,0.0,0.0,0,0.0,0.0,0,0,0.0,0.0,0,0.0,0.0,0,0.0,0.0,0,0,0.0,0.0,0,0,0.0,0.0,,,,,,,,,,,,,,,,,,,,,,,,,,,,,,,,,,,,,,,,,,,,,,,,,,,,,,,,,,,,,,,,,,,,,,,,,,,,,,,,,,,,,,,,,,,,,
9908,2024-11-04 19:00:00,15906,16172,3.9913448469355934,6.4484270347212815,1237,1511,0.8724599708879185,0.6705896866740889,4140,4129,1.8165497641794652,2.590931211989633,2182,2330,0.8688763297872341,0.7741108493272161,641,3.5014976599063963,6.697275432967762,4045,4045,6.522694684796045,14.851914369935615,,,,,15006,15101,2.447709834922112,2.674078906261917,160,0.7899375,0.565502538538732,150,0.7298666666666666,0.485588284683869,23,0.6291304347826088,0.4374820547224294,26,0.6115384615384616,0.3963651415598841,2540,2540,3.840531496062992,8.281689455015984,636,1.80875786163522,2.710052715583818,5553,5556,1.5837825186785488,1.603575037010034,3279,2.045178408051235,2.2813914919549174,2924,3115,1.399740023182646,1.8597555375246504,3151,3151,1.367822913360838,2.7639418762690604,758,47.61406332453826,76.96699800845805,1318,1.3339453717754173,1.7488505837374508,132,1.2730303030303032,1.2710273459816834,2038,1.6792983316977428,2.7655918145485434,1433,1.35675505931612,1.729576629765665,832,41.89770432692308,61.17672557092972,1145,1.6426200873362444,3.019670900796336,2957,2957,1.939404802164356,3.3565398463939173,2867,2867,1.9105476107429364,2.924103995871467,6266,6615,4.2115720829128165,7.379807451468712,6981,7052,2.279330862965866,2.6218114820949787,1647,21.56612021857924,38.54437284042019,3916,3906,6.373146254154948,14.20161344361179,2543,7.056158081006686,13.330790895823108,11,18,0.6913793103448276,0.5598997702047989,15,0.6306666666666667,0.2951940981042059,2502,4.512757793764988,9.142366648419976,148,170,2.829433962264151,2.3821588552564568,201,184,2.5867012987012985,1.7058409288130878,,,,,,,,,,,,,,,,,,,,,,,,,,,,,,,,,,,,,,,,,,,,,,,,,,,,,,,,,,,,,,,,,,,,,,,,,,,,,,,,,,,,,,,,,,,,,
9908,2024-11-05 19:00:00,14568,14065,4.376525687144205,8.011360245037961,1301,1609,0.883127147766323,0.6599728055824419,4410,4625,1.9246906474820145,2.383636444962898,2340,2566,0.8818446799836934,0.8257392894633895,616,3.688993506493506,8.289683834615161,3984,3984,7.051588855421686,13.920479685677275,,,,,13130,13965,2.5878158331795533,3.133276624854803,148,0.6770945945945946,0.5635760019471923,150,0.6544666666666665,0.4840117583512018,18,0.5616666666666666,0.3112028634544069,21,0.6923809523809523,0.3707637517843245,2343,2343,3.805002134016218,9.117246136453238,619,1.722730210016155,2.92482066223072,5946,6110,1.593559223623092,1.6436999422468197,2757,1.8983895538628943,3.06734194337916,3401,3364,1.4230155210643014,1.898939303389052,3439,3439,1.3973655132305902,1.915083585270424,712,49.0088202247191,103.65669224920468,1139,1.2979280070237051,1.3843073563977044,128,1.538046875,1.8360708977467983,2253,1.5418464269862404,1.6881151777850194,1254,1.348708133971292,1.462547401643807,840,39.4237619047619,60.10551277616861,1154,2.1045060658578856,9.950024035593517,3360,3360,1.907324404761905,2.509169579381769,3278,3278,1.9339048200122029,2.936174395161027,6271,6434,4.544994096812278,8.168702915993247,6889,7176,2.5570835407038746,3.253931177818292,1476,23.462439024390243,49.82730628112191,3903,3824,6.8571761356283165,13.423656687703454,2179,7.800316659017898,22.988365418166,11,6,0.4464705882352942,0.455527376028509,11,0.5254545454545455,0.2873187535050618,2574,6.495734265734266,21.5964623761582,169,170,2.5318584070796457,1.5948234190854922,177,179,2.4578932584269664,2.00116308873299,,,,,,,,,,,,,,,,,,,,,,,,,,,,,,,,,,,,,,,,,,,,,,,,,,,,,,,,,,,,,,,,,,,,,,,,,,,,,,,,,,,,,,,,,,,,,
9908,2024-11-06 19:00:00,13719,13485,4.285155859432437,7.0710318846964135,1073,1427,0.90498,0.6431631516186231,3793,3748,1.8841771648322505,2.2484541955827577,1841,2016,0.8825045372050816,0.7530179890450215,530,4.004,13.093013974765178,3478,3478,6.736960897067281,13.133571587290868,,,,,11943,12650,2.377695279144472,2.689730869765162,114,0.8899999999999999,0.9507762295074964,101,0.8932673267326734,1.0163866389438354,24,0.8308333333333332,0.8226477408682015,25,0.7971999999999998,0.7414608283651942,2206,2206,4.114623753399819,8.017330198803302,581,1.9163855421686748,4.192314254891959,4903,4954,1.5289520137973014,1.493425770175369,2476,2.5678796445880456,29.70891333268145,2616,2735,1.4792543449822462,2.7677081553105665,2803,2803,1.4106921155904388,2.0640707778534377,688,48.71744186046512,105.27641088627335,967,1.641158221302999,5.796171069954188,86,1.2482558139534885,1.1783060287335878,1960,1.6246989795918367,2.11894327995641,1039,1.6502021174205967,5.607768574962092,809,38.00992583436341,60.92002857295358,1053,1.8505128205128205,4.172998621590899,2636,2636,1.9322003034901367,2.589285794379822,2625,2625,1.824388571428572,3.4758851777658366,5553,5752,4.32130296329058,7.862249759378399,5846,6116,2.2849690687176056,2.7899177916106144,1541,21.165016223231667,48.39151212253965,3334,3305,6.651555957222472,13.15727904737739,2151,7.837108321710832,18.20550639869168,10,11,0.4628571428571429,0.3221378417939225,18,0.575,0.2229411980271429,1992,5.808102409638555,13.774672836789868,138,132,2.950407407407408,3.9233008849716335,161,135,2.857939189189189,3.197960098812889,,,,,,,,,,,,,,,,,,,,,,,,,,,,,,,,,,,,,,,,,,,,,,,,,,,,,,,,,,,,,,,,,,,,,,,,,,,,,,,,,,,,,,,,,,,,,
9908,2024-11-07 19:00:00,11378,11364,4.9776484038343165,9.103613715752209,801,865,0.9029651860744298,0.6452970281120715,2799,2863,2.300420346167432,3.379786131058418,1366,1390,0.905689404934688,0.8372945646550873,342,4.32891812865497,10.507900244245029,2284,2286,8.9042647702407,19.385847531206903,9.0,7.0,0.355625,0.2077248405342991,9927,9711,2.3714808025257152,2.867348400330489,71,0.8018309859154928,0.72048362055676,71,0.84,0.7605020580390891,20,0.8055,0.7395638917632472,14,0.8285714285714285,0.9973454562906844,1415,1415,5.724190812720848,13.539820189954936,724,1.7859530386740332,5.610355343036902,3528,3556,1.4998108413325804,1.499008431276027,1884,2.1149044585987262,5.542165425385353,2107,2175,1.6798505371321817,2.9377795594498703,2230,2230,1.6741659192825111,3.542779253979275,379,80.9002110817942,120.23389372806176,736,1.6080027173913043,4.197380971069576,68,1.748529411764706,2.7275868804332197,1552,2.1432796391752578,3.333170587304222,804,1.6364925373134331,4.097491179534402,525,54.25060952380952,85.99932170723598,823,2.837582017010936,9.81960001512918,2164,2164,2.329195933456562,4.14753179173572,2062,2062,2.1876285160038798,3.9016944951872654,4150,4302,5.230902744912447,10.261677127290096,4529,4487,2.40838620230701,3.028207782047979,884,34.51578054298642,64.37977512897758,2237,2221,8.769237326155228,18.99101848002584,1384,12.021972543352602,28.033428962390943,14,8,0.4572727272727273,0.2453231971795169,8,0.505,0.1383835250309804,1362,9.455726872246697,21.275172036355016,133,129,2.932709923664122,3.362378620048315,162,147,3.074433656957929,4.692521429395896,,,,,,,,,,,,,,,,,,,,,,,,,,,,,,,,,,,,,,,,,,,,,,,,,,,,,,,,,,,,,,,,,,,,,,,,,,,,,,,,,,,,,,,,,,,,,
9908,2024-11-08 19:00:00,12983,12304,4.935663779807808,8.560687529313892,998,1082,0.8975576923076923,0.6377559791795683,3959,3942,2.064482976838375,2.98313960623024,1762,1949,0.9278604149824844,0.8353834676648116,325,3.947784615384616,10.938567928336884,2606,2606,9.887996930161169,21.71505998471264,10.0,17.0,0.3944444444444444,0.2249993141278984,11167,11684,2.4869515557306023,3.1217964588540776,108,0.763425925925926,0.4754727901180688,86,0.7653488372093024,0.4983873940938627,17,0.788235294117647,0.7677486973507263,16,0.9175,0.8137067960881241,1563,1563,5.4993154190659,11.53668530595714,579,2.2207081174438685,3.993679723877674,4340,4461,1.6235598227474148,1.7478033666364066,1729,1.61262001156738,1.6490496468031262,2729,2640,1.5592065561557085,2.4340287512662857,3001,3001,1.6220393202265917,1.9926921235237736,323,97.7242105263158,135.16790643130008,617,1.8258833063209077,6.584284780249095,59,1.149491525423729,1.1773273722519175,1937,1.906923076923077,4.568534413961786,676,1.774023668639053,6.303285286874125,503,60.54115308151094,88.9334721499758,885,1.9028813559322035,6.545949293247343,2929,2929,2.4980778422669854,4.990645331580251,2670,2670,2.101052434456929,4.163285873791703,4982,4775,5.267484882648355,9.449111978131112,5526,5599,2.571770786516854,3.4587812637701227,879,35.75688282138794,64.40484687400011,2631,2614,9.450516682554817,20.13409628639291,1473,10.318092328581129,21.77951092401377,18,14,0.5059374999999999,0.4213954450320387,11,0.6236363636363635,0.2678287352114382,1614,7.249479553903345,17.2959622817957,121,127,2.6909677419354843,1.803470185125564,138,159,2.6903367003367,1.9404902070186387,,,,,,,,,,,,,,,,,,,,,,,,,,,,,,,,,,,,,,,,,,,,,,,,,,,,,,,,,,,,,,,,,,,,,,,,,,,,,,,,,,,,,,,,,,,,,
9908,2024-11-09 19:00:00,12196,12041,5.392520939060114,9.371393970168976,954,1059,0.8590561351217089,0.6388270138541201,3790,3720,2.0410998668442075,2.60125598863103,1740,1888,0.904705071664829,0.8287571200022553,266,4.655,16.344566346653263,2657,2657,10.002066240120437,22.235837949860542,6.0,4.0,0.3359999999999999,0.0917823512446701,11127,12063,2.501204398447607,3.404502374045821,96,0.885625,0.8422648194253792,110,0.8812727272727271,0.7945737669180755,27,0.8903703703703705,1.0596592096535409,26,0.9176923076923076,1.099896175842582,1585,1585,5.679053627760252,13.210427483977456,683,2.410029282576867,5.048959186977384,4294,4447,1.5319254089921062,1.6002757490105082,1545,1.5980776699029124,1.7663114604160726,2668,2716,1.785339895988113,3.1743539133319514,3155,3155,1.750824088748019,2.391195276798,326,110.49389570552148,196.4758613184728,572,1.6311363636363636,3.139133705652628,39,1.07,1.07826070773545,1799,1.777976653696498,2.330647233846819,610,1.60572131147541,3.0578279370861448,451,71.21031042128604,109.83871704553738,713,2.1060028050490884,3.924032922015775,3061,3061,2.7324926494609603,3.897056297855961,2668,2668,2.326866566716641,4.087178750265071,5101,5063,5.925441755214483,10.750556032573208,6017,6187,2.5448475909537853,3.569172591408245,706,50.8078328611898,111.12525583883644,2631,2642,9.724071685947278,20.71182596159862,1376,13.852805232558138,50.7069702616814,8,4,0.6191666666666666,0.3737079593598307,12,0.6033333333333334,0.2743274604474651,1896,5.541677215189874,9.281763631498048,184,182,3.292650273224044,3.9218720888078273,198,207,3.3069382716049383,4.047578640130598,,,,,,,,,,,,,,,,,,,,,,,,,,,,,,,,,,,,,,,,,,,,,,,,,,,,,,,,,,,,,,,,,,,,,,,,,,,,,,,,,,,,,,,,,,,,,
9908,2024-11-10 19:00:00,12,9,1.5333333333333334,1.1568690642186057,0,0,0.0,0.0,0,0,0.0,0.0,4,1,0.482,0.2302520358216187,0,0.0,0.0,3,3,1.856666666666667,0.353679076125361,0.0,0.0,0.0,0.0,0,0,0.0,0.0,0,0.0,0.0,0,0.0,0.0,0,0.0,0.0,0,0.0,0.0,0,0,0.0,0.0,0,0.0,0.0,0,0,0.0,0.0,0,0.0,0.0,0,0,0.0,0.0,0,0,0.0,0.0,0,0.0,0.0,0,0.0,0.0,0,0.0,0.0,0,0.0,0.0,0,0.0,0.0,3,1.0533333333333337,0.7521672390868639,0,0.0,0.0,0,0,0.0,0.0,0,0,0.0,0.0,0,0,0.0,0.0,0,0,0.0,0.0,5,64.912,125.76662584326576,0,0,0.0,0.0,0,0.0,0.0,0,0,0.0,0.0,0,0.0,0.0,0,0.0,0.0,0,0,0.0,0.0,0,0,0.0,0.0,,,,,,,,,,,,,,,,,,,,,,,,,,,,,,,,,,,,,,,,,,,,,,,,,,,,,,,,,,,,,,,,,,,,,,,,,,,,,,,,,,,,,,,,,,,,,
9909,2023-11-01 19:00:00,12017,12796,4.775821948172329,13.228917998864508,966,839,0.8724986149584488,0.6911522480998549,3068,3027,2.614239540607055,5.51824377981782,1607,1492,0.9339916101968376,1.0068719229906202,712,2.921474719101124,6.024056846262436,2587,2587,9.109315809818323,24.915250464658264,8.0,12.0,0.385,0.2621354611646428,11714,10789,2.287671421588233,2.955872570058459,54,0.7179629629629629,0.5199087513587063,57,0.7440350877192982,0.5714059596282458,5,0.428,0.1831283702761535,6,0.5166666666666666,0.2228352655114435,1682,1682,5.192663495838287,15.122749277167909,955,2.207047120418848,3.8163134637077514,3833,3698,1.3607037578010888,1.376094094960077,2941,1.9579598775926557,1.9999464256055977,2609,2417,1.9359689614007165,3.150014095912661,2572,2572,1.836881804043546,3.397727673110013,920,38.2393804347826,172.28062610470505,821,1.2922655298416563,1.509458843473202,112,1.2753571428571426,1.4549950469794368,1597,2.2573387601753288,4.466027569081536,918,1.3379302832244009,1.5720428086058795,934,30.849796573875803,60.65275152999988,805,2.5568447204968945,12.732635418584657,2664,2664,2.649906156156156,5.3869351071412295,2616,2616,2.53368501529052,3.698801787370137,4198,4532,5.402825887743413,11.760351658532258,5095,4962,2.304891120612509,3.456337995371645,1601,21.5430231105559,129.2086181446629,2413,2405,9.425012453300123,25.15393438649761,2048,9.306826171875,95.41570600189928,5,6,0.5845454545454546,0.3978890580040357,13,0.5161538461538461,0.3268389031909348,948,7.886012658227848,29.864540527798997,201,198,2.916766917293233,2.390306934561292,226,233,2.947886710239651,2.2160705621935346,,,,,,,,,,,,,,,,,,,,,,,,,,,,,,,,,,,,,,,,,,,,,,,,,,,,,,,,,,,,,,,,,,,,,,,,,,,,,,,,,,,,,,,,,,,,,
9909,2023-11-02 19:00:00,13310,13287,4.003905327668535,7.642938707712191,1175,1221,0.8582679465776293,0.6809726521032088,3447,3354,1.7643434789001615,2.436719054199851,1920,1899,0.8353993191935062,0.7551886446353535,745,2.544107382550336,4.804822218587008,3365,3365,6.433676077265973,17.234465448477852,4.0,7.0,0.3290909090909091,0.1265237703469585,12439,12456,2.374195219923679,2.956370370959032,85,0.6887058823529411,0.5091810916393548,77,0.6601298701298703,0.4593063474371838,12,0.5941666666666666,0.2932137540354401,15,0.6666666666666667,0.3196178273431498,2070,2070,3.9616570048309176,12.726567699839036,902,1.9742572062084252,3.854330770697104,4672,4767,1.4975262209979872,1.6771682598621414,3109,2.027655194596333,2.3950348558794814,2792,2847,1.5197481823018266,2.108694145397318,2832,2832,1.5117620056497174,2.420255180112526,827,40.06273276904474,89.7573951659121,1050,1.3210761904761903,2.329149095373829,89,1.3124719101123596,1.1453514066506298,1613,1.565889646621203,2.4757772390918262,1121,1.354799286351472,2.298457920740792,895,32.4855530726257,57.75472631124045,1014,1.630069033530572,2.793881680978165,2888,2888,2.146696675900277,3.8112571579547048,2675,2675,2.117551401869159,3.618738028685559,5165,5136,4.269866032424036,8.135399556899788,5712,5769,2.2800400661963245,3.158747150777372,1802,17.790277469478358,51.13827804806311,3131,3126,6.482186351286558,16.58466695833899,2325,7.642064516129033,31.821152876057603,6,5,0.5818181818181819,0.4822073899704863,16,0.601875,0.3979512964861403,1896,5.597753164556962,21.284637273765817,158,154,2.818846153846154,2.451113028584252,184,192,2.9886968085106385,2.7627096345972006,,,,,,,,,,,,,,,,,,,,,,,,,,,,,,,,,,,,,,,,,,,,,,,,,,,,,,,,,,,,,,,,,,,,,,,,,,,,,,,,,,,,,,,,,,,,,
9909,2023-11-03 19:00:00,13237,13286,4.217047845266372,7.659686981975921,1282,1260,0.8296498819826907,0.5837417586170531,3571,3502,1.717701116923512,2.394192246567689,2059,1925,0.8637976907630521,0.7463574599794368,611,2.415973813420622,6.085125366766502,3492,3492,6.998682703321878,18.395384729990997,7.0,5.0,0.3358333333333332,0.1261915431221742,12443,12860,2.433759633245069,3.551848729541466,84,0.6827380952380955,0.6502624949651307,78,0.679102564102564,0.6833330567180851,10,0.503,0.390667377701287,11,0.53,0.4715930449020639,2190,2190,3.7519589041095895,8.17411317844443,881,1.8046992054483544,3.9479094520000326,5190,5088,1.5342702860478694,1.679932143257325,2992,1.9253977272727272,1.9925297257815695,3176,3032,1.671490012886598,2.5658943108142265,3138,3138,1.5673199490121097,2.494520480682417,732,45.95172131147542,87.41061239536174,883,1.1774518686296715,1.2057884018794207,67,1.3871641791044775,1.3099946518862566,1681,1.5226591314693636,1.8546293692735485,936,1.2228525641025645,1.2635090888390537,806,36.99,60.46232277981488,1145,1.9559213973799128,9.918263346934742,3387,3387,2.110062001771479,3.42394161307706,3052,3052,2.2644233289646136,3.5686131064635624,5375,5572,4.566077464145429,9.275617229847226,6079,6201,2.3031791530944625,3.584621660648284,1650,19.634654545454545,49.3467048266072,3319,3292,6.971565572530632,17.692280694486193,2173,7.711882190520018,25.56968572134902,9,12,0.3147619047619048,0.1557048198666477,18,0.6177777777777779,0.3876790705317932,2040,4.368941176470588,9.152426778604474,212,192,2.803415841584158,2.9101203941184117,211,195,3.1994334975369454,4.06644704268925,,,,,,,,,,,,,,,,,,,,,,,,,,,,,,,,,,,,,,,,,,,,,,,,,,,,,,,,,,,,,,,,,,,,,,,,,,,,,,,,,,,,,,,,,,,,,
9909,2024-10-28 19:00:00,15493,15543,3.6639811831421576,6.171860052796871,1209,1489,0.8473906597479616,0.6610844893749602,2446,2722,1.4465808823529411,1.6143591404168771,2037,2240,0.8736988543371523,0.7615424468289859,1218,5.010385878489326,11.39076621397392,3912,3912,4.989521983640081,11.966994713627953,8.0,5.0,0.3769230769230768,0.1641942852647724,13721,14629,2.2087315696649026,2.490254422643836,147,0.6522448979591837,0.4977101250692195,140,0.689857142857143,0.4751420625369182,21,1.0504761904761906,1.1740344612062172,24,1.0475,1.1549576110547664,2666,2666,2.929497374343586,5.801078692875217,1096,2.020492700729927,3.343327942043513,4352,4538,1.3121057367829023,1.3251047279369412,3725,2.053441610738255,2.116509313018501,2475,2492,1.5127743104489633,2.2896223354293874,2608,2608,1.516648773006135,2.6932003613648114,1258,24.419864864864863,39.88695321911859,1180,1.3623728813559322,2.438389673522783,319,1.5017868338557994,2.048022734420787,1305,1.3854942528735634,1.5133157389748642,1456,1.463537087912088,2.4357183096704853,693,49.06499278499279,82.81684221396561,746,1.341112600536193,1.8743868976315448,2497,2497,2.01483780536644,3.33101603495309,2357,2357,2.013860840050912,2.9833642747020934,5759,6059,3.726544254526993,7.545818984612095,5967,6327,1.9983365869529852,2.75730159353247,1866,17.98311361200429,33.57582614299022,3613,3540,5.0598308402069065,12.059206150079977,2898,7.217719116632161,14.574123620448924,18,11,0.6031034482758622,0.5235561653385159,14,0.6364285714285715,0.4287291376491545,2460,2.9507317073170727,5.288015622206686,146,145,3.1126116838487974,4.469943538901039,153,199,3.167301136363636,3.591358210438013,,,,,,,,,,,,,,,,,,,,95.88,0.53,0.93,0.47,1.43,9493.33999999999,1.87,2.0,0.7,10.185,6102.64999999998,0.87,1.07,25.14,15620.08,44040.3000000002,1.57,7475.93,22.06,2214.46,1.93,0.47,2.43,0.37,33556.49,0.48,36192.9700000001,0.97,1.33,0.97,1.17,10062.1,1.4,3.03,20916.95,1000.47,0.9,2.27,1607.6,24567.5500000001,2286.26,11664.62,96.58,62617.5400000008,0.7,479.07,3736.80999999998,0.67,0.83,2130.91,6.6,17.49,30720.19,1.0,39038.0200000003,1114.89,905.770000000001,1.07,2.0,7258.79999999999,7513.94999999996,7910.83999999994,7649.07,34002.04,1.77,0.915,113715.319999999,12.87,8.91,0.77,0.9,4.9,1808.07,
9909,2024-10-29 19:00:00,15172,14773,3.922356319919853,7.252334096872912,1369,1480,0.8481537381537383,0.6620293552430065,3069,3232,1.5011029995238852,1.825770426488112,2295,2391,0.8723495518565942,0.7756354672311608,854,3.648934426229508,10.028074568116724,4030,4032,5.734902009426941,13.392035723619374,5.0,9.0,0.4114285714285714,0.2820298146057091,13257,14416,2.337131138655007,2.945598471247245,146,0.8134246575342468,0.6918403473644198,132,0.910151515151515,0.8259814959117506,55,1.165090909090909,2.074710821231609,63,1.0492063492063493,1.966979233908268,2541,2541,3.3256788665879573,7.571847590662924,972,1.9043724279835392,3.4192936779924485,5144,5234,1.4734100982848333,1.6057176882429425,3132,1.979875478927203,1.8836607937130403,3039,3063,1.5379449360865292,2.1433192427139485,3059,3059,1.412213141549526,1.935508707766442,776,44.75349226804124,82.54891203798255,1311,1.328520213577422,2.0364749328081646,211,1.7212322274881515,1.6648400284946228,1533,1.337938682322244,1.3646697308827385,1485,1.4372390572390574,2.0855111655513894,614,54.86669381107493,91.92758338293312,1066,2.418893058161351,10.068794868640552,3125,3125,2.0374112,3.2025653095783326,3060,3060,2.0034019607843137,2.6887585933043616,6166,6031,4.09075264409281,8.585839039680936,6454,6725,2.2138637225889672,3.028675140328066,1722,20.310830429732867,45.85116044462505,3840,3779,5.670015750098438,12.929058578091643,2677,7.491057153530072,23.128905271580223,6,9,0.4846666666666667,0.3313179070855596,11,0.7518181818181818,0.8778363709797378,2436,5.3258866995073895,16.782186194737793,147,154,2.542458471760797,1.813127454212452,192,158,2.4411714285714283,1.757832122420183,,,,,,,,,,,,,,,,,,,,118.76,0.685,1.17,0.57,1.47,12260.82,1.3,2.37,0.5,17.85,3116.19,0.93,1.13,66.1,16901.1,49894.91,1.715,9458.45000000001,64.08,1851.05,2.03,0.33,2.2,0.315,34975.25,0.27,43199.8500000003,0.9,1.53,1.0,1.27,12733.82,1.4,2.97,20053.56,2578.54,0.87,2.23,1741.69,29176.5100000001,2416.39,15291.05,120.14,64675.430000001,0.77,363.18,4087.82999999998,0.67,0.87,2134.29999999999,7.07,7.27,34728.71,0.915,46234.7800000002,854.41,765.28,1.13,2.33,12973.86,9384.53999999994,8639.91999999994,6200.96999999999,33688.15,2.0,0.93,117454.96,16.865,8.27,0.9,1.0,5.76,2051.06,
9909,2024-10-30 19:00:00,14744,14914,3.731616764448041,6.039507903326926,1483,1521,0.8789513981358189,0.6152910056273384,3132,3366,1.4931363496460452,1.844400236293526,2098,2188,0.8804666355576295,0.6875589088118443,905,2.161790055248619,4.581844775533478,3959,3959,5.539469563020965,14.678829991976109,10.0,7.0,0.2799999999999999,0.0734846922834953,13833,13998,2.2124163702346302,2.582273155260954,110,0.6949090909090908,0.5587026294006262,99,0.6933333333333335,0.6092834009114828,12,0.7033333333333335,0.5040888369678062,16,0.65,0.327204064766928,2633,2633,3.640022787694645,8.266702164621272,932,1.756931330472103,2.3996915537677777,4978,5010,1.3770084100921105,1.3800528091477513,3285,1.9796529680365296,1.8947664044313783,2792,2671,1.4722862895844775,2.2919645762828047,2848,2848,1.4829248595505615,2.2048613564338884,726,46.24455922865013,82.51651996558,1368,1.341659356725146,1.6094676332019642,144,1.4160416666666666,1.7760850434585675,1706,1.4288804220398594,1.7562740257323046,1477,1.3997901150981715,1.6653713611195422,662,47.72374622356496,75.16351780569171,909,1.654136413641364,3.828905844205308,2890,2890,2.2399307958477506,4.026436401958563,2711,2711,1.9973109553670232,3.351718746088723,5648,5685,3.862502426541957,7.4876881599995855,6214,6159,2.0627083164955957,2.8468368653199336,1969,16.38286439817166,41.85734140602938,3653,3629,5.626229057951112,14.110086938030612,2733,6.269377972923527,26.15003004731552,3,5,0.43875,0.3202513661173048,13,0.4084615384615385,0.1883060583136749,2304,3.841171875,7.693354270329186,165,140,2.63327868852459,3.6499194337892416,163,151,2.5504777070063693,1.3792807462194046,,,,,,,,,,,,,,,,,,,,76.44,0.53,0.9,0.53,1.43,10829.42,0.8,2.27,0.585,17.28,1956.42,0.87,1.1,10.4,19168.36,43773.7400000002,1.77,9702.39999999997,8.44,1637.46,2.0,0.3,2.37,0.27,32257.86,0.33,40970.2000000002,0.93,1.6,1.0,1.23,12946.8,1.4,2.8,17134.21,1503.61,0.9,2.23,1835.39,25521.8900000002,2640.36999999999,13753.56,68.64,61573.7600000008,0.535,203.91,3773.67999999998,0.73,0.9,2067.49,6.1,3.51,33573.55,0.97,43861.5200000001,800.85,803.15,1.13,2.27,8850.06000000001,8043.09999999996,8446.73999999997,6503.16,31593.12,1.9,0.93,110672.29,16.535,5.31,0.87,0.97,4.76,2437.67,
9909,2024-10-31 19:00:00,16016,16265,3.766951767293455,6.356574101407055,0,0,0.0,0.0,0,0,0.0,0.0,2396,2455,0.8771717171717172,0.6893442574275346,0,0.0,0.0,4210,4210,5.880318289786224,15.921100064446302,0.0,0.0,0.0,0.0,0,0,0.0,0.0,0,0.0,0.0,0,0.0,0.0,0,0.0,0.0,0,0.0,0.0,0,0,0.0,0.0,0,0.0,0.0,0,0,0.0,0.0,0,0.0,0.0,0,0,0.0,0.0,0,0,0.0,0.0,0,0.0,0.0,0,0.0,0.0,0,0.0,0.0,0,0.0,0.0,0,0.0,0.0,731,46.93677154582763,77.62839177837526,0,0.0,0.0,0,0,0.0,0.0,0,0,0.0,0.0,0,0,0.0,0.0,0,0,0.0,0.0,2236,15.063577817531309,34.036602869170714,0,0,0.0,0.0,0,0.0,0.0,0,0,0.0,0.0,0,0.0,0.0,0,0.0,0.0,0,0,0.0,0.0,0,0,0.0,0.0,,,,,,,,,,,,,,,,,,,,0.0,0.0,0.0,0.0,0.0,0.0,0.0,2.27,0.0,0.0,0.0,0.0,0.0,0.0,0.0,0.0,0.0,0.0,0.0,0.0,1.97,0.0,0.0,0.0,33682.1599999999,0.0,0.0,0.0,0.0,0.0,0.0,0.0,0.0,0.0,0.0,0.0,0.0,0.0,0.0,0.0,0.0,0.0,0.0,0.0,0.0,0.0,4255.15999999997,0.0,0.0,0.0,5.63,0.0,0.0,0.0,49512.2800000002,0.0,0.0,0.0,0.0,0.0,0.0,0.0,0.0,34310.78,0.0,0.0,121600.97,16.1,0.0,0.0,0.0,0.0,0.0,
9910,2023-11-01 19:00:00,12133,11888,4.665041005786604,8.737147537468221,815,890,0.9607096774193548,0.7415675089014174,2718,2621,2.3136224011987263,3.441810896625353,1321,1491,0.9646941678520626,1.0816137706484952,614,4.0175732899022805,19.631177095213918,2378,2378,8.117775441547519,21.41072908782804,13.0,4.0,0.3758823529411764,0.283487914952076,11026,11158,2.267975117201587,2.6881572598645307,67,0.5170149253731343,0.3204009378439194,51,0.5856862745098038,0.3905564401579697,9,0.48,0.227498473743354,9,0.4744444444444445,0.1916078814843314,1588,1588,4.28227959697733,10.42671454915611,1017,2.493205506391347,4.573017648449183,3372,3449,1.3897522357425598,1.3872767023102035,2653,2.042382208820204,2.2347745563970056,2210,2280,1.857305122494432,3.182592750088146,2312,2312,1.7488754325259517,3.356626037366265,661,47.58885022692889,101.58784677903884,919,1.4071599564744288,1.852286499097904,90,1.2063333333333333,0.9364963664875824,1362,1.9493538913362705,3.276064424597723,980,1.4420408163265306,1.8450800874071216,689,42.96105950653121,73.40780465071795,673,1.5481129271916791,2.184382668518119,2316,2316,2.4275777202072537,3.671883432361485,2221,2221,2.5339801891040072,3.624770589404513,3932,3822,5.060450090275987,9.923765118416874,4410,4590,2.258283333333334,3.101476973914561,1342,23.470782414307006,58.57616253134891,2242,2221,8.266215550078423,21.306286428140748,1883,10.283616569304304,25.66045597169063,8,9,0.5523529411764706,0.468119258457082,6,1.05,0.9290496936834614,1194,12.967989949748745,39.495715854179295,169,191,2.8628888888888886,4.042121828513239,182,209,3.015473145780051,2.31076181649094,,,,,,,,,,,,,,,,,,,,,,,,,,,,,,,,,,,,,,,,,,,,,,,,,,,,,,,,,,,,,,,,,,,,,,,,,,,,,,,,,,,,,,,,,,,,,
9910,2023-11-02 19:00:00,13401,13312,3.999446711339048,7.617849211529824,1346,1165,0.8686340103544405,0.8089346787463749,3467,3467,1.6857254110181712,2.4070185179057484,2039,2009,0.8496146245059288,0.8736734437238763,679,2.006141384388807,3.9735896693943342,3581,3581,5.889064507120915,14.154122505674472,6.0,5.0,0.3381818181818182,0.1210423052879508,12666,12496,2.415757491455369,2.993545588438056,103,0.7273786407766989,0.6356129388924306,115,0.6978260869565217,0.4961815632077604,27,0.7162962962962963,0.4595178483467704,27,0.6551851851851852,0.3205940131412356,2190,2190,3.422429223744292,8.790469758423486,794,1.720239294710327,2.835947114890531,4851,4727,1.480248486114011,1.6207030152324424,3174,2.111241335853812,2.1614988228168595,2793,2715,1.6142138707334786,2.467278007327719,2921,2921,1.478370421088668,2.105169477500189,777,42.72723294723294,85.16176780812164,1153,1.2329488291413704,1.3631858932986975,66,1.3266666666666664,1.125072837148284,1694,1.4940023612750886,2.269901940471632,1205,1.263560165975104,1.3751954449968995,766,38.09471279373368,77.62549969892362,975,1.6384,4.866196883261781,2934,2934,2.037842535787321,3.254416371324558,2585,2585,2.106851063829787,3.557125203966844,5292,5138,4.124529242569511,7.458776810508027,5821,5799,2.254577452667814,3.12063810591088,1895,16.59378364116095,45.82182770852222,3274,3304,5.967747035573122,14.023849682904904,2448,7.316319444444444,27.594042749046224,13,5,0.545,0.4373944317076852,5,0.694,0.2995730294936445,1926,5.070342679127726,9.899774166262942,197,198,2.628911392405063,1.6219867735017193,177,181,2.7334078212290502,1.732254192626414,,,,,,,,,,,,,,,,,,,,,,,,,,,,,,,,,,,,,,,,,,,,,,,,,,,,,,,,,,,,,,,,,,,,,,,,,,,,,,,,,,,,,,,,,,,,,
9910,2023-11-03 19:00:00,13421,13188,4.170008267879289,7.5419569606089265,1306,1206,0.8327229299363058,0.5774679710833184,3300,3388,1.6796037679425837,2.137434470090995,1907,2008,0.8597113665389527,0.7350754253345892,614,3.136628664495114,13.316338102428954,3485,3485,6.275509325681493,15.338238621928763,9.0,4.0,0.3123076923076923,0.1537807553306302,12554,12868,2.3854806860199824,3.6761905275359945,90,0.9866666666666668,1.4748303103897902,80,0.997,1.5100177151278722,11,0.6536363636363636,0.4273230144488896,13,0.513846153846154,0.2450600699212796,2168,2168,3.6253874538745383,8.53326673004201,949,1.866343519494204,3.7984977913690376,4768,4912,1.4501539256198346,1.4189384953477129,2990,1.9809331103678929,1.9766769432562048,2802,2732,1.5670780628839898,2.3312133074196426,2841,2841,1.5688877155931011,2.5521482820628765,682,47.39475073313783,77.16217214401014,1103,1.331069809610154,2.4720765012692314,80,1.45775,1.410213614137943,1679,1.5145562835020847,2.069075811510245,1166,1.376277873070326,2.451102151010949,751,41.031451398135815,73.17891737169737,967,1.423329886246122,2.1143858165790994,3052,3052,2.0311074705111403,3.154597928736522,2751,2751,2.0052599054889133,3.7390585898314703,5232,5268,4.194172380952381,8.058866450526876,5964,5896,2.124010961214165,2.6525618133368614,1700,18.468164705882355,40.94072129220262,3287,3309,6.205768647665252,14.964831706142608,2273,7.532736471623407,19.238673373713763,22,8,0.5473333333333332,0.4963730675834681,6,0.6166666666666666,0.1317404856357966,2364,6.236421319796954,17.617603798161287,173,188,2.792354570637119,2.07639356709435,190,183,3.026648793565684,3.485398308651628,,,,,,,,,,,,,,,,,,,,,,,,,,,,,,,,,,,,,,,,,,,,,,,,,,,,,,,,,,,,,,,,,,,,,,,,,,,,,,,,,,,,,,,,,,,,,
9910,2024-10-28 19:00:00,15525,15698,3.6633408064567785,6.325486563514656,1462,1392,0.8164716187806588,0.6329941777080623,2667,2694,1.4480264875955975,1.5265358065835577,2212,2154,0.8619445716903344,0.7283813514714691,1259,4.540778395552025,13.718897810623922,4040,4040,4.951289603960396,11.463161392227208,12.0,12.0,0.3041666666666667,0.1503583682037314,14688,14350,2.2261829327088645,2.4272781116891,131,0.7341984732824428,0.6798820667810658,138,0.7182608695652174,0.5170119179007557,13,0.923846153846154,0.7005771078358675,15,0.8213333333333334,0.4111750100491138,2689,2689,3.031111937523243,6.453163562243416,1018,2.0897151277013752,4.867323709767521,4627,4536,1.3461715595329042,1.331152535931836,4007,2.2051185425505366,2.5977095706409568,2470,2575,1.5219702675916749,2.7135244587462446,2798,2798,1.5761186561829876,2.678866691485923,1200,26.46399166666667,43.30028817436743,1440,1.2483541666666669,1.3433319373894217,308,1.1387012987012988,1.2267797573791297,1382,1.2212083936324167,1.290693920874548,1716,1.27238344988345,1.3865544724895011,655,52.73064122137404,86.94139904197019,828,1.646340579710145,4.6776082408662605,2514,2514,2.1841686555290374,3.9962254124028473,2381,2381,2.001826963460731,3.4570089953475502,6047,6072,3.7415025992243582,7.853198541492232,6461,6287,1.9831683401317857,2.6195573925290385,2055,16.474637469586373,31.22229406168629,3719,3717,4.977079074771382,11.500545371201303,3020,6.937218543046357,13.491887722497449,22,14,0.4233333333333333,0.294778636343349,15,0.7539999999999999,0.5285426504392369,2394,3.224360902255639,5.742525055680034,137,203,2.5675882352941177,2.03541657996078,172,198,2.787810810810811,3.064638652813013,,,,,,,,,,,,,,,,,,,,96.1799999999999,0.57,0.8,0.47,1.47,9532.69999999998,1.47,2.03,0.7,11.2,5716.83999999999,0.87,1.0,12.32,16301.32,45343.2700000003,1.57,7762.87000000001,12.01,2127.33,1.93,0.33,2.17,0.23,33855.38,0.57,37009.5600000001,0.87,1.43,1.0,1.2,10982.0,1.47,3.03,20950.4,1363.17,0.83,2.215,1797.63,25281.4300000001,2330.20999999999,12334.9700000001,99.12,64643.900000001,0.77,350.72,3763.24999999998,0.63,0.87,2183.41,6.3,15.24,31756.79,0.97,40006.4200000002,1031.49,872.980000000001,1.13,2.03,7719.12,7678.33999999994,8819.96000000002,8835.90999999997,34538.57,1.8,0.83,114380.489999999,16.0,11.31,0.83,0.93,7.3,1687.71,
9910,2024-10-29 19:00:00,14825,14795,3.961163740715732,7.242421349818056,1324,1410,0.8043379663496709,0.5835596163147148,2974,2998,1.4517196918955124,1.7414089113255715,2186,2364,0.8456791208791209,0.7707454150618007,907,3.7951598676957,7.742276106379062,3906,3905,6.004638330559467,16.887274145634333,9.0,5.0,0.3935714285714287,0.2483260282904927,13646,14241,2.336426291820562,2.974939066006779,115,0.7762608695652173,0.765564822313866,110,0.8028181818181819,0.7772142933909795,23,0.717391304347826,0.4665900108074059,24,0.6379166666666667,0.405215777566581,2460,2460,3.206825203252033,8.354300628161896,854,1.8833489461358317,3.1615490715205383,5033,5172,1.4672043116119549,1.5994072560488293,3265,1.937623277182236,2.158196566958801,3125,3149,1.628144724258846,2.355212506142483,3084,3084,1.5477075226977954,2.051097290413688,863,37.59118192352259,61.43523732108531,1165,1.2970557939914165,1.4172445615001044,252,1.2924603174603173,1.260282902548885,1265,1.2047035573122529,1.2081847075740548,1381,1.355097755249819,1.4599294994045933,578,57.08214532871972,92.77603943541372,1071,1.739943977591036,4.023672319217324,3086,3086,2.2036130913804275,3.2761427542293005,3038,3038,2.2180743910467413,3.2453145257477742,5870,5946,4.208905721056195,8.977771752636158,6348,6540,2.288693358162632,3.345569816762514,1591,20.858378378378383,41.90827248542816,3654,3643,6.030052076195697,15.99059281567486,2538,7.310630417651693,14.70186214961912,16,5,0.4242857142857142,0.2333313896906414,15,0.5553333333333333,0.2202987870042764,2637,4.76127417519909,13.465330064088269,202,176,2.977989417989418,2.715068412887695,203,222,3.090070588235294,3.017309474615677,,,,,,,,,,,,,,,,,,,,89.27,0.57,0.93,0.5,1.47,13477.02,1.47,2.27,0.53,15.67,3442.20999999999,0.93,1.2,15.31,15777.58,49732.43,1.93,8669.66999999999,16.5,1608.38,2.03,0.33,2.33,0.27,33185.68,0.53,44001.2900000001,0.8,1.43,0.97,1.3,13600.7,1.33,3.03,18554.38,1863.48,0.87,2.43,1511.07,29496.6800000003,2199.06,14972.8200000001,88.31,65155.9200000013,0.57,325.7,3847.83999999998,0.67,0.93,1871.39,7.3,8.91,32441.19,0.97,46902.23,1313.28,1125.68,1.2,2.27,12555.48,10214.98,9546.25999999997,6326.34,32993.48,2.0,0.9,117329.67,18.165,8.33,0.9,0.97,5.51,1523.95,
9910,2024-10-30 19:00:00,14930,14814,3.7089668504572346,6.055963764791848,1510,1508,0.8658681245858184,0.584160648445308,3055,3094,1.457900471621402,1.6549776087682435,2238,2159,0.8985535592449397,0.7272137550225017,893,3.068286674132139,13.305077985491582,3971,3971,5.116215059179048,12.158335007380105,7.0,11.0,0.3511111111111111,0.2431023764427216,13858,13982,2.198836925287356,2.4439588957343004,118,0.7461016949152545,0.8711739925246648,114,0.75,0.8054474619955592,16,0.548125,0.2845219400591104,15,0.6993333333333333,0.4196898325615663,2615,2615,3.4858929254302105,7.933503367047846,850,1.8603764705882355,2.977336488231092,4723,4822,1.370608695652174,1.3070959322724764,3288,2.06544099756691,2.1489925750824708,2426,2574,1.403142,2.37448092597856,2659,2659,1.4161489281684845,2.426187016549234,704,45.799346590909096,64.79764562505592,1355,1.335210332103321,1.3305276302837905,190,1.286578947368421,1.33031313352947,1529,1.3462262916939176,1.3807200720634871,1505,1.3921328903654484,1.391403472590235,608,52.60333881578947,77.39249085023445,908,1.509460352422907,3.0719406247798093,2722,2722,2.1093166789125646,4.452967561770499,2457,2457,1.8846967846967848,2.777473531502108,5654,5582,3.637858668565326,7.0203480489456105,5990,6083,1.9733156630497808,2.369144078678065,1895,16.847065963060686,35.58255672452018,3662,3645,5.159120021896811,12.03879145702291,2743,6.4391615020051045,14.611565483829736,5,5,0.441,0.2911511634872853,14,0.5457142857142857,0.19927419321536,2124,5.575593220338983,15.34384444985014,117,130,2.6382591093117416,4.1216487559319415,142,141,2.3865017667844524,1.2659456956812325,,,,,,,,,,,,,,,,,,,,88.0400000000001,0.57,0.85,0.515,1.43,9261.39999999998,0.93,2.33,0.63,20.765,2739.98,0.83,1.07,10.49,18231.2200000001,40874.9800000003,1.9,8964.63000000003,8.77,1581.32,2.0,0.335,2.23,0.27,31925.19,0.565,37697.6900000001,0.9,1.63,0.97,1.23,11483.12,1.43,2.77,17662.62,1370.59,0.9,2.13,1809.21,23823.8400000001,2613.18999999999,13082.46,85.5,61215.6200000011,0.435,244.45,3950.93999999998,0.73,0.87,2095.16,6.43,4.41,32242.74,0.93,40632.9800000002,675.38,651.65,1.1,2.3,11842.56,7015.70999999999,7531.07999999996,6791.16999999998,31982.83,1.83,0.93,110319.51,18.735,7.64,0.83,0.97,6.32,2058.38,
9910,2024-10-31 19:00:00,16207,16375,3.795924743723528,6.629295934750076,0,0,0.0,0.0,0,0,0.0,0.0,2429,2346,0.873124607329843,0.6891892468552211,0,0.0,0.0,4197,4197,5.65507505360972,14.339746967039304,0.0,0.0,0.0,0.0,0,0,0.0,0.0,0,0.0,0.0,0,0.0,0.0,0,0.0,0.0,0,0.0,0.0,0,0,0.0,0.0,0,0.0,0.0,0,0,0.0,0.0,0,0.0,0.0,0,0,0.0,0.0,0,0,0.0,0.0,0,0.0,0.0,0,0.0,0.0,0,0.0,0.0,0,0.0,0.0,0,0.0,0.0,700,49.54847142857143,82.57307433561438,0,0.0,0.0,0,0,0.0,0.0,0,0,0.0,0.0,0,0,0.0,0.0,0,0,0.0,0.0,2084,16.67107005758157,48.06279121306699,0,0,0.0,0.0,0,0.0,0.0,0,0,0.0,0.0,0,0.0,0.0,0,0.0,0.0,0,0,0.0,0.0,0,0,0.0,0.0,,,,,,,,,,,,,,,,,,,,0.0,0.0,0.0,0.0,0.0,0.0,0.0,2.3,0.0,0.0,0.0,0.0,0.0,0.0,0.0,0.0,0.0,0.0,0.0,0.0,2.0,0.0,0.0,0.0,34742.51,0.0,0.0,0.0,0.0,0.0,0.0,0.0,0.0,0.0,0.0,0.0,0.0,0.0,0.0,0.0,0.0,0.0,0.0,0.0,0.0,0.0,4169.16999999998,0.0,0.0,0.0,6.03,0.0,0.0,0.0,47468.7000000001,0.0,0.0,0.0,0.0,0.0,0.0,0.0,0.0,34683.93,0.0,0.0,123678.82,15.765,0.0,0.0,0.0,0.0,0.0,
9911,2023-11-01 19:00:00,11543,11650,4.998399948260251,9.817959836331775,599,980,0.9359404686510452,0.7148193739899048,2841,3023,2.5896128922237382,4.49836875127564,1300,1464,0.9776772793053546,1.026278999448046,328,2.989878048780488,5.371039095066955,2145,2145,10.82251282051282,28.02269662327388,3.0,4.0,0.4342857142857143,0.2272102325950976,9835,11683,2.299509248071382,2.8267657378279885,56,0.7226785714285714,0.5591175798633459,48,0.8347916666666667,0.6382527894681611,7,0.5757142857142856,0.2721269211682111,5,0.594,0.3299454500368204,1375,1375,5.818952727272728,15.770777018775808,941,3.0282996811902234,6.339892562498795,3216,3498,1.4028522490318738,1.4429094701220804,2055,1.7293236009732358,1.8376876086168503,2370,2577,1.981467556094603,3.5724607814614844,2370,2370,1.8792700421940929,3.625515661689129,596,58.23577181208053,137.43103419158302,722,1.4346814404432136,4.08701998744124,45,1.078888888888889,0.8646623547109709,1497,2.1971676686706747,4.387954681456553,763,1.4261074705111405,3.982085397661536,686,43.84813411078717,87.02128556685406,743,2.147913862718708,7.328525037694283,2568,2568,2.644365264797508,4.882188563895828,2542,2542,2.700232100708104,3.885348275343692,3768,3895,6.110782983165863,12.37436818936144,4374,4747,2.416082666374301,3.4237872006727548,963,33.616926272066465,82.27244024321878,2042,2041,11.024259123193731,28.00190277217021,1478,11.837814614343708,23.730081393681463,7,4,0.6118181818181818,0.5524131882735173,5,0.842,0.4014673087562673,1458,4.595761316872428,11.549378144796703,182,175,3.170364145658264,4.43256097376736,207,192,2.9278195488721805,2.05645118741836,,,,,,,,,,,,,,,,,,,,,,,,,,,,,,,,,,,,,,,,,,,,,,,,,,,,,,,,,,,,,,,,,,,,,,,,,,,,,,,,,,,,,,,,,,,,,
9911,2023-11-02 19:00:00,12864,13132,4.211314817664255,7.418154764183802,869,1441,0.8511341991341991,0.6246852812459335,3347,3543,1.837088534107402,2.879303077364366,1696,2063,0.8371242351689279,0.7257426342062288,391,2.877391304347826,5.964745175660379,3274,3274,6.890158827122786,17.349050108912436,5.0,6.0,0.29,0.135243887443792,11540,13029,2.4135308722373723,3.0423317936003422,78,0.8344871794871795,0.7318516163111023,77,0.775844155844156,0.5030281049940428,24,0.6020833333333334,0.3354720451178541,22,0.5,0.3029251332650303,2054,2054,4.548524829600779,13.888849008889824,983,2.435910478128179,4.539451206195568,4582,4876,1.5162211884119263,1.6539142696086913,2336,1.8011643835616435,1.7364478228473192,2819,2962,1.6129752637951913,2.433765249423896,2948,2948,1.5509090909090908,2.477393978335487,548,60.45158759124088,113.69738470885264,873,1.3780068728522337,1.8543717985941397,57,1.288421052631579,1.158846658147939,1693,1.6616420555227407,2.541565906365653,920,1.396141304347826,1.8454512237291767,684,43.55630116959065,71.64476232720011,951,1.3985804416403784,1.741176942080929,3018,3018,2.228760768721007,3.624949887237309,2752,2752,2.263244912790698,4.22162164207724,4750,5188,4.598120346146106,8.614562248994767,5435,5849,2.357303261254874,3.1798129293571966,1092,29.85288461538461,66.28582529742171,3141,3047,6.890237556561086,17.26471231155732,1917,8.89567031820553,21.03960556990341,2,6,0.6912499999999999,0.5054561677336621,12,0.8166666666666668,0.3224472394396054,1938,6.020123839009288,17.787679389542618,181,213,2.745710659898477,2.0977203308194032,181,204,2.9368311688311683,2.622937945320577,,,,,,,,,,,,,,,,,,,,,,,,,,,,,,,,,,,,,,,,,,,,,,,,,,,,,,,,,,,,,,,,,,,,,,,,,,,,,,,,,,,,,,,,,,,,,
9911,2023-11-03 19:00:00,13414,13501,4.248862715957644,7.414468517894659,1018,1480,0.8469895916733388,0.5917567452325119,3437,3608,1.732088005677786,2.3074235978910638,1904,2191,0.8547863247863248,0.7867881243597297,409,3.0862347188264057,9.124768570795611,3498,3498,6.908719268153231,16.835067719092738,3.0,8.0,0.2990909090909091,0.0885699051550443,12565,12908,2.431091351627213,3.5844500235762684,103,0.7558252427184465,0.6405042374549574,91,0.6474725274725275,0.6119678103410441,9,0.8,0.9100427340393294,4,0.9225,1.159382917762721,2188,2188,3.985959780621573,9.438439445220173,886,2.236851015801354,5.266843893506927,5090,5328,1.5462555192935303,1.7429687898306256,2468,1.952945705024311,3.4924139184242047,3002,3191,1.5500435976102052,2.0836867738043274,3145,3145,1.5366613672496026,2.102337040436612,499,69.22775551102205,119.62076101372767,947,1.284128827877508,1.377487020766109,53,1.1711320754716985,0.8999363926733692,1753,1.5117398745008557,2.0753827258750808,998,1.282745490981964,1.3624038924220978,698,43.62055873925502,71.31221129493721,1150,1.6821130434782607,3.10690772666389,3273,3273,2.2745249007027195,3.633569394735046,3023,3023,2.1723883559378097,4.135732544201222,5590,5400,4.455256596906279,8.634575791113527,5836,6213,2.3414465930782637,3.890120177781584,1293,26.13403712296984,61.27504829569509,3352,3324,6.819198621929299,16.278164628751643,2088,8.55278735632184,32.52863992267661,3,9,0.5408333333333334,0.4820521813616816,12,0.5108333333333331,0.229254528611517,1842,5.774755700325733,17.575909209751803,161,177,2.557248520710059,1.865880616947128,187,194,2.721784776902888,2.551718573964053,,,,,,,,,,,,,,,,,,,,,,,,,,,,,,,,,,,,,,,,,,,,,,,,,,,,,,,,,,,,,,,,,,,,,,,,,,,,,,,,,,,,,,,,,,,,,
9911,2024-10-28 19:00:00,15333,15257,3.6221886237332463,6.345458190392273,1047,1547,0.838828064764842,0.6361007971230445,2601,2559,1.370705426356589,1.3764376861754557,1937,2286,0.8760407293393322,0.745995926324004,970,3.868340206185567,7.165262250704656,3984,3984,5.042924196787149,13.126056961008947,7.0,11.0,0.2388888888888889,0.0537368990637499,13576,14171,2.185245972537572,2.5064494111969893,152,0.7064473684210526,0.4947107180952702,138,0.7076811594202899,0.5655359005955536,25,0.8896,0.703633313594517,26,0.7776923076923077,0.4910452563532024,2724,2724,2.932287077826725,6.012285087378857,1196,2.066939799331103,3.507794641062603,4554,4703,1.3635972777357674,1.3171726068391134,3725,1.92766711409396,2.3061511575935767,2531,2586,1.5294801641586868,2.266377298178134,2625,2625,1.498030476190476,2.1825226398268853,1222,26.62914075286416,53.480076529447615,1158,1.2027633851468047,1.3331325055472711,185,1.2011891891891893,1.139086258695096,1206,1.1835903814262023,1.1634038787604155,1332,1.225668168168168,1.3305101601581373,928,34.59715517241379,70.41063232255571,873,1.9424284077892329,10.477772297387167,2590,2590,2.08103861003861,3.829681877679078,2456,2456,2.000960912052117,3.1339158760792927,5834,6119,3.6701673220112094,8.030998791766416,6010,6379,2.007222536120752,2.742450044862201,1913,17.19186095138526,39.41928811205723,3683,3628,5.092032553686226,13.160127461666592,2816,7.213615056818181,16.15803027599943,4,20,0.6733333333333333,0.6039292637019302,13,0.5676923076923077,0.2239214782069082,2268,3.744047619047619,8.048944836552144,161,143,2.775625,2.6432518855431906,184,160,2.874186046511628,2.7237218957497658,,,,,,,,,,,,,,,,,,,,107.38,0.53,0.87,0.57,1.4,9828.71999999998,1.63,2.07,0.55,9.82,3752.28999999999,0.9,1.07,20.22,15975.1,43869.5100000003,1.77,7072.83999999999,22.24,2472.05999999999,1.915,0.515,2.37,0.2,32888.0300000001,0.57,37227.8500000001,0.83,1.43,0.93,1.17,10779.78,1.3,3.07,20313.54,1695.74,0.83,2.25,1392.8,24867.4800000001,2175.92,12622.82,97.66,60634.0200000008,0.53,222.22,3699.51999999997,0.67,0.87,1632.59,6.47,16.16,32540.81,1.0,40182.02,988.72,843.79,1.1,2.07,8491.49999999999,7826.34999999993,7864.65999999995,7180.56,32106.16,1.77,0.83,110802.749999999,6.8,7.38,0.87,0.93,4.3,1427.41,
9911,2024-10-29 19:00:00,14471,14802,3.994177911385919,6.934277869147143,1125,1578,0.8354088050314464,0.6606568339087412,3129,3097,1.5259347895920337,2.244988394050023,2154,2445,0.8781539465101109,0.7641951750003234,760,2.935460526315789,6.188910162414852,3968,3968,6.2998324092741935,15.676021880747792,5.0,5.0,0.396,0.3220931542271583,13730,14016,2.330152454407843,3.0332102478507177,118,0.7278813559322034,0.6353430298544261,93,0.8030107526881721,0.6952647595742827,22,0.8590909090909092,0.7947492977543243,18,0.9094444444444444,0.7806085391270228,2503,2503,3.449804234918098,7.877901000432976,1099,1.9212283894449496,2.982661458107496,5288,5393,1.4689139593671003,1.5584552222328871,3169,1.884111707163143,2.3998924665911394,3244,3322,1.6319859884252206,2.239089943347538,3274,3274,1.506337813072694,2.0705923733405283,868,39.45268433179723,72.16830658535676,1202,1.3138602329450917,1.3561982834842905,149,1.1032885906040268,1.0635961809721537,1365,1.3144615384615386,1.7887149149754156,1324,1.3407703927492447,1.352865319482377,766,41.15738903394256,77.226980715052,1184,1.7216807432432435,3.0985854383929885,3294,3294,2.2100425015179117,3.891903400749818,3220,3220,2.1794316770186337,3.1682311158937035,5823,6237,4.341235489220564,8.596037328936236,6515,6825,2.327363568215892,3.447626463110163,1566,21.630178799489144,48.41383895535031,3765,3718,6.281762662033944,14.692399345809669,2474,7.246641067097816,23.28611286538944,2,8,0.37,0.2209977375449803,6,0.7166666666666668,0.3130317697756713,2346,3.5562404092071604,6.658311801388186,187,200,3.037984496124031,3.623535408636262,226,229,2.921186813186813,2.852864440269005,,,,,,,,,,,,,,,,,,,,85.8899999999999,0.6,0.77,0.615,1.43,14035.5400000001,1.2,2.5,0.8,13.85,2230.95,0.97,1.17,16.37,17269.72,52355.3000000003,1.7,9500.46999999997,18.9,2111.43,2.03,0.25,2.37,0.265,33872.86,0.865,47006.4300000004,0.83,1.57,1.0,1.3,14559.76,1.23,3.23,17928.19,2038.47,0.9,2.37,1579.26,31047.0300000002,2258.11,15689.4700000001,74.68,64652.4100000009,0.63,164.39,4038.62999999998,0.67,0.9,1775.18,7.785,3.7,34244.93,0.97,49995.4700000001,1329.14,1175.7,1.2,2.47,8342.94000000001,10715.6199999999,9863.49999999993,5970.74999999999,31526.56,2.0,0.9,116921.57,10.215,4.3,0.9,1.0,3.96,1794.24,
9911,2024-10-30 19:00:00,14808,14572,3.8432123893805294,6.309230992115306,970,1618,0.8799188562596602,0.6170119459813558,2939,2987,1.509343570705366,2.0130692102793257,1718,2195,0.8814030155890621,0.7612284779662793,567,2.7643386243386243,5.974216902330542,3518,3518,5.919332006822057,14.807330183213134,6.0,8.0,0.3185714285714285,0.1231640684416605,13010,14279,2.2136897651068197,2.6158040746023103,96,0.8861458333333333,0.966645153990149,108,0.947777777777778,1.3486916385158132,25,0.5672,0.3179625135137788,23,0.6982608695652174,0.3980676387130059,2340,2340,3.7109487179487184,8.347077191864395,1071,1.8147152194211016,2.473939933341816,4410,4638,1.392835985853227,1.458131451048576,3000,1.7765633333333333,1.7563626872950309,2512,2527,1.4768128596943837,2.204602593814009,2699,2699,1.4312856613560578,2.207848058362772,629,53.04069952305246,95.85956344467252,1249,1.613234587670136,1.7088451033029048,108,1.3452777777777778,1.5217706903310424,1436,1.363126740947075,1.9910882337079563,1328,1.640941265060241,1.761369462120987,668,48.2700748502994,89.18594098122738,896,1.5151116071428572,2.2555789932269503,2718,2718,2.2875827814569534,4.646270194226862,2478,2478,2.140516545601291,3.6975675390368674,5077,5409,4.007354567995422,8.046440177163596,5548,5919,2.1203488270689808,2.8952162154525203,1477,22.064766418415708,46.54003399964552,3279,3225,6.016689729397294,14.329826322100605,2282,7.998295354951795,16.659437906818326,4,3,0.5242857142857142,0.4757807761341094,10,0.4669999999999999,0.2827030243913213,2646,3.4749433106575967,5.819506299353485,109,132,2.86103734439834,5.632120183562392,134,122,2.45734375,1.5273754472414232,,,,,,,,,,,,,,,,,,,,85.07,0.53,0.8,0.57,1.4,10608.4,1.0,2.37,0.67,18.47,1567.38,0.9,1.185,16.06,17367.24,42021.1200000003,1.87,8944.37,14.18,1943.56,2.0,0.23,2.185,0.285,32589.66,0.37,39132.5500000002,0.9,1.57,1.0,1.27,12435.3,1.23,3.385,18252.11,1357.54,1.0,2.1,2014.93,24314.0400000002,2277.23,12602.38,102.36,60409.380000001,0.47,145.29,3448.92999999998,0.73,0.87,2179.17,7.83,3.67,33362.6,0.97,41648.4200000002,629.08,689.51,1.13,2.43,9194.69999999998,7441.65999999997,7726.07999999994,5329.69,32244.41,1.9,1.0,112913.579999999,13.385,4.67,0.87,0.93,4.46,1957.45,
9911,2024-10-31 19:00:00,16196,15604,3.971909119496855,6.920233743365171,0,0,0.0,0.0,0,0,0.0,0.0,1717,2210,0.8834428316781259,0.6821125479838824,0,0.0,0.0,3433,3433,5.909912612875037,15.871151741748545,0.0,0.0,0.0,0.0,0,0,0.0,0.0,0,0.0,0.0,0,0.0,0.0,0,0.0,0.0,0,0.0,0.0,0,0,0.0,0.0,0,0.0,0.0,0,0,0.0,0.0,0,0.0,0.0,0,0,0.0,0.0,0,0,0.0,0.0,0,0.0,0.0,0,0.0,0.0,0,0.0,0.0,0,0.0,0.0,0,0.0,0.0,653,54.97249617151608,88.70934649710654,0,0.0,0.0,0,0,0.0,0.0,0,0,0.0,0.0,0,0,0.0,0.0,0,0,0.0,0.0,1417,26.42741707833451,61.684454555147525,0,0,0.0,0.0,0,0.0,0.0,0,0,0.0,0.0,0,0.0,0.0,0,0.0,0.0,0,0,0.0,0.0,0,0,0.0,0.0,,,,,,,,,,,,,,,,,,,,0.0,0.0,0.0,0.0,0.0,0.0,0.0,2.3,0.0,0.0,0.0,0.0,0.0,0.0,0.0,0.0,0.0,0.0,0.0,0.0,2.03,0.0,0.0,0.0,37447.6499999999,0.0,0.0,0.0,0.0,0.0,0.0,0.0,0.0,0.0,0.0,0.0,0.0,0.0,0.0,0.0,0.0,0.0,0.0,0.0,0.0,0.0,3469.27999999999,0.0,0.0,0.0,8.2,0.0,0.0,0.0,40577.4600000001,0.0,0.0,0.0,0.0,0.0,0.0,0.0,0.0,35897.04,0.0,0.0,126306.709999999,18.73,0.0,0.0,0.0,0.0,0.0,
9912,2023-11-01 19:00:00,12899,12258,4.801405175497873,12.882965618422412,1082,753,0.8996621253405994,0.6560679629003818,2827,2783,2.530907308377897,5.422812977135681,1578,1359,0.9471433435478378,0.8793231705238281,772,2.953821243523316,6.609175129342989,2468,2468,8.30807131280389,22.69389854580372,6.0,10.0,0.334375,0.145557924466516,12055,11000,2.2632734764693123,2.819576291597599,76,0.8174999999999999,0.565862464692056,67,0.8123880597014924,0.6118264546451861,4,0.3725,0.0831790237980706,4,0.3675,0.1269596392559462,1651,1651,4.372586311326469,11.560532009256258,962,2.151964656964657,4.5516650658777325,3649,3425,1.346023466214306,1.3410210116565493,2986,2.0301808439383797,1.9692043250832083,2381,2296,1.7981654906991662,2.645382253157723,2322,2322,1.7703402239448751,3.422626303656335,719,49.43158553546592,114.13432328318608,1011,1.4971117705242334,3.2755489518664085,102,1.6952941176470584,2.2581680523624663,1468,2.386042234332425,7.904542433307581,1105,1.5411764705882354,3.210786806856596,784,41.05265306122449,69.66086443644448,717,1.890362622036262,4.412433034046161,2414,2414,2.5046188898094446,4.447446061542605,2335,2335,2.526920770877944,3.728852144129687,4136,3785,5.220733493245803,11.676542812139749,4844,4424,2.253609192921882,3.2966104597867485,1564,22.385664961636827,74.19561797440508,2265,2295,8.613912280701754,22.96571337239128,2084,10.55035508637236,49.03503473387004,11,12,0.478695652173913,0.3038063506195165,4,0.36,0.0367423461417476,1302,9.610875576036866,27.58504386176477,194,182,2.9896542553191487,2.749641976236523,215,196,2.9255717761557176,1.980777662314623,,,,,,,,,,,,,,,,,,,,,,,,,,,,,,,,,,,,,,,,,,,,,,,,,,,,,,,,,,,,,,,,,,,,,,,,,,,,,,,,,,,,,,,,,,,,,
9912,2023-11-02 19:00:00,13689,13533,3.9607416795239145,7.215295959285774,1485,1048,0.8551717331227792,0.7422902455538072,3398,3295,1.6681458239952192,2.047870255107349,2165,1849,0.847045341305431,0.8188287717745208,964,2.4604668049792533,5.21071081017152,3548,3548,5.760169109357384,15.386614549649126,7.0,4.0,0.2627272727272727,0.1398759781241881,13659,12323,2.395313678700639,3.007602430613064,109,0.7302752293577984,0.5600826588988981,95,0.7271578947368421,0.5084334312539062,17,0.8611764705882354,0.4966343471211837,22,0.7654545454545455,0.5446494057709157,2188,2188,3.2731718464351003,9.64376778197329,1060,1.882820754716981,5.41607283627825,4947,4682,1.4618060027001765,1.6868302375299682,3528,2.267463151927438,2.332011590851707,2833,2713,1.4971006130544535,2.2984433017993617,2821,2821,1.4647040056717475,1.929677004584508,857,38.06833138856476,63.76058227417253,1356,1.3153171091445428,2.942160921438931,175,1.316971428571429,1.2593973498852378,1609,1.4288875077688004,1.7688704349629687,1495,1.364742474916388,2.8508073462887804,700,44.87387142857143,76.96692966099539,901,1.795160932297447,7.457337923352314,2912,2912,2.0975240384615383,3.395836152692462,2604,2604,2.1352035330261137,3.8187676448956416,5236,4981,4.145832436135851,7.957546586107586,6045,5596,2.229229447641955,3.1807890612751386,2146,14.582488350419386,33.92314719366307,3215,3284,5.851514079089091,15.187863348459182,2723,6.6931876606683804,17.641121933753713,3,8,0.5454545454545455,0.4465089561631259,14,0.672142857142857,0.4732287059797463,2016,5.544642857142857,11.033920232890136,182,153,2.592985074626865,1.7992003322582308,176,141,2.6219242902208206,1.8529627790417396,,,,,,,,,,,,,,,,,,,,,,,,,,,,,,,,,,,,,,,,,,,,,,,,,,,,,,,,,,,,,,,,,,,,,,,,,,,,,,,,,,,,,,,,,,,,,
9912,2023-11-03 19:00:00,13541,13638,4.075775046911218,7.536467759336917,1522,1182,0.8494489644970415,0.6058951880517399,3434,3244,1.6380098831985626,2.3663203260541064,2205,1951,0.8691650625601539,0.7921235519483507,837,2.4925209080047788,5.692646599404866,3643,3643,6.050730167444414,16.5880053190862,6.0,8.0,0.3185714285714285,0.121352917609116,13519,12445,2.418031120012325,3.76208283950292,99,0.71979797979798,0.5585623316871243,105,0.718095238095238,0.5116194553769251,12,0.8383333333333333,0.4825079158821012,14,0.7914285714285715,0.5885800970235443,2264,2264,3.7251457597173134,10.613609907163518,846,1.3695508274231678,1.925768039136796,5109,4829,1.473629502918092,1.6073272923509825,3228,2.109185254027261,2.2141771541631434,2860,2885,1.4970861618798956,2.031617251081312,2992,2992,1.5251470588235294,2.244095679678158,754,42.47905835543767,74.65943595041594,1101,1.2601453224341506,1.7362539610351309,141,1.4831205673758865,1.8991054761589687,1579,1.4464027865737807,2.2079160891005385,1216,1.3367269736842105,1.8034176193181537,686,45.85287172011662,79.47222545469049,943,1.6029586426299047,5.129043002998071,3146,3146,2.1353210425937696,3.584141765484178,2840,2840,2.0811338028169013,4.362119088223438,5284,5241,4.122701187648456,8.752318889228139,6178,5747,2.203054088050314,3.7248368092247217,1941,15.885935085007729,37.832850254590994,3371,3404,6.081650184501844,16.774393758221425,2547,6.469053788771103,15.902749261904887,5,10,0.544,0.5498096640353519,15,0.4686666666666667,0.195511863805982,2202,7.610299727520434,18.771457554256497,158,147,2.9787868852459014,3.44779532842558,172,188,2.7415833333333333,2.4714325566246886,,,,,,,,,,,,,,,,,,,,,,,,,,,,,,,,,,,,,,,,,,,,,,,,,,,,,,,,,,,,,,,,,,,,,,,,,,,,,,,,,,,,,,,,,,,,,
9912,2024-10-28 19:00:00,16015,15868,3.564343380484898,6.092685965397892,1852,1142,0.8499432197728791,0.6212954043029261,2789,2528,1.3725559526048523,1.406325319942508,2582,2088,0.8805781584582439,0.7562236052303111,1640,3.152189024390244,8.04314451466477,4254,4254,4.458911612599906,11.578400730841894,9.0,8.0,0.2952941176470589,0.1175293528822793,15335,14170,2.2352116590408406,2.417411116418781,154,0.7412337662337662,0.5814841377855505,144,0.7309027777777778,0.6142960211973952,39,0.9943589743589744,1.238843122188528,37,0.972162162162162,0.913094338499988,2833,2833,2.649738792799153,5.166292205478218,1150,2.1538347826086954,4.125976584119597,4730,4486,1.321142578125,1.2786548017613322,4212,2.487571225071225,2.650808216519529,2536,2359,1.4436241062308477,2.6492818657437,2701,2701,1.406231025546094,2.6643990920974403,1281,25.71726775956284,42.9691102239784,1551,1.1000451321727918,1.095162063981154,220,1.088090909090909,1.3779200369031483,1367,1.2061228968544258,1.2467597949723197,1741,1.1475071797817349,1.172531927374423,562,62.6264590747331,112.20625862116952,757,1.4591677675033028,4.546464676109813,2457,2457,1.8527391127391128,2.6962735605757846,2314,2314,1.9255056179775285,3.694774654653783,6392,5782,3.5090471496632167,7.5177452550596415,6650,6095,1.900258925068654,2.4685400654180456,2706,12.311640798226165,28.505047274928675,3750,3880,4.551680209698558,11.756388937365934,3524,6.051972190692395,13.334350720430129,15,14,0.5306896551724137,0.4541755018103779,14,0.7678571428571429,0.511973472686519,2610,3.7424597701149422,7.524871262204382,160,113,3.147252747252748,4.331602939754973,181,133,3.1875796178343947,3.9116762011009714,,,,,,,,,,,,,,,,,,,,114.15,0.53,0.7,0.6,1.47,8911.23999999997,1.33,1.9,0.63,11.33,5169.59,0.83,0.93,35.97,15013.42,42719.1400000003,1.67,7297.87999999999,38.78,2476.91,1.9,0.33,2.37,0.23,33315.3,0.585,34729.3200000002,0.83,1.27,0.93,1.17,9104.36,1.63,2.5,21327.15,1104.59,0.77,2.37,1706.17,24218.8000000002,2544.72999999999,12175.65,105.25,65949.9200000006,0.67,239.38,4112.29999999997,0.67,0.8,1997.81,4.65,15.39,32943.82,0.97,37936.4200000002,1000.9,859.2,1.07,1.9,9767.81999999999,7066.53999999995,7596.45999999997,10477.65,35196.07,1.7,0.8,113641.96,19.35,10.75,0.73,0.93,5.02,1648.77,
9912,2024-10-29 19:00:00,15033,15131,3.824789815674314,6.833216347811252,1849,1199,0.8381561679790027,0.6176492237006953,3262,3107,1.5195305385460824,1.9404272682596475,2709,2144,0.8641458891407376,0.6829870673494451,1240,2.1503629032258065,3.953073991364756,4256,4255,5.441995065209729,15.318849747136651,9.0,9.0,0.355,0.2202586862961115,15519,13479,2.3151720808331606,2.9470647575621878,108,0.6543518518518517,0.442229773417135,113,0.7404424778761062,0.4604449356075094,27,0.7733333333333333,0.5234288660150277,33,0.7293939393939394,0.4524943622212954,2622,2622,2.9606331045003818,8.414920558447106,1055,1.9550995260663508,3.823247814705948,5637,5303,1.4337879341864717,1.5215442467108944,3942,2.1882546930492133,2.271993661621784,3247,3121,1.5617022613065328,2.158768731295925,3255,3255,1.448989247311828,1.954350928008472,914,36.59589715536106,61.40604866815137,1593,1.152241054613936,1.155244788205013,175,1.5714285714285712,2.393497551829173,1499,1.3993995997331554,1.8300525223563653,1729,1.244765760555234,1.3983964066738712,631,52.05600633914421,86.99459855844754,957,1.6013061650992684,2.518587798912177,3197,3197,2.136884579293087,3.758207931938307,3096,3096,2.110268087855297,3.061742627832224,6407,6052,4.034635203467373,8.382623184883593,7275,6502,2.193791101110546,3.3259688102246225,2438,13.078035274815422,29.822216635263604,3848,3967,5.506150991682661,14.601357332771746,3170,5.446744479495268,12.569030243530523,8,10,0.471111111111111,0.3042091548204018,7,0.5428571428571429,0.2548789228361624,2238,5.216434316353887,12.104190415872583,198,204,3.0397014925373136,3.3946583603552964,207,219,3.106549295774648,3.389528138758914,,,,,,,,,,,,,,,,,,,,70.67,0.67,0.9,0.5,1.47,13066.7800000001,0.9,2.23,0.7,15.965,2666.44999999999,0.93,1.13,24.07,15525.56,50267.5200000001,2.13,9677.89000000002,20.88,2062.63,2.0,0.3,2.33,0.27,31884.25,0.53,43030.5700000003,0.87,1.33,1.0,1.23,13663.24,1.5,2.47,17266.18,1532.45,0.8,2.23,1835.52,30223.8600000002,2554.7,15685.6400000001,83.67,67135.3600000011,0.67,275.0,4193.69999999998,0.7,0.87,2152.2,5.0,8.48,33448.65,1.0,46316.8200000002,1323.39,1221.96,1.13,2.27,11674.38,9944.91999999995,9432.91999999992,8626.1,32847.34,1.9,0.83,115370.96,16.2,3.8,0.87,0.97,6.39,2097.7,
9912,2024-10-30 19:00:00,15074,15256,3.5884721397955825,5.65094496735141,1940,1256,0.8896026282853567,0.6183069649629971,3238,2917,1.4308302193338749,1.3899078894364407,2470,1982,0.8850561545372866,0.7182605532557733,1179,2.3438931297709926,5.756969624945032,4130,4130,4.608029055690072,10.30361096059255,14.0,11.0,0.3127999999999999,0.200010399729614,15049,13491,2.199960056061668,2.5261632285204927,138,0.7443478260869565,0.6322343132439904,117,0.7692307692307694,0.5965300715242624,17,0.601764705882353,0.3327114152131675,14,0.5821428571428571,0.4292381718385089,2682,2682,3.1153877703206567,7.422695487141064,1012,1.913685770750988,3.850258108497467,5105,4746,1.353509288397117,1.34775501021011,3963,2.1413752207923293,2.1961891503269477,2540,2498,1.3688229456133387,2.107739726973627,2674,2674,1.3664510097232612,1.803639615861526,835,41.93552095808384,85.07551254637262,1621,1.2102405922270203,1.3238458374982576,227,1.471453744493392,1.4447206340381151,1492,1.3164946380697051,1.296177709057097,1813,1.2881356867071154,1.4163196050783229,603,54.77044776119404,89.61618659483068,966,1.7640890269151135,7.14792527691294,2730,2730,1.936875457875458,3.115734889274146,2498,2498,1.747241793434748,2.6221536091584574,5849,5552,3.411602491009561,6.197930168677236,6288,5879,1.9525807512122952,2.636431991747941,2453,13.69669384427232,46.26574815364496,3678,3773,4.701621258891424,10.425803974449556,3179,6.439804970116389,33.87955008032886,4,3,0.6157142857142858,0.4284142568941936,9,0.64,0.3635014901390823,2334,5.989614395886889,18.529438957440952,145,134,2.265125448028674,1.2531831450412507,133,158,2.350618556701031,1.332549282351763,,,,,,,,,,,,,,,,,,,,102.72,0.7,1.0,0.6,1.43,8729.22,0.9,2.13,0.435,15.27,2763.45,0.83,1.0,8.15,16710.94,38895.6800000001,1.93,8806.75999999999,10.23,1936.65,1.97,0.47,2.07,0.27,33597.99,0.8,35031.7800000002,0.9,1.5,0.97,1.2,10575.34,1.47,2.53,20472.1400000001,1704.11,0.83,2.0,1961.8,23757.0500000001,2843.17,13333.42,90.0,62786.8600000008,0.6,334.02,3940.26999999998,0.73,0.87,2335.39,5.1,4.31,35016.16,0.97,38062.3200000002,684.03,631.97,1.07,2.13,13979.76,6896.12999999998,7307.77999999995,8486.27000000001,33026.58,1.77,0.87,108838.36,16.4,5.76,0.87,0.93,7.82,1964.21,
9912,2024-10-31 19:00:00,16340,16515,3.693458529904124,6.381706131744697,0,0,0.0,0.0,0,0,0.0,0.0,2589,2120,0.8862624761095774,0.6815675939556551,0,0.0,0.0,4160,4160,4.881581730769231,11.484761067474322,0.0,0.0,0.0,0.0,0,0,0.0,0.0,0,0.0,0.0,0,0.0,0.0,0,0.0,0.0,0,0.0,0.0,0,0,0.0,0.0,0,0.0,0.0,0,0,0.0,0.0,0,0.0,0.0,0,0,0.0,0.0,0,0,0.0,0.0,0,0.0,0.0,0,0.0,0.0,0,0.0,0.0,0,0.0,0.0,0,0.0,0.0,633,54.09579778830964,88.30654454877919,0,0.0,0.0,0,0,0.0,0.0,0,0,0.0,0.0,0,0,0.0,0.0,0,0,0.0,0.0,2610,13.193513409961689,39.01977797687684,0,0,0.0,0.0,0,0.0,0.0,0,0,0.0,0.0,0,0.0,0.0,0,0.0,0.0,0,0,0.0,0.0,0,0,0.0,0.0,,,,,,,,,,,,,,,,,,,,0.0,0.0,0.0,0.0,0.0,0.0,0.0,2.1,0.0,0.0,0.0,0.0,0.0,0.0,0.0,0.0,0.0,0.0,0.0,0.0,1.93,0.0,0.0,0.0,34435.0699999999,0.0,0.0,0.0,0.0,0.0,0.0,0.0,0.0,0.0,0.0,0.0,0.0,0.0,0.0,0.0,0.0,0.0,0.0,0.0,0.0,0.0,4173.40999999998,0.0,0.0,0.0,4.77,0.0,0.0,0.0,40614.7600000001,0.0,0.0,0.0,0.0,0.0,0.0,0.0,0.0,34242.64,0.0,0.0,121348.579999999,19.93,0.0,0.0,0.0,0.0,0.0,
10132,2025-02-03 19:00:00,18179,18212,3.092486603830617,4.46631676606617,1752,1374,0.897680742162508,0.6460498321324953,1821,1779,1.1930333333333334,1.23879480813679,2389,1958,0.8733264320220843,0.6715721008788631,1701,3.7933039388594954,8.889108014225812,3979,3979,3.083302337270671,7.779431428899289,32.0,34.0,0.3701515151515151,0.3111634688003817,16677,16731,2.247810704022988,2.29232040619864,1,0.93,0.0,0,0.0,0.0,136,0.7574264705882352,0.6017670014259592,155,0.6876129032258065,0.4196620512422604,3187,3187,2.3407122685911514,5.104895208870798,782,1.6253196930946292,2.2494734450864864,4069,2479,1.3870922419059255,1.4371986064900455,4817,2.846240398588333,3.1457576578922537,1774,1593,1.1204039204039202,1.415168584922162,2131,2131,1.0571562646644768,1.160580601750674,1384,23.80987716763006,45.35937458216231,1567,1.499055520102106,1.6101988687876885,84,0.9211904761904764,0.6681217538776412,994,1.0684808853118712,1.055341975974777,1647,1.475318761384335,1.5812151698193104,374,97.79818181818185,133.13778472028002,660,1.400439393939394,9.98474185737659,1673,1673,1.5617214584578605,2.974745328292932,1306,1306,1.2359494640122513,1.9194676617863775,5586,5205,2.4424909646927992,4.165602911671355,5752,5177,1.6507274224540216,2.0643711949417467,3313,10.08817386054935,28.00878386029796,3465,2265,2.964535776614311,8.465050421668508,4226,5.932167534311406,18.95651725932963,68,69,0.5453284671532848,0.4007220692460824,20,0.5770000000000002,0.2944673156735735,2208,3.158016304347826,5.418250121595436,72,75,2.483061224489796,1.4235691526251837,97,78,2.223085714285714,1.3016853552535776,16.9013636363636,11.6234408602151,1.39327672805549,30.3702941176471,9.03093023255814,1.55390000968281,4181.0,42.0,44.0,9.59934971975714,35.0,4.09493124794117,14.3571428571429,18.3269914694779,35.7597855373631,16.2607003137589,44.0,34.0,93.0,,,,,,,,,,,,,,,,,,,,,,,,,,,,,,,,,,,,,,,,,,,,,,,,,,,,,,,,,,,,,,,,,,,,,,,,,,
10132,2025-02-04 19:00:00,17785,17749,3.4501288906399505,4.7839219695745125,1674,1616,0.9496717325227964,0.6754374571356415,2648,2573,1.2786956521739132,1.1426937043711425,2274,2360,0.8827945619335347,0.6990148302686205,1180,3.350483050847457,6.82517756798008,4320,4320,4.274678240740741,9.362722409373754,24.0,17.0,0.3936585365853658,0.2027705190670884,16668,17442,2.199928173556142,2.2127738331042743,3,0.4033333333333333,0.1247219128924646,1,0.4,0.0,221,0.7294117647058823,0.5435979663334505,211,0.7856398104265403,0.6194424515902922,3046,3046,3.1608043335522,7.08605172140905,824,1.913021844660194,3.89827575395735,4986,3330,1.406434583934584,1.33531286970749,3970,2.5607078085642314,2.786198547367837,2260,2152,1.200997280145059,1.4347607775026028,2862,2862,1.309266247379455,1.6113382395152835,1124,30.8613256227758,49.59396626934142,1316,1.3418617021276598,1.5418184746711348,63,0.7744444444444443,0.6224421380076613,1308,1.1593807339449542,1.136142138562424,1372,1.326195335276968,1.522033256200782,622,57.97975884244374,103.93696283106574,950,1.4352315789473682,3.002179015499914,2451,2451,1.9842594859241127,3.0831416900514106,1932,1932,1.4831107660455487,2.3158135824818644,5951,5888,3.177058028549709,5.006563559450231,6441,6466,1.854402262338266,1.9985673776446733,2625,12.97464380952381,27.267933898310893,3960,2586,4.243026275588146,9.78499396979485,3640,5.760780219780219,10.860157689950812,30,21,0.737450980392157,0.7766515435805801,30,0.6449999999999999,0.28869534114703,3606,2.58432612312812,4.566505625831258,114,102,2.302175925925926,1.3819288005504513,137,128,2.279622641509434,1.105413714516913,0.0,0.0,1.27256598984772,0.0,8.94891891891892,1.21241418743307,3940.0,16.0,0.0,0.0,0.0,4.29080083483686,0.0,0.0,0.0,0.0,21.0,0.0,0.0,,,,,,,,,,,,,,,,,,,,,,,,,,,,,,,,,,,,,,,,,,,,,,,,,,,,,,,,,,,,,,,,,,,,,,,,,,
10132,2025-02-05 19:00:00,17209,16913,3.683487193013305,5.499943675503015,1625,1589,0.948562538892346,0.6740291039866593,2824,2769,1.269030931521545,1.1424726828921596,2357,2428,0.8876050156739811,0.7159551356147168,1011,2.0667457962413454,4.011978157661942,4342,4342,4.722125748502994,10.17415604327194,17.0,13.0,0.3746666666666666,0.2235431849901838,16191,17093,2.258357168609542,2.386639151994557,3,0.4666666666666666,0.097410927974683,1,0.33,0.0,246,0.8767479674796749,0.670660390394301,247,0.7917004048582996,0.5674214915820054,2965,2965,3.482091062394604,8.226194902576859,816,1.81656862745098,2.575632463770312,5411,3639,1.4060729281767954,1.3075422954344496,3636,2.336991199119912,3.0248027731083846,2507,2421,1.278510551948052,2.090906674114412,3196,3196,1.3416864831038795,1.478771224191522,953,38.05471143756558,63.70995469571583,938,1.3437100213219615,1.5989887159639902,39,0.6223076923076923,0.5326107037374486,1307,1.1633511859219587,1.1292269809252815,976,1.3212909836065574,1.5787040017573295,603,58.64653399668325,103.5861968677254,915,1.1869071038251366,2.3884270487763666,2785,2785,2.067942549371634,2.7839698165118096,2240,2240,1.5162276785714286,2.75634749778028,5880,5891,3.4071353325970604,5.728507129657369,6567,6545,1.940254728492984,2.071340402698318,2426,14.038759274525969,29.022832598180667,4061,2743,4.648261316872428,10.565170336551866,3385,5.821344165435746,12.832431497348235,21,12,0.5166666666666666,0.4758511778217465,15,0.5946666666666667,0.291247126833706,4152,2.800765895953757,4.627952438991269,151,153,2.467269736842105,1.756756163135829,156,150,2.5199019607843134,1.8900853259596295,0.0,0.0,1.34106690777577,0.0,8.2875,2.16627191154489,3871.0,9.0,0.0,0.0,0.0,2.9820466266196,0.0,0.0,0.0,0.0,15.0,0.0,0.0,,,,,,,,,,,,,,,,,,,,,,,,,,,,,,,,,,,,,,,,,,,,,,,,,,,,,,,,,,,,,,,,,,,,,,,,,,
10132,2025-02-06 19:00:00,13592,14167,4.515321157102202,7.917997210582406,1600,1022,0.8704538520213577,0.6842524636330012,2278,2271,1.3147746757529126,1.5881121278384358,2453,1962,0.8653499433748585,1.009726472984796,880,3.819113636363636,10.160240596909444,3624,3625,6.250148986067044,13.813870113399668,14.0,4.0,0.5466666666666666,0.3687817782917155,14656,12466,2.35942887692648,3.298059081413588,179,0.7344692737430167,0.5476043538774195,170,0.7468235294117648,0.5553614864417926,34,0.9002941176470589,0.7148569799128381,32,0.8474999999999999,0.6688095767855003,2211,2211,3.9352419719583898,11.042568771673318,822,1.900498783454988,2.686354609766658,4828,4649,1.5071446660335548,1.6481848625720528,2945,2.278495755517827,2.68087955539954,2603,2479,1.4693408107044472,2.090891562683723,2967,2967,1.49732052578362,1.831262242682962,885,37.11169491525423,67.19123480683604,796,1.295175879396985,1.6543929170062073,96,1.03,0.9162252725176272,951,1.1419242902208202,1.6955480081365402,892,1.27152466367713,1.5988775934413313,535,62.52293457943926,101.9194894287002,1165,1.868557939914163,2.9506250414200355,2578,2578,2.294290147401086,3.472447852011292,2297,2297,1.8309360034828035,3.1747340385859766,5810,5479,4.415702896625033,8.20761490699145,6640,6037,2.250668927979806,3.366794552023173,1843,17.947818773738472,37.86598920948082,3495,3534,6.066982501067008,12.68541685376776,2684,6.874705663189269,18.018182998835808,18,9,0.5988888888888889,0.4906408004454261,26,0.6284615384615384,0.3825490648037824,2058,6.648542274052478,19.350894998258752,163,136,2.5655183946488296,1.9651289409803008,196,160,2.4937921348314607,1.7763159235234192,,,,,,,,,,,,,,,,,,,,,,,,,,,,,,,,,,,,,,,,,,,,,,,,,,,,,,,,,,,,,,,,,,,,,,,,,,,,,,,,,,,,,,,,,,,,,
10132,2025-02-07 19:00:00,15366,15135,4.414950985213599,7.577812523173392,1656,1316,0.8623485868102289,0.6224763333818237,2934,2977,1.347469125359499,1.210508780240907,2540,2314,0.8265080346106305,0.9616064697768296,831,2.8575691937424788,6.613884066308149,3899,3899,6.889397281354194,16.071522246212172,28.0,15.0,0.3825581395348837,0.2751413423091874,15184,15697,2.428008160357501,2.882375425307651,201,0.7730845771144279,0.513118877938108,187,0.705668449197861,0.5405690774611702,35,0.6594285714285716,0.5360220830053438,38,0.7910526315789472,0.6388797328287935,2469,2469,4.607375455650061,11.997587208375734,804,1.7485572139303482,2.9786242872736595,5582,5504,1.5332608695652177,1.5311560480719415,2868,2.351931659693166,2.9787180333571883,2860,2883,1.4853560856695107,2.6832302569879207,3674,3674,1.6577980402830703,2.6140436062818933,751,49.05893475366179,88.7552663469872,851,1.4670622796709751,1.942653356392042,71,0.8387323943661972,0.6468404892460503,1311,1.2176964149504197,1.245554426764609,918,1.4278322440087146,1.887776523530989,451,80.27467849223946,126.92851737804232,1015,2.312768472906404,12.37942701112354,3172,3172,2.470558007566204,4.040395283323179,2720,2720,1.8589632352941172,3.48811751207727,5988,5868,4.536969466936573,8.741153740148912,7046,6784,2.288420824295011,2.8731263895343693,1901,18.889305628616512,43.57802778065654,3801,3834,6.633482645710544,15.478275882524525,2784,6.416616379310345,22.934379853919523,12,15,0.4188888888888888,0.3703785184288908,20,0.8085000000000001,0.4383066848680271,3306,4.996079854809437,11.746709678127988,174,164,2.9901775147928995,5.423552076660812,182,186,2.4515217391304347,1.6598858556765994,,,,,,,,,,,,,,,,,,,,,,,,,,,,,,,,,,,,,,,,,,,,,,,,,,,,,,,,,,,,,,,,,,,,,,,,,,,,,,,,,,,,,,,,,,,,,
10132,2025-02-08 19:00:00,16082,15214,4.33830169989775,6.850070230474144,1352,1202,0.8818676585747847,0.6455470600671908,2496,2535,1.283959451401312,1.21941459700848,2186,2130,0.8099096385542169,0.689971602342228,826,2.438910411622276,6.160202920639135,3830,3831,5.635050254535961,9.982225118392885,33.0,12.0,0.4304444444444444,0.2476014320148461,14314,16103,2.3182457178551465,2.6588332478333103,179,0.8585474860335196,0.8087096500131591,151,0.8296688741721855,0.8488530767952869,37,0.92,0.7098305850408669,40,1.0135,0.8876078807671774,2346,2348,3.742599062633149,7.474623378533779,1194,2.0798827470686767,4.297135287379726,4908,4889,1.5160732877411451,1.5256159462497787,3076,2.423130689206762,3.1595505284910512,2647,2597,1.3970861937452326,2.065997886904954,3052,3052,1.4548099606815204,1.7380337549883105,835,45.249341317365264,79.21334842555068,967,1.9503412616339195,2.791464754956265,100,0.9778,0.789053331530892,1079,1.2173493975903615,1.1955176632368567,1058,1.885907372400756,2.699945490404478,698,51.50270773638968,97.49943271293624,927,1.665685005393743,3.2884282976594514,2754,2754,1.8989724037763247,2.4365123078991795,2414,2414,1.7030033140016567,2.7739738114661194,5743,5562,3.98109243697479,5.969015678089001,6143,6237,2.193268982229402,2.5895473747669286,1925,18.916519480519483,44.56892235092013,3717,3733,5.385300671140939,9.718278742399088,2771,8.060804763623242,20.81776446509583,23,16,0.7394871794871793,0.5418058537603372,17,0.6470588235294119,0.3095682896414894,3888,5.9454012345679015,11.72062531880028,185,185,2.427027027027027,1.4817881178820969,186,180,2.590136612021858,1.756868560765745,,,,,,,,,,,,,,,,,,,,,,,,,,,,,,,,,,,,,,,,,,,,,,,,,,,,,,,,,,,,,,,,,,,,,,,,,,,,,,,,,,,,,,,,,,,,,
10132,2025-02-09 19:00:00,14430,14177,4.58288915300451,7.842749826908133,1322,1160,0.8726188557614826,0.6390976772219089,2370,2435,1.344060353798127,1.2745122412802616,2171,2023,0.8612589413447782,0.8070627305376071,657,2.374779299847793,4.826139756709439,3407,3407,7.115280305253888,15.690618056120886,9.0,14.0,0.3908695652173911,0.2634208575723623,13680,14295,2.386434673815907,2.839161090173628,179,0.7460893854748604,0.4434354365898656,159,0.7357232704402515,0.4492179915407389,34,0.7147058823529411,0.4529006857379093,37,0.7186486486486486,0.5187258931535071,2098,2098,4.7057054337464255,13.127009795842753,1091,2.2535655362053166,3.9698885911664186,4786,4726,1.569255677039529,1.9181082801798977,2758,2.2149637418419146,3.20031964198392,2773,2790,1.5934208161064176,2.4195491786510783,3201,3201,1.649215870040612,2.0480660357202787,751,48.05343541944075,81.64849153916641,657,1.8337747336377472,2.525412948633789,65,1.0212307692307694,0.9276181371038535,1041,1.2079827089337176,1.2325568980398554,722,1.764459833795014,2.4355460459649465,592,58.78347972972973,106.07051048865522,776,1.9913273195876289,6.138163147122838,2909,2909,2.464310759711241,4.408123768002661,2608,2608,1.983075153374233,3.012179706852915,5433,5379,4.691517758046615,8.807706121620054,6202,6218,2.3193252818035424,2.9095139423113525,1683,20.698686868686867,46.3315987530888,3385,3365,6.788463703703704,14.457765401685146,2437,7.746376692654903,19.142085601096426,9,5,0.4428571428571429,0.3136519584195325,16,0.710625,0.4380278066230499,2928,5.039282786885246,7.845417981030759,183,195,2.77510582010582,2.202361674765083,194,202,2.9051010101010104,2.9016394251238946,,,,,,,,,,,,,,,,,,,,,,,,,,,,,,,,,,,,,,,,,,,,,,,,,,,,,,,,,,,,,,,,,,,,,,,,,,,,,,,,,,,,,,,,,,,,,
10135,2025-02-03 19:00:00,18280,18343,3.070652322311116,4.621698249418809,1847,1392,0.9061716579191108,0.6688561031658942,2026,1789,1.1679895150720838,1.116688593724918,2446,2150,0.8751653611836379,0.6743046533422696,1603,5.356194635059263,15.733578144044934,4181,4181,3.5645228414254966,10.355481977075415,13.0,19.0,0.3228125,0.1369816222847065,17167,16646,2.223737319965693,2.192139459365293,0,0.0,0.0,0,0.0,0.0,113,0.763716814159292,0.6347059728867919,132,0.6920454545454545,0.4519783761191888,3304,3304,2.642690677966102,7.47401101630673,689,2.254687953555878,4.965267954555628,4394,2690,1.3537069452286845,1.3439702667351665,4562,2.848338448049101,3.115108183171485,1895,1922,1.1923657322504586,2.61601218719284,2292,2292,1.2789528795811518,1.7439857119752251,1289,24.024608223429016,43.3315587144772,1035,1.013826086956522,1.0713363584526845,54,0.7737037037037037,0.701203453056868,917,1.0412322791712103,1.0016657378084697,1085,1.0068018433179724,1.0609084023389033,355,105.57447887323944,151.19926444394628,675,1.2917037037037036,2.0150171548725653,1922,1922,1.5929448491155047,2.2384772041788845,1520,1520,1.4502763157894738,4.3335323263649,5974,5811,2.728365719134493,5.718474972001666,6171,5872,1.6726646184505525,1.9099945068572024,3427,9.776623869273417,27.36802933990424,3650,2389,3.416386819009769,9.829359230960677,4279,5.382344005608788,15.424427299287736,32,52,0.61,0.507819803061039,8,0.605,0.2159861106645517,1698,2.6459010600706714,3.984032460642697,97,98,2.682153846153846,2.1746524572134955,92,116,2.4679807692307687,2.206950506488923,7.52,12.1982352941176,1.12893239299611,22.648125,9.41586206896552,1.07882229404193,4112.0,30.0,5.0,8.68941878646653,34.0,3.72130633092215,8.64558823529412,1.06693954842812,41.8438801108881,3.14071853073041,28.0,16.0,102.0,,,,,,,,,,,,,,,,,,,,,,,,,,,,,,,,,,,,,,,,,,,,,,,,,,,,,,,,,,,,,,,,,,,,,,,,,,
10135,2025-02-04 19:00:00,17899,17530,3.417099268960456,5.110229106906528,1813,1552,0.9569747399702824,0.6795927464271551,2761,2607,1.2770976154992548,1.2215395008026306,2533,2225,0.8936843211433376,0.7528221687138967,1366,2.403360175695461,4.340942512982656,4614,4614,4.347537928045081,10.410485742783912,9.0,13.0,0.3695454545454545,0.155402037915948,17026,17425,2.182037386432905,2.210423360958455,1,0.6,0.0,3,0.5566666666666666,0.0984321537348893,214,0.6922897196261683,0.5837430703120207,206,0.7535436893203884,0.5922161484946566,3138,3138,3.318926067558955,7.454285370781884,665,1.7054586466165416,2.402624531479553,5524,3357,1.368653304808017,1.267944495788765,4184,2.443422562141491,2.4130925742142684,2398,2389,1.2223730937956967,1.688045845407311,3011,3011,1.3029192959149785,1.5723727001360548,1280,27.7719140625,53.71498661199674,1136,1.2250440140845071,1.5058890259996387,24,0.6554166666666666,0.4233790575700325,1285,1.1701478599221788,1.051587523960747,1159,1.2143313201035375,1.4946007101586694,784,45.86415816326531,89.88038511331514,940,1.367063829787234,2.850291492403968,2678,2678,1.901478715459298,2.791732496175838,2091,2091,1.5802630320420852,2.803649919656628,6330,6097,3.195020519835841,5.532234876641311,6963,6822,1.8287043888284369,1.9756249914053885,3124,10.655672215108837,28.66130454346547,4236,2705,4.280255006483216,10.389946680587371,3863,4.910191560962982,9.51807593313218,12,25,0.6043243243243243,0.5646598619333568,13,0.5023076923076923,0.2637059506389017,3277,2.374372902044553,2.7690096120101955,130,132,2.421641221374046,1.6751565886414137,135,140,2.4413454545454547,1.5217148247729877,0.0,0.0,1.22130826026765,0.0,9.22571428571429,1.16160178563502,4334.0,20.0,0.0,0.0,0.0,4.33535912878163,0.0,0.0,0.0,0.0,8.0,0.0,0.0,,,,,,,,,,,,,,,,,,,,,,,,,,,,,,,,,,,,,,,,,,,,,,,,,,,,,,,,,,,,,,,,,,,,,,,,,,
10135,2025-02-05 19:00:00,17511,17182,3.577169457815698,5.321208131419481,2094,1520,0.958082457111234,0.6915606796300259,3104,2952,1.271094782034346,1.268552965034676,2933,2352,0.9174247871333964,0.7293587146243367,1283,1.8061184723304755,2.6815751745914844,4774,4774,4.676273565144533,9.21372127999623,19.0,17.0,0.3958333333333332,0.178455954727708,16836,17122,2.258737263678662,2.3733659097615085,7,0.9328571428571428,0.4331187328374217,7,0.8857142857142856,0.4411302736917371,255,0.7647450980392158,0.5793219783788921,227,0.8586343612334801,0.5955690894573886,3144,3144,3.4360814249363867,7.641124387771771,682,1.6508357771260995,2.448962621841639,6060,3792,1.3851329679252944,1.261721861186185,3976,2.49625,2.615888565054655,2675,2673,1.3134611069558713,1.7899512177153654,3479,3479,1.3681920091980455,1.7680531162022592,1050,36.350057142857146,80.65934867197485,1093,1.203641354071363,1.3052270548079905,13,0.5884615384615386,0.3270578907553301,1381,1.1583635047067342,1.2022076908840404,1107,1.1975880758807589,1.2989198695872246,670,53.80556716417911,86.93159238807307,1006,1.4111133200795227,4.06019248007162,3050,3050,1.8927081967213115,2.5131912200016675,2328,2328,1.5865850515463915,2.4198152097058205,6625,6375,3.395243846153846,5.481847417592888,7232,7064,1.9490941522104088,2.1571583823638507,3171,10.954714601072215,42.48614118304809,4472,3046,4.536527001862197,9.01845881903368,3967,4.874514746659944,31.876089290801367,10,17,0.6492592592592593,0.455980229639042,25,0.538,0.2515074551578939,3414,2.4453602811950788,3.0301779026181883,162,176,2.539201183431953,2.0313472984940786,174,190,2.684945054945055,2.0799748379851546,0.0,0.0,1.31294606741573,0.0,7.33285714285714,1.26616665366139,4450.0,13.0,0.0,0.0,0.0,2.02410272385931,0.0,0.0,0.0,0.0,8.0,0.0,0.0,,,,,,,,,,,,,,,,,,,,,,,,,,,,,,,,,,,,,,,,,,,,,,,,,,,,,,,,,,,,,,,,,,,,,,,,,,
10135,2025-02-06 19:00:00,13550,12897,4.849657428063674,9.1066376225258,1010,1268,0.8794117647058824,0.7002384554857974,2064,2095,1.3411685501322437,1.5524239995271434,1882,2123,0.886354556803995,0.9129352554570964,688,10.031162790697676,28.40613955883991,3344,3343,7.641182892178855,19.361895477000395,6.0,7.0,0.4230769230769231,0.3656897511318033,11703,13581,2.388495886726784,3.4007325321471216,162,0.7585185185185187,0.4710851961192831,154,0.7708441558441559,0.5077208447878416,28,0.8560714285714284,0.4013756637732135,30,0.7556666666666666,0.490473807206415,2054,2054,5.015842259006816,14.612537694856051,843,2.3234638196915776,4.669690651183851,4418,4538,1.523829834747655,1.749608947460535,2279,2.105704256252743,2.6974991948826585,2655,2807,1.7066129622848774,3.4056999989093137,2798,2798,1.6580200142959254,3.329476066281251,831,36.38116726835138,76.13895969288008,374,1.0630748663101606,1.250058569647885,102,2.397549019607843,4.34286397692892,795,1.1543396226415097,1.1606154994168614,476,1.3497899159663866,2.3597241947296363,610,54.864819672131134,105.40241579517657,951,1.972260778128286,3.5746335306387715,2590,2590,2.448918918918919,5.034421315488291,2490,2490,2.403751004016064,4.894285741343744,5502,5483,5.042376877560311,10.209898213198374,6005,6221,2.3343472926549973,3.641466449515108,1371,25.37177972283005,57.88885962306682,3233,3229,7.533649025069638,18.061512081111644,2106,8.517431149097815,20.5874687703847,8,13,0.6019047619047619,0.5084487991980075,7,0.8957142857142857,0.6736225552479486,2418,4.293995037220844,11.931014452925028,211,208,3.032959427207637,6.097704785596938,207,237,3.062747747747748,6.081576936573926,,,,,,,,,,,,,,,,,,,,,,,,,,,,,,,,,,,,,,,,,,,,,,,,,,,,,,,,,,,,,,,,,,,,,,,,,,,,,,,,,,,,,,,,,,,,,
10135,2025-02-07 19:00:00,15599,15279,4.293871688580866,7.056374547272615,1693,1333,0.899881031064111,0.6534676826622213,2958,2710,1.3460832745236415,1.277537027037054,2636,2252,0.8433040098199672,0.7361391492249033,883,2.7164552661381656,7.449023559334687,4122,4122,6.383971373119844,13.436145772466771,12.0,23.0,0.4065714285714286,0.3030034686943638,15144,15487,2.373361953576442,2.724162283668042,234,0.7941025641025642,0.6201097970688544,204,0.7714705882352941,0.588937056889856,46,0.8069565217391306,0.5721882844765781,40,0.8022500000000001,0.5772368989418469,2486,2486,4.535631536604988,11.1651786147374,725,1.8955724137931036,2.9198614250179693,5717,5425,1.5032767905223476,1.5495926953507158,2959,2.056711726934775,2.173890887349005,2944,2753,1.3842847112515355,2.133119736139077,3505,3505,1.6584222539229672,2.9715138855090264,805,43.37688198757764,71.46638494067808,614,1.1120521172638436,1.2348702699486327,49,0.8373469387755103,0.7395717887087732,1211,1.195532617671346,1.33763324624303,662,1.0967220543806646,1.2082642083031652,517,67.55560928433269,117.12281315268596,1120,2.066678571428571,4.895550699020864,3235,3235,2.2573415765069558,3.619817347794429,2726,2726,1.732340425531915,2.56111704038075,6150,6187,4.346811218286455,7.672786698116076,7027,6912,2.230144199727384,2.6856995325892137,1885,18.027294429708224,39.22300622054576,4043,4020,6.132339079746993,13.012597074945104,2744,6.030758017492712,13.44015895278543,12,9,0.6695238095238094,0.6312155785276244,26,0.5942307692307692,0.3188944011005123,3054,5.920589390962673,14.885980906559608,154,197,3.3357549857549853,5.936458164689416,193,194,2.6478294573643413,1.906331607644743,,,,,,,,,,,,,,,,,,,,,,,,,,,,,,,,,,,,,,,,,,,,,,,,,,,,,,,,,,,,,,,,,,,,,,,,,,,,,,,,,,,,,,,,,,,,,
10135,2025-02-08 19:00:00,15642,15531,4.323773457800019,6.895976869324997,1667,1336,0.8490542790542791,0.6272657934840404,2860,2793,1.310336104723156,1.255785772249678,2652,2391,0.8233313503866747,0.7174274100561546,882,2.105952380952381,3.48781156818246,4347,4347,6.363954451345757,11.998659753034955,9.0,20.0,0.3899999999999999,0.2432963284726587,15609,15398,2.291011707033896,2.5903682121524647,212,0.9426415094339624,0.7034648774094304,218,0.8815596330275229,0.6710476190214527,36,0.901388888888889,0.6817508211207123,39,0.8517948717948718,0.6728579375144991,2656,2656,4.462756024096386,9.366704551298666,864,1.771550925925926,3.1602034410893896,5757,5551,1.4871966749204104,1.4840005984895042,3200,2.07925,2.4183387764124364,2968,3036,1.50494836775483,2.570864527298263,3659,3659,1.54585132549877,2.1629039991447967,1011,36.72207715133531,65.25704128466498,616,1.2676623376623375,1.392378042507448,45,0.7866666666666665,0.5769190199287553,1134,1.1881922398589069,1.2224713289041549,660,1.240787878787879,1.3578989956095109,785,44.70564331210191,82.5004057623693,1189,1.7281749369217831,2.806240393632934,3307,3307,2.245240399153311,3.4804551473366985,2886,2886,1.885204435204435,3.220535418471542,6734,6613,4.326032067131191,6.917045216852017,7597,7206,2.193100722826454,2.592836856427595,2046,17.30925219941349,38.36106944102029,4268,4257,6.099675073313782,11.63129036043185,2943,5.6626333673122655,13.104987662263088,12,12,0.7966666666666667,0.6192715254411607,17,0.9647058823529412,0.7458837446637601,2700,4.169,6.300851538570887,206,225,2.590812064965197,1.7726221717422888,234,221,2.5581758241758243,1.464219392927276,,,,,,,,,,,,,,,,,,,,,,,,,,,,,,,,,,,,,,,,,,,,,,,,,,,,,,,,,,,,,,,,,,,,,,,,,,,,,,,,,,,,,,,,,,,,,
10135,2025-02-09 19:00:00,14365,13966,4.584347181532596,8.079911567803764,1479,1156,0.8808311195445919,0.6465545172492472,2478,2341,1.292214152313758,1.2080980882645245,2276,2208,0.8466190900981266,0.718088506314166,770,2.045987012987013,2.9705431528944266,3694,3694,6.914363833243096,14.80944243769422,10.0,7.0,0.358235294117647,0.1959061988665117,13770,14097,2.374803531058241,2.8810785082377586,162,0.7974691358024691,0.59349177215468,135,0.7299259259259259,0.5861645531776213,40,0.6845,0.4082826839335707,35,0.658,0.3195872337875842,2277,2277,5.062942468159859,13.795348294140217,873,1.9269759450171824,4.17768382867686,5214,4986,1.5055382352941171,1.7779722600090226,2774,1.9895818312905555,2.854967054719608,2857,2866,1.6143036868775118,2.499476894431372,3453,3453,1.64457573124819,2.115226985992829,750,50.065013333333326,107.5076949652124,610,1.5379344262295085,3.972873056563592,45,0.64,0.5030926576906308,1012,1.131353754940711,1.1460303739170463,656,1.4759298780487806,3.840342582052015,628,54.89476114649682,119.57835597206194,1013,1.9959526159921028,6.761908642926702,3165,3165,2.3023791469194315,3.694086756167591,2699,2699,1.9628158577250832,2.72503942474693,5880,5612,4.656531500174034,8.557986862313912,6539,6455,2.300987378790211,2.919358580223899,1705,21.18833431085044,60.729154449556034,3604,3646,6.663325517241379,14.136226807314308,2510,7.483302788844623,36.82457468437635,3,6,0.3866666666666667,0.2065053133564471,16,0.6487499999999999,0.3443086369814153,2604,6.098502304147465,17.249068546714554,206,195,2.640448877805486,1.961646541841112,211,217,2.5437616822429905,2.281797457004769,,,,,,,,,,,,,,,,,,,,,,,,,,,,,,,,,,,,,,,,,,,,,,,,,,,,,,,,,,,,,,,,,,,,,,,,,,,,,,,,,,,,,,,,,,,,,
10136,2025-02-03 19:00:00,18001,17823,3.148945821373372,4.690180727347194,1220,1757,0.8934124819509065,0.6482918993272547,1792,1943,1.2121481286241431,1.2056239121691392,1964,2338,0.8809169862395669,0.6792966404009629,1074,4.966601489757914,11.296250861029293,3819,3819,3.606142643764003,9.710737792467242,19.0,14.0,0.3608888888888888,0.2785942666892101,16303,16646,2.225903390895759,2.266819016613176,0,0.0,0.0,1,0.3,0.0,120,0.8703333333333333,0.6768258433468851,118,0.855677966101695,0.6128752448791628,3030,3030,2.625470753831717,6.284983178109022,667,1.826941529235382,4.160908922284852,3892,2743,1.3884378794010523,1.390415752673667,4075,2.236066257668712,2.274830790827807,1778,1816,1.1875280746854282,2.155089765641752,2207,2207,1.2388083700440529,1.6590983335711529,902,35.25274944567628,58.50025319919218,1078,1.186753246753247,1.199368354308599,90,0.8620000000000001,0.7259066361760612,1013,1.2001974333662389,1.3411028010979842,1171,1.1616310845431257,1.173058868510465,357,99.57949579831931,136.43458088333108,527,1.0729222011385198,1.3278149003182294,1907,1907,1.6623871983210912,2.7236101934682457,1461,1461,1.397151494793416,3.402753614569114,5322,5633,2.76245302296655,5.427040990492924,5432,5871,1.7194399273419254,2.086164740684969,1990,16.966095477386933,34.436676813109926,3483,2229,3.434750896395546,9.695493652162387,3322,7.03871462974112,11.87125705784752,19,22,0.5732835820895523,0.4560092564512897,16,0.6331249999999999,0.3230851039200043,1770,1.8823389830508472,3.49651278387515,99,105,2.5901312335958004,1.9492180903839635,96,119,2.3632850241545897,1.812204420254574,8.655,18.0016725978648,1.01189219751225,22.7922413793103,9.22845588235294,0.920433062574034,2653.0,17.0,10.0,15.9400142565115,31.0,3.87841649742074,9.69838709677419,2.63043817642613,27.2714045667836,4.18214645982735,16.0,58.0,281.0,,,,,,,,,,,,,,,,,,,,,,,,,,,,,,,,,,,,,,,,,,,,,,,,,,,,,,,,,,,,,,,,,,,,,,,,,,
10136,2025-02-04 19:00:00,17440,17587,3.52159107932784,5.032655470194436,1559,1854,0.9485092078339666,0.6792216595747036,3101,3155,1.3200136798905608,1.2557478722622266,2436,2611,0.8929660415610744,0.7506263924931905,905,1.880088397790055,3.8347683907858574,4476,4476,4.667038754554489,9.916981016685666,8.0,20.0,0.3785483870967742,0.1971068710786886,17287,17304,2.193769101643899,2.2212739700861146,1,0.2,0.0,0,0.0,0.0,206,0.7235922330097088,0.5988951873045625,191,0.7824083769633507,0.6459065310405379,3294,3294,3.508547685616651,7.251266595886509,707,2.014794908062235,3.612163336262397,5804,3658,1.3995323035429692,1.310356778163097,3403,2.0323244196297385,2.1436237286269777,2380,2468,1.2080742385786805,1.5836534908263236,3633,3633,1.4092358045364592,1.7591407001729102,711,55.15143459915612,93.88602184308368,1091,1.509257561869844,2.3582034397929004,36,0.9330555555555554,0.6000871207325947,1609,1.2925481665630827,1.277623491205831,1127,1.498012422360249,2.3241860828028185,688,53.84994186046512,92.47958565899508,1051,1.7015889628924832,6.464543906757079,2967,2967,2.232026368069352,3.5832077222324794,2221,2221,1.4658826313298627,2.3918070026159493,6234,6421,3.3284445863941228,5.33088770222666,7184,7350,1.890837881219904,2.0433267113114617,1937,19.33353639648941,46.25545742279153,4197,2713,4.540219478737997,10.029902113172586,3277,6.26321025328044,24.546812390692025,8,19,0.6282278481012658,0.6664961460070155,21,0.817142857142857,0.6983118614074322,2718,2.1946136865342165,2.8329791717602246,139,159,2.391529850746269,1.5594112129898534,156,155,2.376996527777778,1.3294005175638586,0.0,0.0,1.17225509349707,0.0,9.41327272727273,1.02797691011357,3583.0,11.0,0.0,0.0,0.0,4.50873780142331,0.0,0.0,0.0,0.0,9.0,0.0,0.0,,,,,,,,,,,,,,,,,,,,,,,,,,,,,,,,,,,,,,,,,,,,,,,,,,,,,,,,,,,,,,,,,,,,,,,,,,
10136,2025-02-05 19:00:00,16623,16982,3.737396667008062,5.5035860843084095,1513,1942,0.9437523781647884,0.665716630029407,3505,3592,1.3011840873634946,1.2758598588906147,2504,2828,0.8939337877312562,0.7215689706828808,703,1.180099573257468,1.6105452161789369,4466,4466,5.118158536585367,9.985759416349245,10.0,19.0,0.3798387096774193,0.1949565041273588,17070,16851,2.2660128721786754,2.391627674244276,0,0.0,0.0,0,0.0,0.0,210,0.8047619047619048,0.6408485375442174,203,0.8034482758620689,0.5985803657163884,3205,3205,3.773982045527412,8.16336575852955,673,1.669435364041605,2.2844291022240477,6072,3970,1.4288360029641451,1.321020159420782,3068,1.8099054758800524,1.9982102709733705,2717,2791,1.288602773556231,1.8694248508731808,4012,4012,1.4633623910336238,1.747111874579487,580,63.5203103448276,110.15210902190049,817,1.3016279069767442,1.8959541846678447,11,0.5063636363636363,0.3291938563237812,1696,1.266314858490566,1.430868598326014,826,1.2952421307506057,1.8880007238187848,609,58.2316420361248,102.06360387550389,899,1.2727919911012235,2.582658883788899,3564,3564,2.196791646891315,3.185612831904059,2633,2633,1.5326887966804978,2.5412189446659763,6375,6581,3.568287312544632,5.696774166376363,7482,7521,2.0073881856540083,2.1886955747825683,1640,21.22548170731707,38.8550840712331,4335,2869,4.898936897730805,10.034875389342728,3029,5.443308022449653,10.698362612082382,5,7,0.6326530612244898,0.5326321834988871,22,0.5659090909090909,0.3353649178121849,2874,2.3822338204592897,3.476705393942295,176,171,2.541234756097561,2.37911373507064,177,200,2.624159544159544,2.1488208036829253,0.0,0.0,1.23457184750733,0.0,7.88717391304348,1.28447801108737,3410.0,10.0,0.0,0.0,0.0,2.59739975581222,0.0,0.0,0.0,0.0,9.0,0.0,0.0,,,,,,,,,,,,,,,,,,,,,,,,,,,,,,,,,,,,,,,,,,,,,,,,,,,,,,,,,,,,,,,,,,,,,,,,,,
10136,2025-02-06 19:00:00,13500,13205,4.820132559445797,8.762229795426371,984,1377,0.8477721304531979,0.6598491996570818,2154,2070,1.3781841856060608,1.6823705129311464,1976,2241,0.8647047664216267,1.0070123894167078,547,12.220146252285192,34.186428794037,3432,3432,7.59247668997669,18.108390577544355,7.0,21.0,0.5075,0.3195825960753897,12022,13351,2.3545942537342848,3.1942457497413,139,0.8737410071942446,0.7187982310436661,124,0.8873387096774196,0.7831997117603918,22,0.7013636363636363,0.4628694637755528,25,0.6668,0.5210813372209756,2186,2186,4.861729185727357,13.621410210826197,969,2.1381217750258,3.880832337291278,4515,4590,1.478326194398682,1.6591825227305466,2226,1.9439442946990115,4.25932488824643,2597,2754,1.6503588114371146,3.335285104162439,2857,2857,1.6729856492824642,3.378094851774509,698,43.09310888252149,98.13495275718924,310,1.300774193548387,1.71675407729665,84,1.5382142857142855,1.9902238212933585,858,1.2753379953379953,1.606338679531256,394,1.3546954314720812,1.7797970949285722,686,47.65061224489796,95.85926104553792,941,2.2195111583421885,5.5726169904589336,2596,2596,2.391001540832049,4.831503321286571,2490,2490,2.194092369477912,4.271952809045631,5692,5938,5.012876182287188,9.84107838820496,6046,6616,2.2924237877112623,3.2564506911073567,1159,29.9618550474547,62.398658237822936,3376,3319,7.420215085884989,17.26056809196608,2047,8.547777234978016,20.86351558236304,8,18,0.4919230769230769,0.3967174855153343,15,0.5486666666666665,0.3175503459645765,2166,4.304958448753463,9.301648771783404,153,196,3.100171919770773,6.63064730158869,198,204,3.137810945273632,6.392903846152299,,,,,,,,,,,,,,,,,,,,,,,,,,,,,,,,,,,,,,,,,,,,,,,,,,,,,,,,,,,,,,,,,,,,,,,,,,,,,,,,,,,,,,,,,,,,,
10136,2025-02-07 19:00:00,15004,15027,4.514296560221105,7.169282574342849,1162,1703,0.850062827225131,0.6263341331226647,3014,3147,1.3931309852296707,1.3311216841614997,2285,2763,0.8320186212361332,1.0293412886694808,432,2.827083333333334,8.929490042492992,3906,3906,7.532288786482336,14.376703727601688,11.0,13.0,0.3545833333333334,0.2439258624846674,15278,15562,2.3802078469520103,2.7205573333200235,205,0.7944878048780488,0.639975118493136,206,0.7651456310679612,0.5622697830122826,26,0.8242307692307692,0.712256290718895,24,0.98125,0.8134561681492125,2574,2574,4.9217871017871015,9.76276716705326,725,1.5343862068965517,2.226308356701761,5623,5813,1.5670776495278067,1.5729729299392672,2532,1.6956003159557662,1.998859329883773,3008,3072,1.4557467105263158,2.0825651570149883,3945,3945,1.6886032953105194,2.3976004588955413,523,70.39636711281071,128.61544128708397,485,1.319917525773196,1.921821192054279,13,0.4438461538461538,0.1590615972382282,1352,1.1382026627218935,1.079244247294538,499,1.2969338677354711,1.8999361917445208,679,51.142709867452126,79.71538114926733,1152,1.8229427083333327,7.699692540095055,3412,3412,2.668689917936694,4.39595373887241,2978,2978,1.7965446608462057,2.864469891343786,6276,6255,4.7764081078924265,8.037163283775113,7210,7620,2.3375711395819287,2.812361024512095,1190,30.283647058823536,54.20737582585837,3911,3887,7.1769928186714536,13.678240260630943,2324,6.923558519793459,18.553585107476646,7,10,0.5311764705882354,0.3211538453569305,20,0.6554999999999997,0.4393002959252361,2298,5.165770234986945,12.39350981374299,178,183,2.688919667590028,2.2862225426065432,200,206,2.486871921182266,1.859596814808274,,,,,,,,,,,,,,,,,,,,,,,,,,,,,,,,,,,,,,,,,,,,,,,,,,,,,,,,,,,,,,,,,,,,,,,,,,,,,,,,,,,,,,,,,,,,,
10136,2025-02-08 19:00:00,15467,15532,4.492941707797026,6.812314364615313,1207,1485,0.8228157503714711,0.602485767285538,2972,2952,1.349601620526671,1.2845078599366773,2409,2615,0.7886584394904459,0.6805555988641453,348,1.9017528735632183,4.0939052087791135,4162,4161,6.993913252433017,12.588272967236342,11.0,17.0,0.4414285714285714,0.2332030734561355,15697,15585,2.290546959913049,2.6426114616611933,217,0.7987557603686635,0.6840795358105258,201,0.8041293532338308,0.7104398211577433,38,0.9518421052631576,0.7578357524561842,39,1.012307692307692,0.8413251499209722,2645,2643,4.906301059001513,9.845710000689854,993,1.7370493454179254,2.935918557970456,5550,5722,1.5002980837473383,1.4760859398347148,2679,1.6842030608435985,2.033797547674131,2958,3053,1.494724671435701,2.3935853393597104,3886,3886,1.665609881626351,2.264639564778101,553,68.93915009041592,135.4857230976464,537,1.5484729981378025,2.605238508637412,9,0.8844444444444446,0.7484073625018086,1226,1.206468189233279,1.166908817615663,546,1.5375274725274726,2.5868456905147315,869,40.42016110471807,66.23533496656334,1033,1.829564375605034,6.813598164388547,3321,3321,2.6573381511592893,4.597221332883145,2847,2847,1.8183737267298912,3.0086409551546085,6560,6744,4.606122970535177,6.901881444225613,7428,7799,2.246759703158862,2.6155622978793165,1298,28.33840523882897,49.955468752105226,4128,4090,6.736652470187394,12.21874080736944,2531,6.661983405768471,14.868823636548054,4,11,0.5893333333333334,0.367776502179728,20,0.8770000000000001,1.1397328634377446,2442,4.185012285012284,7.849510160923027,234,207,2.5217460317460314,2.0686064824024752,197,228,2.585341176470588,1.6312475020702348,,,,,,,,,,,,,,,,,,,,,,,,,,,,,,,,,,,,,,,,,,,,,,,,,,,,,,,,,,,,,,,,,,,,,,,,,,,,,,,,,,,,,,,,,,,,,
10136,2025-02-09 19:00:00,14190,14254,4.771069469835467,7.919550294629865,1132,1461,0.8512109525645969,0.6262495561660131,2583,2645,1.3631350420811017,1.4780028060507906,2322,2426,0.8463900589721988,0.7901861624697257,346,1.556011560693641,3.171407619478091,3600,3600,8.009744444444445,16.94800237134559,8.0,8.0,0.450625,0.4016601291826212,14036,14225,2.3815328544637486,2.8693719836171026,157,0.7907006369426752,0.5872890483444475,154,0.6946753246753246,0.5266386533566542,27,0.8203703703703702,0.859842713788643,22,0.839090909090909,0.8887371484349375,2264,2264,5.657385159010601,14.780044520990634,895,1.737217877094972,2.3602852712051816,5214,5255,1.548147865125609,1.7082939946217766,2241,1.7477867023650155,1.9502076025422808,2975,3007,1.6411400869274488,2.319011422863769,3862,3862,1.7427265665458311,2.261932178475829,420,87.65514285714285,151.7779722857374,436,1.5290825688073393,2.737028218752341,12,0.6958333333333333,0.5875011820319078,1064,1.2703947368421054,1.8802014655216448,449,1.5076391982182629,2.702829292811595,685,50.24275912408759,82.91542458781126,843,1.6606049822064055,2.8250825351340065,3368,3368,2.8101068883610454,5.419203147677321,2859,2859,2.029048618398041,3.007956582542892,5816,5991,5.020426865418819,8.550493348305432,6761,6861,2.370656291293496,2.909432938637326,1074,33.11840782122905,61.076020426308666,3605,3595,7.638604166666667,16.36238569212205,2171,7.351358820819898,15.934734799866945,5,6,0.3909090909090909,0.345212834098685,8,0.52,0.3009152704666215,2106,4.241823361823362,7.093069052545842,217,250,2.7659743040685227,2.260810731623049,228,259,2.7852156057494866,2.197825765432269,,,,,,,,,,,,,,,,,,,,,,,,,,,,,,,,,,,,,,,,,,,,,,,,,,,,,,,,,,,,,,,,,,,,,,,,,,,,,,,,,,,,,,,,,,,,,
10137,2025-02-03 19:00:00,18004,18086,3.215241341091715,4.917241013406485,1414,1710,0.8829993597951343,0.6316377093732443,1949,2077,1.2334103328365622,1.0886896826321015,2067,2420,0.8753666146645867,0.6772430266968178,1290,5.218162790697675,13.862895291008591,4089,4089,3.936590853509416,10.47523495396604,26.0,23.0,0.3871428571428572,0.3244713125271034,16679,16803,2.2251672540469505,2.266775088164215,0,0.0,0.0,0,0.0,0.0,115,0.727304347826087,0.6325095933132321,111,0.7756756756756757,0.6065061983917448,3267,3267,2.8292408937863485,6.216199221155246,665,2.755503759398497,16.98637676413938,0,4443,1.474296646410083,1.4535182643560325,0,0.0,0.0,1944,2060,1.2440334665334667,2.5651174169063595,2450,2450,1.2953755102040816,1.8487435230702305,1072,30.381884328358208,50.068992115373234,1176,1.13703231292517,1.1004495613389615,98,1.0223469387755102,1.027132724985202,1091,1.0679835013748855,0.966162509223088,1267,1.1381689029202842,1.101248467037367,537,67.49052141527001,101.1597638052598,684,1.1524853801169592,1.6071110139594489,2122,2122,1.6770782280867107,2.437619750799596,1667,1667,1.4875884823035392,4.199127419976854,5629,5862,2.9444130188843443,5.651648968609241,5767,6202,1.806930403542485,2.1141380828021843,2387,14.711667364893172,31.973274611553204,0,3715,3.790519515477793,10.451767877369129,0,0.0,0.0,82,58,0.5890714285714287,0.4920465953960217,12,0.6833333333333332,0.3930507459462313,1494,2.2760642570281124,7.7630882209849155,113,103,2.4069907407407407,1.558031081771515,129,101,2.21395652173913,1.1750402390246182,17.2628571428571,14.5064161849711,1.21870789779326,24.5716363636364,9.18547368421053,1.30621092377689,3444.0,47.0,14.0,10.7200894488856,44.0,3.4800150539363,8.93590909090909,15.827547607425,36.5961532883462,3.59486965131107,48.0,55.0,173.0,,,,,,,,,,,,,,,,,,,,,,,,,,,,,,,,,,,,,,,,,,,,,,,,,,,,,,,,,,,,,,,,,,,,,,,,,,
10137,2025-02-04 19:00:00,17633,17891,3.553985756108546,5.020486734350713,1796,1820,0.9464435840707964,0.6772918451440699,3186,3361,1.3540873682602717,1.3112442029273603,2622,2669,0.8950368550368553,0.7531253181340091,1124,1.9591548042704627,4.491549528637802,4704,4704,4.868562925170068,9.8447363833129,21.0,12.0,0.3345454545454545,0.164852384089357,18123,16933,2.195775901414879,2.2297942152962245,0,0.0,0.0,0,0.0,0.0,194,0.7478350515463916,0.5773691252679054,189,0.7543915343915345,0.5639592419625732,3398,3398,3.6079164214243673,6.678002049552461,636,1.8879402515723271,2.574703622722001,0,5969,1.4247093315463226,1.326327764051224,0,0.0,0.0,2418,2447,1.163235354573484,1.381267085566315,3632,3632,1.4990501101321585,1.930890425864716,873,43.03441008018328,65.41292530655227,1231,1.5505117790414296,2.2626926185254352,29,0.5134482758620689,0.2921770349264408,1750,1.1915828571428568,1.1940035691465474,1256,1.5348009554140127,2.2467618861641983,808,45.62620049504951,71.49580014006223,1063,1.2426904985888994,1.472032245717087,2978,2978,2.4226595030221625,3.972727989077127,2208,2208,1.3442934782608695,1.860336441276168,6533,6642,3.36950284629981,5.222832465575015,7447,7397,1.9145937752627329,2.037307644099453,2543,13.897263075108144,27.6642358556707,0,4389,4.777956254272043,9.909748488158758,0,0.0,0.0,29,14,0.5055813953488373,0.4522208882248698,27,0.8925925925925925,0.638421621933764,2376,2.346590909090909,5.7861955841204615,153,143,2.367939189189189,1.3446890564231595,148,153,2.3499003322259133,1.218882578797851,0.0,0.0,1.20843527388848,0.0,9.9604,1.06108882273396,4071.0,8.0,0.0,0.0,0.0,4.8929994727161,0.0,0.0,0.0,0.0,17.0,0.0,0.0,,,,,,,,,,,,,,,,,,,,,,,,,,,,,,,,,,,,,,,,,,,,,,,,,,,,,,,,,,,,,,,,,,,,,,,,,,
10137,2025-02-05 19:00:00,17004,17270,3.816644978701057,5.538142033416854,1601,1782,0.9324593556015373,0.6457851564345358,3387,3507,1.3304337104728752,1.2809243042748228,2476,2662,0.8937680031140522,0.7257245679945218,833,1.845294117647059,3.634432365993156,4458,4458,5.349634365186182,9.730054682929506,16.0,13.0,0.4048275862068965,0.2351612900595024,17646,16677,2.29384814847187,2.4327553040751684,0,0.0,0.0,0,0.0,0.0,233,0.7360085836909872,0.5265825849859075,233,0.7476394849785407,0.4871613568680153,3162,3162,3.9164642631246047,8.464560855198973,665,2.038616541353383,3.018252575971395,0,6142,1.4624861608596549,1.3582439133747,0,0.0,0.0,2629,2643,1.2443854324734445,1.6812976874002077,3767,3767,1.5553358109901776,1.7820938066214078,610,62.6011475409836,103.3334045539773,1192,1.5856627516778523,2.1187347189023837,17,0.5558823529411765,0.3099346956552852,1660,1.165433734939759,1.169007505028843,1209,1.5757154673283704,2.107850858290186,703,53.7128307254623,73.8326524201538,1117,1.3499283795881825,3.479660634708478,3243,3243,2.4288282454517423,3.705307689199548,2439,2439,1.446929069290693,2.2124423304324887,6326,6359,3.6591706740244394,5.680579421857631,7159,7310,2.0587338447715804,2.273294794815855,2127,16.945448989186648,37.92920698639681,0,4210,5.234555819477435,9.573979272068176,0,0.0,0.0,13,13,0.7034615384615385,0.5773676492208963,38,0.8039473684210526,0.7156798000344046,3306,2.49535390199637,3.35087097759824,167,156,2.6208049535603712,2.9123807411037337,195,162,2.6892156862745105,2.277905311056738,0.0,0.0,1.21623777663407,0.0,8.08678571428571,1.0648311182627,3886.0,14.0,0.0,0.0,0.0,2.8430253674204,0.0,0.0,0.0,0.0,14.0,0.0,0.0,,,,,,,,,,,,,,,,,,,,,,,,,,,,,,,,,,,,,,,,,,,,,,,,,,,,,,,,,,,,,,,,,,,,,,,,,,
10137,2025-02-06 19:00:00,13583,13956,4.545646900758923,8.126311790856564,1339,1266,0.8585335892514397,0.6614209673790609,2247,2307,1.2697101449275363,1.452156576072222,2160,2145,0.8679930313588851,0.91503232107712,694,5.724236311239194,11.470916258339107,3531,3531,6.719804587935428,15.39344422691486,15.0,10.0,0.4084,0.2521853286771457,13731,12714,2.3170149366609945,3.130587521939629,164,0.8189024390243903,0.5945545700970766,146,0.7778082191780822,0.5447086605369442,44,0.8531818181818182,0.7254959830954292,42,0.9152380952380954,0.779093606746046,2277,2277,3.981660079051384,9.969900597761722,774,2.827364341085272,7.618804461685253,4663,4647,1.4857239527389905,1.6286874470796464,2795,1.9100178890876565,2.373436636311399,2626,2441,1.5331478192224195,2.7313228137052827,3032,3032,1.6037368073878626,2.224701082910288,736,43.74001358695652,77.2983175869056,626,1.2089456869009585,1.609037427884893,201,1.5406467661691543,1.8233395853173004,931,1.0706444683136411,1.2818231902247144,823,1.298007290400972,1.678617267843718,534,62.72024344569289,98.21645037987084,1127,2.4961135758651287,13.178390676181778,2622,2622,2.152875667429443,3.4006237098685825,2287,2287,1.915430695233931,3.989456707779482,5630,5734,4.576090285110877,8.929517221348002,6375,6192,2.24106389750935,2.959092963561656,1345,25.16863940520446,48.08969228995787,3403,3425,6.563312829525484,14.662144996847552,2250,8.307626666666666,23.44165942292956,24,18,0.5585714285714285,0.4737820044652415,9,0.5533333333333332,0.2275473088783468,2190,5.75772602739726,14.803198285728085,184,171,2.8653521126760566,2.6207926072280445,210,210,2.975023809523809,3.2852772223976068,,,,,,,,,,,,,,,,,,,,,,,,,,,,,,,,,,,,,,,,,,,,,,,,,,,,,,,,,,,,,,,,,,,,,,,,,,,,,,,,,,,,,,,,,,,,,
10137,2025-02-07 19:00:00,14932,15460,4.515022045275072,7.20031014023682,1366,1525,0.8668384641992389,0.6347055695367435,3134,3206,1.3761750788643534,1.3032131938609988,2519,2651,0.823762088974855,0.7728439939273652,491,3.042932790224033,9.46036456551158,3941,3941,7.109005328596803,14.50308103220715,19.0,19.0,0.3723684210526315,0.2233292849786742,16285,15145,2.386833598472797,2.7991214218610363,189,0.7158201058201059,0.4805144833366473,169,0.7289349112426036,0.5446273808110772,30,0.7646666666666667,0.4438598377365939,29,0.7968965517241379,0.5378443785198009,2571,2571,4.475165305328666,9.390483870491158,655,2.081190839694657,6.004755427343079,5643,5823,1.5662829234257805,1.5746789111790658,2767,1.657116010119263,2.460962565636012,2807,2911,1.3994316194473593,1.9495350632157915,4000,4000,1.74892,2.614916898029457,427,84.06744730679158,124.77858588834088,641,1.4657410296411857,1.641296371789153,30,1.0176666666666667,0.5578451597192738,1317,1.2146165527714503,1.300377589973992,671,1.4457078986587184,1.6111801261896572,485,72.61616494845362,112.629475698034,1008,1.5781547619047618,2.668945746298278,3373,3373,2.5992469611621702,3.894893800014964,2764,2764,1.7070007235890012,2.8483641327953726,6114,6218,4.624572656503405,7.710141730540331,7274,7241,2.330773682397519,2.814018404442407,1223,28.970629599345877,51.42216327192349,3938,3952,6.700801013941699,13.600719168236322,2373,7.16432785503582,16.412317602672513,18,15,0.6290909090909091,0.5799182995558768,25,0.7031999999999999,0.7863267514208073,2616,5.08954128440367,9.738165260130714,209,171,2.584815789473684,2.498696864106981,204,193,2.626549118387909,2.1429309552156925,,,,,,,,,,,,,,,,,,,,,,,,,,,,,,,,,,,,,,,,,,,,,,,,,,,,,,,,,,,,,,,,,,,,,,,,,,,,,,,,,,,,,,,,,,,,,
10137,2025-02-08 19:00:00,15004,15918,4.498551193325141,6.793510764662655,1285,1488,0.838629642985936,0.6175171581011734,2981,3029,1.3269334442595673,1.231473704451307,2406,2517,0.8095368677635589,0.7285184775017354,506,1.7114624505928853,3.099851557642734,4134,4134,6.826840832123851,11.79894160773397,14.0,18.0,0.333125,0.1256343280118933,16673,15207,2.296988393977415,2.5889368864213025,225,0.7829777777777779,0.6483959863090829,218,0.7936238532110091,0.6962258582310459,38,0.7471052631578947,0.5202727417055144,27,0.7999999999999999,0.5679723519614248,2625,2625,4.829973333333333,9.109488075065748,738,1.603848238482385,2.1042784107824164,5683,5736,1.4932875032840005,1.4889613263135029,2807,1.6896437477734236,1.829614033377556,2988,2875,1.4501688555347092,1.986301249663464,3955,3955,1.7008672566371683,2.0763723425746123,614,60.88827361563518,106.02369442147616,611,1.4981833060556464,2.227717481533102,14,0.75,0.4733014744476143,1235,1.1437004048582995,1.1459134182234771,627,1.4794577352472091,2.205122575996046,753,47.21899070385125,85.1853977865906,941,1.454590860786397,2.431218883129367,3356,3356,2.704725864123957,4.5836081162624405,2869,2869,1.792345765074939,2.880336171912572,6447,6565,4.510550261297264,6.504309431599621,7558,7484,2.2650452067544213,2.615022885078968,1358,26.61432989690721,44.61573261435824,4035,4068,6.595203011230408,11.366581599058796,2489,6.77455202892728,14.473290723446851,11,11,0.4027272727272727,0.2677037341095531,22,0.5981818181818181,0.3520283609911973,2658,4.598555304740406,10.136624940357546,208,216,2.655495283018868,2.345710303973282,212,200,2.560558252427184,1.5624822885224847,,,,,,,,,,,,,,,,,,,,,,,,,,,,,,,,,,,,,,,,,,,,,,,,,,,,,,,,,,,,,,,,,,,,,,,,,,,,,,,,,,,,,,,,,,,,,
10137,2025-02-09 19:00:00,14156,14744,4.650192041522491,7.685157685095405,1234,1390,0.8501600609756098,0.6228700697342328,2640,2650,1.347436672967864,1.4324995829191054,2320,2432,0.831111111111111,0.7187139733810027,453,2.2343708609271524,5.409136565018345,3547,3547,7.72380603326755,16.425016779610115,11.0,9.0,0.3625,0.3346770831712264,15056,13925,2.348934129257099,2.8250929971489493,173,0.9121387283236996,0.8808532013095839,156,0.9021794871794871,0.8622847519383479,42,0.9302380952380952,1.0271562409442183,40,0.953,1.0595876556472332,2303,2303,5.396704298740773,13.927922261945342,695,1.671007194244604,2.406971617376225,5071,5318,1.5342564250649726,1.644862803811186,2597,1.674948016942626,1.9258269698751376,2814,2756,1.5385098743267505,2.1584876775676287,3724,3724,1.7512379162191192,2.080890639148582,514,72.1853307392996,123.79112253262234,488,1.2073565573770493,1.4673547977142518,11,0.7572727272727273,0.5517095894348585,1044,1.1774808429118773,1.1298585485233628,500,1.1974200000000002,1.4587746719764505,523,68.2144550669216,121.44124975833988,721,2.165506241331484,7.818910204277492,3200,3200,2.801696875,4.791545154161154,2654,2654,1.9236435568952523,3.3722487218324866,5885,6032,4.779032474616095,7.816383845419419,6926,6894,2.3086389290882776,2.764493229261926,1218,29.69556650246305,51.874519701886456,3530,3518,7.395270998864927,15.65971019690223,2286,7.7762029746281724,18.075721199130275,6,6,0.375,0.1696810733896584,11,0.7490909090909091,0.3464745706385586,2310,5.360298701298701,12.827042286001925,237,203,2.708090909090909,2.1993908228724464,248,203,2.718514412416851,1.983128228657956,,,,,,,,,,,,,,,,,,,,,,,,,,,,,,,,,,,,,,,,,,,,,,,,,,,,,,,,,,,,,,,,,,,,,,,,,,,,,,,,,,,,,,,,,,,,,
10205,2025-02-21 19:00:00,20332,20523,3.1062871129604703,4.150325634915071,1662,2171,0.8049673884685624,0.5739268893634003,3466,3513,1.3639962745378995,1.5143959352033456,2407,2792,0.8271667628390076,0.6720511970006464,1503,5.152687957418496,9.401271185003658,5480,5480,2.636206204379562,4.501464644594118,19.0,6.0,0.3192,0.1291795649474018,17584,18951,2.1183013548651983,2.042708691400238,193,0.7056994818652849,0.5052826150658801,179,0.7274860335195531,0.6150785420850162,28,0.72,0.3933827652554189,27,0.6274074074074074,0.3748539724824469,4170,4170,1.97815587529976,2.7774796521143275,811,1.6996547472256471,2.961811086417677,4806,5067,1.2068297376683887,1.079578114907617,4738,2.2596327564373158,2.3919945968435785,2004,2119,1.201047780742178,1.7018045289523829,2460,2460,1.190691056910569,1.644259344122158,1371,25.110517870167765,35.34637876578517,1753,1.420678836280662,1.5466650157533808,310,1.290774193548387,1.756555476653053,1905,1.2791968503937008,1.4333450169543531,1984,1.4893901209677418,1.712084974733689,759,51.4864953886693,81.13138350578173,1177,1.5803993203058622,6.191129861781054,1409,1409,1.2065649396735272,1.7035949077966994,1313,1313,1.1380350342726582,1.5675160519210083,7463,7983,2.481504596659329,3.9217876257660422,7143,7588,1.4577326725952071,1.5092693586961057,2380,16.009546218487394,29.7392566641626,4786,4703,2.5969480451048583,4.665390507374326,4187,6.688320993551469,10.867081762686803,21,17,0.2571052631578946,0.0810428052826939,10,0.558,0.481638868863384,3444,1.8277177700348437,3.989675156905444,117,114,2.7744588744588743,2.9228761167321538,124,155,2.607562724014337,3.042915235064251,,,1.21541787503296,,8.45259259259259,1.19917376013841,3793.0,14.0,,,,3.60126273388428,,,,,13.0,,,,,,,,,,,,,,,,,,,,,,,,,,,,,,,,,,,,,,,,,,,,,,,,,,,,,,,,,,,,,,,,,,,,,,,,,,,,
10205,2025-02-22 19:00:00,17989,18752,3.346472061185052,5.212757861767907,1811,1760,0.8228423410809297,0.5869019922785003,3535,3617,1.5861465324384787,2.3856542022965948,2392,2353,0.8591232876712329,0.6964070598574718,1573,5.71361729179911,13.294893434280254,5030,5030,3.2683439363817097,8.688289558267966,18.0,14.0,0.3737499999999999,0.2743258782907657,16386,16300,2.093575536927125,2.340364974163796,205,0.6854634146341464,0.5247488643272422,163,0.6929447852760735,0.4926738521158762,34,0.6455882352941176,0.446510596517897,30,0.8036666666666665,0.4760496005903399,3656,3656,2.252768052516411,4.710308948508757,830,2.599795180722892,4.267089900987476,4761,4703,1.210880177514793,1.1004750361408473,4379,2.2402580497830558,2.4165161419978425,2181,2144,1.5050612716763003,3.176036447598956,2561,2561,1.4356696602889496,2.4566868223525957,1388,22.11618155619597,31.344311977527266,1613,1.4239429634221945,1.38091066809198,333,1.1956156156156157,1.1797475156138255,2007,1.5226158445440956,2.561243349853345,1862,1.4946777658431794,1.4672795648799295,852,42.505868544600936,61.19773801069703,1069,1.5205706267539756,2.0839720995740936,1586,1586,1.528108448928121,3.050709582492732,1378,1378,1.4059071117561683,2.7948879983206787,7207,7435,2.9253360196694445,5.888979553376251,7082,6852,1.523403186450409,2.280739038714642,2473,14.149037606146376,29.65648303989864,4268,4320,3.388071727992548,9.26200039473341,3833,6.215846595356118,9.87302880328698,27,27,0.4092592592592592,0.3825443661118221,21,0.8995238095238094,0.8764510482105073,2952,2.6359146341463418,7.783552192447229,138,148,3.31520979020979,5.230826038008161,172,168,3.1958823529411764,3.4606880628730625,,,1.25697320021019,,9.09411764705882,1.18417336611933,3806.0,18.0,,,,4.44946270229343,,,,,16.0,,,,,,,,,,,,,,,,,,,,,,,,,,,,,,,,,,,,,,,,,,,,,,,,,,,,,,,,,,,,,,,,,,,,,,,,,,,,
10205,2025-02-23 19:00:00,18355,18367,3.639891890419912,6.981941028061549,1600,1635,0.8220958268933539,0.6098405270282373,3382,3405,1.5977221158096355,2.659975871052659,2200,2260,0.830085201793722,0.6841302238201742,1529,7.653557880967954,28.17347722818332,4663,4663,3.434267638859103,10.15569559446831,14.0,16.0,0.3563333333333333,0.1442101090615895,15512,15898,2.062131805157593,2.187749380004014,162,0.7728395061728395,0.7926292153378928,147,0.7485714285714286,0.7520764905373971,36,1.001111111111111,1.2125954207075778,28,1.1085714285714288,1.3411927375227148,3429,3429,2.3152085156022166,6.658153071687127,1059,2.6761473087818697,6.388551705975643,4450,4448,1.2278523263654753,1.218393186747896,4091,2.097279393791249,2.158435250996266,2011,2068,1.462995832311841,4.363556872920738,2409,2409,1.4745620589456208,3.0194853134096045,1442,20.26147018030513,33.65916987746366,1503,1.3365934797072525,1.774207414175047,326,1.1334969325153377,1.6360687333658506,1865,1.528906166219839,2.6278599707837875,1783,1.3735558048233316,1.809608004731786,783,48.12761174968071,73.09084163613024,957,1.540501567398119,2.244692371921796,1590,1590,1.563182389937107,2.76348596020832,1378,1378,1.600195936139332,5.645114566303226,7388,7163,3.456608480516803,8.893688238890869,6513,6588,1.548078009312266,1.9345714959866636,2181,16.962838147638696,40.49764264898208,4077,4095,3.4967425354870287,10.677230705648425,3470,7.429527377521615,14.48397371941077,18,24,0.4557142857142857,0.4318572452467468,10,0.3419999999999999,0.0915204895091803,3174,3.143327032136105,7.515471722177498,123,121,2.595,2.554483602493826,173,139,2.884358974358974,5.058914153214991,,,1.23258110415481,,9.06296296296296,1.17105361077171,3514.0,11.0,,,,3.66396649549498,,,,,16.0,,,,,,,,,,,,,,,,,,,,,,,,,,,,,,,,,,,,,,,,,,,,,,,,,,,,,,,,,,,,,,,,,,,,,,,,,,,,
10205,2025-02-24 19:00:00,17186,17213,4.09893107357772,6.737988583237642,1446,1587,0.8127233761951862,0.5783493756380302,3597,3777,1.7057567127746136,2.57293038232891,2126,2433,0.8365979381443299,0.7277085662595033,1404,9.947457264957263,27.39490615177232,4726,4726,4.040897164621244,9.25288516951468,9.0,5.0,0.3021428571428571,0.1464912757728289,13881,15124,2.0180917083261507,2.1430024552936104,191,0.8937172774869111,0.997843907918768,195,0.8696410256410255,0.9455322063201717,61,0.6988524590163934,0.4756534706414929,50,0.8103999999999999,0.5380295902643273,3113,3113,2.662833279794411,5.147274585670227,1131,2.3592042440318304,3.716638252140827,4312,4604,1.206564602960969,1.1285908483710985,3494,1.9514081282198052,2.655252706489593,2350,2402,1.6243728956228958,3.369361824098088,2679,2679,1.674016424038821,3.20149282690834,1320,21.213992424242424,34.94288490739506,1145,1.3761659388646288,1.7311783776042204,258,1.784341085271318,5.122165897407078,1972,1.5598478701825558,2.610533522285084,1371,1.5194675419401895,2.752594441076047,836,44.316399521531096,68.11646328992327,966,1.8436128364389237,3.8697947061175846,1861,1861,1.622358946802794,3.137851760733664,1577,1577,1.7340266328471785,3.0469294637692923,7354,7715,3.886042205853076,7.320781831381091,6530,7027,1.5989879766910082,1.80160764993186,1761,21.93592277115276,43.28829501829399,4283,4208,4.111691202449652,9.582293258684704,2982,8.65638832997988,15.238116518706107,30,23,0.6473584905660378,0.5508557697180668,17,0.6376470588235295,0.2396941534481636,3295,3.117860394537177,6.971436307745586,181,187,3.511548913043478,5.251278627194867,221,222,3.3926410835214447,4.401563853507782,,,1.28841099564197,,9.07135135135135,2.24959353933751,2983.0,13.0,,,,4.29922316185973,,,,,24.0,,,,,,,,,,,,,,,,,,,,,,,,,,,,,,,,,,,,,,,,,,,,,,,,,,,,,,,,,,,,,,,,,,,,,,,,,,,,
10205,2025-02-25 19:00:00,14226,13857,4.684385571342093,8.303661002901054,1006,1213,0.7956376746282109,0.5953113986979748,3511,3509,2.1202749287749287,3.959641393756411,1712,1997,0.8684119708816391,0.8529649091799704,871,8.385350172215842,19.22687080735465,3743,3743,5.462099919850387,13.907124379052064,0.0,1.0,0.33,0.0,11132,12147,1.9820645216718933,2.1288867964703044,205,1.0107317073170732,1.1240202025870862,185,1.0057297297297298,1.1937108312215328,86,0.9898837209302324,1.084106634875695,79,1.0154430379746835,0.8928007382096705,2320,2320,3.790900862068965,11.719073305741547,1134,3.180220458553792,7.071584956443302,3329,3606,1.1796510454217737,1.0440488926285871,2579,1.7723962776269873,2.137044357310386,2028,2067,1.9487130647130648,3.8270498435439446,2163,2163,1.8795885344429035,2.9067525871274142,979,31.04821246169561,54.127864732712176,796,1.3792336683417084,1.567817287154858,124,1.1569354838709676,1.2205763957135796,1599,2.0182238899312077,3.629215407660673,900,1.4020666666666666,1.5727665490395508,810,40.63188888888889,65.55670860577293,781,2.0642637644046093,7.626373296424759,1526,1526,1.9436959370904323,3.30624455393168,1429,1429,2.0537158852344297,4.776380375891981,6975,7014,4.703843019515333,9.325582406012412,6014,6414,1.754533311876408,2.024523689511291,1041,34.39159462055716,69.31573149171436,3462,3441,5.618063160944517,14.353087734366593,2151,10.246183170618318,18.60977818894329,3,5,0.6012500000000001,0.6462088961783179,16,0.71,0.4800390609106721,2634,4.4733029612756265,10.65057891533023,179,182,3.898836565096953,4.860598526622101,222,219,3.5612925170068026,4.462631430196844,,,1.26797940166748,,9.78,1.55535179715574,2039.0,4.0,,,,4.21254080098935,,,,,4.0,,,,,,,,,,,,,,,,,,,,,,,,,,,,,,,,,,,,,,,,,,,,,,,,,,,,,,,,,,,,,,,,,,,,,,,,,,,,
10205,2025-02-26 19:00:00,16158,15815,4.23439558377381,7.4338156156492445,1146,1573,0.8022030158146379,0.5801958756435142,3811,3764,1.8797386138613863,2.866718906941045,1965,2253,0.831981981981982,0.7427800786837152,1039,9.666015399422523,32.50478405158814,4270,4270,4.657673302107728,12.945239540184389,8.0,4.0,0.3858333333333333,0.206173807475365,12419,14597,2.0662485193959133,2.2427662522483027,212,0.7656603773584906,0.5211173026747695,163,0.791042944785276,0.548870131696587,64,0.9821875,0.9141448680836916,54,1.0585185185185184,0.7868959350638606,2825,2824,2.8018268720127457,5.494464143759911,1162,2.8689931153184167,6.765404804618012,4046,4291,1.252340170325057,1.1026543396243675,2953,1.7523941754148322,1.91563819202804,2226,2260,1.7768435131520286,3.642887245912881,2461,2461,1.660219422998781,2.7973045801385363,998,30.03589178356713,48.00222229696462,932,1.41637339055794,1.798114517393438,219,1.6789954337899542,4.254807315521656,1786,1.8049944008958565,3.089392686665303,1137,1.5143095866314864,2.4982158071351237,754,47.58161803713528,69.83393686049072,948,2.0906962025316456,9.37277626737884,1655,1655,1.6497099697885196,2.3999994537745475,1501,1501,1.7231578947368422,4.1222338458412855,7244,7350,3.958186240920927,8.012546372767957,6383,6976,1.7139456546148664,2.027032220899216,1160,32.78396551724138,68.32995386837301,3930,3837,4.748368739539076,13.392650959900967,2589,9.655307068366165,16.952603160371794,14,10,0.5750000000000001,0.4481071300481616,30,0.6940000000000002,0.4680640981745983,3012,3.1162151394422315,5.537649552586443,188,175,3.560027548209366,4.856695443699338,210,214,3.423089622641509,3.888321002487176,,,1.25844435736677,,9.39842105263158,1.35933529592487,2552.0,9.0,,,,4.67703151825115,,,,,10.0,,,,,,,,,,,,,,,,,,,,,,,,,,,,,,,,,,,,,,,,,,,,,,,,,,,,,,,,,,,,,,,,,,,,,,,,,,,,
10205,2025-02-27 19:00:00,15582,15566,4.615720431488379,11.572930668428157,1081,1162,0.7281052162282656,0.53699750108343,2912,2794,1.6965737819838766,2.8376384969369504,1703,1854,0.7826258082653922,0.784142613767853,1155,6.433627705627706,13.52953929394562,3995,3995,3.888515644555695,10.76710238140037,7.0,5.0,0.4074999999999999,0.2019952557198642,13076,13423,2.270602664251481,2.6910601493749526,270,0.7980370370370371,0.6260962523021333,225,0.8596888888888888,0.6950020886370605,64,0.75734375,0.5122903296334389,60,0.8221666666666666,0.5973750682964784,2697,2697,2.8563922877271044,9.016486979300204,1130,2.740079646017699,5.196059321402386,3624,3750,1.3844100895036615,1.3672592196744664,3470,1.988515850144092,2.8906612755525893,1750,1583,1.4956855685568553,2.6886591595719955,1804,1804,1.5463248337028823,5.874060897422996,1160,28.41359482758621,72.58355730080528,876,1.615068493150685,4.275475312823104,190,1.2657368421052633,1.5339451147151415,1429,1.7488593421973406,4.402146928401605,1042,1.624088291746641,3.992645997012969,1034,31.375396518375243,53.74442017268123,1206,2.571177446102819,9.281435443251896,971,971,1.4893511843460352,2.9187311710860158,961,961,1.5030280957336106,3.059878339219312,6759,6653,3.5280629287205487,7.854176091821262,6062,6146,1.7834870576671034,2.117251273106113,1327,28.88066314996232,73.09681840993618,3617,3584,3.895438133592557,11.18312509714072,2573,10.51679751263117,35.740577525474485,12,6,0.7883333333333333,0.8070402027711439,25,0.7204,0.4711303853499581,4224,2.950838068181818,6.546687183305066,106,100,3.1609223300970872,2.6041003186696825,138,132,2.813740740740741,2.191151838013304,,,1.60472804834696,,11.1914285714286,2.65665994451189,2813.0,2.0,,,,4.43313635693554,,,,,5.0,,,,,,,,,,,,,,,,,,,,,,,,,,,,,,,,,,,,,,,,,,,,,,,,,,,,,,,,,,,,,,,,,,,,,,,,,,,,
10205,2025-02-28 19:00:00,58,68,3.801031746031746,5.353625804346101,5,3,0.95375,0.5864711736308954,6,12,1.7283333333333333,2.2070776304123663,10,5,0.7653333333333333,0.4495162832299725,4,15.565,13.964838881992158,13,13,4.422307692307692,5.839662995869319,0.0,0.0,0.0,0.0,34,43,1.4385714285714286,1.423833962928567,1,0.57,0.0,1,0.23,0.0,1,0.27,0.0,1,0.3,0.0,11,11,4.592727272727273,5.214181868901723,16,2.885625,3.47095442340792,0,2,1.515,1.015,12,1.1816666666666669,1.25840397152725,9,1,6.235999999999999,11.9531269549018,5,5,2.56,2.2720739424587397,7,11.242857142857142,18.918284967788413,4,3.7,2.43227259985389,0,0.0,0.0,9,1.2266666666666666,1.149647288905988,4,3.7,2.43227259985389,2,29.05,28.65,1,4.93,0.0,1,1,0.5,0.0,0,0,0.0,0.0,31,38,3.454782608695652,4.913634862445181,13,12,1.3256,1.2426780113931366,3,48.99000000000001,61.82458626361091,13,12,4.4792000000000005,5.948772592728687,10,10.429999999999998,19.88852986019831,0,0,0.0,0.0,0,0.0,0.0,24,1.09,1.1831314381758269,0,1,1.33,0.0,0,0,0.0,0.0,,,0.7725,,0.0,0.660241433113676,4.0,0.0,,,,0.0,,,,,0.0,,,,,,,,,,,,,,,,,,,,,,,,,,,,,,,,,,,,,,,,,,,,,,,,,,,,,,,,,,,,,,,,,,,,,,,,,,,,
10206,2025-02-21 19:00:00,20533,20564,2.976619217947782,4.222760898501289,2264,1896,0.7944014423076923,0.5667552105201733,4077,3630,1.310764240301025,1.438844579864844,2826,2927,0.8186650443247001,0.6308586832048341,2030,4.305551724137931,7.855215917426686,6172,6172,2.608336033700583,5.822883267046522,15.0,24.0,0.3423076923076923,0.1698334257586855,18565,18296,2.114773066384526,2.0278943067511674,213,0.6582629107981222,0.5380928645484089,199,0.6837185929648242,0.5142660684429696,22,0.6654545454545453,0.4896448367089174,19,0.6942105263157895,0.4673026269478426,4794,4794,1.9608677513558612,4.248159934192912,979,1.8611133810010212,2.8074398979874453,5676,5490,1.2179751029912234,1.082516187653657,5484,2.356363967906637,2.481069938781105,2459,2129,1.1568308631211857,1.5429417662288365,2719,2719,1.1428061787421846,1.4486402406530587,2032,15.95089566929134,23.66458026542456,1895,1.204358839050132,1.137149191110839,552,1.0518659420289858,0.9223599006766754,2116,1.277462192816635,1.468778872454891,2328,1.278414948453608,1.1930877039843035,1230,29.26617073170732,45.80815416161655,1146,1.3377486910994765,1.811284337852741,1554,1554,1.1371364221364222,1.5791523794435598,1457,1457,1.068805765271105,1.5264867910176585,8496,8099,2.397151551672191,4.46722197990734,8054,7780,1.459659593280283,1.4771524472295274,3351,10.51773202029245,18.55813860209641,5257,5284,2.5705407456598044,6.161572030026261,4687,5.126046511627907,8.103964540396216,39,37,0.4119736842105263,0.4117006441094194,15,0.6900000000000001,0.3483867582634755,2250,2.06008,3.0471034979031044,123,115,2.6151680672268904,1.8008762377948817,150,140,2.624620689655172,3.088450570284261,,,1.32479434718414,,7.65139534883721,1.43962161095294,4741.0,26.0,,,,2.27108270603534,,,,,17.0,,,,,,,,,,,,,,,,,,,,,,,,,,,,,,,,,,,,,,,,,,,,,,,,,,,,,,,,,,,,,,,,,,,,,,,,,,,,
10206,2025-02-22 19:00:00,18214,18123,3.2753133170047057,5.181564576552823,1976,1733,0.8091345376112159,0.5794886511014581,4052,3776,1.5357805314256516,2.171380610843664,2620,2667,0.8317703801777947,0.6725289453842948,1890,4.724455026455027,10.479658570326748,5655,5654,3.206788398620568,7.781602153013868,16.0,13.0,0.3120689655172413,0.1576416562824736,16666,15961,2.0711919575811444,2.186444110268536,193,0.7024352331606217,0.5566291750810143,182,0.7440109890109889,0.5413727564420869,28,0.6557142857142857,0.4905349017102843,25,0.7292000000000002,0.4986375036035698,4178,4178,2.3149760651029205,4.188735796731759,1008,2.3153273809523807,3.961150512778479,5363,5304,1.2223343020530608,1.102824776499379,4532,2.2422661076787294,2.5065725882429777,2446,2353,1.3771014794748906,2.323737306610913,2840,2840,1.3014647887323945,2.050430451757036,1842,15.909641693811077,25.881560600807845,1699,1.3294702766333135,1.416971860840488,456,1.1917543859649125,1.1118046777326185,2201,1.4098682417083144,1.9426949648343128,2017,1.442870599900843,1.4969951193377546,1319,25.525602729340413,40.50728788400723,1201,1.2684845961698583,1.623179988143418,1836,1836,1.4801688453159043,2.9889294328400924,1594,1594,1.301737766624843,1.967589218176548,8010,7598,2.9035776524859043,5.89708874273269,7625,7326,1.5381586515952108,1.9589121626362545,2873,11.46090845805778,22.958878031137186,4858,4870,3.2610341282894733,8.184018483100463,4047,5.016009389671361,8.416073527064658,46,31,0.4623376623376624,0.4450474835425118,28,0.6174999999999999,0.2665202350934835,1902,2.856908517350157,9.152011030377327,148,153,2.7223588039867117,1.8948280939998732,185,181,2.84068306010929,2.837364921430325,,,1.33063739376771,,10.3158064516129,1.66660886200775,4236.0,14.0,,,,4.8188452466256,,,,,17.0,,,,,,,,,,,,,,,,,,,,,,,,,,,,,,,,,,,,,,,,,,,,,,,,,,,,,,,,,,,,,,,,,,,,,,,,,,,,
10206,2025-02-23 19:00:00,18097,17979,3.5768178290276085,6.388077280946414,1806,1739,0.8299774330042313,0.6203278623070888,4008,3913,1.642618356268148,2.683533362203404,2597,2558,0.8368360814742967,0.7058716325830908,1930,5.15820207253886,12.220120575145064,5387,5387,3.535838128828661,8.3098660533235,19.0,14.0,0.3184848484848485,0.1032537683550701,15995,15542,2.0755981862574115,2.217541866170324,168,0.7504166666666666,0.6751854720200844,162,0.7466049382716049,0.6831365241244954,48,0.8068749999999999,0.6838559675655393,47,0.8582978723404254,0.739169514283792,4024,4024,2.5555168986083503,6.3153671829341045,1133,2.598658428949691,4.974673612113044,5249,5279,1.3000759878419452,1.315365187137336,4152,2.1363872832369943,2.306637549443149,2587,2415,1.3800719712115157,2.65358762129923,2929,2929,1.4579037214066233,3.091533208455929,1921,15.442472670484122,26.71706937754061,1466,1.2277285129604365,1.3268841878575783,414,1.453913043478261,1.5612175207279526,2221,1.430004502476362,2.160728100719436,1779,1.3930747611017424,1.5005545313856616,1241,27.695012087026598,44.53563636806096,1110,1.364099099099099,1.937204786948392,2021,2021,1.5946660069272636,2.386219062642965,1742,1742,1.5561653272101037,4.452693890698392,7964,7971,3.360258550360841,7.54943522111518,7557,7198,1.6108647915960692,2.067080526270001,2586,13.411542923433874,25.835811573944262,4742,4758,3.5578231578947377,8.630000113331128,3721,5.741617844665413,10.846379039047418,37,35,0.5373611111111111,0.4324638490207899,14,0.5664285714285714,0.3607652014984883,2034,4.077581120943952,15.098229497925674,169,145,2.9749044585987265,5.541956025017569,170,163,3.14957957957958,8.624669022006733,,,1.37398707432264,,10.0818367346939,1.42390027141304,4023.0,24.0,,,,4.30671410965762,,,,,25.0,,,,,,,,,,,,,,,,,,,,,,,,,,,,,,,,,,,,,,,,,,,,,,,,,,,,,,,,,,,,,,,,,,,,,,,,,,,,
10206,2025-02-24 19:00:00,17175,17048,4.006644654179937,7.133979937085299,1699,1596,0.8062367223065251,0.5731612244234426,4247,3922,1.703444730077121,2.9691441567461285,2538,2484,0.877005177220231,0.8562746079817336,1789,7.532537730575741,19.98329592930728,5244,5243,4.344726804615238,10.218535801148658,13.0,15.0,0.3278571428571429,0.1304485980556858,14855,14255,2.030414977670904,2.1106381964367977,193,0.8439896373056994,0.8295314489295031,171,0.8257894736842105,0.6743520538418902,34,1.201470588235294,1.5724337306768266,36,1.2866666666666664,1.572005089050287,3681,3680,2.8981320472761856,6.764374790847377,1122,2.606069518716578,5.776045789404639,5181,4988,1.2745265021142689,1.2185596472216385,3703,2.025592762624899,2.2088246449522737,2745,2581,1.727211791212918,4.935355258102118,2961,2961,1.7591151637960147,4.52896162209884,1815,15.058661157024794,26.320629624447324,1121,1.298991971454059,1.403771764162118,299,1.246789297658863,1.7055564493027986,2091,1.541066475370636,2.266349253568103,1367,1.3845793708851497,1.5443455000452668,1330,25.92746616541353,43.4108665405938,1100,1.6991454545454543,2.8740934692093902,2209,2209,1.519610683567225,2.3598886525270384,1906,1906,1.5141238195173137,2.7044426341824543,8088,7998,3.922500310829293,8.497668429216587,7522,7149,1.6384752232295003,1.793203262948622,2310,15.787359307359308,31.296022979373014,4710,4774,4.379347321805146,10.483502120385715,3361,6.2983159773876825,11.859595084040734,30,32,0.5506451612903227,0.5078381472151432,27,0.75,0.5389839549594253,2148,3.0209776536312853,10.233574433805524,193,192,3.840623376623376,9.397498651774464,253,222,3.331768421052632,4.126690611010568,,,1.43309928688974,,9.26833333333333,1.58360566608799,3646.0,24.0,,,,3.90879474888218,,,,,24.0,,,,,,,,,,,,,,,,,,,,,,,,,,,,,,,,,,,,,,,,,,,,,,,,,,,,,,,,,,,,,,,,,,,,,,,,,,,,
10206,2025-02-25 19:00:00,13918,14020,4.483717875295297,8.103320379407345,1470,971,0.7902990577632119,0.6036349274522167,3850,3758,2.118397739221872,4.740148968768256,2270,1951,0.8422459132906894,0.8020228968163996,1178,6.218497453310698,15.000272698157648,4191,4191,5.507530422333573,13.1492488019765,4.0,8.0,0.2958333333333333,0.1154309557941696,12693,11187,2.010269681742044,2.198015652433755,190,0.9010526315789475,0.9587727612715292,166,0.9358433734939758,0.9372525598846376,46,0.9576086956521735,1.0431290402951088,45,0.9166666666666669,1.063430507576515,2750,2750,3.267141818181818,5.31549641005825,1117,2.906445837063563,7.573164880782984,4199,3872,1.2404571924172965,1.1927777652580605,3301,1.8728506513177825,2.009199221901662,2465,2307,1.9953290025146688,5.047429922547025,2540,2540,1.785527559055118,2.7631820348833185,1514,18.47509247027741,32.83152283556383,811,1.4384340320591862,1.9733801552202028,180,1.3518333333333332,1.5135677039513111,1821,1.8336518396485448,3.2654426100400715,959,1.5140980187695516,1.9624593524177256,1153,25.38447528187337,46.03987284228224,627,1.7514673046251994,4.123136890174665,1877,1877,2.084581779435269,5.750344707033249,1784,1784,1.973318385650224,3.64676803859666,7355,7363,4.601448566381301,9.233960195599169,6974,6540,1.784353263282522,2.158283302416825,1813,17.78587975730833,37.68518083201747,3881,3932,5.578963266350954,13.495370587285407,2632,6.573837386018239,13.496029910472837,10,3,0.3430769230769231,0.1756913646748233,15,0.6053333333333334,0.3644880732692849,1746,2.84127147766323,5.158524733016722,198,215,3.657070217917676,4.28500741082299,249,251,3.62392,4.208407755149208,,,1.30878109452736,,8.78444444444444,1.38210058693031,2814.0,7.0,,,,3.68900803020454,,,,,11.0,,,,,,,,,,,,,,,,,,,,,,,,,,,,,,,,,,,,,,,,,,,,,,,,,,,,,,,,,,,,,,,,,,,,,,,,,,,,
10206,2025-02-26 19:00:00,15827,16202,3.8610368728339934,6.525011010942238,1762,1180,0.8323555404486743,0.6463398428239719,4430,4313,1.858374699759808,2.73699004656238,2481,2218,0.8411917429240264,0.9070178876098696,1543,4.939280622164614,12.762261309831992,4948,4948,4.578016370250607,11.678145769674204,6.0,11.0,0.3258823529411764,0.1206871903885223,15334,12753,2.082014099049382,2.2786739414731985,177,0.697457627118644,0.5315320354425629,166,0.723855421686747,0.6041220480802115,33,0.8906060606060605,0.8703184349105142,37,0.9456756756756756,0.9020952803411248,3409,3410,2.759387006892506,4.82505227612354,955,1.965560209424084,3.97030899074328,5331,4850,1.3080728808564972,1.2585705003469694,3933,1.991350114416476,2.052651533888792,2630,2529,1.6371021515797637,3.555293708102804,3012,3012,1.5036387782204514,1.893245728577021,1656,17.556859903381643,32.125992458884376,1352,1.4816937869822486,2.054662654833756,285,1.3085263157894738,1.385085950911619,2295,1.6514509803921569,2.600182838236455,1565,1.565623003194888,2.0624509935232185,1355,23.476487084870847,40.90189615574616,790,1.4073164556962028,2.6804800512070748,2159,2159,1.7363872163038443,2.499936416077676,1839,1839,1.6445078847199566,2.4474344447628127,7584,7704,3.686032836211408,7.603043889962406,7753,7140,1.7435634190559324,2.113267549889733,2423,13.439360297152293,27.6949561070522,4410,4530,4.654356823266219,12.04617691449148,3259,5.423777232279839,9.883943724124508,12,13,0.5611999999999999,0.569977683773672,36,0.7013888888888888,0.6386755078449365,1926,2.4687538940809968,3.666224258877097,194,218,3.0564320388349517,3.098986937152755,227,217,3.278828828828829,3.620256446229493,,,1.33466719284399,,9.52842105263158,1.29856049295132,3801.0,10.0,,,,4.69505704596014,,,,,9.0,,,,,,,,,,,,,,,,,,,,,,,,,,,,,,,,,,,,,,,,,,,,,,,,,,,,,,,,,,,,,,,,,,,,,,,,,,,,
10206,2025-02-27 19:00:00,15131,15195,4.67542966431445,10.626834501697182,1169,1187,0.7305687606112056,0.539563442765938,3445,3348,1.6995230384219049,2.718521488523339,2030,1858,0.7546810699588477,0.7870991377232073,1000,4.35947,9.475364057338377,4566,4566,4.385816907577748,11.690006357687762,4.0,3.0,0.3757142857142857,0.2337799418780187,13124,13280,2.4177935161339192,2.855533724980535,294,0.8371088435374149,0.8795024925556423,276,0.8339855072463769,0.8685361997203932,55,0.7374545454545453,0.5236592166730303,40,0.751,0.5389610375528087,3285,3285,3.1950928462709287,9.162035072278243,694,2.6874351585014407,7.325344975655834,4877,4691,1.5193614130434785,1.562287216221537,3668,2.212082878953108,3.650034996575804,1857,2021,1.5986487880350695,3.4204729201282853,1900,1900,1.4879947368421054,5.377464882067296,1100,31.601872727272724,62.925982086764456,826,1.3867070217917676,1.922616458718608,102,1.0628431372549023,1.0097333927397307,1751,1.660331239291833,2.3442702677918783,903,1.415514950166113,1.902904912155232,1700,14.790717647058823,29.850783453355128,1580,3.2172658227848103,7.694478309042505,1126,1126,1.6097690941385434,3.2597395721316764,1028,1028,1.709182879377432,3.8458109143746566,7062,7262,3.934722144652332,9.851402684399364,6725,6665,2.0179253174010454,2.350279686617354,1683,21.45997623291741,48.85007931010061,4169,4230,4.322063340873914,11.996081859955323,2832,7.675254237288136,22.873674088776035,8,12,0.68,0.7381327793832217,91,0.7421978021978023,0.453704658250548,2184,2.4555494505494506,9.268372841964467,100,106,3.04868932038835,2.5320682536895123,131,137,2.7988432835820896,1.823249458351836,,,1.97550383351588,,9.66833333333333,3.11085085426785,3652.0,15.0,,,,3.38026338553012,,,,,9.0,,,,,,,,,,,,,,,,,,,,,,,,,,,,,,,,,,,,,,,,,,,,,,,,,,,,,,,,,,,,,,,,,,,,,,,,,,,,
10206,2025-02-28 19:00:00,50,45,3.6893684210526314,4.9289844818340285,4,2,0.5333333333333333,0.3796782263385083,10,4,1.0492857142857142,0.786224834125658,5,3,0.4025,0.2149273132945182,3,2.2333333333333334,0.5640527950073074,17,17,2.267058823529412,2.539987875621555,0.0,0.0,0.0,0.0,37,35,1.6291666666666669,1.8486186659833936,0,0.0,0.0,0,0.0,0.0,0,0.0,0.0,0,0.0,0.0,13,13,2.420769230769231,2.5720164538846277,2,0.935,0.335,17,12,1.19,0.8718588939928769,23,1.5256521739130433,2.15788307312465,6,5,0.8872727272727274,0.6268114245795708,4,4,0.7749999999999999,0.5539178639473544,11,10.858181818181816,18.896271791104876,0,0.0,0.0,0,0.0,0.0,3,0.6233333333333334,0.0659966329107444,0,0.0,0.0,6,7.111666666666667,6.724825689603825,5,2.166,1.2824133498993218,3,3,1.7666666666666666,1.2959509592916272,4,4,0.7,0.3839921874205255,27,25,2.0375,1.873112254839728,15,16,1.7093548387096773,1.5654123139924407,6,15.420000000000003,21.985628639333164,16,16,2.1875,2.506894243880264,12,5.0425,8.22104122055108,0,0,0.0,0.0,0,0.0,0.0,6,6.03,0.0,1,0,2.8,0.0,0,0,0.0,0.0,,,2.350625,,0.0,2.46262935891193,16.0,0.0,,,,0.0,,,,,0.0,,,,,,,,,,,,,,,,,,,,,,,,,,,,,,,,,,,,,,,,,,,,,,,,,,,,,,,,,,,,,,,,,,,,,,,,,,,,
10207,2025-02-21 19:00:00,21112,20731,2.982526348493177,3.922188731336734,1871,1903,0.8209432962374139,0.5814910210789966,3478,3660,1.3811025497338192,1.5627011598360294,2642,2568,0.8119193857965452,0.6425680850938651,1696,4.017617924528302,6.634639284052302,5444,5444,2.596192138133725,4.644780989606259,17.0,20.0,0.3213513513513513,0.1773858546138693,18940,18737,2.155598375666852,2.0736368040476627,181,0.5722099447513812,0.3507554280233482,153,0.5826143790849673,0.404135114987291,31,0.5838709677419355,0.3923352534409977,29,0.6089655172413792,0.3240726273174836,4108,4108,2.0462512171372933,3.5101100215484493,920,1.7267500000000002,2.7032499728587567,4931,4908,1.2377619676796423,1.1278348893381178,5471,2.585015536464997,2.8350774120492868,1930,2077,1.1325380583978035,1.4319678735929342,2507,2507,1.2367650578380531,1.579133815655259,1477,24.23348002708192,35.90343826181668,2937,1.651831801157644,1.9215990341675453,422,1.0327962085308056,0.9345915554565258,2101,1.3704093288910042,1.5735580796319044,3254,1.656066379840197,1.8929355330509847,817,48.51882496940025,63.83955711371181,1046,1.4620841300191203,8.58686328565981,1452,1452,1.1333677685950414,1.4606720479588873,1275,1275,1.0468549019607842,1.2667619019379537,7549,7532,2.364849147934488,3.6869515261775514,7267,7296,1.4525818856004944,1.427282727088846,3346,11.04036760310819,23.157919918368343,4684,4668,2.5385874679213,4.764606898427297,4739,5.717408736020258,11.964101046853113,24,32,0.4205357142857143,0.3782073299643669,59,0.7928813559322033,0.6105458820262228,3690,2.165138211382114,5.067837267947102,114,104,2.637385321100917,1.703289060074611,146,129,2.570363636363636,1.682762624254169,,,1.30111985608275,,8.54860465116279,1.42374598329264,4447.0,19.0,,,,3.1431531948809,,,,,24.0,,,,,,,,,,,,,,,,,,,,,,,,,,,,,,,,,,,,,,,,,,,,,,,,,,,,,,,,,,,,,,,,,,,,,,,,,,,,
10207,2025-02-22 19:00:00,18649,18078,3.3258586326136084,5.264528558590079,1484,1720,0.8490761548064919,0.6085072773270637,3255,3373,1.5438533494266746,2.1109650074651287,2186,2218,0.8415531335149863,0.7532811931722457,1590,6.9967106918239,44.924581362846254,4680,4681,3.1531107787629526,8.125374230091339,14.0,17.0,0.3135483870967742,0.1532349742588428,15540,16597,2.1573809005196503,2.3243803309495115,149,0.7091275167785235,0.745706217127738,142,0.671056338028169,0.7140567576629009,35,0.9908571428571428,2.0304881488078133,30,1.1980000000000002,2.202423513617064,3360,3360,2.189327380952381,4.009902477731466,1207,2.001350455675228,3.171149603600449,4333,4402,1.2377962220950205,1.1609531483331,4205,2.559560047562426,2.9269795434173007,1884,2086,1.4205465994962216,2.5521159154343622,2340,2340,1.341017094017094,1.9501886364289256,1338,22.938266068759344,33.465610885521954,2358,1.7283333333333333,2.1521788030990607,397,1.1522166246851386,1.0714295746461318,1882,1.505249734325186,2.292395265539297,2656,1.7399510542168672,2.107712038029605,746,49.70285522788204,68.0773226643838,1000,1.35321,3.779469644791449,1514,1514,1.5036591809775428,2.920524546194676,1279,1279,1.36852228303362,2.080759414187572,6638,6626,2.8590161338962603,5.95031022483317,6176,6587,1.5519329311290448,2.121149518833981,2634,14.08001138952164,43.369845750095934,4033,4015,3.191587972166998,8.53698418467541,3766,7.156502920870951,28.988199885799794,31,30,0.5231147540983607,0.4938857005341951,42,0.724047619047619,0.414430530244929,4147,2.486918254159633,7.823940262956639,118,119,2.672067510548523,2.07263533801474,146,147,2.793139931740614,2.18904541608013,,,1.40111404435058,,10.3,1.59844901551764,3788.0,20.0,,,,5.18183172247035,,,,,20.0,,,,,,,,,,,,,,,,,,,,,,,,,,,,,,,,,,,,,,,,,,,,,,,,,,,,,,,,,,,,,,,,,,,,,,,,,,,,
10207,2025-02-23 19:00:00,18216,18036,3.66859704292177,6.940595532259845,1565,1623,0.8283688833124216,0.5857661601820617,3383,3453,1.6423537156231716,2.5308126448180244,2229,2287,0.8543091231178035,0.7464463113731958,1535,6.22371986970684,16.219518612237916,4541,4541,3.7853380312706455,10.225045605366562,15.0,12.0,0.3322222222222222,0.1560231068673586,15176,15963,2.188158258132888,2.4258334731203126,208,1.0328846153846156,2.515762108524252,181,1.0913259668508288,2.65252062105591,41,0.8207317073170731,0.59252411803914,33,0.8536363636363635,0.6148605073723395,3293,3293,2.452563012450653,4.980977490946206,1350,2.1551925925925928,3.5493454899956607,4481,4474,1.285928531546622,1.3299955774732075,4060,2.490344827586207,3.02911757449405,2074,2087,1.564003845229512,5.58834837515609,2527,2527,1.5469687376335577,3.310690457011785,1359,23.82605592347314,37.30680147238422,2114,2.098117313150426,2.7763446039598136,328,1.1460365853658536,1.323692460645156,1928,1.4805705394190871,1.8772906301820769,2384,2.049249161073825,2.680915568777213,793,47.3961790668348,69.67338443057585,902,1.1268957871396896,1.3249442561189533,1714,1714,1.519183197199533,2.2516221374791203,1544,1544,1.5761139896373058,2.871148770373587,6952,7025,3.4967153180224653,8.714234833802678,6269,6536,1.6169277625927374,2.0980549356341287,2410,15.590514522821575,31.859906056454992,4051,3987,3.834788504603136,10.665649350251034,3500,7.415131428571429,14.78320551977376,22,24,0.6204347826086957,0.5237073382925568,42,0.7549999999999999,0.419564683701481,3474,2.161433506044905,3.2966767456174657,132,147,3.2459498207885304,10.750294973580372,150,168,3.0280817610062893,4.893521429475559,,,1.4735617168755,,10.9821621621622,1.79100900442245,3751.0,19.0,,,,4.05791128213807,,,,,18.0,,,,,,,,,,,,,,,,,,,,,,,,,,,,,,,,,,,,,,,,,,,,,,,,,,,,,,,,,,,,,,,,,,,,,,,,,,,,
10207,2025-02-24 19:00:00,17301,17291,4.042194438020352,6.98591235986931,1483,1540,0.8186635792259344,0.5683623196381077,3746,3678,1.724587823275862,2.5657290404463327,2252,2276,0.8597393992932862,0.7748567764174636,1374,8.837532751091704,28.21893370004284,4738,4739,4.093382927086631,10.443400781054606,14.0,13.0,0.2837037037037038,0.0984000959103773,14779,14659,2.1237458387118693,2.286436663579913,173,0.9755491329479768,1.017045684267197,174,0.916264367816092,0.9673885686492972,55,0.8192727272727275,0.7252431681116079,49,0.8159183673469389,0.6396169720130404,3132,3133,2.694657621707901,6.561938179538326,1480,2.518513513513513,4.647321978746653,4495,4485,1.2644498886414255,1.247021358983304,3738,2.4031995719636168,3.074721219234091,2338,2394,1.7266948436179206,4.776883454104624,2726,2726,1.6719589141599411,3.642321894324775,1294,22.97259659969088,36.05917257290471,1839,2.1891027732463297,3.506834872198545,272,1.2715441176470588,3.3251522253248864,1879,1.6549281532730171,2.6958607387188165,2056,2.1516391050583654,3.544919103107411,914,41.1789715536105,65.18919208921267,944,1.4670974576271187,2.677571559567308,1885,1885,1.690997347480106,4.026056361699271,1698,1698,1.628080094228504,3.167920619103983,7456,7207,3.905285412262156,8.326201019562568,6751,6636,1.6538813774557406,1.8762537696788015,2150,17.682660465116278,38.25862867126377,4251,4272,4.1408424263756896,10.780434226890272,3229,7.775751006503562,13.47308433116931,38,38,0.5257894736842105,0.4145456077946409,53,0.7167924528301886,0.3386475519937242,3564,2.982861952861953,7.973767801610915,152,183,3.743701492537313,9.566696245058774,196,226,3.4834597156398104,4.657316047865357,,,1.51902404121351,,10.0718367346939,1.88840046523757,3494.0,25.0,,,,4.23111828392071,,,,,24.0,,,,,,,,,,,,,,,,,,,,,,,,,,,,,,,,,,,,,,,,,,,,,,,,,,,,,,,,,,,,,,,,,,,,,,,,,,,,
10207,2025-02-25 19:00:00,14057,14051,4.6789052938665145,8.37016513632047,936,1176,0.7897064393939394,0.5982518796873465,3307,3610,2.117869018360561,4.841760866181545,1691,1853,0.8215744920993229,0.7110449211485219,795,8.28308176100629,16.112692428492576,3631,3631,5.378578903883228,12.84731113632456,4.0,2.0,0.2483333333333333,0.0417997873466148,11322,12093,2.0079666880205,2.1827576167145777,168,0.8047023809523809,0.6805310650297468,141,0.8634751773049647,0.6998652208804336,61,0.8544262295081967,0.7014867690704262,65,0.8783076923076922,0.759059274529019,2278,2278,3.3892054433713787,8.904567300861002,1179,2.577591178965225,4.208170549236021,3324,3486,1.2489162995594711,1.1866929456178874,2551,1.9302900823206584,2.6785111875126404,2082,2118,1.945709523809524,4.540645729346555,2248,2248,1.8278781138790037,2.742777394805663,885,36.11581920903955,65.90249335861708,1036,1.8411100386100383,3.200098517947696,134,1.4785074626865673,1.8282352258364032,1630,2.1370184049079755,5.637070983196852,1154,1.84207972270364,3.104980597938571,837,39.41375149342891,71.00350416092574,786,2.1288676844783714,6.033180887278694,1590,1590,2.030389937106918,4.146290799632712,1510,1510,1.895788079470199,2.9002569893194488,6626,6678,4.664527961515334,9.324248748293558,5997,6071,1.7817243950944646,2.1044068266591576,1048,35.344942748091604,72.10158959241085,3389,3358,5.477935378686824,13.21868017985612,2146,11.05993010251631,26.3373649231436,2,8,0.5890000000000001,0.5932528971694956,38,0.8689473684210526,0.5610928691012146,2910,3.965690721649485,11.590273605694664,179,169,3.4084770114942526,3.681597328253399,213,220,3.398452655889146,3.5149090124129025,,,1.31588068181818,,9.72636363636364,2.24148679455336,2112.0,7.0,,,,3.42844325321214,,,,,4.0,,,,,,,,,,,,,,,,,,,,,,,,,,,,,,,,,,,,,,,,,,,,,,,,,,,,,,,,,,,,,,,,,,,,,,,,,,,,
10207,2025-02-26 19:00:00,15901,15872,4.100937903251189,7.070897654307761,1250,1407,0.828901016183666,0.6707714091924386,3719,3902,1.8579320299173336,2.5519960466612117,2026,2172,0.8544330633635064,1.011490911431831,1043,8.85209012464046,22.9715510504619,4168,4168,4.617951055662188,10.462338837450249,11.0,9.0,0.3015,0.0876512977656349,13155,13931,2.1472498707819536,2.418734203548356,161,0.7491925465838509,0.5452379674845494,140,0.7242142857142857,0.5245556866218751,43,0.596046511627907,0.3396245501225888,43,0.6030232558139534,0.3707286030691262,2742,2742,3.04328227571116,7.588975315433799,1373,2.452301529497451,3.831157305307277,3973,4307,1.286213768115942,1.2366757881626982,3265,2.344,3.0854621302857144,2170,2200,1.588212814645309,2.793962399646191,2515,2515,1.6226242544731608,2.468379019128897,1085,28.299926267281105,57.26385872701845,1468,2.622949591280654,4.773527201162495,289,1.4528027681660898,2.2724023762783565,2032,1.7689074803149607,2.532049543172073,1710,2.528216374269006,4.5478456605312125,876,40.14873287671233,64.56103636870851,783,1.6707918263090678,2.9300897054661625,1733,1733,1.647547605308713,2.168179555195452,1556,1556,1.7097429305912597,4.058351151974506,7053,6716,3.859592563003849,7.770869922270434,6379,6524,1.7047291327598233,1.9795333952380856,1547,24.08478345184228,56.37523273623743,3771,3760,4.727802416677732,10.805538417280212,2675,9.268104672897197,22.836575883655986,11,15,0.6130769230769231,0.5627458042817257,69,0.8121739130434783,0.4530952152716682,3042,4.537652859960552,20.597538578119643,164,189,2.9314447592067987,2.5102668295881068,192,213,3.008,2.4389964947155147,,,1.64896551724138,,10.31,2.22286586673475,2929.0,12.0,,,,3.45016319714829,,,,,11.0,,,,,,,,,,,,,,,,,,,,,,,,,,,,,,,,,,,,,,,,,,,,,,,,,,,,,,,,,,,,,,,,,,,,,,,,,,,,
10207,2025-02-27 19:00:00,15493,16055,4.525471662228984,10.663047767759911,1254,1135,0.743197990791126,0.5518026197507726,3093,3421,1.7358228431071538,3.444570392480994,1880,1876,0.7451996805111821,0.697179459450251,1271,5.924154209284029,12.726481632754572,4380,4380,4.394805936073059,13.573554130010685,1.0,7.0,0.33625,0.1532920007697727,14049,13263,2.312122144112478,2.6779761693343214,269,0.8497397769516729,0.635671590481811,260,0.81,0.5665061612809086,42,0.8780952380952382,0.6851320279271799,49,0.7051020408163267,0.5384411454733862,3085,3085,3.2983695299837925,11.020240678066315,1216,2.6907565789473686,7.176033238914752,4206,4289,1.3943107710417892,1.3690612405400149,3641,2.299357319417742,3.2696994334485936,1835,1780,1.681070539419087,6.06370186146497,1927,1927,1.4499429164504412,2.9368535929326005,1269,26.687951142631995,55.01540335687165,1193,2.2720033528918693,5.213159851234522,192,0.9080208333333332,0.9594422422598656,1799,1.6499166203446358,2.2175862473842085,1355,2.155512915129151,4.94280668722237,1135,30.204713656387664,54.57983038638095,1402,2.6623395149786018,7.377196857278166,1190,1190,1.5675798319327732,3.348831557162693,1068,1068,1.5639700374531835,3.4974972013226187,7206,7179,3.8412624261383375,9.617167843071954,6737,6533,1.827640542577242,2.0782681261869578,1514,25.639134742404224,71.55593402390443,3948,3950,4.445011395289947,14.16020801906517,2808,8.896324786324787,28.833867004298597,2,6,0.48375,0.3626960676654766,59,0.8338983050847457,0.5806221588546715,3252,2.475977859778597,4.869277326479427,124,97,3.7500904977375566,9.210392909554471,148,125,3.147765567765568,4.021462810866304,,,1.68980084490042,,9.76166666666666,2.59266833771731,3314.0,3.0,,,,4.39404679335828,,,,,3.0,,,,,,,,,,,,,,,,,,,,,,,,,,,,,,,,,,,,,,,,,,,,,,,,,,,,,,,,,,,,,,,,,,,,,,,,,,,,
10207,2025-02-28 19:00:00,64,66,3.747153846153846,5.165116758620033,5,6,0.61,0.5035510265739078,8,15,1.3956521739130436,1.4671232605427906,7,7,0.5692857142857143,0.3808536330349473,3,9.676666666666668,8.692243029787472,22,22,2.285,2.526517095996708,0.0,0.0,0.0,0.0,62,40,1.565392156862745,1.402546473710899,1,0.43,0.0,1,0.23,0.0,0,0.0,0.0,0,0.0,0.0,17,17,2.0258823529411765,2.448810176448313,4,3.35,4.5876355565803175,15,18,0.9615151515151515,0.7860955343750345,19,1.7763157894736838,1.2150989152991698,8,13,1.7076190476190476,2.882193121254822,4,4,2.5675,2.53202858396188,6,22.686666666666667,27.46105282435876,5,1.608,0.5798758487814438,2,0.98,0.35,9,1.7044444444444444,1.9907849435230376,6,1.706666666666667,0.7581922945767489,6,24.58333333333333,15.433998905734772,6,1.25,0.7994164538378395,3,3,1.6,1.3293858231027842,5,5,1.086,0.7904074898430555,36,39,3.223333333333333,4.34531666152064,20,22,1.6050000000000002,1.4164900450123352,11,12.66909090909091,13.494283944454176,19,21,2.26525,2.499649962994819,18,6.499999999999999,9.310439182862307,0,0,0.0,0.0,0,0.0,0.0,0,0.0,0.0,0,1,2.8,0.0,0,1,5.2,0.0,,,1.278,,0.0,1.08960665685681,15.0,0.0,,,,0.0,,,,,0.0,,,,,,,,,,,,,,,,,,,,,,,,,,,,,,,,,,,,,,,,,,,,,,,,,,,,,,,,,,,,,,,,,,,,,,,,,,,,
10208,2025-02-21 19:00:00,20859,21018,2.9836814958091558,4.180992066046736,2089,1916,0.8073932584269663,0.5735936578267934,3496,3714,1.3487045769764217,1.442395252316145,2887,2475,0.8275009324878776,0.6365363591024525,1907,3.909265862611431,10.154085261342,5598,5598,2.546261164701679,5.577726144869039,18.0,19.0,0.3151351351351351,0.1304590983147202,19462,18567,2.1401022903573583,2.0487701470557638,183,0.6787978142076504,0.4900749107404895,162,0.7167283950617285,0.5241628601956985,28,0.7482142857142857,0.5081553022693848,27,0.7422222222222222,0.546513076888263,4234,4234,1.906544638639584,3.951732874738429,910,1.683802197802198,2.885719603704415,5133,5081,1.2313510867436848,1.1039268762782557,5518,2.66791591156216,2.820020449858341,2049,2117,1.1552376380220837,1.492313150549674,2552,2552,1.1769670846394984,1.6475902091688883,1571,22.101763208147677,28.50417493197197,2601,1.361503267973856,1.2333752949971055,403,1.1633746898263029,1.74537617467444,2126,1.309002822201317,1.5518054132021797,2868,1.43326359832636,1.3984873842794312,709,55.82724964739069,82.83035997689744,895,1.0443128491620113,1.2791562129815108,1479,1479,1.1646585530764029,1.5927045480129678,1299,1299,1.088460354118553,1.6359227845388178,7661,7555,2.298502891692955,4.294190152425271,7518,7318,1.443231329199245,1.4426579322727968,3408,10.697640845070422,19.83110718287578,4763,4835,2.4832194207126483,5.88281710961918,4861,5.491653980662416,8.576963260157791,32,30,0.4337096774193548,0.4032338386296777,15,0.5813333333333334,0.301968357429862,3390,1.808619469026549,2.929357271371618,101,122,2.665291479820628,2.7198143204014933,155,151,2.4095424836601307,1.5592917111150182,,,1.25057218489106,,8.90048780487805,1.14724220178221,4911.0,18.0,,,,3.59084469389932,,,,,23.0,,,,,,,,,,,,,,,,,,,,,,,,,,,,,,,,,,,,,,,,,,,,,,,,,,,,,,,,,,,,,,,,,,,,,,,,,,,,
10208,2025-02-22 19:00:00,18544,18443,3.313789169167545,5.435475389222304,1711,1769,0.8355775862068965,0.5940851266094291,3497,3573,1.524009900990099,2.384659833269971,2404,2364,0.8381229026845638,0.775626330042155,1605,4.969632398753895,13.614300193965589,4960,4960,3.4084274193548385,9.225463859020149,17.0,21.0,0.3776315789473684,0.2666303789945363,16613,16347,2.108032160194175,2.238293732716325,178,0.6708988764044945,0.5385710190708438,165,0.6806666666666666,0.5854044272418372,27,0.5533333333333333,0.2535233205724359,31,0.5967741935483871,0.2251649874915982,3652,3652,2.308847207009858,4.509350035819803,978,2.3301840490797545,6.497653120984944,4668,4716,1.213974850809889,1.0977217425606778,4448,2.4102877697841723,2.467271571780288,2156,2084,1.5201721698113209,3.0616871957318725,2593,2593,1.3673004242190512,2.467747989560632,1371,23.109569657184537,32.82754208086287,2064,1.3722093023255812,1.2130987144813308,350,1.0674857142857144,1.0992173675959136,1938,1.4254385964912282,2.281167173278232,2300,1.434391304347826,1.2991029426402512,739,48.888525033829495,74.3811310691329,903,1.384407530454042,2.5141676645434954,1624,1624,1.620350985221675,3.551469627455711,1387,1387,1.5565176640230711,2.8610153032581733,7212,7408,2.9610711354309167,6.317596719122967,6844,6962,1.5445335361437056,2.0500916008616,2535,13.866579881656804,28.05122226061861,4301,4255,3.501851332398317,9.79430567189636,3856,6.1701167012448135,10.793022791943793,24,40,0.44515625,0.4312409136271017,16,0.638125,0.7397991175819284,3228,2.3238475836431225,4.260583222616782,147,131,3.261079136690648,5.3139475349131295,159,166,3.1610461538461543,4.012944763486399,,,1.26726432057539,,10.7396774193548,1.1832426987323,3893.0,16.0,,,,6.05445103335526,,,,,15.0,,,,,,,,,,,,,,,,,,,,,,,,,,,,,,,,,,,,,,,,,,,,,,,,,,,,,,,,,,,,,,,,,,,,,,,,,,,,
10208,2025-02-23 19:00:00,18300,18586,3.636415171067614,7.021129083739427,1678,1652,0.8238888888888889,0.5800381935464589,3527,3529,1.5870677437641725,2.774960981922646,2361,2282,0.8415830282145165,0.7111363114674533,1636,6.985709046454768,23.02600313695417,4761,4761,3.733826927116152,10.99136264042922,13.0,19.0,0.3259375,0.1224453800424907,16355,15635,2.123889965614254,2.233629613048302,183,0.7292349726775957,0.5489507771347103,163,0.6986503067484662,0.5651423788652523,44,0.8095454545454547,0.8994062550206374,34,0.9252941176470588,0.8549930694391197,3492,3492,2.6170561282932416,8.050031381997535,913,2.1828368017524644,3.850148708054409,4612,4591,1.2921025752472022,1.2520517038029488,4325,2.3145109826589594,2.692734583175348,2084,2186,1.5258032786885247,4.825459102419451,2521,2521,1.4180920269734234,3.1476789029790377,1373,22.12982520029133,33.04582879202927,1992,1.3327510040160644,1.19086249254631,373,1.0651474530831098,1.112208773690297,2009,1.4406869089099053,3.2919464189925733,2271,1.3765213562307352,1.258690777798338,694,55.714481268011525,83.4699242247838,837,1.4565830346475508,2.698844176580278,1739,1739,1.5309718228867164,2.4791058157235897,1446,1446,1.6799654218533886,6.7600355447206,7121,7266,3.453392646138876,8.987034002163318,6636,6653,1.602207841071563,1.8061353540072045,2270,16.663823788546253,36.16162065957026,4181,4211,3.7861189227836034,11.569454350249272,3621,6.993054404860535,14.23857647338662,30,24,0.5672222222222223,0.4213093201080135,21,0.5742857142857145,0.206364712482108,2976,2.731491935483871,8.92307961357835,110,121,3.756277056277056,13.294334176807242,139,162,3.375282392026578,9.238736574428524,,,1.22716382699869,,10.0463265306122,1.63114001515669,3815.0,27.0,,,,4.08544589222226,,,,,22.0,,,,,,,,,,,,,,,,,,,,,,,,,,,,,,,,,,,,,,,,,,,,,,,,,,,,,,,,,,,,,,,,,,,,,,,,,,,,
10208,2025-02-24 19:00:00,17518,17628,3.987025550560519,7.006462628867065,1521,1426,0.8213301662707838,0.5870254180598371,3630,3843,1.7003439047236717,3.127228298897012,2327,2050,0.843374457390907,0.734260114818317,1511,7.897094639311713,23.492735880336724,4521,4521,4.15152399911524,10.597605804823852,14.0,17.0,0.2977419354838709,0.1182045705524101,15122,14599,2.0439870798425352,2.1325341100346424,178,0.9514044943820223,1.6221087483397882,158,1.0001898734177217,1.714101776633157,56,0.9396428571428572,1.0177934190578908,51,0.974313725490196,1.0217022606510442,3055,3055,2.7333551554828155,6.222791641482793,1347,2.5174610244988864,5.568236644522346,4467,4378,1.291799886941775,1.306322917295328,3871,2.0748023766468613,2.270331147532673,2263,2319,1.6622457442164993,3.9331029283478727,2644,2644,1.7718645990922843,4.81937003134896,1371,22.087892049598832,34.04966201451515,1672,1.4443720095693782,1.445353539599169,274,1.1908029197080292,1.7051975326609332,1979,1.6773319858514402,3.129830710977208,1886,1.486898197242842,1.5652754551534258,893,43.30614781634938,64.61977866906594,861,1.5494076655052265,3.362422457500762,1811,1811,1.7448260629486472,4.572538537880572,1617,1617,1.525899814471243,2.6608560281568816,7268,7246,3.8267583023287854,8.436572911430353,6601,6592,1.6278359736223755,1.8330002592764716,2060,18.69708252427184,41.20678943943353,4104,4094,4.1412856794340085,10.947952910302185,3119,8.286662391792241,15.21483850477402,39,44,0.5873493975903614,0.5511435741865335,33,0.8554545454545456,0.6541572923123301,3636,3.157359735973597,6.297790064433122,184,148,3.5328012048192767,5.088357338696213,206,206,3.356043689320388,4.56309420953387,,,1.286628113879,,9.49935483870968,1.53463153193406,3372.0,36.0,,,,4.02978822423139,,,,,26.0,,,,,,,,,,,,,,,,,,,,,,,,,,,,,,,,,,,,,,,,,,,,,,,,,,,,,,,,,,,,,,,,,,,,,,,,,,,,
10208,2025-02-25 19:00:00,14179,14452,4.59264573364535,8.16528567516295,1043,1095,0.7974462114125351,0.5823234390027013,3520,3311,2.2083618796662274,6.050716722385072,1823,1695,0.8239738487777146,0.7416019961104776,898,6.690322939866371,17.4119300296301,3553,3553,5.501840698001689,14.082926069813157,6.0,3.0,0.3033333333333333,0.1265789169736501,12131,11851,1.997680760570428,2.1088037521570038,152,0.7769078947368421,0.4788696031069193,148,0.7480405405405405,0.4977525961811884,65,0.9547692307692308,1.1126463363632153,75,0.8877333333333335,1.023198349403586,2242,2242,3.3871364852809998,10.329210220134817,1073,2.1346225535880707,3.906523193273596,3549,3437,1.2323747494989978,1.1710948960257404,2924,1.837233242134063,2.056675604142118,2007,2090,1.9041762265072004,4.33645374217618,2135,2135,1.7492927400468383,2.6050233073559377,940,35.892585106382974,67.93755886151567,1090,1.5988623853211008,2.4417860039977053,170,1.153,1.465239932169312,1518,2.2091765480895917,8.31938752997894,1238,1.5970355411954766,2.370327513350464,804,41.30315920398011,68.83636836311469,794,1.987732997481108,5.8605128814375576,1567,1567,2.0464199106573067,5.6457658353026,1485,1485,1.9469898989898988,3.973150209735791,6640,6541,4.559858887793036,9.121332077325423,6098,6058,1.7887923659098388,2.028960823433578,1182,31.860617597292723,66.83709914693046,3312,3313,5.569645283018868,14.426159323434607,2180,11.278573394495414,32.092877370515176,8,7,0.4373333333333333,0.4030130960099877,16,0.655625,0.4100452528380252,2976,3.6598185483870966,7.135459538808874,183,173,3.37129213483146,4.463625398840509,212,206,3.634497607655502,4.503790679997098,,,1.19502341421882,,10.8223076923077,1.32425754095869,2349.0,7.0,,,,4.2652029509764,,,,,6.0,,,,,,,,,,,,,,,,,,,,,,,,,,,,,,,,,,,,,,,,,,,,,,,,,,,,,,,,,,,,,,,,,,,,,,,,,,,,
10208,2025-02-26 19:00:00,16261,16258,4.090994803038224,6.929706461797054,1362,1360,0.8240374724467304,0.6084307660911865,3788,3769,1.8485391028185787,2.8160503667516186,2235,2064,0.8414491742265643,0.8544014732918516,1131,8.11866489832007,23.93284596695103,4281,4281,4.64656622284513,13.07943972066687,9.0,10.0,0.34,0.1858975382753685,14128,13755,2.065441666965534,2.26285839644549,166,0.6890963855421688,0.6593834490480497,133,0.8049624060150377,0.7617121829894228,46,0.7241304347826087,0.6606504570989323,49,0.7632653061224489,0.6337880536580035,2821,2821,3.007653314427508,7.719303785119194,1009,2.382844400396432,4.82395426222662,4283,4185,1.2596102975909305,1.164975946257793,3509,1.880763750356227,1.8975467170051885,2130,2167,1.6575145450314173,3.976475456063344,2458,2458,1.625606183889341,2.695408592474408,1166,26.621552315608923,42.4880074926437,1361,1.4521822189566491,1.7796874996696213,211,1.4339810426540285,2.772383832261452,1897,1.8152082235108065,3.279755585634893,1530,1.5306601307189542,2.0113539863348477,925,38.01567567567567,62.31384962801112,822,1.6895498783454987,3.282007859244818,1703,1703,1.615202583675866,2.2739273964941145,1446,1446,1.5935615491009685,2.4697030521887458,6841,6952,3.82617342130066,8.056724843167927,6573,6448,1.7074410567544736,2.04279763804485,1615,23.26183900928792,51.598635104696136,3914,3898,4.699627496159754,13.48916571195982,2795,8.736071556350627,17.80522950522399,9,8,0.358235294117647,0.187592653001677,27,0.697037037037037,0.533325102817151,3427,3.452045520863729,8.264390449822635,176,140,3.47253164556962,4.638971805643522,189,174,3.1965564738292014,4.079840512868985,,,1.26224726775956,,9.55066666666667,1.20572708561219,2928.0,7.0,,,,3.13928328692324,,,,,8.0,,,,,,,,,,,,,,,,,,,,,,,,,,,,,,,,,,,,,,,,,,,,,,,,,,,,,,,,,,,,,,,,,,,,,,,,,,,,
10208,2025-02-27 19:00:00,15910,15300,4.58944504966357,10.355020933757386,1201,1221,0.7118249380677126,0.5453514740923423,3159,3046,1.6619016921837229,3.1137194001427777,1903,1928,0.7767397546332551,0.8489028618106017,1223,6.2521586263287,16.303451342448124,4413,4413,4.039281667799682,11.820730301425,4.0,1.0,0.314,0.0868562030024338,13197,13480,2.318460096712524,2.674855970734521,275,0.8339636363636364,0.6445299333943477,259,0.8291505791505791,0.6295123231285524,55,0.6867272727272726,0.2806554312219525,56,0.6501785714285715,0.3823446980307755,3095,3095,3.2340613893376413,10.627134113501365,843,2.096393831553974,3.809092144111826,4335,4312,1.4718607609575576,1.4389999868744296,3726,1.8730085882984435,2.109667684380625,1753,1811,1.6067143658810326,6.328657972704216,1823,1823,1.2862863411958312,2.0440624257859863,1220,26.85519672131148,63.05527996282952,919,1.2088900979325354,1.3855196531835554,156,0.9557051282051282,0.8609692750254239,1585,1.756813880126183,6.362031975564401,1064,1.215281954887218,1.3608564155190424,1221,25.988738738738736,58.64909413730671,1472,2.42218070652174,5.692492618759181,1023,1023,1.365865102639296,1.994282102409872,955,955,1.160869109947644,1.4083995516201784,7171,7104,3.711305078809107,9.216969001533428,6414,6594,1.8900445879458792,2.122390134061301,1405,26.90801423487544,62.68642176393252,4039,4009,3.995226143141153,12.22770161062501,2687,9.288600669892071,23.212307476033804,9,7,0.4575,0.3753581622930291,39,0.6923076923076923,0.3322453645252566,3330,3.667405405405405,13.850640539634584,87,114,3.628009950248756,9.369862772634956,109,132,2.879585062240664,3.969133060910474,,,1.56786109403811,,9.43133333333333,1.81904735677093,3254.0,6.0,,,,3.34611589093318,,,,,9.0,,,,,,,,,,,,,,,,,,,,,,,,,,,,,,,,,,,,,,,,,,,,,,,,,,,,,,,,,,,,,,,,,,,,,,,,,,,,
10208,2025-02-28 19:00:00,64,57,4.40801652892562,5.897449598624971,6,9,0.8226666666666667,0.5637548718685769,16,9,1.1567999999999998,1.5930040050169365,11,18,0.5955172413793102,0.4077996990316705,2,4.819999999999999,3.55,30,30,2.671333333333332,4.314938959269553,0.0,0.0,0.0,0.0,30,45,1.715466666666667,1.6304374000726172,0,0.0,0.0,0,0.0,0.0,0,0.0,0.0,0,0.0,0.0,25,25,2.5068,3.982683236211487,12,4.455,3.912468317230612,13,13,0.8388461538461539,0.7402771150728569,6,2.845,1.4780928026796334,6,10,5.00375,10.029889627383742,7,7,1.7471428571428569,1.2310821521353164,5,28.24,30.203495161984154,1,1.27,0.0,0,0.0,0.0,4,0.4575,0.2799441908666797,1,1.27,0.0,3,35.97666666666667,35.15489186759393,2,1.65,1.45,3,3,1.1133333333333333,0.4793282336307298,3,3,1.0766666666666664,1.0284724379173005,49,41,3.983111111111111,5.501141627869305,23,21,1.4313636363636362,1.2137256521461866,5,29.686,30.195230484300005,28,27,2.6983636363636365,4.47264118172874,19,5.39421052631579,6.310830553221037,0,0,0.0,0.0,0,0.0,0.0,0,0.0,0.0,1,0,1.33,0.0,1,0,5.2,0.0,,,2.12166666666667,,0.0,1.42593146944569,6.0,0.0,,,,0.0,,,,,0.0,,,,,,,,,,,,,,,,,,,,,,,,,,,,,,,,,,,,,,,,,,,,,,,,,,,,,,,,,,,,,,,,,,,,,,,,,,,,
10276,2025-02-21 19:00:00,16874,16584,3.8195833582401817,5.867156994412483,1177,1403,0.8565581395348838,0.6778565271692795,2127,2051,1.3142987075155574,1.229853190070709,2056,2087,0.8681173062997828,0.9199764811123906,838,6.2426133651551305,23.148938221518662,3824,3824,5.275101987447698,10.165713885267968,15.0,5.0,0.3410000000000001,0.12751078385768,14314,15519,2.184386417725338,2.354474170687153,169,0.707869822485207,0.5058476577748481,160,0.7166875,0.5591675977233929,23,0.6834782608695652,0.4239832717747264,18,0.8338888888888889,0.5541574073300521,2627,2627,3.564606014465169,8.369466554689074,872,2.038084862385321,4.566498882432479,4664,4626,1.4153369214208826,1.3553193767786562,3529,1.8572570133182205,1.9307277435440824,2629,2731,1.4217350746268658,2.833266029249833,2962,2962,1.4722518568534777,2.4722020981471795,1179,29.182103477523327,51.994585013478215,701,1.0488017118402282,0.9623365181116328,20,0.781,0.7305402110767072,923,1.1567822318526544,1.2782516767483931,721,1.042718446601942,0.9570121324719756,834,43.459328537170265,76.36935850361829,970,1.487639175257732,5.386230946399331,2764,2764,1.9419862518089723,3.373441120151339,2546,2546,1.782317360565593,3.267895088003144,5887,5944,3.701712450342321,5.806117095963466,6082,6176,2.0519962473486704,2.397431605721805,1840,19.856853260869567,37.30677526384669,3639,3607,5.212812586254485,9.955617261312966,2885,7.896128249566725,15.268240698314928,14,10,0.5729166666666666,0.477925021722957,8,0.58875,0.2011490430004577,1722,4.004982578397213,10.94825102970573,175,164,2.754041297935103,2.7235978305978388,210,185,2.627772151898734,1.9044865346710829,,,1.13133286566117,,11.9769565217391,1.06183258446383,2851.0,13.0,,,,4.87937490185907,,,,,10.0,,,,,,,,,,,,,,,,,,,,,,,,,,,,,,,,,,,,,,,,,,,,,,,,,,,,,,,,,,,,,,,,,,,,,,,,,,,,
10276,2025-02-22 19:00:00,14740,14593,4.141971840589098,6.483370859661526,1164,1266,0.8845308641975308,0.675789985879104,2168,2043,1.3049679411066253,1.2297353887149494,1893,2066,0.8691992927506946,0.741725349781315,498,3.180140562248996,11.73700895873865,3819,3819,6.335593087195601,13.93393525148132,7.0,19.0,0.4023076923076923,0.2023003800959905,13156,13313,2.1730972080547053,2.46037400852982,137,0.8564963503649635,0.6846253077636524,118,0.8132203389830509,0.6702009328804186,9,0.688888888888889,0.3697279613879626,16,0.57125,0.3429809579262382,2431,2431,4.9031057178116,12.720228238456766,754,1.8884880636604773,3.859095782753727,4847,4844,1.4214518625528842,1.410803454999424,2841,1.6237838789158747,1.5002696253393333,2877,2918,1.5462122519413286,2.287925252303053,3264,3264,1.6340165441176469,2.2098401566875023,970,36.35709278350515,69.40561935716889,481,1.0840540540540542,1.212011947851639,10,0.54,0.3372536137686296,871,1.1348909299655567,1.070014627322762,491,1.0737067209775968,1.2028549319461477,892,37.12383408071749,68.18440413915073,1200,1.5325166666666667,2.092718367671314,3029,3029,2.0780818752063386,2.817742655577111,2761,2761,2.026584570807678,3.4917269789267578,6096,5975,4.259681882197,7.594837584204626,6329,6397,2.13021059248782,2.6046908239775144,1707,19.881898066783837,39.84661379982493,3656,3636,6.266656609983545,13.550068104025083,2358,7.059321458863442,13.80511129719883,14,9,0.5830434782608696,0.4546994686661653,11,0.4890909090909092,0.2211315752074294,1560,3.273692307692308,4.002286008013524,224,254,2.78173640167364,2.2919769374887604,234,245,2.724864300626305,1.968411696216724,,,1.18873796423659,,10.634,1.06157915324293,2908.0,13.0,,,,4.99616012553641,,,,,12.0,,,,,,,,,,,,,,,,,,,,,,,,,,,,,,,,,,,,,,,,,,,,,,,,,,,,,,,,,,,,,,,,,,,,,,,,,,,,
10276,2025-02-23 19:00:00,15625,14924,4.50095846017873,8.101540861908468,1131,1327,0.9361472742066722,0.6615310098000469,2088,2067,1.561768953068592,2.3554862961823817,1779,1924,0.900337564137186,0.7373477365478084,456,2.1084429824561406,4.95446524512687,3386,3386,6.390775251033668,15.356278997242772,10.0,10.0,0.381,0.3356620324075989,13552,15198,2.1353815652173918,2.350581525563627,119,0.7247899159663866,0.5557247501070162,120,0.7103333333333334,0.5289926485521536,12,0.5966666666666668,0.3037085591301122,10,0.667,0.4127481072034128,2462,2459,4.993812233285917,13.805796010058527,727,1.6644429160935352,2.3416741061698176,4389,4362,1.3694994857730545,1.3820753204844287,2793,1.6453276047261007,1.5711952578268469,2382,2450,1.4904283940397354,2.369664222886207,2981,2981,1.7201509560550152,2.327486448385232,721,54.66829403606104,113.66556754329736,524,1.099675572519084,1.336179929180107,12,0.6950000000000002,0.6478875931311954,1018,1.462092337917485,2.3688540255204,534,1.0948314606741574,1.327878778445601,792,46.615820707070704,79.7623879399432,1296,1.5001157407407406,3.553145546363267,2772,2772,2.224390331890332,3.2962879374448364,2345,2345,2.0299445628997868,4.17286429895355,5197,4992,4.209789969575032,7.843284887603048,5582,5701,1.987079677390765,2.3404225110838848,1543,24.490285158781592,52.80121602074426,3227,3223,6.345319379844961,15.49176689765163,2426,8.975894476504534,20.428693810303443,11,12,0.3773913043478261,0.2410884267019116,10,0.659,0.336970325102968,1920,3.7429375,5.533337328962852,196,186,2.6508115183246077,1.5377918557788597,207,196,2.7699503722084367,2.2845824824517,,,1.19050128064398,,9.78571428571429,1.00788719342719,2733.0,18.0,,,,4.40911671472662,,,,,3.0,,,,,,,,,,,,,,,,,,,,,,,,,,,,,,,,,,,,,,,,,,,,,,,,,,,,,,,,,,,,,,,,,,,,,,,,,,,,
10276,2025-02-24 19:00:00,14448,14047,4.663086155465872,8.427503773730246,1366,1481,0.8387881981032665,0.6219759914374848,2933,2905,1.592350119904077,3.2504964902962725,2335,2320,0.8502105263157895,0.7284502912244648,379,3.1072823218997363,11.493700224773995,3755,3755,7.38444207723036,17.102071259348307,8.0,15.0,0.4217391304347826,0.2053555172592376,13598,15016,2.4389690361361573,2.844577189784228,172,0.7591279069767441,0.6628215287606781,144,0.7236805555555555,0.5800906855921775,23,0.6508695652173914,0.4311754716291194,16,0.680625,0.4181576967783805,2585,2585,4.933315280464217,12.964668498643093,762,2.5028871391076115,4.193408502224355,5552,5366,1.4381938083898151,1.3963298391765524,2471,1.625625252934035,1.6830485349800308,2813,3126,1.6028691698939217,2.7238238534830037,3940,3940,1.7499162436548223,2.4483307310531788,652,57.50610429447852,129.07143982454738,387,1.1570542635658916,2.142270307872204,3,0.5666666666666667,0.1918911728616567,1271,1.441825334382376,4.304218939684981,390,1.1557692307692309,2.135910974346849,744,48.86506720430108,100.56006069902296,1388,2.166520172910663,6.2659012528446345,3426,3426,2.413450087565674,3.7935984354312944,2921,2921,1.9738719616569669,3.355757187579324,5604,5838,4.642531026044398,9.075509666813094,6712,6715,2.3072763834065686,2.778372697194861,1361,26.726039676708304,58.61458542969214,3710,3722,7.074451022604951,16.65623319500915,2227,7.706425684777727,23.349684206832464,9,10,0.533157894736842,0.3843799193996391,10,0.581,0.2797659736279593,2166,3.882686980609418,5.24157582763681,220,233,2.7190949227373067,2.710460209092463,260,299,2.6991771019678,2.6285796859549184,,,1.16818313427434,,12.03,1.04129604774164,2763.0,9.0,,,,5.55213851639737,,,,,10.0,,,,,,,,,,,,,,,,,,,,,,,,,,,,,,,,,,,,,,,,,,,,,,,,,,,,,,,,,,,,,,,,,,,,,,,,,,,,
10276,2025-02-25 19:00:00,11861,11814,4.881651531151004,8.787094313608245,868,951,0.851039032435404,0.6559678823597799,1702,1616,1.6637492465340566,2.774560158755778,1587,1550,0.8927382849856551,1.069628766964324,383,5.202506527415143,19.51826140933584,2713,2713,8.14824548470328,18.020827658726763,6.0,10.0,0.485,0.2661766330841233,10309,11097,2.228119686069326,2.609841274119652,100,0.9202,1.1839898479294488,88,0.8996590909090909,1.3147730955841392,13,0.7084615384615385,0.3029558524285511,9,0.8022222222222222,0.3632500754080453,1763,1763,5.335779920589904,12.442850535144151,686,2.4181778425655973,5.394189945089744,3699,3642,1.416554965263588,1.517855924011882,1874,1.6329082177161152,1.6076276379536418,2378,2481,1.7239925910681213,2.575165055990873,2681,2681,1.8845169712793728,2.749555035004327,606,51.37090759075907,100.91842986689817,290,1.269344827586207,1.6060699253867703,7,0.9285714285714286,0.747556563964581,763,1.4806553079947573,2.5699769933199743,297,1.262087542087542,1.591602231202901,597,48.14038525963149,87.35349360449301,1047,2.1151575931232087,6.751969647822528,2508,2508,2.538943381180223,3.933951514891256,2327,2327,2.2581779114740006,3.662462771346868,4594,4545,5.209060072217967,10.146137030595314,5029,5153,2.258474759379297,2.8177202310437828,1015,31.006679802955663,62.19311745070652,2599,2586,8.183407907425265,17.93819211974911,1612,9.824305210918114,21.64733558756923,7,7,0.6100000000000001,0.5576609312886409,9,0.7733333333333332,0.3916914885751568,1374,5.175633187772926,18.557447737242065,195,206,3.12284289276808,3.934697230032515,216,220,3.1629357798165136,3.0241881320878647,,,1.2104373024236,,11.8021428571429,1.23023585619796,1898.0,6.0,,,,5.46829717367224,,,,,8.0,,,,,,,,,,,,,,,,,,,,,,,,,,,,,,,,,,,,,,,,,,,,,,,,,,,,,,,,,,,,,,,,,,,,,,,,,,,,
10276,2025-02-26 19:00:00,12767,12761,4.652908570980884,8.403545121569563,1039,1098,0.8739167056621432,0.6602136312745547,2168,2122,1.5238088578088578,1.7378689870485966,1683,1812,0.8474363376251788,0.7639244039001115,320,2.753375,7.961335973589796,3043,3043,6.834534998356884,13.995832561471136,8.0,5.0,0.3823076923076922,0.180731583641166,11271,11988,2.266311535319661,2.706040438491145,126,0.754761904761905,0.5322544359425282,116,0.7767241379310345,0.5337275810717211,13,0.5607692307692308,0.3593040610458273,11,0.6863636363636364,0.4878761528255585,2109,2109,4.576756756756756,10.37431127276268,774,2.744444444444444,9.0183477427513,4148,4009,1.4200392301091087,1.3942110558454035,2130,1.624,1.61869096245234,2354,2437,1.516919223544145,2.1425009101071484,2854,2854,1.7528206026629294,3.028251430338948,514,62.44202334630349,121.73090184500998,404,1.1633663366336633,2.482473027274215,6,0.8683333333333332,0.6733601479809217,941,1.2840701381509032,1.5350135645417555,409,1.1664303178484108,2.467850587834078,574,52.91344947735192,98.08092475955738,1180,2.07928813559322,5.494702579976609,2601,2601,2.375686274509804,5.643123656117368,2311,2311,1.972557334487235,2.8482275483348487,4866,4929,4.5440428790199086,8.20152194881383,5285,5361,2.188784520007515,2.62947371873985,1150,27.12745217391304,49.89994917689205,2987,2929,6.676389452332658,13.421675031917232,1958,8.582722165474975,21.40780673179322,12,18,0.5589999999999999,0.3742935568062408,9,0.7677777777777778,0.3430185540099277,1296,5.88662037037037,25.962907964382424,167,197,2.6851923076923074,1.751423978375522,184,225,2.5038630806845963,1.514103458151588,,,1.19233722060253,,12.27,1.1630562052723,2058.0,13.0,,,,5.87514517005587,,,,,13.0,,,,,,,,,,,,,,,,,,,,,,,,,,,,,,,,,,,,,,,,,,,,,,,,,,,,,,,,,,,,,,,,,,,,,,,,,,,,
10276,2025-02-27 19:00:00,12007,11475,5.173321693211822,8.90271630063033,844,947,0.8515354550530431,0.637227855443834,2504,2429,1.637332252179201,2.834267701201767,1594,1649,0.8106413814369411,0.687743557828162,273,2.136739926739927,5.510036463230964,2490,2490,8.958401606425703,18.013100993581794,7.0,3.0,0.345,0.1265108690982715,10809,12505,2.4845080209316293,3.012085574748494,115,0.7879130434782609,0.6951565299515035,127,0.7929921259842522,0.6492470684134906,16,0.905,0.6555818026760657,14,0.8621428571428572,1.0306736948744364,1679,1679,5.948784991066111,14.58919389112102,769,3.24590377113134,10.34305095157318,3944,3953,1.4093491199189565,1.467724075419046,1886,1.587879109225875,1.680678440190054,2301,2381,1.7432849209739427,3.011966723761759,2938,2938,1.9270183798502385,2.900242571074237,505,66.77047524752476,159.39678802238566,348,1.3109770114942527,2.4090298685399287,6,1.24,0.9046177830074608,1121,1.298599464763604,1.6210591413211088,353,1.3146458923512747,2.393677212363308,594,53.071599326599326,101.35697015810362,1179,2.344351145038168,5.492114647995124,2536,2536,2.800776813880126,4.969428953163025,2329,2329,2.219884070416488,4.111941958191931,4343,4362,5.036868466398622,8.528255295439525,5057,5156,2.399333202780769,3.1309392096909634,957,34.25300940438872,71.69331038640827,2468,2462,8.70149290060852,17.341191850901925,1640,10.508682926829268,29.775680682304923,2,7,0.3988888888888888,0.1967200178733693,7,0.5657142857142857,0.2522389537639228,1920,6.858500000000001,16.905501497293717,203,193,2.676464646464646,1.8869421381135436,206,224,2.760558139534884,2.2120523281409388,,,1.1751002004008,,12.537,1.21826535735932,1996.0,7.0,,,,2.62523541801493,,,,,3.0,,,,,,,,,,,,,,,,,,,,,,,,,,,,,,,,,,,,,,,,,,,,,,,,,,,,,,,,,,,,,,,,,,,,,,,,,,,,
10276,2025-02-28 19:00:00,137,125,3.360190839694657,4.443630612125104,10,6,0.850625,0.5931217070509223,15,20,1.4845714285714284,1.5642183677609771,11,10,0.6438095238095238,0.487173345412827,9,2.3177777777777777,3.0479967110574915,30,30,5.184333333333333,7.11056429234386,0.0,0.0,0.0,0.0,128,114,1.740702479338843,1.4820019135655778,2,0.8,0.13,2,0.72,0.15,0,0.0,0.0,0,0.0,0.0,17,17,1.7823529411764705,1.10956551863259,10,1.6380000000000003,2.2289181232158355,43,34,1.1612987012987015,1.0488080441028935,46,1.7950000000000002,1.6127963158817482,23,11,1.1588235294117646,0.9897199981512368,11,11,1.279090909090909,0.8044021444012661,26,9.87846153846154,15.264161316956107,4,1.1575000000000002,0.5530540208695711,0,0.0,0.0,11,1.5245454545454544,1.7772315735760782,4,1.1575000000000002,0.5530540208695711,19,11.295263157894738,21.894153598000845,10,1.5299999999999998,1.2136226761230198,16,16,1.4918750000000005,1.2716830321959165,17,17,1.4941176470588236,1.5233942706358812,44,43,3.7919540229885063,4.6825046935142165,56,42,1.847959183673469,1.734602794727624,30,7.7346666666666675,11.91762888422954,29,29,5.0520689655172415,7.0474191310746415,31,4.573548387096774,6.892217934316232,0,0,0.0,0.0,0,0.0,0.0,12,1.3650000000000002,0.8649999999999999,0,0,0.0,0.0,1,0,2.33,0.0,,,1.12777777777778,,0.0,0.779674829339881,45.0,0.0,,,,0.0,,,,,0.0,,,,,,,,,,,,,,,,,,,,,,,,,,,,,,,,,,,,,,,,,,,,,,,,,,,,,,,,,,,,,,,,,,,,,,,,,,,,
10277,2025-02-21 19:00:00,17076,17080,3.817654292071672,5.84108858305089,1285,1225,0.8803346613545818,0.6721298486305338,2047,2036,1.3097060984570168,1.279420393596591,2024,2012,0.8751610505450942,0.756958927202816,767,5.127053455019557,11.972133067946624,3697,3697,5.384241276710847,11.14058960188002,6.0,11.0,0.3429411764705882,0.1476388561114926,14682,15665,2.2136586812535013,2.4141953837108057,139,0.6666187050359712,0.517693492769493,135,0.6228148148148149,0.4154010143746452,15,0.8493333333333335,0.6798280828431715,18,0.7105555555555556,0.446087587590676,2568,2568,3.717449376947041,9.428153921534896,753,1.9448074369189905,3.8630997533011375,4445,4483,1.4220183691756274,1.4789833685075944,3635,1.981092159559835,2.2006349692725724,2601,2583,1.4537094907407409,2.825103958758992,2944,2944,1.524171195652174,2.6725678308259946,940,38.934861702127655,68.93232927470385,821,1.048380024360536,0.9494630480952988,8,0.76,0.4645696933722646,886,1.2335214446952596,1.525003575872857,828,1.0460628019323672,0.9470341223557676,629,60.44995230524642,101.4592332606018,1084,1.4476107011070112,3.698383150234322,2707,2707,2.001396379756188,3.5046470032717107,2519,2519,1.8385232235013893,3.348351108152523,5725,5661,3.7413147725276654,6.014124761473677,5942,5831,2.077025397095048,2.524785960408662,1851,20.21817396002161,36.281920774066485,3464,3510,5.33915400057356,10.816447377484376,2966,8.020118004045852,14.374630641813722,11,9,0.4735,0.3247810801139746,11,0.639090909090909,0.3587213287993023,2322,3.670749354005168,5.632131811383161,181,177,2.518798882681564,1.8888044040795384,201,226,2.598290398126464,2.1414287795247025,,,1.1301683029453,,10.9135,1.1058581925096,2852.0,11.0,,,,4.75208193847707,,,,,9.0,,,,,,,,,,,,,,,,,,,,,,,,,,,,,,,,,,,,,,,,,,,,,,,,,,,,,,,,,,,,,,,,,,,,,,,,,,,,
10277,2025-02-22 19:00:00,15120,14833,4.152538643875405,6.557082822193021,1095,1184,0.9150197455024132,0.6807771718775902,1893,1798,1.2793280953671091,1.1868006955671977,1798,1843,0.8800604229607252,0.7341852699631454,415,2.693036144578313,7.437498020565954,3454,3454,6.247087434858136,15.311745555899712,12.0,13.0,0.494,0.2868170148369863,12751,13760,2.1623303534381955,2.4909250781819563,127,0.7740157480314962,0.6380386528938863,131,0.7541984732824428,0.7541589058446799,21,0.8723809523809524,0.6646438699957313,16,1.153125,1.088420407919201,2210,2210,4.8903484162895925,14.9388058793307,735,1.810857142857143,3.7493840510015457,4294,4399,1.4114931554124006,1.4014935345287007,2723,1.7234447300771207,1.6992055010257223,2552,2613,1.5083465634075508,2.86786847661431,2809,2809,1.5987860448558204,2.1226071242844253,631,58.18909667194929,95.362799454432,542,1.0846125461254612,0.9589316670808288,3,1.2666666666666666,0.6034530268012213,730,1.207890410958904,1.280786975129539,545,1.0856880733944956,0.9574129581463598,628,55.74453821656052,97.11315696976332,1243,1.8146822204344328,4.005247196889039,2753,2753,2.1021358517980384,2.9908018112976174,2488,2488,2.055458199356913,3.6072816384352713,5465,5496,4.199938874190311,7.6582823668987805,5720,5842,2.108443175921121,2.6824433739312314,1430,24.86532867132867,47.47100333634321,3275,3306,6.19309223522261,14.945409010961878,2213,8.999489380930864,18.232529701704667,10,13,0.4956521739130433,0.3663192488260636,13,0.8953846153846153,0.9986576789687814,2226,4.4443935309973055,8.564760235619609,198,186,2.4203385416666667,1.6247513078846476,195,205,2.461625,1.3087356911825243,,,1.15944039862016,,9.81913043478261,1.04836523947889,2609.0,11.0,,,,3.57434203497466,,,,,12.0,,,,,,,,,,,,,,,,,,,,,,,,,,,,,,,,,,,,,,,,,,,,,,,,,,,,,,,,,,,,,,,,,,,,,,,,,,,,
10277,2025-02-23 19:00:00,16129,15711,4.3277892587939695,7.756393001236681,1258,1230,0.9314268488745984,0.6617635246026877,1885,1903,1.4257761351636749,2.086006047382313,1877,1802,0.8911089970100571,0.7363745138523725,465,2.4576989247311825,7.080971690481236,3313,3313,5.816694838514941,14.130429402771007,6.0,9.0,0.4413333333333333,0.2586082408242673,14235,15436,2.095351690202554,2.2656352175645758,113,0.8288495575221239,0.7602488556386022,108,0.762037037037037,0.7253706067568333,12,1.5066666666666666,1.4562184665160038,13,1.3846153846153846,1.6275494338923515,2425,2425,4.538923711340206,13.529355594423764,734,2.0748773841961854,6.634632336337212,4108,4080,1.3691646311675625,1.334356937808956,3330,1.6513603603603604,1.5401631029387517,2135,2197,1.4936495844875346,2.3542991166330665,2672,2672,1.711190119760479,3.5200630595056666,622,64.17463022508039,120.90712244920424,650,1.102523076923077,1.1679163972673374,7,1.1585714285714286,0.5745166557682223,914,1.2287308533916848,2.072446922081904,657,1.1031202435312024,1.163204846629285,630,59.21715873015873,101.32596589769965,1218,1.628054187192118,3.3465594282659863,2518,2518,2.092144559173948,4.243249856942599,2078,2078,1.9055101058710304,3.744162219551592,4789,4993,3.8780269883459417,7.213700597874251,5351,5327,1.9363485671474057,2.26941017960028,1568,24.5486224489796,51.85816475665991,3179,3148,5.716726726726727,14.220488942184188,2483,9.808086991542488,25.11912602285193,3,9,0.3625,0.1665895654995634,8,0.53375,0.1862080489667404,2136,4.897528089887641,10.250452144688998,155,194,2.945358166189112,4.557926714185837,148,184,2.784427710843373,2.228528061992384,,,1.11409025787966,,8.71133333333333,0.89895599453236,2792.0,8.0,,,,4.12493533956056,,,,,7.0,,,,,,,,,,,,,,,,,,,,,,,,,,,,,,,,,,,,,,,,,,,,,,,,,,,,,,,,,,,,,,,,,,,,,,,,,,,,
10277,2025-02-24 19:00:00,14591,14466,4.517032384623327,7.964701078435685,1401,1375,0.8649459654178675,0.6695594577013059,2681,2693,1.4878637886118349,2.650526960136626,2199,2175,0.8636282578875172,0.7732259396877298,452,1.966637168141593,5.07360972903044,3586,3586,6.588257110987173,14.399636343619376,9.0,9.0,0.3949999999999999,0.1572771792445144,13764,14975,2.411961098159296,2.7754973076415617,169,0.7088757396449705,0.4977944633627723,139,0.7315107913669066,0.5001638777039035,26,0.913846153846154,0.7102387297623509,26,0.8742307692307691,0.671268449549766,2389,2389,4.599162829635831,10.683585002219436,671,2.2546646795827123,5.945096979169733,4843,4890,1.4561039761635672,1.393987156105702,3089,1.6874457753318228,1.726692932756018,2524,2583,1.516209124730762,2.7804833123568016,3461,3461,1.65537994799191,2.762851707834198,595,64.13255462184874,132.43897370675717,559,0.9571735241502682,0.8650758538180093,2,1.38,0.25,1145,1.2564803493449783,1.6401163330259207,561,0.959090909090909,0.8637709436375106,573,63.842635253054105,118.12834521239658,1339,1.7200597460791631,4.735703834750515,2983,2983,2.357841099564197,3.918961071792669,2444,2444,1.8516980360065467,3.826719014746103,5315,5302,4.366687388151079,8.142957013918863,6129,6103,2.259379496402877,2.633688042193931,1479,24.73450304259635,50.11067083413218,3490,3478,6.403886337543054,14.209980187680348,2496,8.110308493589745,20.605555850693516,8,6,0.5371428571428571,0.4277921486528003,8,0.4962499999999999,0.2486431931503454,2905,5.530048192771084,9.55742562132418,179,206,2.57174025974026,1.7848506314789598,206,207,2.676803874092009,2.858340322174737,,,1.16862081254455,,11.5207692307692,1.02335589724445,2806.0,8.0,,,,4.94118089519633,,,,,5.0,,,,,,,,,,,,,,,,,,,,,,,,,,,,,,,,,,,,,,,,,,,,,,,,,,,,,,,,,,,,,,,,,,,,,,,,,,,,
10277,2025-02-25 19:00:00,12459,12290,4.722186350963676,8.649866473627105,845,904,0.8884905660377359,0.6728769696547723,1411,1592,1.4962037962037964,2.0901722786103787,1454,1510,0.896002024291498,1.105678619908253,396,4.4993181818181816,10.199127898436185,2568,2568,7.476405763239876,17.737632070876135,4.0,9.0,0.4584615384615385,0.2128504767290573,10991,11108,2.1634503823702427,2.4848255541743325,110,0.8299090909090908,0.9390425447371628,90,0.9106666666666664,0.9732680343392908,15,1.2680000000000002,1.1355949982278013,16,0.63625,0.6459380291483077,1629,1629,4.712658072437078,12.253624612296184,704,2.4862642045454546,9.794497504023996,3219,3273,1.3546919285274184,1.4299050270208886,2453,1.6442845495311862,1.6437830187940976,2116,2090,1.7048882548739897,2.945561079910344,2405,2405,1.853733887733888,3.221926095189661,529,61.84081285444235,112.16184920257662,437,1.3435469107551488,3.175855855849847,4,1.025,0.5443114917030505,691,1.3686107091172215,2.772214698783555,441,1.3420634920634922,3.1617872978117423,484,62.95111570247935,106.33654046669297,973,1.95617677286742,6.67405907372904,2278,2278,2.401659350307287,3.834246249966229,2084,2084,2.2339539347408826,4.188328255933612,4415,4359,4.909672897196262,9.717527141943698,4807,4838,2.1070658372213584,2.5542251959857687,1037,31.59980713596914,57.09606047408181,2458,2418,7.537368744872847,17.813408137211663,1731,11.655482380127092,25.68237008649144,6,8,0.4957142857142857,0.4228088775543573,4,0.6575,0.1112148820976761,1734,6.409411764705881,16.324731232917426,195,182,3.5359151193633958,6.015682579279931,212,210,3.37478672985782,3.954484505385122,,,1.08344166222696,,7.89,0.960783168952365,1877.0,8.0,,,,2.10275643272934,,,,,5.0,,,,,,,,,,,,,,,,,,,,,,,,,,,,,,,,,,,,,,,,,,,,,,,,,,,,,,,,,,,,,,,,,,,,,,,,,,,,
10277,2025-02-26 19:00:00,13340,12755,4.5794830427284925,9.306793763287969,950,1015,0.8949821882951654,0.6771174964571828,1857,1672,1.4829980164352508,1.7828048749527574,1621,1608,0.8845555899659338,0.9151078891747436,369,3.853523035230352,8.983331843077874,2771,2771,6.924536268495128,18.15791431337517,10.0,5.0,0.3406666666666667,0.1508847978499564,11316,12070,2.255167194047721,2.712014382891586,103,0.7704854368932037,0.5940928936561777,99,0.7192929292929294,0.5023244002448201,23,0.6821739130434782,0.4313775358660966,24,0.5954166666666667,0.3719764684164249,1886,1886,4.708064687168611,14.06905878811779,865,3.0707052023121384,9.702001144500654,3472,3537,1.3949236695676988,1.365150774218003,2711,1.795813353006271,1.8052975020832145,2069,2107,1.737914272030651,4.367378312780094,2449,2449,1.745410371580237,3.14465067268793,524,66.98395038167938,109.12143018060962,580,1.1674310344827583,1.1948252449347614,8,0.81375,1.0766259505975138,790,1.22553164556962,1.3693284534966474,588,1.1626190476190477,1.1939988595656157,500,66.49928,117.4363216840582,1071,2.0709617180205417,4.929454538210706,2227,2227,2.37966771441401,5.946441104682218,1973,1973,2.260162189559047,5.3346456176810815,4506,4419,4.600373109243698,10.112204817988882,4729,4824,2.1180016748665342,2.656955796719837,1192,29.021057046979863,57.28004697185065,2659,2662,6.845117459124224,18.0679989455337,1960,10.731270408163263,26.280288855235867,12,18,0.454,0.3609764535257113,6,0.8833333333333333,0.6255575291068138,2058,5.324810495626822,11.498853455670782,176,162,2.988431952662722,3.79222822078335,194,173,2.7708174386920983,2.5996913224690656,,,1.13011272898074,,11.7770588235294,0.93621585556078,2129.0,8.0,,,,5.82625171070902,,,,,9.0,,,,,,,,,,,,,,,,,,,,,,,,,,,,,,,,,,,,,,,,,,,,,,,,,,,,,,,,,,,,,,,,,,,,,,,,,,,,
10277,2025-02-27 19:00:00,12331,12059,5.024191471914719,8.544021115295013,947,940,0.8280604133545311,0.6049128932605897,2362,2414,1.6598094639865997,2.1642413171297243,1552,1651,0.8313549797065253,0.7381414077715885,373,1.8986327077747989,3.8594093794074,2535,2535,8.40858382642998,15.9332061603031,8.0,11.0,0.2936842105263158,0.107125628478942,11535,12545,2.4517861295681063,2.860897183453586,133,0.781203007518797,0.6229990979778224,116,0.7499999999999999,0.564542842209212,20,0.6775,0.5879615208497917,19,0.7905263157894735,0.6543415628602745,1673,1673,5.345582785415421,13.109123542703026,739,2.1775642760487144,5.524094622785193,4001,3922,1.4176927931339138,1.444124605370757,2426,1.684789777411377,1.737550599806069,2356,2362,1.5821364985163209,2.12740239802913,2963,2963,1.8083158960513,2.4142866969884187,566,64.1933038869258,132.52339981203914,445,1.1411235955056178,1.2172249136220177,3,1.2433333333333334,0.9656201231448226,1097,1.4249954421148587,2.0939418247701185,448,1.1418080357142857,1.2157418328827634,509,65.70758349705305,120.65405386558632,1186,2.1826306913996625,4.303349531949958,2617,2617,2.679747802827665,3.954821343429401,2365,2365,2.0762114164904864,3.0693751458839102,4253,4261,5.002058961710125,7.756713687889605,5055,5125,2.3596758349705302,2.830540569319472,1124,31.38786476868328,66.24798950468096,2510,2489,8.188599719943989,15.297542652395132,1836,10.949493464052289,29.50286630981904,7,5,0.5116666666666666,0.2977368338352213,8,0.4837499999999999,0.3046283596449943,2136,6.073567415730337,14.624770637727256,183,183,2.611584699453552,1.9789271537842092,200,203,2.646923076923077,2.0763034918124608,,,1.14230450781969,,11.478,1.04481951413562,2174.0,5.0,,,,5.06263133162983,,,,,5.0,,,,,,,,,,,,,,,,,,,,,,,,,,,,,,,,,,,,,,,,,,,,,,,,,,,,,,,,,,,,,,,,,,,,,,,,,,,,
10277,2025-02-28 19:00:00,172,182,3.2729661016949154,4.022858129480127,7,8,1.0386666666666666,0.5489731829111105,16,14,1.439,1.5492543367697895,11,4,0.984,0.8117043796851166,16,3.00625,2.772458013658638,17,17,7.88058823529412,7.513125354681347,0.0,0.0,0.0,0.0,174,120,1.8625850340136052,1.814292684064368,2,0.5349999999999999,0.065,1,0.6,0.0,0,0.0,0.0,0,0.0,0.0,8,8,1.0699999999999998,0.6506150935845247,4,1.4075,1.862422817192702,33,30,1.126190476190476,1.0332295317624844,70,2.4217142857142853,2.1140489056571523,12,18,1.0473333333333334,0.9738820371185734,14,14,1.4949999999999997,0.8885682705501988,18,20.434444444444445,27.05314671001472,16,1.095625,0.7461398055156957,0,0.0,0.0,4,1.3175,0.5430642227214015,16,1.095625,0.7461398055156957,20,17.701999999999998,32.02074836726962,21,0.8071428571428569,0.5633415850943356,14,14,2.145714285714286,1.6132873018676328,12,12,1.2716666666666665,0.8510565329178915,49,37,3.4212790697674422,4.500398896147501,42,41,1.9890361445783136,1.8730347866354704,28,12.791428571428574,14.486003026144562,13,16,8.911379310344827,7.050819333234739,29,10.037241379310345,8.62326000301899,0,0,0.0,0.0,0,0.0,0.0,24,2.6750000000000003,2.238933898086319,0,0,0.0,0.0,0,0,0.0,0.0,,,0.949761904761905,,0.0,0.865647261536647,42.0,0.0,,,,0.0,,,,,0.0,,,,,,,,,,,,,,,,,,,,,,,,,,,,,,,,,,,,,,,,,,,,,,,,,,,,,,,,,,,,,,,,,,,,,,,,,,,,
10278,2025-02-21 19:00:00,17144,17160,3.785731693097015,5.77591467110213,1193,1394,0.8743061461151915,0.6902140611055155,2001,1964,1.3023959646910466,1.20477578856612,1827,2150,0.8847674126225797,0.9346653403385312,758,6.406147757255936,25.47595367728333,3588,3588,5.0113377926421405,8.551940589270828,3.0,12.0,0.362,0.1292130024417047,14610,15636,2.175545857303445,2.314019789541167,117,0.7556410256410258,0.6342805125284136,103,0.6505825242718447,0.5477931457844151,21,0.660952380952381,0.4825616640774401,28,0.7057142857142857,0.5189579433237106,2561,2561,3.346208512299883,5.702591548143426,922,2.311984815618221,8.902923930955314,4144,4372,1.4154497416627525,1.365083119499845,3640,1.926782967032967,2.0568319037707528,2351,2383,1.3485487959442333,1.6918576802651288,2695,2695,1.4469907235621522,1.8739217748069863,919,38.74104461371056,64.17381969181866,1082,1.203253234750462,1.332702821404307,24,0.7654166666666667,0.4120475211941242,937,1.1562540021344716,1.177230416312927,1106,1.196012658227848,1.3224709446630976,602,62.26134551495017,109.30207628745087,784,1.2605867346938775,1.625801344840524,2476,2476,1.8717932148626812,2.488353651035068,2244,2244,1.5520677361853834,2.071665287001128,5503,5542,3.5765794477138977,5.014430372194409,5490,5868,2.004487585842578,2.2894851551671453,1691,22.182117090479007,41.76388486502202,3406,3388,4.9290609361201065,8.305665903868173,2867,8.84615277293338,19.37462931058545,9,15,0.5775,0.3210951312825115,13,0.6969230769230769,0.3830120426984914,2334,4.676580976863753,8.829161449948264,144,154,2.4998657718120807,2.4849339279502174,174,184,2.5941061452513963,1.7975924805593044,,,1.09106466876972,,9.64909090909091,0.995517581207398,2536.0,10.0,,,,3.80437058357754,,,,,12.0,,,,,,,,,,,,,,,,,,,,,,,,,,,,,,,,,,,,,,,,,,,,,,,,,,,,,,,,,,,,,,,,,,,,,,,,,,,,
10278,2025-02-22 19:00:00,14915,14964,4.196204022892332,6.580989898827636,1033,1136,0.9137805440295068,0.689704034298813,1927,2002,1.3136472384830744,1.283750831061698,1684,1839,0.8716803860346296,0.7417230769897645,517,2.8761315280464217,8.069138962961917,3362,3362,6.420559190957764,13.665518983429523,19.0,6.0,0.3931999999999999,0.2303513837596813,12655,13967,2.163229659679964,2.570997804167169,122,0.6842622950819672,0.4095917960579914,107,0.7008411214953271,0.4658047432881832,21,0.7333333333333334,0.4107754957838989,18,0.6794444444444445,0.3823824760951936,2144,2144,4.96897854477612,12.595904774976905,765,1.9274117647058824,4.919687151339111,4262,4351,1.4160164867061418,1.4186876532806594,2768,1.7127854046242774,1.601193898915963,2526,2548,1.5440126133228222,2.6800065045894663,2933,2933,1.6649710194340268,2.3249258553144,746,51.19832439678285,104.76785650719368,729,1.116090534979424,1.1075343405667184,24,1.2304166666666667,0.8142710398810022,929,1.13518837459634,1.1119366981552783,752,1.1241489361702126,1.1033569758314348,674,53.899183976261135,103.26925075744823,990,1.7987070707070707,3.700056148229512,2752,2752,2.144702034883721,2.8824593925307744,2481,2481,2.1697218863361547,3.750344179186028,5308,5435,4.311456762543051,7.468460560677137,5622,5832,2.147382573773354,2.8520518367571186,1467,25.4039672801636,67.66473485970043,3234,3170,6.38303716427233,13.657477777932083,2213,9.795038409399003,31.819237281062332,14,15,0.4813793103448275,0.3308580708101497,5,0.568,0.226486202670273,2526,3.7470546318289775,5.502453511863777,202,185,2.8316279069767445,2.5660720515393725,210,215,2.733647058823529,1.989247476432068,,,1.14291021671827,,10.6259090909091,0.986959460392921,2584.0,9.0,,,,5.18493680078158,,,,,13.0,,,,,,,,,,,,,,,,,,,,,,,,,,,,,,,,,,,,,,,,,,,,,,,,,,,,,,,,,,,,,,,,,,,,,,,,,,,,
10278,2025-02-23 19:00:00,15709,15709,4.299176268381182,7.584050657188479,1309,1330,0.8942819249715802,0.6386200350486393,2193,2170,1.4235892734357094,2.060831271854047,1932,2050,0.8945128076343547,0.7452170618844277,546,2.7223076923076923,12.168516234469546,3421,3421,6.086007015492547,14.263060234124987,13.0,7.0,0.323,0.1341305334366489,14548,14855,2.10544502261674,2.283035848046097,160,0.8284375,0.6525953444468862,147,0.8519727891156463,0.7106571065352767,22,0.839090909090909,0.7112339411250453,18,0.8122222222222223,0.5063985645446081,2467,2470,4.624680980352442,12.76813111595253,588,2.0312755102040816,3.5901676820614687,4354,4432,1.37971659458229,1.3521487816076538,3371,1.66348857905666,1.5994998081905945,2290,2286,1.457618006993007,2.064228478747677,3082,3082,1.7511648280337444,3.2000746218519573,757,50.80426684280053,93.25105211966334,787,1.0330876747141042,1.165680455226968,9,1.092222222222222,0.8204169370614456,1051,1.2593910561370123,2.266723999118289,796,1.0347613065326633,1.1669583442421083,710,51.59235211267607,97.14167656508724,1149,1.3234290687554395,2.5083144055453324,2711,2711,2.20253412025083,4.166755374023604,2163,2163,1.958192325473879,4.015331749405855,5186,5132,3.9725877107966654,7.715653510972873,5604,5710,1.9718083789994696,2.2559713232503777,1673,22.19463239689181,43.4750275730097,3307,3279,5.949568782265412,14.227097059280394,2663,8.234156965828012,17.505870265708452,11,12,0.5082608695652174,0.3787812512452221,10,0.8230000000000001,0.6322191075885005,1716,3.695804195804196,6.6732885669154935,180,167,2.4838040345821324,1.5959254482981051,190,186,2.6092021276595743,2.1048613694674345,,,1.11774215552524,,10.539,0.901196917661725,2932.0,8.0,,,,4.57530425217821,,,,,12.0,,,,,,,,,,,,,,,,,,,,,,,,,,,,,,,,,,,,,,,,,,,,,,,,,,,,,,,,,,,,,,,,,,,,,,,,,,,,
10278,2025-02-24 19:00:00,14695,14429,4.522339307787392,7.908943459624692,1359,1455,0.8390049751243781,0.6247307348699097,2877,2906,1.5142071589140584,2.716041863908931,2158,2357,0.845563676633444,0.7737925528375111,476,3.0565546218487385,15.468275486709263,3734,3734,6.944959828602037,15.092191051318748,15.0,8.0,0.3621739130434783,0.1830646481613182,14515,14674,2.403488642981945,2.8370424364594404,199,0.7610552763819095,0.5850322260245457,183,0.7487978142076501,0.5644724580014661,29,0.729310344827586,0.5150355262904303,35,0.8300000000000001,0.8080240449038985,2475,2475,4.78060606060606,11.710741485394554,631,2.026117274167987,6.966226720285373,5197,5322,1.4610514307443672,1.417224134925208,3040,1.713480263157895,1.7219208004526545,2884,2629,1.548113549791402,2.53579262150613,3832,3832,1.6970668058455114,2.6294909010034115,712,51.90637640449437,97.45362697728012,652,0.9695245398773006,1.252135080013434,12,0.8216666666666668,0.6031422349293369,1348,1.2021364985163203,1.9758090869650675,662,0.9719486404833836,1.2467292473080585,688,52.033895348837206,107.68092888656176,1171,1.9515286080273269,8.046550675030515,3254,3254,2.358297480024585,3.7550608819864033,2648,2648,1.8946374622356492,3.660218771421879,5777,5554,4.477435354337657,8.233569713116962,6526,6740,2.280045982210161,2.680699234293032,1541,23.309961064244,45.96344454163726,3680,3681,6.664942263279445,14.789756958169953,2550,7.11834117647059,17.459960850338792,9,20,0.8755172413793102,0.6908245258854118,13,0.7238461538461538,0.6136089767362933,2640,4.424636363636364,7.214464879956948,216,217,2.6174364896073903,1.7841776069843358,267,247,2.5816926070038906,1.6037171239594443,,,1.20701549053356,,12.0492857142857,1.17492250805411,2905.0,16.0,,,,6.22027326488121,,,,,12.0,,,,,,,,,,,,,,,,,,,,,,,,,,,,,,,,,,,,,,,,,,,,,,,,,,,,,,,,,,,,,,,,,,,,,,,,,,,,
10278,2025-02-25 19:00:00,12258,12199,4.8616404301427,9.24196152927574,793,962,0.8357094017094018,0.6381734047028381,1580,1581,1.6281683011705157,2.941901279189357,1440,1657,0.8705134000645787,0.7955420844727358,348,4.777614942528736,11.639311104599868,2582,2582,8.312598760650658,20.683323519902142,6.0,6.0,0.51,0.2559296778413945,10468,11274,2.221971299788428,2.5862929348380232,124,0.7849193548387097,0.5356839101194604,106,0.8223584905660376,0.5933206074144293,12,0.6691666666666666,0.464479248430134,11,0.6154545454545454,0.3880103943397683,1641,1641,5.504088970140158,15.019225352957834,748,2.068983957219251,4.322743581252692,3328,3523,1.3917544883958546,1.5839206510032535,2126,1.612041392285983,1.5535478681171266,2196,2377,1.7403017712661273,2.7209705092993266,2499,2499,1.9160384153661465,3.067266046583677,555,63.70567567567568,137.15089247374684,492,1.4142073170731706,2.310819545806161,2,1.35,1.12,717,1.3460948396094838,1.7806822010641763,494,1.4139473684210526,2.307241461837452,525,63.07020952380952,116.39802300134984,885,3.5487457627118646,15.209582866379396,2356,2356,2.3611078098471987,3.366816394642886,2224,2224,2.4069289568345327,4.354638276198793,4399,4550,5.09190077103587,10.239275903709268,4840,4949,2.214835018898764,2.789144731579297,945,37.5912380952381,87.44872025800845,2457,2445,8.413669930640554,20.707166302679152,1715,12.41256559766764,38.06351153207495,10,6,0.438125,0.2648872106671063,5,0.566,0.234571950582332,1674,5.069856630824372,12.63725127124989,170,209,3.4622691292875984,4.5445562112400895,196,234,3.4807209302325584,4.237952027481711,,,1.13290645879733,,10.538,1.04307933176898,1796.0,8.0,,,,4.24922298779436,,,,,12.0,,,,,,,,,,,,,,,,,,,,,,,,,,,,,,,,,,,,,,,,,,,,,,,,,,,,,,,,,,,,,,,,,,,,,,,,,,,,
10278,2025-02-26 19:00:00,12949,13269,4.6128407963994205,8.92420914677146,989,1086,0.8764048192771084,0.6534262543365492,1971,2086,1.540034508257333,2.0485298235686,1647,1728,0.8492651851851852,0.8854298437455879,365,3.2107123287671238,8.612218019686631,2842,2842,7.153223082336383,17.96671634318378,5.0,9.0,0.3257142857142857,0.1341488664407826,11755,12007,2.2878798080969616,2.9130905796460027,124,0.8237903225806452,0.8861120157307859,117,0.8199145299145298,0.9104563481714176,29,0.7751724137931033,0.5835835825823845,33,0.709090909090909,0.4060479419101598,1944,1944,5.02542695473251,13.636445195684662,783,2.372771392081737,5.661781473935047,3649,3774,1.40782567695002,1.4001930789294108,2567,1.7000233735878458,1.7231943004311514,2149,2205,1.7037850252641251,3.1939107207243067,2727,2727,1.7566703337000364,2.6311018219453377,491,72.12321792260694,143.118554290885,702,1.4635185185185184,2.015009352646411,11,0.7454545454545456,0.7532036261724573,958,1.325198329853862,1.6033457686275647,711,1.4604500703234882,2.004147898445415,541,61.46613678373382,126.21113882185506,1035,2.610338164251208,11.715552072725243,2431,2431,2.4397614150555325,4.304665299515854,2094,2094,2.2055444126074497,4.527330605483909,4564,4581,4.558440677966102,9.436393195529249,5032,5009,2.2183079374564287,3.0598406060763854,1084,32.154234317343175,74.14448035197665,2730,2736,7.072436882546652,17.878501547637118,1942,10.653403707518022,37.3206183146942,17,8,0.4608,0.2923138039846904,5,0.546,0.2441802612825205,2004,5.214461077844312,14.054613798356048,200,188,3.1475,3.871338334811015,218,213,2.871183294663573,2.801510073624788,,,1.14176158301158,,13.198,1.03250334687305,2072.0,8.0,,,,5.51614140500404,,,,,12.0,,,,,,,,,,,,,,,,,,,,,,,,,,,,,,,,,,,,,,,,,,,,,,,,,,,,,,,,,,,,,,,,,,,,,,,,,,,,
10278,2025-02-27 19:00:00,12220,12376,5.041888111888112,8.767247805522073,955,1086,0.8069279764821167,0.619240117864649,2645,2643,1.665607034795764,2.834799727555973,1777,1807,0.8126339285714286,0.8251196368399264,303,2.8777887788778878,5.775133109914769,2755,2755,8.475390199637024,16.39084856057137,5.0,3.0,0.3,0.0565685424949238,12228,12100,2.4506897402170336,2.957169614734514,148,0.7714864864864865,0.539447120451422,143,0.8141258741258742,0.644243285358203,24,0.9116666666666666,0.7611157745193712,17,1.02,0.8266872230208244,1828,1828,5.61050875273523,12.880172718128794,737,2.565495251017639,6.083675070766578,4212,4291,1.3984005645066448,1.3255156365185643,2228,1.598972172351885,1.605599764652621,2376,2381,1.6630649569056128,2.825018364601918,3219,3219,1.8600745573159363,2.635307213119526,482,74.35441908713693,143.1592299551204,584,1.6404623287671232,4.359116092531824,6,1.0483333333333331,0.4848510653340421,1168,1.550248287671233,4.136904555919992,590,1.6344406779661018,4.337576915827337,567,58.526825396825394,111.49801091926204,1235,2.5369554655870443,7.485355524622761,2739,2739,2.857232566630157,5.25699363187594,2315,2315,2.09889848812095,3.663447885058827,4631,4715,5.005457949925102,8.908867300216265,5521,5537,2.358257370229698,2.9875587222320807,935,36.89255614973262,71.38175296273512,2731,2692,8.26922920892495,15.968509122733408,1881,9.759170653907496,28.71372433861648,8,5,0.3684615384615384,0.2371577259594308,9,0.67,0.3127654428197307,1482,6.865465587044533,12.356417880595853,200,225,2.851670588235294,2.5248258711687788,228,213,2.8373696145124714,2.287981786371634,,,1.09975517890772,,10.5227272727273,0.903943774159817,2124.0,6.0,,,,3.05992599705255,,,,,5.0,,,,,,,,,,,,,,,,,,,,,,,,,,,,,,,,,,,,,,,,,,,,,,,,,,,,,,,,,,,,,,,,,,,,,,,,,,,,
10278,2025-02-28 19:00:00,182,162,3.796918604651163,4.957073385730166,1,14,0.8319999999999997,0.5573771912568125,13,14,0.9922222222222222,1.0157220870024888,3,11,0.7464285714285712,0.6003523625202731,0,0.0,0.0,25,25,4.2752,5.430201557953443,0.0,0.0,0.0,0.0,82,177,1.9265250965250968,1.8749662262974935,2,1.13,0.2,1,1.53,0.0,0,0.0,0.0,0,0.0,0.0,18,18,3.0422222222222217,5.608707075764289,12,2.6283333333333334,3.407875274843387,22,31,1.0332075471698114,0.7856250331890074,28,1.6546428571428575,2.2576211914042514,8,9,1.1235294117647057,1.0992400646461096,5,5,1.932,1.3984620123550011,0,0.0,0.0,10,0.7339999999999999,0.7838265114169078,0,0.0,0.0,6,1.1883333333333337,0.7765396891910219,10,0.7339999999999999,0.7838265114169078,7,38.89857142857142,37.17045386885028,26,3.201538461538462,6.035051266309363,7,7,1.885714285714286,1.6653687463215137,12,12,1.0358333333333334,0.7101110046245509,58,58,3.800086206896552,5.061045873867965,30,47,1.8529870129870127,2.092066687705094,1,41.33,0.0,24,23,4.289361702127659,5.461570736676837,13,14.945384615384617,22.572303524242542,0,0,0.0,0.0,0,0.0,0.0,12,19.815,0.084999999999999,1,0,1.6,0.0,0,0,0.0,0.0,,,1.54608695652174,,0.0,1.74110594321025,23.0,0.0,,,,0.0,,,,,0.0,,,,,,,,,,,,,,,,,,,,,,,,,,,,,,,,,,,,,,,,,,,,,,,,,,,,,,,,,,,,,,,,,,,,,,,,,,,,
10279,2025-02-21 19:00:00,17587,17857,3.5966341270736937,5.0640696965735845,1514,1147,0.8805674558436678,0.6658517877200223,2148,2272,1.3359298642533937,1.2645130229168169,2235,1893,0.8621608527131783,0.7014533164325025,1093,4.799240622140896,11.5239970982912,3959,3959,4.75,8.312429221686454,9.0,5.0,0.36,0.1465800610100646,17762,14548,2.18772330547818,2.297005813668515,125,0.69496,0.4704782655978913,118,0.7190677966101697,0.51403354650163,24,0.6725,0.3541686274455526,33,0.6433333333333333,0.3597361547163434,2762,2762,3.332161477190442,6.478309646126919,679,1.5349337260677465,2.7561738361446144,4752,4524,1.4351369124622682,1.4950526983130732,4678,2.232479692176144,2.27244474916365,2665,2549,1.247031070195627,1.4281130466411596,3013,3013,1.481981413873216,1.9174730881544613,1135,31.75815859030837,49.28483722336353,1251,1.1665787370103915,1.1365639372814451,36,0.7561111111111111,0.4940269773210645,1103,1.186019945602901,1.161025443039292,1285,1.158474708171206,1.1305361871129984,712,54.259789325842696,98.7006428185384,970,1.303917525773196,1.7884240927324937,2619,2619,1.8776823214967544,2.4662597905731145,2397,2397,1.5829703796412182,2.056034013833335,6062,6030,3.434746113132649,4.780594172463662,6474,6113,1.983065067132756,2.2428822854067287,2603,14.1879830964272,22.39037516787053,3680,3684,4.731730038022814,7.83966252432399,3611,6.642054832456383,11.40735130241362,14,14,0.5321428571428571,0.442374737257074,13,0.663076923076923,0.23093071273185,2058,5.3173760932944605,9.991945041375368,170,175,2.515507246376812,1.666858484235908,196,186,2.551073298429319,1.8025395551916417,,,1.10288920454545,,10.8991304347826,1.03886297613252,3520.0,10.0,,,,4.58516692886916,,,,,13.0,,,,,,,,,,,,,,,,,,,,,,,,,,,,,,,,,,,,,,,,,,,,,,,,,,,,,,,,,,,,,,,,,,,,,,,,,,,,
10279,2025-02-22 19:00:00,15067,15452,3.890840132376552,5.610452320181757,1346,1052,0.9395287739783152,0.6897285149375899,1820,1965,1.276681638044914,1.199809069065731,2015,1642,0.8788105004101722,0.723869135981027,686,2.398046647230321,5.498748516841659,3547,3547,4.818395827459825,8.407810849075119,18.0,18.0,0.3694444444444444,0.2073904589636075,15185,12707,2.1195579377599314,2.308526716127414,126,0.8104761904761904,0.5913434491308177,109,0.7422935779816513,0.5838792023923105,19,1.5615789473684212,2.4101326959709843,24,1.4529166666666666,3.5229420460351357,2249,2249,3.530666963094709,6.933834810862511,693,1.8571717171717173,3.174490689073663,4262,4071,1.4070214808592345,1.395560406550904,3918,1.948711077080143,1.8922129989564924,2286,2162,1.3616119604316546,1.6854762540132564,2654,2654,1.440384325546345,1.8182926322387252,903,40.17570321151716,64.7304820707552,1063,1.1131420507996237,1.1159439328609275,9,1.13,1.1610435918699271,935,1.1171122994652407,1.076482687595877,1072,1.114216417910448,1.11696297565505,841,41.69086801426872,77.42769274084338,1367,1.2098244330651062,1.5885293281465755,2364,2364,1.7388790186125211,2.152370012484538,2126,2126,1.6245719661335842,2.163786635983928,5313,5276,3.607323637737274,5.395615610897282,5755,5355,1.95953195319532,2.292179298734689,2340,14.537388888888888,26.125558147606707,3301,3354,4.749444027047333,8.388987030767732,2869,7.798469850121993,15.05823074151496,19,20,0.531025641025641,0.4138486956996257,12,0.8658333333333333,0.5507791198737374,2718,5.891567328918322,9.97459704876352,162,161,2.497275541795666,1.9841297602477683,186,160,2.5988439306358377,1.7537536436724448,,,1.18136749633968,,9.4025,0.952920933576979,3415.0,18.0,,,,3.77250579853762,,,,,14.0,,,,,,,,,,,,,,,,,,,,,,,,,,,,,,,,,,,,,,,,,,,,,,,,,,,,,,,,,,,,,,,,,,,,,,,,,,,,
10279,2025-02-23 19:00:00,15436,16555,4.1874811665781,6.806664706815579,1399,1210,0.899467228823304,0.6412868433288063,1979,2005,1.3688428714859435,1.5521396817865631,1972,1784,0.890657614483493,0.7110444468919396,634,1.8179337539432177,4.520003976928275,3420,3420,5.171267543859649,9.607483242551384,8.0,11.0,0.3568421052631578,0.270205626019167,17224,14070,2.1016597430817407,2.2393306336936765,123,0.6933333333333335,0.4690479315161944,97,0.7073195876288659,0.4990455125907289,15,0.686,0.4577888887540486,13,0.5392307692307692,0.3069066893639358,2467,2467,3.7444021078232663,7.489048022883762,587,2.203304940374787,5.030053458929237,4254,4231,1.3916912197996465,1.3630750631184798,3936,1.889667174796748,1.927381713705136,2150,2024,1.3935026353617632,1.8342165644328428,2849,2849,1.675205335205335,3.190359562808969,748,52.73782085561497,92.63683198980276,865,1.0134797687861272,0.9643025128536687,7,0.7628571428571428,0.3820887812206658,980,1.156744897959184,1.4434099069262152,870,1.013655172413793,0.961698913711649,742,51.41074123989219,90.74738456867138,1525,1.2047016393442624,1.4553409130770705,2471,2471,1.9896074463779845,3.742907406764736,1944,1944,1.7100411522633745,2.498983414371207,4942,4997,3.568078277492706,5.3610351806887415,5607,5406,1.906475074911468,2.130701361579604,2128,17.395808270676692,32.21805637501338,3220,3283,5.045049976933723,9.348113603823275,2955,8.303939086294417,17.173063087880294,21,13,0.438235294117647,0.3666258758898126,13,0.5561538461538462,0.3129644477606524,2106,4.795099715099715,11.7894052310669,165,149,2.8087898089171977,4.6874573595096285,188,167,2.527267605633803,1.262654313065424,,,1.19661799761621,,11.0573076923077,0.948791231847551,3356.0,7.0,,,,5.02783066670087,,,,,19.0,,,,,,,,,,,,,,,,,,,,,,,,,,,,,,,,,,,,,,,,,,,,,,,,,,,,,,,,,,,,,,,,,,,,,,,,,,,,
10279,2025-02-24 19:00:00,14635,15427,4.370270108442552,7.361346354116013,1586,1401,0.8220890525610981,0.6249852396816202,2953,2940,1.3698489733582218,1.3911892863082134,2494,2334,0.8420878210439106,0.7014304172423543,561,2.672067736185383,12.50013217765596,3883,3883,6.155119752768479,10.409808853952196,13.0,13.0,0.333076923076923,0.1419308940936569,16808,14020,2.40827429609446,2.8189584003163586,200,0.769,0.5736549485535709,178,0.8025842696629214,0.6015075220463991,25,0.4508,0.229850734173289,24,0.5125,0.2927491816100146,2649,2649,4.126017365043412,8.040788494209226,643,1.9442457231726284,3.958968264432074,5409,5423,1.4872027326440178,1.432849646531056,3636,1.7714026402640264,1.9453192140318456,2681,2564,1.3945910390848426,1.7612456294779997,3885,3885,1.7034440154440156,1.9747916833964223,721,53.49316227461858,106.36405277960787,712,0.979185393258427,1.1113743690139923,8,1.26625,1.6233217295102036,1257,1.086324582338902,1.088867007508309,721,0.982246879334258,1.1186153765648004,752,49.76103723404256,90.5105156961539,1786,1.8143729003359463,4.682144847591035,3203,3203,2.223496721823291,3.083701924232212,2513,2513,1.5660923199363312,1.8759932693774817,5862,5864,3.983314003070101,5.796030417554281,6814,6623,2.230404108059835,2.5051377987575463,1769,20.987105709440364,34.20555583801033,3862,3861,5.785409814838793,9.916681886717887,2769,7.572040447815095,16.434462739524694,20,10,0.9166666666666666,0.6385887217572477,13,0.5076923076923077,0.2323840933969133,2394,6.3533333333333335,18.48665568085051,211,170,2.717270341207349,2.859334559607537,260,240,2.49798,1.4064169081748128,,,1.20750371029979,,12.9827777777778,1.04254667220666,3369.0,15.0,,,,5.84934783217141,,,,,21.0,,,,,,,,,,,,,,,,,,,,,,,,,,,,,,,,,,,,,,,,,,,,,,,,,,,,,,,,,,,,,,,,,,,,,,,,,,,,
10279,2025-02-25 19:00:00,12077,12352,4.676489827663842,8.689015125505993,1042,731,0.8913818386914834,0.6714813092078269,1629,1533,1.6368437697659706,3.10002591758474,1597,1361,0.8502467883705206,0.7840018696776446,575,3.1410434782608694,9.227968241583564,2681,2681,7.308776575904514,17.49050678928582,15.0,6.0,0.4123809523809523,0.1564457843686176,12108,10397,2.1985647633859142,2.5668358438670107,96,0.8204166666666666,0.6085346413493831,88,0.7003409090909091,0.5259740938652353,13,0.4461538461538462,0.2976455936315604,14,0.5471428571428573,0.2472831971482024,1721,1721,4.760017431725741,11.61955802532686,718,2.7573259052924795,16.666989594790017,3587,3395,1.3828587797192782,1.3842420725971651,2660,1.9888007518796995,2.2273803752929218,2283,2025,1.647089136490251,2.62589578374274,2529,2529,1.8309529458283904,3.414515256068813,685,46.405678832116784,83.69790673161734,632,1.4961392405063292,2.208510287382162,16,0.76875,0.6198475114897212,761,1.533009198423127,2.300445825766664,648,1.477932098765432,2.186405891819834,545,53.74594495412844,88.38933468953907,829,1.7837153196622435,2.805621996110817,2234,2234,2.4302238137869288,3.837017717360218,2049,2049,2.0584431429965835,3.5153809797391298,4479,4433,4.8463812836624784,9.875138567968536,5096,4832,2.1230056406124094,2.68065273479751,1458,21.383251028806583,45.12967385360927,2492,2557,7.397217270746683,17.736054370661698,2037,8.925169366715759,22.046916651925077,11,13,0.4804166666666666,0.3745049973706032,9,0.5188888888888888,0.2994604201056903,1734,7.076470588235293,16.082124401319483,202,165,3.0370572207084465,5.349312319703207,234,194,2.741051401869159,2.0007620200586698,,,1.17116838487973,,11.3590476190476,1.0038647017124,2328.0,12.0,,,,4.61193885967187,,,,,9.0,,,,,,,,,,,,,,,,,,,,,,,,,,,,,,,,,,,,,,,,,,,,,,,,,,,,,,,,,,,,,,,,,,,,,,,,,,,,
10279,2025-02-26 19:00:00,13128,13399,4.452486146190674,8.455540459608736,1186,965,0.9201952580195256,0.6665560989174226,2070,2186,1.5102255639097744,2.0008305713969667,1869,1672,0.8695481502400453,0.7968871018555587,631,2.137448494453249,5.198560356619906,3004,3004,6.998129161118509,18.48777404241077,4.0,8.0,0.2966666666666666,0.0737488229661252,13205,11482,2.262982136347065,2.747686398153584,142,0.824154929577465,0.9386094321589098,122,0.822049180327869,0.9329768490482409,14,0.555,0.2709441165364442,11,0.5490909090909091,0.2734777553012824,2045,2045,4.827794621026895,15.369464728511174,667,2.192218890554723,4.814660506844162,4008,3957,1.4077300690521029,1.3920467825389191,2969,1.9336476928258672,1.983833074223108,2385,2208,1.620707598519486,4.1023377382195605,2756,2756,1.764579100145138,3.3165779995210687,611,54.737872340425525,92.36614051501776,792,1.3280176767676768,1.3706961973187557,42,0.947142857142857,0.7476607510358262,1057,1.3373320719016082,2.095156209574639,823,1.3330498177399757,1.3708154241342327,546,59.51879120879121,102.79878583362984,1008,2.07796626984127,3.6889769749726207,2515,2515,2.4170337972167,4.823498498214469,2220,2220,2.009896396396396,4.094455615960209,4748,4755,4.479535936020204,9.64705700161072,5380,5232,2.184587259705993,3.000166895913561,1617,19.832850958565245,43.86451509421807,2879,2928,6.857814706388841,18.31084965665769,2240,7.816495535714284,15.905955190784049,18,15,0.4833333333333334,0.3405936587842475,12,0.6416666666666667,0.2074380764362115,1656,5.110615942028986,9.354744358448272,179,175,2.697090395480226,2.019596160831568,196,181,2.7036339522546418,1.934501986293776,,,1.1730303030303,,14.6668421052632,0.966815108696684,2574.0,12.0,,,,8.05194520638636,,,,,7.0,,,,,,,,,,,,,,,,,,,,,,,,,,,,,,,,,,,,,,,,,,,,,,,,,,,,,,,,,,,,,,,,,,,,,,,,,,,,
10279,2025-02-27 19:00:00,12148,12796,4.9111774374599095,8.633101659072459,1161,934,0.8280047732696898,0.6413857536158847,2615,2640,1.5491075166508086,1.815630135939976,1890,1706,0.8328476084538377,0.8289078814911666,482,1.7124688796680498,3.8135838128975457,2790,2790,7.736336917562723,15.157959702824003,7.0,10.0,0.3288235294117647,0.1147315205133617,14141,11563,2.4509504357298475,2.927983195466992,138,0.8530434782608696,0.9078199788788908,120,0.9168333333333332,0.8269240022853102,15,0.6513333333333334,0.4759813254973584,16,0.936875,0.6374923406402622,1860,1860,4.970956989247312,10.228491445771198,594,2.029915824915825,3.4218388286629646,4255,4246,1.4243253734854724,1.3774802146235867,2940,1.7765544217687077,1.7222717156954443,2237,2146,1.5039288158795343,2.2721496747798104,3188,3188,1.880163111668758,2.2831291067166166,598,60.431638795986615,111.83283401369692,1122,1.7699465240641712,2.147501926604388,16,0.6487499999999999,0.6402428738377336,1227,1.287465362673187,1.405492490921168,1137,1.7563940193491645,2.138001396079716,736,45.66711956521739,94.27485378891068,1499,3.1436490993996,5.309604570343551,2628,2628,2.6794406392694063,4.172102539895409,2135,2135,1.932693208430913,3.503213340180084,4740,4629,4.699440708720247,8.183705953193146,5704,5519,2.29231399803974,2.8419296235413367,1389,24.45810655147588,45.88875006491203,2710,2776,7.503328472475392,14.46239864971442,2131,8.966625997184419,22.331937440901655,9,9,0.4744444444444445,0.3034106535561301,6,0.6883333333333334,0.7467354878997575,1434,8.641046025104602,16.68740988579793,202,187,2.59681233933162,2.140999242540093,205,199,2.665965346534654,1.947020905059761,,,1.19264053254438,,11.7552941176471,0.977405382646193,2704.0,6.0,,,,4.41304765659484,,,,,11.0,,,,,,,,,,,,,,,,,,,,,,,,,,,,,,,,,,,,,,,,,,,,,,,,,,,,,,,,,,,,,,,,,,,,,,,,,,,,
10279,2025-02-28 19:00:00,167,189,3.192977528089888,4.4056489031608015,16,6,0.7622727272727272,0.4792127238614849,21,17,1.4810526315789474,1.6992394420564876,10,10,0.8065000000000001,0.7076176580611876,12,2.5775,2.1713287982247187,28,28,5.936428571428571,8.046048814829067,0.0,0.0,0.0,0.0,158,131,1.830242214532872,1.6675109219720674,1,0.5,0.0,0,0.0,0.0,0,0.0,0.0,0,0.0,0.0,17,17,3.336470588235294,5.691708046309919,10,9.044,25.38913515659799,36,39,1.2161333333333335,1.157338202754733,57,2.309824561403508,1.94847082752412,15,20,1.336,1.2498553059111626,12,12,1.15,0.9028288874421332,24,16.412499999999998,22.74972806614033,7,0.5957142857142858,0.3398258857901516,1,1.23,0.0,8,0.94875,0.7077506181558586,7,0.7185714285714285,0.3880511222369904,24,11.80375,19.391485634271724,16,0.8624999999999999,0.916061542692411,19,19,1.366842105263158,1.1994957389256666,17,17,1.4994117647058822,1.56513284754037,56,69,3.98336,5.967445945327029,53,51,1.876442307692308,1.9579089700834245,33,11.235151515151514,16.48079545763605,28,26,5.872037037037038,8.074600639047713,38,6.869473684210526,14.19725306035762,0,0,0.0,0.0,0,0.0,0.0,12,4.965,4.365,0,1,1.6,0.0,0,1,2.33,0.0,,,1.32023255813953,,0.0,0.979661755515156,43.0,0.0,,,,0.0,,,,,0.0,,,,,,,,,,,,,,,,,,,,,,,,,,,,,,,,,,,,,,,,,,,,,,,,,,,,,,,,,,,,,,,,,,,,,,,,,,,,
10565,2025-03-17 19:00:00,17779,17804,3.1372346345164823,4.428441451942379,1867,1560,0.9483629997081996,0.6871906320790083,3999,3814,1.295836426468706,1.122724845559651,2588,2318,0.9415124337545862,0.7117120739319389,1578,3.1294359949302915,7.599951262185943,4579,4581,3.795596069868996,7.142049061546633,,,,,16891,16397,2.2471650444604663,2.211922001680402,128,0.6603125000000001,0.3981695177229794,129,0.635891472868217,0.4323105623627403,0,0.0,0.0,0,0.0,0.0,3328,3329,2.6993285263632267,4.993377767202238,497,2.0030181086519114,4.648039692555938,5224,5123,1.3711868174350053,1.2980144312735973,4429,2.6760600587039964,2.781897451646965,2321,2169,1.1809487750556793,1.7308115530351305,2828,2828,1.270148514851485,1.4871037486580754,1340,24.485179104477613,43.6924544124024,1236,1.1024352750809063,1.0347005921472998,88,1.0439772727272727,0.9299151229263388,1255,1.1058645418326694,1.0974011447450462,1318,1.1096661608497724,1.0413572520934824,481,73.58212058212058,122.57222785290874,824,1.117621359223301,1.8952752758357476,2441,2441,1.7206513723883656,2.596044612442207,1915,1915,1.457373368146214,2.170417424211775,17781,17806,3.134369854160227,4.425266130790504,16831,16363,2.24680153039706,2.210149767934444,3025,10.687788429752066,24.049292451265124,3923,3998,3.9260901401338217,7.357667330983375,3923,5.1665485597756815,10.891649391921703,12,9,0.4271428571428571,0.2727835851984894,11,0.5481818181818181,0.2192473979038367,2328,2.7087628865979383,5.4591726002994,120,119,2.41581589958159,2.444346235378346,117,142,2.580888030888031,2.6261308619459984,,,,,,,,,,,,,,,,,,,,84.51999999999997,0.53,0.83,0.6,1.53,5581.739999999981,1.53,1.83,,13.23,4938.2499999999945,0.73,0.87,,17969.430000000015,111542.81999999916,1.43,10124.369999999994,,995.5000000000005,1.83,0.3,2.17,,32330.560000000107,0.6,31098.560000000045,0.77,1.33,0.97,1.53,8400.219999999983,1.87,2.6,20268.370000000046,920.9200000000004,0.8,1.93,1362.61,74580.33,3250.039999999992,14187.670000000024,82.02999999999997,74803.62999999999,,91.87000000000002,4619.05999999996,0.77,0.8,1462.5399999999977,4.97,8.969999999999999,32810.140000000014,0.83,34767.66000000017,668.4500000000003,577.3800000000003,1.0,1.93,6305.9999999999845,5302.459999999963,7183.959999999981,11852.26999999994,35393.00000000002,1.83,0.8,111632.21999999911,20.67,6.03,0.7,0.93,,1387.859999999999,0.73
10565,2025-03-18 19:00:00,14650,14505,3.644927113702624,5.419033648548994,1821,1410,0.9913525224388734,0.6822063967552168,4109,4000,1.3774756443457885,1.2695053392728188,2498,2292,0.965340292275574,0.7844817173049468,1071,2.3462184873949576,7.075152295502256,4172,4172,5.249489453499519,11.37665670521176,,,,,14173,13529,2.3859331456212547,2.820085570193004,128,0.7115625000000001,1.3075773384751472,120,0.7444166666666666,1.351349199771185,0,0.0,0.0,0,0.0,0.0,2637,2637,3.326405005688282,7.140879030311456,426,1.2392018779342722,1.4636552486650776,5619,5536,1.5669861048857014,1.9938360341658403,3239,2.5460234640321087,3.401843060664436,2698,2676,1.299534797171567,1.788678400379397,3307,3307,1.3619866948896282,1.6217519605831991,872,37.73311926605504,60.22898574975749,1032,1.0831782945736437,0.9971801206488458,48,0.8970833333333333,0.5916078315817742,1321,1.168077214231643,1.1303154236516686,1072,1.088759328358209,0.9955947979869388,498,63.69020080321285,95.471000967113,967,1.4961013443640123,3.523519323052706,3018,3018,1.8847282968853547,2.424439516107636,2451,2451,1.6576213790289678,2.3536096943818587,14652,14498,3.641808576329332,5.41843047047362,14108,13471,2.384260125457776,2.8209778383112267,2553,11.943826870348609,28.850492612367876,3872,3912,5.150693730729702,10.651670213966613,3025,5.349414876033058,17.34354297704114,11,4,0.4593333333333333,0.3012522014672903,24,0.6441666666666667,0.4948814392244761,2526,4.299619952494062,8.003438236691343,122,121,2.288971193415638,1.2448065656966372,121,129,2.3912,1.3401319934991478,,,,,,,,,,,,,,,,,,,,91.08,0.5,0.815,0.515,1.53,8125.659999999971,0.93,2.47,,17.3,2512.799999999997,0.83,0.97,,17543.46000000006,106158.71999999884,2.03,11169.94999999999,,527.9000000000002,1.97,0.3,2.17,,30492.589999999986,0.485,40092.99999999991,0.83,1.6,0.97,1.53,11376.219999999948,1.67,2.2,16181.98000000006,1446.7300000000023,0.8,2.2,1117.8400000000013,65755.51000000078,3203.0599999999977,17479.730000000043,89.33000000000001,66095.12000000066,,43.06000000000001,4623.979999999967,0.83,0.87,1167.1500000000024,4.37,6.890000000000001,32903.28000000002,0.77,43801.74000000007,597.7999999999997,556.2200000000003,1.13,2.4,10860.839999999987,6983.699999999962,9008.179999999984,8246.569999999992,31717.72000000004,1.97,0.8,106267.84999999886,23.5,15.46,0.73,1.03,,1543.029999999998,0.73
10565,2025-03-19 19:00:00,12975,12866,4.106729228745017,7.69770333877984,1560,1301,0.963229639986019,0.6925503016762107,3841,4151,1.3801263763763765,1.3575210532271451,2267,2234,0.9431081981781828,0.8046851831704775,897,2.3314269788182838,8.30076785030431,3922,3922,6.243202447730749,12.993633181594824,,,,,12663,12829,2.455308332025733,2.739185758402987,141,0.7164539007092199,0.6792968149259,118,0.7943220338983051,0.7565874307454261,0,0.0,0.0,0,0.0,0.0,2263,2263,3.782222713212549,7.184084680726311,389,2.0940102827763494,10.659076697880923,5685,5660,1.5110788893785811,1.534329402742811,2799,2.139764201500536,3.979770462571022,2737,2690,1.3870167680117929,2.1700033414347244,3373,3373,1.4825051882597091,1.8967399693846732,849,35.92328621908127,63.73923476515023,606,1.038085808580858,1.048014451077174,50,1.2888,1.4416041620361673,1298,1.2157010785824345,1.29697443702912,648,1.0727623456790123,1.1124569317514748,602,49.02509966777409,83.79683597254731,980,1.6294897959183674,5.940870473641868,3225,3225,1.9564806201550389,2.626184283906077,2655,2655,1.7454500941619586,4.21702412174347,12980,12855,4.105213470098703,7.698049288286559,12579,12755,2.45964474619089,2.7409452500494567,1955,14.650219948849106,33.907550478324346,3742,3711,6.130390446799947,12.928988990173863,2390,5.45344769874477,14.292484615404495,5,6,0.6845454545454545,0.5635821088257058,11,0.5981818181818181,0.3372837538016208,2304,5.018671874999999,10.6643049984829,153,146,2.5802006688963206,2.1119009712200887,158,166,2.573395061728395,1.8753780404343852,,,,,,,,,,,,,,,,,,,,101.01999999999995,0.6,0.815,0.53,1.57,9268.339999999967,0.77,2.87,,12.1,2091.2900000000013,0.83,0.97,,17118.339999999993,106058.18999999877,2.4850000000000003,11029.970000000028,,814.5700000000003,2.1,0.63,2.23,,28641.18000000001,0.4,45689.80000000005,0.87,1.73,0.97,1.57,12619.299999999988,1.37,2.0,13033.740000000009,1596.8999999999996,0.75,2.2,629.08,62312.64000000056,2755.7999999999915,17143.190000000053,93.73000000000005,62590.72000000061,,64.44,4244.92999999998,0.8,0.93,695.1499999999997,5.07,7.530000000000001,30498.87,0.77,48971.68000000009,833.7799999999999,771.4799999999999,1.2,2.87,11563.019999999986,7527.339999999969,10000.979999999989,5989.199999999992,29513.110000000004,2.1,0.77,106121.98999999875,17.865000000000002,6.58,0.8,1.03,,1577.9799999999998,0.7
10565,2025-03-20 19:00:00,13651,13601,4.361537501834728,6.893323801025473,1476,1250,0.8974578136463685,0.6554546462886415,4017,3787,1.4167952332137366,1.4640354901959831,2324,2328,0.8870808254514188,0.8169279742115345,712,3.3699157303370786,11.170467031452343,3599,3599,7.805393164767991,14.850168322258462,,,,,13267,13560,2.5362619748760578,3.094286486796514,132,0.7761363636363635,0.6854446109922318,120,0.7860833333333335,0.656578626712411,0,0.0,0.0,0,0.0,0.0,2034,2034,4.679621435594886,11.85014825941684,495,1.9943636363636363,6.871550274930681,5711,5590,1.7038297495796833,1.829729259417288,2572,1.913137636080871,1.9559946318226,3217,3179,1.4935553470919325,1.9208271517107107,3616,3616,1.4712444690265487,1.802522001011,739,43.62859269282814,71.10950620687544,554,1.193447653429603,1.2517966258087574,53,1.377358490566038,1.115087188305134,1139,1.251834942932397,1.2741031947244643,600,1.2270666666666667,1.2971193965433132,518,61.74125482625483,103.58441829764976,1112,2.050872302158273,6.712277879305728,3492,3492,2.068241695303551,2.599281831160929,3047,3047,1.9579816212668195,2.7378725092521274,13662,13599,4.357143538388173,6.890713397575061,13210,13506,2.5387939811349005,3.0955160517300904,1581,20.20077166350411,40.17889445413274,3580,3617,7.389472002223148,13.714767994235142,2218,6.403895401262399,16.640697698789392,11,10,0.6452380952380952,0.7525424781405338,13,0.6153846153846155,0.3295828455350884,2334,6.0801542416452445,13.174352195089943,164,162,2.5394478527607363,2.343456822555625,162,187,2.682320916905444,2.096872155578499,,,,,,,,,,,,,,,,,,,,102.44999999999996,0.57,1.07,0.53,1.57,11931.940000000028,1.0,3.47,,16.7,2399.380000000002,0.93,1.1,,19036.70000000008,118780.08999999924,2.73,11056.669999999964,,987.2100000000002,2.23,0.33,2.3,,31937.41999999996,0.47,53182.03000000026,0.83,1.8,0.97,1.57,14444.599999999964,1.27,2.33,14203.839999999997,2280.57,0.8,2.015,661.1700000000002,67826.42000000096,2446.4699999999984,19254.980000000025,94.32999999999996,68040.30000000111,,73.0,4126.699999999977,0.73,0.93,736.2400000000002,7.1,13.55,32241.53,0.87,56183.22,936.13,827.8600000000004,1.23,3.33,14191.080000000004,9552.779999999975,10640.04000000005,4920.5899999999865,31981.97000000004,2.23,0.815,118860.61999999924,20.685,8.0,0.87,1.13,,1425.8399999999997,0.63
10565,2025-03-21 19:00:00,10797,10927,4.50940342478365,8.143611718652563,983,906,0.9838062466913712,0.7799015605805798,2604,2539,1.4437954501263854,1.7188366526864107,1525,1498,0.9851240489579888,0.9025773234669694,567,2.981975308641976,6.05770443707923,2414,2414,7.658521126760562,20.36282253924737,,,,,9645,9718,2.351803955998554,3.04754114039792,92,0.6869565217391306,0.6184952622405354,77,0.6998701298701299,0.6609958907204595,0,0.0,0.0,0,0.0,0.0,1598,1598,5.300707133917396,17.783674572193984,584,2.1498116438356165,5.078186171586178,3411,3294,1.6007114093959731,1.985585824725116,2162,2.005652173913043,2.1127978751978844,1971,1961,1.5274465920651068,2.4322063360632566,2089,2089,1.4579080899952128,1.615309261627775,661,45.78750378214826,94.29851898238468,580,1.5448620689655173,3.644955013431654,39,1.258205128205128,1.117276615187795,858,1.293869463869464,2.1455904130850687,614,1.5388110749185666,3.553417731802041,466,62.405686695278966,107.6098668935829,772,2.6884326424870464,10.5488864183734,1991,1991,2.1822501255650426,3.36107504741464,1871,1871,2.0128273650454305,2.902173363456211,10792,10926,4.50725757436228,8.136032099212638,9595,9669,2.3556281146179407,3.050921557917386,1186,25.198288364249574,61.74479318412392,2321,2312,7.596373839844593,18.928407131101206,1712,10.031705607476637,31.763429802082737,12,8,0.6799999999999999,0.4553460222731719,9,0.6000000000000001,0.3831738798799081,1560,5.641461538461539,9.478041351666771,91,90,2.4508839779005527,1.547062549963704,114,106,2.547181818181817,1.610608937253339,,,,,,,,,,,,,,,,,,,,63.2,0.53,0.67,0.55,1.47,7531.999999999988,1.27,2.7,,14.4,1690.7800000000004,0.93,1.07,,16941.060000000052,97888.62000000016,2.265,7425.440000000013,,1255.4900000000011,2.2,0.55,2.285,,29885.169999999995,0.4,35194.000000000124,0.83,1.67,0.97,1.47,8689.71999999998,1.37,3.4,17174.28000000002,2075.469999999999,0.8,2.1,896.0200000000009,45378.82000000039,1858.4100000000003,10732.77000000002,53.88999999999999,45537.98000000036,,49.06999999999999,2978.0299999999934,0.77,0.93,944.8300000000014,7.75,13.6,30265.539999999983,0.97,36975.34000000003,560.3799999999998,443.6099999999999,1.2,2.77,8800.679999999991,6005.9199999999855,6091.139999999991,4336.219999999994,29081.04999999999,2.2,0.8,97962.28000000014,15.165,5.4,0.87,1.03,,1110.14,0.7
10565,2025-03-22 19:00:00,12523,12356,4.637821053900881,9.198193205902909,1127,972,0.8910528823249168,0.6727596962685312,3176,3237,1.6874068298768128,2.473191163717595,1731,1684,0.9138477306002928,0.8052470389873685,749,4.09803738317757,15.355070641728997,2741,2741,7.796887997081356,18.65858340688743,,,,,11385,11421,2.3157357712882574,2.9825442216950107,133,0.8163157894736841,0.8018826285068585,120,0.8195,0.7267414143513037,0,0.0,0.0,0,0.0,0.0,1865,1865,5.28745308310992,14.432346876202686,566,2.202102473498233,4.523809059460878,3823,3719,1.4248236542031292,1.4927577537600594,2315,2.064393088552916,2.14740357787234,2163,2013,1.6949473180076629,2.659556747829562,2389,2389,1.7011762243616575,2.591389321675972,793,38.20477931904161,74.47626113479642,775,1.427535483870968,1.7907546049619718,80,1.53025,1.368981350311245,1091,1.5094958753437215,2.9680700464870684,843,1.4641518386714116,1.7892589997445438,540,56.26385185185186,91.11335347906076,877,2.949726339794754,12.068952200697272,2208,2208,2.4972961956521744,5.807892359423075,1882,1882,2.449574920297556,5.781398836608349,12521,12359,4.635944533762057,9.198147886063856,11346,11391,2.317035228922021,2.9853395022574016,1383,22.465618221258136,52.99636655471534,2622,2629,7.753332698533613,18.443393886105813,2082,7.752982708933717,18.12015082937866,7,4,0.46,0.3386873055033077,16,0.59125,0.3145805739393327,1272,6.250141509433963,14.292241478837706,154,126,2.899928571428572,2.070769179531596,155,153,2.681038961038961,1.7793620879518814,,,,,,,,,,,,,,,,,,,,108.56999999999998,0.6,1.13,0.6,1.43,9220.199999999975,1.47,2.57,,10.3,3069.4300000000003,0.93,1.13,,19722.20000000003,115342.29999999922,2.415,10821.340000000004,,1246.3900000000012,2.2,0.23,2.45,,31069.94999999996,0.55,40712.74999999985,0.9,1.67,1.03,1.43,11028.060000000009,1.4,2.73,16141.710000000005,2586.9099999999967,0.9,2.43,1106.340000000001,52682.43000000082,1870.3200000000004,10746.01999999998,98.34,52812.67000000079,,122.41999999999996,3120.7899999999736,0.7,0.93,1234.28,6.47,5.060000000000001,30296.39000000001,0.93,42742.54,825.7599999999994,811.9800000000001,1.3,2.57,7950.180000000004,7078.099999999973,8128.219999999987,4779.069999999994,30382.480000000003,2.2,0.93,115384.3499999992,14.73,9.46,0.93,0.97,,1646.8600000000004,0.63
10565,2025-03-23 19:00:00,12366,12230,4.757188567246707,8.647966543707776,1004,933,0.9069488900361382,0.6950628559655306,3621,3503,1.6519371139809098,2.039797913738531,1675,1687,0.8988161808447351,0.8055902038639122,629,3.297344992050874,9.623450794418092,2637,2637,8.838263177853621,19.622970042718865,,,,,11888,12283,2.363623350295809,2.7655738530712286,106,1.0367924528301886,1.218839958204778,104,1.0220192307692306,1.2639531848436203,0,0.0,0.0,0,0.0,0.0,1664,1664,5.837914663461538,16.675989949132948,580,2.2675,4.647216347931605,3951,3921,1.4474936483739838,1.42252572104795,2049,2.186115178135676,2.4414270559861704,2274,2185,1.6445189504373177,2.913049413143428,2527,2527,1.6517926394934703,2.2815125068890274,596,51.29248322147651,93.51571527232208,665,1.3229172932330828,1.4745529412734686,30,0.8543333333333334,0.6913498069396964,1088,1.4127113970588234,2.2458144282464896,685,1.327021897810219,1.471893722694457,413,73.76951573849878,108.70569155755,972,2.4465123456790123,7.892384520054699,2316,2316,2.391334196891192,3.934745262888303,2185,2185,2.2465858123569795,4.767313734445871,12366,12227,4.756256658398732,8.648235413364546,11867,12271,2.362991962880106,2.765756940841712,1206,25.39074626865672,52.30604717828092,2537,2543,8.826903543307086,19.5732481763196,1909,7.699931901519119,15.745431813440232,1,4,0.246,0.0492341345003646,7,0.4842857142857142,0.1223411089486093,1656,6.890471014492753,12.724580776495769,153,138,2.8456357388316147,2.113961247509896,172,167,2.7963421828908555,2.211230296177645,,,,,,,,,,,,,,,,,,,,109.90000000000006,0.63,0.665,0.73,1.47,9817.579999999993,1.3,3.1,,16.38,2074.03,0.93,1.1,,19428.580000000013,116970.61999999986,3.165,11768.399999999989,,1315.1500000000008,2.23,0.23,2.43,,30621.240000000005,0.53,44840.6700000001,0.9,1.87,1.03,1.47,11076.659999999994,1.4,2.67,14699.169999999998,2378.009999999995,0.87,2.33,879.7400000000006,57037.90000000109,1756.759999999999,11394.670000000026,106.29,57131.14000000107,,25.63000000000001,3021.8199999999865,0.7,1.0,909.01,7.4,1.23,30570.320000000025,1.03,46613.0000000001,947.9599999999996,828.0800000000006,1.3,3.2,11410.61999999998,7332.909999999972,8348.159999999985,4479.349999999987,30466.81000000001,2.23,0.87,117007.80999999982,23.93,3.39,0.97,1.0,,1537.0300000000004,0.63
10565,2025-03-24 19:00:00,13703,13148,4.918084615098134,10.70194371282601,1164,1176,0.8601581196581196,0.6569182914676988,3986,4157,1.7312562937492324,2.674041006133319,1915,1994,0.9199846508058328,0.9182108855040516,685,5.433810218978102,10.974634759752533,2818,2818,9.336447835344217,21.03330996839767,,,,,12272,13966,2.442996798536474,3.199057166239337,141,0.8325531914893617,0.6270525493552633,132,0.8428030303030303,0.6556610293782624,0,0.0,0.0,0,0.0,0.0,1808,1808,5.698042035398231,13.359453939114816,849,2.6009893992932858,5.694509037566082,4519,4482,1.540728807910232,1.739153400826854,2145,1.9948997668997663,2.1383155041016586,2506,2376,1.5619254403932814,2.168146304651436,2958,2958,1.7969540229885057,2.6814457172325685,798,44.4283709273183,114.60838387193628,529,1.4519092627599244,4.026403915508425,129,1.4862015503875972,1.3910635013556347,1289,1.5871916214119473,2.447295150975615,652,1.4810582822085891,3.686560729868436,449,78.84240534521159,132.37259529733132,839,2.287270560190703,6.0023214271148015,2732,2732,2.563513909224012,4.175022065611439,2399,2399,1.9413630679449767,3.6786719337035456,13702,13147,4.917781295392753,10.702353341683091,12245,13932,2.4446628719868584,3.200354509445314,1253,29.60935355147646,91.18733479730209,2742,2779,9.152916138380728,20.724973751810964,2094,9.338896848137535,44.44085563150884,12,17,0.7141379310344828,0.5500878753710193,17,0.6388235294117647,0.2997426808789239,2004,7.04808383233533,11.369705463041926,169,171,2.6303235294117644,2.018199593997351,178,170,2.630402298850574,2.074441306643154,,,,,,,,,,,,,,,,,,,,117.39,0.63,1.13,0.63,1.5,9314.660000000002,2.53,3.27,,10.53,3722.16,0.9,0.97,,20604.12000000005,132037.50999999928,3.57,14097.620000000032,,2208.239999999998,2.23,0.57,2.23,,37100.51999999997,0.57,50533.25000000033,0.93,1.87,1.07,1.5,14007.040000000048,1.23,2.83,19555.649999999987,1919.0200000000011,0.8,2.185,768.0600000000004,63993.94000000128,2012.770000000001,13868.10000000005,111.24999999999996,64099.35000000127,,191.72,3596.2199999999843,0.7,1.03,965.6500000000012,6.17,20.71,35453.84000000001,1.07,52620.22000000014,915.3799999999997,894.3100000000001,1.33,3.27,14124.359999999986,7625.319999999975,10630.779999999988,4279.059999999983,35400.24000000001,2.23,0.9,132055.48999999923,24.67,10.86,0.93,1.03,,2045.8900000000008,0.63
10566,2025-03-17 19:00:00,18041,18120,3.092416692016261,4.240080850645757,1652,1712,0.9492479191438764,0.6807443286823074,3945,3827,1.3110589294904786,1.1802240002704996,2340,2343,0.9542643604527012,0.7219539145798908,1536,3.5346744791666667,8.052917425424331,4480,4479,3.6601730103806234,6.52392091152319,,,,,16813,16495,2.220287018133781,2.2079615107941515,137,0.6397810218978103,0.5032659280980157,134,0.6655970149253733,0.5356005294576065,0,0.0,0.0,0,0.0,0.0,3270,3269,2.708281082734364,4.748655712086633,678,2.1098672566371683,3.302120416477278,5022,4965,1.3714048262741565,1.3171934167292725,4686,2.293856167306872,2.378969962704899,2155,2154,1.1284729635646322,1.5918161956309749,2698,2698,1.2943847294292068,1.545699722157862,1249,27.60062449959968,47.60721763837208,1212,1.1185148514851486,1.0596953477190758,74,0.7870270270270271,0.6494607528864312,1174,1.121405451448041,1.082761384381115,1284,1.1045716510903427,1.0601906695352248,625,60.22888,90.24157993843858,782,1.4096547314578003,11.344786639515744,2338,2338,1.7377630453378956,2.194647310641048,1827,1827,1.360054734537493,1.859760976356126,18041,18120,3.0900671994690416,4.236411375538512,16763,16453,2.2190706286127164,2.203955770509971,2927,11.869883840109328,28.39929141438668,3991,3932,3.6877836678026,6.56337645950518,3842,6.077730348776679,20.51331222399049,16,13,0.7148275862068966,0.5278820446199176,15,0.4766666666666668,0.2303234440713512,2466,3.828248175182481,7.298965853271055,110,112,2.537657657657658,2.622588452103766,124,116,2.8498333333333337,3.071204563721248,,,,,,,,,,,,,,,,,,,,87.65,0.515,0.53,0.47,1.5,4969.639999999976,1.53,1.93,,14.5,5429.259999999992,0.7,0.8,,17709.45000000008,111739.91999999956,1.93,10189.549999999996,,1430.4899999999984,1.8,0.53,2.37,,34743.15,0.4,29218.31,0.8,1.47,0.97,1.5,8125.78000000001,1.6,2.83,23350.640000000043,1102.3500000000008,0.8,1.95,1355.6399999999996,73708.65000000011,3193.269999999984,13696.22,89.19000000000003,73953.32000000011,,58.24,4468.819999999966,0.77,0.83,1418.2699999999993,5.37,20.73,34473.18000000001,1.1,32791.49000000011,683.9600000000002,563.3599999999998,1.03,1.97,9440.45999999999,4862.58999999998,6984.499999999977,10749.010000000048,37643.05000000002,1.8,0.77,111824.87999999958,25.93,7.150000000000002,0.67,0.97,,1316.5300000000002,0.77
10566,2025-03-18 19:00:00,14764,14738,3.697049013626194,5.646644514023248,1508,1547,0.991292962356792,0.6891305731908008,4082,3886,1.3604003514056229,1.3077389274121012,2234,2301,0.9539713340683572,0.7995709125285426,907,3.0808269018743104,8.289497205791982,3883,3883,5.519721864537729,11.009662121555069,,,,,13665,13837,2.3630441422442003,2.920478753729565,117,0.6457264957264955,0.4099912782881307,95,0.6424210526315789,0.4615505122370252,0,0.0,0.0,0,0.0,0.0,2435,2435,3.534209445585215,6.810892367913545,444,1.5802477477477477,2.5915166837982806,5295,5383,1.605216332646563,1.975731639983061,3105,1.9520193236714976,2.0130287096258623,2720,2667,1.328696862817895,1.7422853184975111,3194,3194,1.3666687539135878,1.5122692494682208,756,46.74280423280423,92.97052540591928,870,1.1804367816091954,1.2004788479578636,58,1.2648275862068967,1.329353279864791,1187,1.2293344566133109,1.331557472521966,914,1.2119037199124725,1.234416510753633,653,51.32315467075038,72.92138670549708,949,1.980221285563751,7.505491551416019,2987,2987,1.8957214596585203,2.5668816476002334,2504,2504,1.667983226837061,2.7925682205618223,14757,14741,3.693105973286324,5.64539011184409,13615,13785,2.3620288321167884,2.920775973769596,1988,17.368953722334002,53.3045149664333,3656,3650,5.39661511086778,9.893880695900096,2589,7.894503669370413,36.88522182374603,7,7,0.3992857142857144,0.3059053141488225,12,0.6716666666666667,0.3577204060280722,2844,4.234240506329114,9.391476652043051,113,119,2.322241379310345,1.3440113570736392,134,141,2.5169818181818187,1.9345152034545228,,,,,,,,,,,,,,,,,,,,75.54999999999998,0.5,0.83,0.57,1.5,8353.259999999975,1.1,2.6,,21.48,2794.3099999999986,0.83,0.97,,17211.600000000042,108939.23999999969,2.07,10839.669999999986,,701.6299999999997,2.0,0.23,2.2,,34529.47999999997,0.55,39427.66999999998,0.83,1.67,0.93,1.5,11325.040000000035,1.4,2.6,20438.87000000004,1879.2299999999989,0.8,2.015,1026.9799999999996,64719.5900000006,3028.399999999995,17140.50000000009,61.03,64988.44000000061,,73.36000000000001,4326.259999999978,0.83,0.9,1107.679999999999,5.9,5.590000000000002,35337.560000000005,0.7,42866.16000000024,692.1699999999997,538.76,1.17,2.57,12042.179999999997,7157.689999999974,8730.279999999962,6061.019999999988,33514.02000000001,2.0,0.8,109070.33999999968,22.07,8.06,0.83,1.07,,1459.2199999999991,0.73
10566,2025-03-19 19:00:00,13407,13142,4.19504501111153,7.772192752545881,1441,1392,0.9543734557006706,0.6642539354921095,4072,3643,1.3806325340246275,1.3634994583571498,2244,2172,0.9229755434782608,0.7840118719406661,819,1.8221489621489624,3.462949087581664,3756,3756,6.705292864749734,14.82057561642584,,,,,12867,13157,2.444019750999077,2.810962332972537,96,0.6475,0.4605770836678698,82,0.6459756097560976,0.4076848967215637,0,0.0,0.0,0,0.0,0.0,2222,2222,4.188240324032403,9.450357486598726,432,1.804490740740741,3.93259494245158,5720,5610,1.5646010591350397,1.7150067726042113,2646,1.8997203325774756,2.104767075430525,2732,2789,1.435174787176236,2.4641150994604426,3409,3409,1.4916867116456438,2.2084812652136443,724,47.14930939226519,98.4872025218139,619,1.252891760904685,1.3827919614460122,34,1.068529411764706,1.0991363785021004,1189,1.235904121110177,1.2743147214523507,647,1.26435857805255,1.402832808986488,681,47.346740088105726,84.2681028030125,973,1.9909660842754369,6.8276818584348815,3306,3306,2.0878402903811253,3.184350371689232,2740,2740,1.857036496350365,4.516664663753487,13404,13147,4.192719671575459,7.771319364138217,12805,13104,2.4450245088579257,2.8110091316397225,1744,18.58253440366972,48.64275121255314,3574,3630,6.549379511382565,14.395773078486087,2252,7.231656305506218,21.722132995308915,4,6,0.525,0.4726785376976618,19,0.461578947368421,0.3030765607269058,2724,4.708942731277533,7.6351688735743,150,129,2.45652329749104,2.1449007025153346,150,150,2.5665,2.368744692166437,,,,,,,,,,,,,,,,,,,,62.16,0.57,0.685,0.515,1.53,10176.559999999996,0.77,3.07,,16.73,1492.3399999999992,0.87,0.97,,18612.53999999993,111320.90000000031,2.5,10651.57999999999,,779.5399999999993,2.13,0.23,2.13,,32407.94000000005,0.33,47181.73000000013,0.87,1.8,0.93,1.53,13804.800000000068,1.3,2.43,16285.69000000002,1937.21,0.8,2.17,775.5400000000004,63348.14000000059,2703.739999999996,17726.930000000048,52.96999999999998,63603.17000000053,,36.330000000000005,4075.859999999975,0.83,0.93,818.0400000000005,6.63,5.25,34136.09999999997,0.83,50370.16000000023,769.9499999999997,685.3699999999997,1.27,3.03,12827.16000000004,7923.599999999968,10170.32000000003,5026.659999999983,32243.129999999965,2.13,0.8,111374.25000000038,16.7,8.77,0.83,1.07,,1469.4900000000007,0.67
10566,2025-03-20 19:00:00,13839,13726,4.432544531108289,7.198056875285915,1378,1334,0.9080936578171092,0.6707737915488374,3961,4035,1.410644072036018,1.4176299006250537,2381,2220,0.8747294066507281,0.8074567294559931,668,2.4142964071856285,5.430777666397638,3532,3532,8.064586636466592,15.616075062802096,,,,,13303,13686,2.527429693578865,3.1107026143095124,127,0.8566929133858266,0.7682048356248085,125,0.8594400000000001,0.7826910542480985,0,0.0,0.0,0,0.0,0.0,2035,2035,4.660904176904176,10.584643782300326,537,2.6571135940409683,15.610134643452756,5814,5671,1.663136264693078,1.7731402953235074,2611,1.7326733052470318,1.817095162530946,3181,3227,1.5032521847690388,2.5238563442706488,3565,3565,1.4885105189340813,1.7125228054791757,577,62.62670710571924,103.55126316059652,539,1.1995176252319109,1.1108681144427723,30,1.0319999999999998,0.9769933469579002,1166,1.315883361921098,1.4359059631248776,561,1.2109447415329766,1.1349643286242663,553,61.45560578661844,83.46353438809943,1236,2.7736407766990294,14.085138103175336,3500,3500,2.08882,2.626098095578305,3134,3134,1.910312699425654,3.0186643236961426,13836,13725,4.430368999673451,7.195495644903384,13264,13646,2.5264656261612783,3.1107297303740613,1427,24.734765241765945,56.41542110389332,3518,3562,7.644785310734464,14.356471495312364,2077,8.363808377467501,35.47338462757448,10,10,0.692,0.5497053756331659,22,0.6318181818181817,0.3805574423686242,2532,5.217701421800948,8.56990317629875,174,165,2.5217994100294985,1.819298709550448,189,174,2.639724517906336,2.0129916694561105,,,,,,,,,,,,,,,,,,,,108.8,0.63,0.63,0.63,1.57,11973.839999999976,0.87,3.57,,25.2,1612.750000000001,0.93,1.07,,18969.88000000004,122105.3999999994,2.8,11279.509999999986,,1426.8699999999983,2.27,0.4499999999999999,2.23,,35296.51000000002,0.53,54125.080000000016,0.9,2.07,0.97,1.57,14621.74000000004,1.2,2.67,17371.63000000003,3428.219999999998,0.87,2.07,646.5400000000003,67987.19000000083,2462.749999999999,19101.120000000094,107.43000000000004,68212.80000000085,,30.96,4024.629999999967,0.73,0.93,679.34,9.17,13.84,36135.61,0.87,56968.24000000004,958.22,854.8900000000008,1.23,3.43,13211.219999999998,9632.839999999976,10613.080000000014,4524.009999999994,33984.94999999998,2.27,0.87,122183.0899999994,25.93,13.899999999999997,0.9,1.1,,1534.320000000002,0.63
10566,2025-03-21 19:00:00,11103,10926,4.459508375323437,7.3781041091147825,983,909,0.9627167019027484,0.7465262882332893,2733,2531,1.4269718844984802,1.4171357363563135,1481,1520,0.9727824058647118,1.017203939410493,571,3.133975481611208,6.516476366148521,2340,2340,7.817102564102564,20.274913828427596,,,,,9759,9866,2.3687016560509555,3.0148848427327923,97,0.8841237113402061,0.8051570283898709,98,0.858673469387755,0.8189261731384758,0,0.0,0.0,0,0.0,0.0,1524,1524,5.636240157480314,17.506788525008943,550,2.6269454545454547,6.084561427141742,3344,3405,1.63785301526152,1.964937460861974,2177,1.837138263665595,1.6852813435394816,1998,2039,1.5119073569482289,2.216749630268916,2196,2196,1.494207650273224,2.103230592663575,640,48.357734375,115.2483823843558,567,1.199276895943563,1.2395261394229504,14,1.0564285714285715,0.6858634510377323,842,1.152375296912114,1.238579682993276,581,1.1981755593803785,1.2313389617461912,436,65.26607798165138,111.67439078555206,686,2.704781341107872,15.875456032898072,2070,2070,2.186545893719807,2.979690643341917,1839,1839,2.244997281131049,3.83326062122114,11100,10926,4.457566512303641,7.372183742541901,9721,9822,2.3705249961623087,3.0158284764984864,1102,27.931805807622503,81.71070143138382,2279,2263,7.666400264200793,18.10864907926796,1739,10.39274295572168,53.2612934027834,8,10,0.5644444444444443,0.4467316149574251,7,0.61,0.1748468717805056,1632,5.91235294117647,14.417765273893163,81,124,2.250292682926829,1.1775261012881002,102,124,2.398982300884956,1.4845983127193765,,,,,,,,,,,,,,,,,,,,85.75999999999998,0.6,1.0,0.63,1.47,8257.099999999942,1.37,2.77,,17.83,1789.5000000000005,0.93,1.1,,17179.260000000017,98182.35999999932,2.0,7511.579999999977,,1444.8199999999997,2.2,0.415,2.15,,30780.850000000024,0.7,34820.790000000095,0.83,1.77,1.0,1.47,9052.29999999999,1.3,3.1,18072.97999999997,1855.48,0.87,2.1,679.9900000000001,46327.1700000006,1821.4600000000007,11053.870000000004,84.15,46485.7700000006,,14.79,2919.319999999994,0.77,0.93,696.14,7.814999999999999,10.16,30948.949999999983,0.97,36584.04000000008,542.17,461.3100000000002,1.185,2.77,9648.960000000015,6103.569999999976,6562.559999999976,3999.449999999991,28456.009999999987,2.2,0.87,98238.50999999935,19.865,4.27,0.83,1.07,,970.3000000000002,0.67
10566,2025-03-22 19:00:00,12764,12364,4.647146211397644,9.221995131632232,966,932,0.9165700737618546,0.675166361726073,3247,2974,1.7142147564700208,2.5143243472506085,1558,1545,0.9332968095391556,0.8127796474330997,775,5.157225806451613,27.76338818533604,2544,2544,8.007629716981134,21.328817662868925,,,,,11486,11801,2.2786941211834923,3.009193867846007,84,0.7780952380952381,0.5943253001162551,90,0.699,0.4500025925851243,0,0.0,0.0,0,0.0,0.0,1736,1736,5.87772465437788,17.689470922454145,655,2.483297709923664,5.399134547122686,3570,3516,1.4154304261924924,1.4953728158828916,2584,1.8809713622291024,1.7843380000019853,1953,1941,1.723050847457627,2.6835204608257257,2260,2260,1.6835176991150442,2.5881600166548115,776,41.80702319587629,84.44491486725299,834,1.9426978417266187,4.527170919525754,81,1.2571604938271606,1.1349827154477676,957,1.654712643678161,2.9488952017928263,903,1.913875968992248,4.370308385756051,692,47.346271676300574,77.02341242086781,906,3.022141280353201,14.14557972931808,2136,2136,2.5048548689138577,5.257845357810776,1902,1902,2.365751840168244,4.814604276583813,12760,12360,4.646567675159235,9.222405452775767,11459,11757,2.279750603032391,3.0120861959603484,1314,25.86357686453577,61.51801042283571,2407,2425,8.047557947019868,21.073828023471847,1983,9.733555219364598,31.73381061224176,4,4,0.5387500000000001,0.385468464987734,19,1.325263157894737,2.0996550303650827,1872,6.800064102564103,13.923556823286049,128,125,2.926403162055336,2.228101362002544,164,149,2.8452396166134184,2.302810067669411,,,,,,,,,,,,,,,,,,,,65.35999999999997,0.6,0.87,0.615,1.43,8999.31999999999,1.67,2.73,,12.35,3996.850000000001,0.93,1.17,,20407.459999999992,116721.7799999997,2.615,10664.13000000002,,1626.5599999999995,2.17,0.385,2.3,,33984.74000000002,0.67,38885.800000000025,0.9,1.8,1.03,1.43,10700.739999999996,1.3,3.2,19301.640000000018,2738.0599999999977,1.1,2.43,1620.209999999999,52926.69000000085,1739.6500000000008,10029.73999999999,62.909999999999975,53063.95000000077,,101.83,2896.0199999999945,0.73,0.97,1728.2299999999973,7.9,4.3100000000000005,32442.250000000007,1.07,40742.82000000016,890.5599999999998,740.38,1.27,2.77,12729.719999999996,6709.55999999997,7609.499999999968,4860.429999999996,32763.62,2.17,1.1,116773.48999999971,15.635,25.18,1.0,1.0,,1583.5599999999974,0.7
10566,2025-03-23 19:00:00,12748,12237,4.723153492095257,8.43356738449107,1058,943,0.8848675662168916,0.6662651426664594,3628,3558,1.653037851377679,1.9699027407963847,1709,1683,0.919596108490566,0.8562450500250517,584,2.842688356164384,5.427867918046167,2595,2595,9.051707129094412,19.26972566942061,,,,,11898,12490,2.30446121043136,2.665182242230325,107,0.6814018691588788,0.4380403442310723,95,0.6698947368421052,0.4161768215727595,0,0.0,0.0,0,0.0,0.0,1628,1628,6.199477886977887,17.618106222434637,605,2.775619834710744,8.827255022223794,4102,3994,1.4288685770750986,1.4012502550202866,2260,1.9903274336283188,2.214149146164229,2139,2156,1.6094132712456346,2.9186731130313146,2455,2455,1.6064643584521383,2.005442240172621,578,62.42865051903114,132.04323227592698,808,1.422512376237624,1.5174920685343467,38,1.0252631578947369,1.081630681308515,1096,1.4726642335766422,1.742237324407952,835,1.4231017964071857,1.5402029053464,506,63.13154150197628,95.15124627031288,938,2.9073880597014927,13.8237532240376,2383,2383,2.273462022660512,3.5992685027741578,2176,2176,2.134407169117647,4.204781058249793,12746,12238,4.722169788664745,8.433299244908183,11875,12473,2.303598242155413,2.665058309262584,1174,30.507001703577515,85.01209003729626,2516,2532,8.95314381933439,19.188451417212555,1894,10.55826293558606,55.09422264102399,3,2,0.406,0.1962243613825765,13,0.5253846153846154,0.2200914280166098,1584,7.38530303030303,14.822632722200993,130,128,2.867984496124031,2.2906729926922247,150,143,2.9412286689419798,2.386210497452854,,,,,,,,,,,,,,,,,,,,72.90999999999998,0.6,0.7,0.57,1.43,9288.93999999998,1.23,3.27,,17.9,1660.1300000000008,0.9,1.07,,20185.49999999996,117978.68999999927,3.05,11878.729999999998,,1679.249999999999,2.23,0.33,2.47,,35815.22000000001,0.47,45195.46999999997,0.9,1.93,1.03,1.43,10835.32000000001,1.3,2.95,19997.350000000024,2727.1299999999965,0.97,2.35,1149.39,56088.01000000105,1770.620000000004,11568.120000000024,63.64000000000001,56201.20000000104,,38.96,3119.269999999983,0.7,1.0,1188.2899999999995,7.915,2.03,36083.76000000004,1.07,46978.36000000012,861.7800000000003,739.9400000000002,1.27,3.3,11698.32000000001,6912.429999999979,7887.739999999983,4498.139999999989,31944.56000000002,2.23,0.97,118007.98999999932,23.6,6.830000000000001,1.0,1.0,,1614.0399999999988,0.63
10566,2025-03-24 19:00:00,13692,13576,4.787081560803872,9.880796598286054,1290,1134,0.8410478547854786,0.632796043519093,4181,4106,1.729524556534331,2.6366003879500277,2020,2017,0.9000619271736437,0.8204188053850481,694,5.3227809798270895,10.481403879278789,2923,2923,9.32489223400616,21.861726202252864,,,,,13348,13609,2.4136027747894797,3.1866140988420715,141,0.7897872340425531,0.7643320618879847,125,0.7961600000000002,0.7685016944678782,0,0.0,0.0,0,0.0,0.0,1820,1820,6.011494505494506,15.074201798250062,667,2.15127436281859,4.544808926797348,4695,4543,1.478284260662481,1.5251679341210975,2179,1.9613492427719137,2.205206346651217,2398,2551,1.603861386138614,2.3614169603012174,2980,2980,1.8344093959731544,2.8341310388100647,767,43.426571056062585,83.00532295714643,690,1.561057971014493,2.983798359275183,164,1.4184146341463415,1.426944945279604,1326,1.5246078431372547,2.356470688794609,844,1.5507701421800946,2.7710858564726277,500,68.3933,108.05465222798138,878,2.8221184510250565,11.136437805366809,2783,2783,2.608584261588214,4.457033548177916,2366,2366,2.089611158072697,4.241276166136911,13691,13572,4.7872541539815865,9.881662614104922,13327,13583,2.414238944630249,3.1862864410492344,1238,28.21154281098546,64.5525428769826,2842,2855,9.198258732666314,21.177482571721985,2007,8.277782760338813,27.043687673212396,12,13,0.6556000000000001,0.4356336075189791,13,0.7807692307692308,0.5807880791643439,1800,7.490366666666667,15.84987680916024,157,166,2.8854798761609906,2.198854050418978,161,171,2.879819277108434,2.6561917827251,,,,,,,,,,,,,,,,,,,,111.36,0.53,0.93,0.57,1.47,9888.03999999999,2.2,3.13,,13.37,3694.0099999999984,0.9,1.0,,21881.840000000026,130514.90999999925,3.085,14332.569999999998,,1434.8999999999996,2.23,0.57,2.385,,34925.89000000001,0.63,52402.480000000105,0.9,1.93,1.03,1.47,14519.379999999934,1.27,2.9,16613.510000000002,2477.820000000001,0.93,2.47,1077.1300000000012,64967.17000000095,2038.7,13656.390000000049,99.51999999999998,65063.49000000091,,232.6200000000001,3633.549999999978,0.67,1.07,1308.850000000002,7.135,16.39,33308.17999999999,0.93,54513.320000000174,956.1000000000004,932.01,1.3,3.17,13482.659999999993,7937.509999999977,10933.080000000018,4273.779999999993,34196.65,2.23,0.93,130534.13999999929,20.35,10.15,0.87,1.0,,2021.629999999999,0.63
10567,2025-03-17 19:00:00,17863,17761,3.138199528407815,4.24370375518901,1677,1725,0.9555055849500296,0.6786757821538598,3869,3901,1.3053642213642214,1.1661239969330477,2398,2479,0.938667213450892,0.7053707577307721,1151,4.304561251086011,10.17610706288004,4444,4443,3.930094520085518,6.837705344018695,,,,,16453,16508,2.2534043263250507,2.218101788431044,130,0.6075384615384615,0.4533788728721971,108,0.694537037037037,0.5063127130964348,0,0.0,0.0,0,0.0,0.0,3237,3237,2.897868396663577,5.1120909300248,596,2.0846140939597317,4.021505697192661,5040,5136,1.3783205581761009,1.3337461206914294,4214,2.405697674418605,2.513988094871848,2150,2192,1.1517595578074622,1.412048744741521,2761,2761,1.3304853314016662,1.5314937622020734,1108,30.513050541516243,55.79061767104375,1198,1.0580383973288816,1.160038961636905,77,0.9788311688311688,0.7954904948144839,1198,1.1424707846410684,1.113106275863554,1271,1.060527143981117,1.1507312855710836,486,76.27310699588476,119.61623547888811,905,1.5451270718232044,5.959146756602466,2444,2444,1.7955605564648118,2.3568757521305685,1862,1862,1.4545381310418903,2.091206148141308,17866,17763,3.136125908669904,4.242297089179944,16418,16465,2.2522510111607823,2.216890648506706,2845,11.898400702987695,29.48049517784302,3902,3907,4.016347803816109,6.788055065043323,3897,5.5405568385937904,20.12557222287971,8,24,0.555,0.4283471139158054,17,0.5541176470588236,0.2781463606159092,2424,3.033168316831683,6.24522180609408,109,124,2.554549356223176,2.3697784051729496,139,130,2.6320074349442377,2.4672080724590653,,,,,,,,,,,,,,,,,,,,78.98000000000003,0.57,0.7,0.47,1.53,5416.699999999986,1.8,1.97,,13.23,4954.550000000002,0.73,0.87,,18760.799999999992,111737.029999999,1.55,10142.67999999997,,1242.4299999999998,1.83,0.3,2.2,,33850.95000000002,0.47,31363.660000000047,0.8,1.47,0.97,1.53,8776.699999999979,1.67,2.4,21591.55000000009,1398.34,0.73,1.87,1267.53,74060.77000000063,3250.63,14025.789999999992,75.00999999999999,74274.46000000075,,75.37000000000002,4577.879999999977,0.8,0.87,1347.9299999999987,4.77,17.759999999999998,33808.460000000014,0.97,34926.750000000204,708.01,595.2100000000003,1.03,2.07,7352.3999999999805,5000.939999999983,7346.939999999961,10137.610000000015,37068.73,1.83,0.73,111795.21999999895,32.4,9.420000000000002,0.83,0.97,,1368.6799999999998,0.73
10567,2025-03-18 19:00:00,14599,14650,3.750957297685391,5.665636311848491,1447,1599,0.9626756401838478,0.687776851326159,3990,4020,1.3868077403245942,1.3065724510251202,2215,2330,0.936057205720572,0.7909913214788759,845,2.8558461538461533,9.645941410984312,3929,3929,5.443896665818274,10.388517385536636,,,,,13878,13656,2.3629795888719403,2.8883472534834675,112,0.6837500000000001,0.6161518322273681,110,0.7103636363636365,0.6278866824120521,0,0.0,0.0,0,0.0,0.0,2518,2518,3.6071882446386025,6.906269040680398,457,1.4733479212253828,1.810126376912679,5451,5463,1.5693916071101337,1.977895957097802,3015,1.9053598673300165,1.8704378026671769,2651,2656,1.316807989447899,1.8315647152299128,3195,3195,1.4349765258215963,1.5703300564362028,787,41.35144853875477,65.61175637624665,849,1.1458657243816257,1.081114674023702,51,1.214313725490196,1.085100980033856,1264,1.200490506329114,1.10463819893338,889,1.1714623172103489,1.1242795963570325,603,54.446135986733,77.99672315794977,985,2.1196243654822333,11.05711743863617,2944,2944,1.9271603260869563,2.7987937073216687,2461,2461,1.6644656643640796,2.7910077075689563,14600,14645,3.748408616857583,5.664998270725108,13837,13587,2.3611723308051342,2.8900898512615663,1952,16.20264856557377,36.874598682221,3739,3714,5.27962297061586,9.149545398891664,2606,6.772475057559478,20.678624380469905,7,6,0.5761538461538461,0.3701047348966227,14,0.6835714285714285,0.4650746045045913,2490,5.516819277108434,16.12041604604111,135,129,2.219583333333333,1.246510970315208,149,118,2.4797378277153554,1.3809705668646932,,,,,,,,,,,,,,,,,,,,76.58,0.57,0.8,0.5,1.5,8192.499999999967,1.0,2.57,,17.03,2413.1899999999987,0.83,0.97,,18165.799999999963,109622.20999999985,2.13,11108.329999999976,,673.3200000000006,2.03,0.57,2.27,,31627.57000000001,0.53,39349.03000000002,0.83,1.7,0.97,1.5,11347.120000000006,1.37,2.4850000000000003,17649.07000000004,2087.83,0.8,2.1,972.8400000000012,64752.7900000008,2932.309999999984,17128.340000000066,78.14,65062.28000000083,,61.930000000000014,4254.379999999958,0.8,0.93,1041.4300000000012,5.585,7.489999999999999,32543.59000000003,0.87,42778.14000000028,662.09,585.97,1.17,2.57,13736.879999999985,6988.299999999967,9169.499999999976,5744.659999999974,32831.020000000026,2.03,0.8,109711.74999999984,23.1,9.57,0.8,1.07,,1517.420000000001,0.7
10567,2025-03-19 19:00:00,13091,13357,4.305353523895947,7.69072756820695,1363,1502,0.9600558464223388,0.6699369330492059,3998,4169,1.3686984204726338,1.365200079847323,2276,2239,0.9293599114064228,0.8154340710838476,687,2.3641921397379915,5.674603209186881,3698,3698,7.000646295294754,13.627775252908858,,,,,14170,12698,2.4331952508560373,2.8135647756187216,112,0.6029464285714285,0.3991657335548578,82,0.6357317073170733,0.4096906342887452,0,0.0,0.0,0,0.0,0.0,2317,2317,4.039059128182995,7.328587173869026,431,2.6538747099767983,11.394224982194237,5784,5823,1.5983673645214096,1.7518854926882312,2814,1.8042395167022036,2.9505811362210506,2804,2847,1.4090656520969742,2.229690797468776,3534,3534,1.5396774193548386,1.9731245658654288,653,53.083108728943344,81.89125447914051,666,1.1654204204204204,1.2043572870615769,32,1.040625,0.9551699374326016,1276,1.1741457680250784,1.199519878117629,698,1.1650429799426936,1.2010524567575651,643,52.18505443234837,74.41726738275936,1154,1.618509532062392,6.077444522216529,3419,3419,2.1485902310617138,3.4434764552638706,2717,2717,1.7156606551343392,2.7848631770084062,13096,13356,4.302101164373205,7.689432960966681,14109,12632,2.434202535432482,2.813141727354998,1601,20.923229231730165,41.79855986901454,3600,3597,6.739171877171043,12.969087084099964,2243,7.595581810075791,20.318635829641504,6,6,0.5725,0.5310229907138359,23,0.5078260869565218,0.2967352285139225,2376,4.4683080808080815,10.375400219421277,145,152,2.461346801346801,1.8385930623039983,160,149,2.624368932038835,2.5994820257890763,,,,,,,,,,,,,,,,,,,,67.53000000000002,0.55,0.715,0.5,1.53,9322.899999999952,0.8,3.2,,21.37,1624.199999999997,0.87,0.97,,18716.999999999996,113799.17999999916,1.915,11178.16,,1143.8200000000013,2.17,0.3,2.23,,33498.09000000002,0.4,48501.82000000031,0.83,1.83,0.93,1.53,14692.059999999978,1.13,2.37,17036.889999999996,1867.76,0.8,2.1,776.1700000000006,65093.01000000032,2750.5599999999886,18552.25000000002,52.13000000000001,65375.0900000003,,33.3,4196.059999999972,0.83,1.0,813.2000000000005,7.13,6.87,34663.26999999999,0.87,51776.780000000006,810.9300000000003,731.0199999999999,1.27,3.17,10616.69999999998,7962.629999999969,10882.440000000004,5077.129999999988,33554.99000000002,2.17,0.8,113867.98999999916,24.2,11.68,0.8,1.07,,1498.2099999999969,0.67
10567,2025-03-20 19:00:00,13684,13981,4.458407012470631,6.923599990599003,1234,1419,0.9106181681115718,0.6748654809222956,4136,3938,1.379718850631657,1.3914148576690033,2308,2372,0.9027072649572648,0.8782975956035327,483,2.052608695652174,4.978084166943635,3445,3445,7.901419448476052,13.1406444865054,,,,,14493,13233,2.488525210993292,2.986035108571191,123,0.8217886178861789,0.668878484376884,120,0.8646666666666667,0.7079923885341016,0,0.0,0.0,0,0.0,0.0,1927,1927,4.855064867669953,8.75988071870636,449,1.5672383073496658,2.081569764590588,5449,5555,1.6645728825881496,1.8248164508502565,2315,1.7556457883369332,3.1257667195613386,2933,2953,1.464498810737343,2.1223622421329846,3535,3535,1.5381471004243283,1.8673257480594296,474,74.49392405063291,109.0189347420032,545,1.140018348623853,1.90154215532306,19,1.4057894736842105,1.211755211468379,1103,1.2007706255666364,1.3262943847711537,562,1.1547153024911032,1.8859547382742816,530,63.30184905660376,97.49340444443354,1085,1.795327188940092,4.022262747738069,3368,3368,2.089780285035629,2.612375196612721,2872,2872,1.8035793871866292,2.9349060528341107,13677,13987,4.45580501735107,6.921468852453696,14463,13178,2.4890488766687167,2.9864111403826983,1200,28.463183333333333,51.11018357789755,3513,3463,7.40179615825688,12.22405373578659,2004,8.460329341317365,22.02874010038923,4,8,0.3775,0.2214394198571398,15,0.5086666666666667,0.3533433960831242,2328,6.945541237113402,17.3330633328583,148,161,2.584466019417476,2.1597908601355207,157,182,2.4987020648967557,2.086012999184952,,,,,,,,,,,,,,,,,,,,101.08000000000004,0.63,1.07,0.63,1.53,10359.759999999991,0.77,3.7,,33.7,991.4099999999996,0.93,1.03,,18711.42000000001,123265.38999999977,2.3,11139.849999999982,,703.6900000000002,2.3,0.235,2.13,,34155.81999999998,0.37,51634.930000000015,0.8,2.2,0.97,1.53,14076.76,1.1,2.57,16954.49999999998,1947.9300000000007,0.7,2.17,621.3100000000002,68799.80000000067,2415.869999999991,18316.960000000257,103.76000000000003,68996.85000000063,,26.71,4224.669999999975,0.77,0.97,648.9500000000004,9.485,4.53,35310.119999999995,0.9,54440.77999999999,847.0599999999998,798.6000000000001,1.27,3.57,16169.219999999965,8620.039999999934,10874.700000000012,4064.319999999996,33549.97999999999,2.3,0.7,123341.82999999973,25.6,7.630000000000001,0.87,1.1,,1324.4499999999991,0.63
10567,2025-03-21 19:00:00,11056,11357,4.495590505510195,8.028643323040624,872,1000,0.9552777777777778,0.7432169247255342,2609,2644,1.4662116885589187,1.7132864637510874,1489,1478,1.000546006066734,1.0976153819148895,444,3.4591891891891886,9.900616655208738,2337,2337,7.886200256739411,20.20243842239461,,,,,10049,9774,2.337484235484034,3.121823581956771,105,0.6318095238095238,0.4939708511785477,82,0.744390243902439,0.6003131247188391,0,0.0,0.0,0,0.0,0.0,1498,1498,5.7930373831775706,18.581046735414265,456,2.733048245614035,6.356145572714018,3316,3360,1.5598472139005397,1.8609745591463684,1962,1.850545361875637,1.8342179845685675,1737,1789,1.54344866704481,2.9585556765919168,2073,2073,1.5425422093584178,2.2689163769504934,567,54.30322751322751,115.34447556351502,665,1.5200751879699248,4.933454446561928,18,1.0244444444444445,1.166334344203726,853,1.4225205158264946,2.177420546314172,682,1.5091642228739004,4.8760836262533065,513,57.65851851851852,94.37761293413996,726,2.440964187327824,12.606791805265406,1846,1846,2.3183477789815816,4.488345414694224,1638,1638,1.9787973137973136,3.6217433968218367,11052,11357,4.494517381409255,8.020529015534468,10018,9730,2.3397351630544865,3.122994845576017,1082,27.97202402957486,71.78626673883291,2267,2262,7.756646058732612,19.216265323459517,1639,10.62444173276388,34.09548967453824,7,7,0.7164285714285714,0.5132613806804085,10,0.7539999999999999,0.4296789499149335,1626,5.77180811808118,14.8490710152131,113,77,2.587,1.6332721273888386,111,98,2.606028708133972,1.8227751120814903,,,,,,,,,,,,,,,,,,,,66.34,0.585,0.515,0.5,1.43,6482.539999999967,1.3,2.83,,13.5,1535.8799999999983,0.87,0.97,,17355.940000000028,100717.63999999926,2.07,7702.00999999999,,1246.27,2.17,0.72,2.2,,30265.72999999996,0.715,35129.85000000025,0.9,1.83,1.0,1.43,8559.340000000026,1.23,2.93,17413.45999999997,1772.1399999999994,0.9,2.17,1010.849999999999,46205.09000000078,1788.2800000000009,10413.53999999996,61.04,46335.950000000776,,18.44,2968.6199999999803,0.73,0.9,1029.2499999999989,8.37,10.03,30789.93000000003,0.97,36860.100000000086,544.6599999999999,491.53,1.2,2.9,9384.959999999995,5442.19999999998,6395.379999999967,3630.769999999996,29578.819999999974,2.17,0.9,100759.66999999924,21.43,7.539999999999999,0.85,1.03,,1213.41,0.67
10567,2025-03-22 19:00:00,12124,12826,4.6419230460921845,8.614051113294769,877,1004,0.871557682083998,0.6443413098248322,3164,3263,1.6724723821378558,2.257683656549874,1577,1562,0.8866454284804078,0.7622356447959403,606,4.144108910891089,11.22686623800659,2583,2583,7.635613627564847,16.817117590664193,,,,,12706,11132,2.2236076852084907,2.7463017665331613,92,0.8518478260869565,0.6652082533472966,75,0.9472,0.6833477591973212,0,0.0,0.0,0,0.0,0.0,1789,1789,5.13005030743432,12.57768654941851,533,2.098667917448405,4.199533422270632,3468,3565,1.4081529930328451,1.3807481794160827,2509,1.7543961737744125,1.728833343919977,1730,1869,1.653242567379828,3.033908766923029,2139,2139,1.7968910705937355,2.669027679583015,678,46.90570796460177,84.23632718381742,959,1.9152033368091763,2.750298293680604,60,1.1571666666666665,1.1001773973117042,1026,1.39135477582846,1.5805240133529082,1006,1.9010139165009936,2.708784539918772,674,46.998902077151335,71.04697930614294,925,2.0267567567567566,7.717224894738255,1985,1985,2.4159596977329976,5.328936481944819,1678,1678,2.296793802145411,5.289677229386864,12124,12824,4.640646544813212,8.613430435854564,12674,11104,2.223416603583144,2.747606658812119,1154,28.102036395147312,53.0126008361492,2451,2468,7.665100630209393,16.69364992869124,1876,9.945511727078893,21.27242354856149,6,4,0.4530000000000001,0.4945917508410346,12,0.7800000000000001,0.4383871956767593,1524,7.584527559055118,18.401967467272712,123,133,2.97765625,2.218218592832081,127,150,3.000397111913357,2.004095316407874,,,,,,,,,,,,,,,,,,,,78.36999999999999,0.77,0.835,0.75,1.4,7708.039999999977,1.57,2.73,,14.15,2511.329999999997,0.9,1.0,,18355.32000000006,115774.84999999811,2.165,10748.979999999958,,1118.5899999999997,2.2,0.23,2.57,,32429.749999999996,0.73,37704.62999999994,0.915,1.73,1.07,1.4,9591.36,1.17,3.37,18657.779999999984,1874.7500000000011,1.07,2.4,1836.679999999997,52868.40000000068,1639.3999999999974,9903.539999999992,71.03999999999998,53006.36000000072,,69.42999999999999,2783.17999999999,0.7,0.97,1912.4199999999976,9.135,4.530000000000001,31802.07000000002,1.0,39445.57999999992,831.11,762.28,1.23,2.83,11558.82000000003,5950.019999999971,7687.099999999971,4401.779999999983,31677.260000000013,2.2,1.07,115815.97999999816,17.17,9.36,0.83,0.97,,1427.5299999999993,0.63
10567,2025-03-23 19:00:00,12109,13214,4.709162026616119,7.822470203385736,934,1055,0.847315233785822,0.6489055113565356,3787,3621,1.6909179265658747,2.1818076525149523,1712,1714,0.8796964389959137,0.7778543250075998,435,1.9922298850574716,3.25732473863138,2587,2587,8.240231928875145,15.498583653643216,,,,,13743,11825,2.256576580100125,2.668908738043453,136,0.8983823529411765,0.7746519337819475,119,0.8952941176470588,0.859868881473648,0,0.0,0.0,0,0.0,0.0,1615,1615,5.414414860681115,10.558146527404537,501,2.154510978043912,4.16903790535259,3968,4118,1.4658768241404896,1.3891756174192875,2176,1.7319898897058823,1.8666492574303908,2008,2119,1.5450520959534773,2.738647601764189,2528,2528,1.615332278481013,2.313926580232168,454,71.3512114537445,109.48613470474352,821,1.9594762484774664,3.139250450656176,20,1.242,1.1351458056126535,1124,1.498532028469751,1.9820421722207933,841,1.947217598097503,3.107381241457451,655,47.379297709923655,83.39110438835692,1052,2.3143916349809883,7.608559687840276,2316,2316,2.1703886010362696,2.791664208767954,1987,1987,1.844433819828888,3.19653847111311,12108,13215,4.708407771591044,7.822316885957435,13724,11793,2.2572684876748834,2.6695297698381264,1077,29.308495821727018,53.26972306756191,2537,2504,8.106074191628645,14.90781450609697,1814,9.750749724366042,21.68214767945259,2,3,0.374,0.2150906785520934,16,0.495,0.2697915862290742,1572,9.696984732824427,20.811766115519728,112,138,2.86204,2.421978248952702,144,170,2.76515923566879,2.360206755786029,,,,,,,,,,,,,,,,,,,,122.18,0.6,0.92,0.67,1.4,7329.780000000002,0.93,3.47,,21.77,866.62,0.9,1.0,,17488.559999999976,119231.00999999954,2.115,12526.319999999996,,1079.4100000000008,2.3,0.27,2.33,,31565.25000000002,0.415,40862.72000000012,0.93,2.0,1.07,1.4,10053.240000000009,1.1,2.9,17687.859999999986,2434.739999999997,1.03,2.33,1608.730000000001,57598.720000001005,1685.3100000000031,11853.080000000013,106.54,57696.15000000103,,24.84,3013.8399999999883,0.67,1.0,1637.6100000000006,9.33,1.87,32393.449999999983,1.0,42634.96000000011,868.2600000000002,715.51,1.27,3.53,15243.66,6376.429999999967,8167.119999999957,3768.809999999994,31033.44000000001,2.3,1.0,119250.10999999956,16.2,7.920000000000002,0.9,1.03,,1684.3499999999997,0.6
10567,2025-03-24 19:00:00,13491,14248,4.733942103176033,8.834928287420713,1065,1194,0.8163125276671093,0.6266148799472803,4396,4140,1.6497481255857545,1.9858860519311492,1955,1873,0.8688009404388713,0.7958626682459604,548,5.174105839416058,11.290491305009985,2794,2794,8.579727988546887,16.17944641148989,,,,,15410,12936,2.396018133069921,3.0081055758852675,153,0.8760784313725489,0.8807759764241446,140,0.8985,0.8897077569950388,0,0.0,0.0,0,0.0,0.0,1776,1776,5.858355855855855,13.406749002118264,405,2.305851851851852,4.009600894861833,4423,4538,1.5149068184354426,1.597132164645111,2321,1.6856096510124947,1.9334454629452216,2070,2078,1.4182786885245902,1.7989466481451657,2885,2885,1.758485268630849,2.3119433167135246,635,53.995244094488186,99.5250671438095,722,1.7947229916897507,2.217114491499875,63,1.2682539682539684,1.205835730319847,1283,1.4251753702260328,1.751803888351583,780,1.7695,2.164408933647078,587,57.32074957410562,89.37194302531175,1026,1.698187134502924,2.436869342230218,2580,2580,2.6086744186046507,4.225160098178182,1989,1989,1.6884313725490196,2.356806015183217,13488,14246,4.733816614985217,8.835651706169589,15375,12901,2.398144362710425,3.0099810783300947,1070,32.959345794392526,68.36873370996955,2751,2724,8.393004566210045,16.00567881114258,1946,9.762857142857143,33.76721287463335,18,13,0.7306451612903225,0.5408352887648523,18,0.4122222222222221,0.1592187717700102,1890,11.657746031746033,36.89377961506121,141,123,2.602348484848485,1.711254793847895,139,125,2.477954545454545,1.651704463364291,,,,,,,,,,,,,,,,,,,,134.04000000000002,0.63,0.8,0.6,1.47,6716.579999999968,2.13,3.4850000000000003,,12.13,2835.4099999999994,0.87,0.93,,20808.880000000085,131287.66999999943,2.47,14082.249999999982,,933.8699999999998,2.27,0.57,2.23,,35266.50000000002,0.33,45951.69999999998,0.87,2.2,1.03,1.47,13460.760000000037,1.03,2.67,18998.52000000004,1742.340000000001,1.07,2.4,1295.790000000001,67809.93000000103,1844.05,13575.080000000047,125.79000000000002,67917.53000000092,,79.89999999999998,3325.7699999999786,0.67,1.07,1380.210000000001,8.915,22.65,34286.98000000001,0.97,47943.52000000007,654.1799999999996,687.0199999999998,1.43,3.47,22033.139999999985,5883.019999999968,10146.459999999995,3912.299999999984,33647.27999999999,2.27,1.05,131314.81999999942,21.77,7.419999999999999,0.83,1.03,,1828.4999999999984,0.63
10568,2025-03-17 19:00:00,17677,17675,3.170749038243947,4.376017168038013,1643,1842,0.9413084648493544,0.6777991291763936,3846,4117,1.325794298631169,1.151810343140532,2366,2552,0.951183407889386,0.7323997102793947,1405,3.30805693950178,7.511850139842267,4517,4517,3.927710870046491,6.750620728113232,,,,,15984,16741,2.2450013750954927,2.208246013830735,127,0.574251968503937,0.4092368924592067,90,0.6792222222222223,0.4711056210371932,0,0.0,0.0,0,0.0,0.0,3308,3308,2.82796553808948,4.206933342992195,577,2.329046793760832,4.393797103972592,5192,5254,1.372094581658051,1.3074332755856006,4207,2.3318873306394106,3.387465394727176,2200,2311,1.1769651961870982,1.4240945704189527,2759,2759,1.2690830010873504,1.424846745921499,1206,27.92233001658375,45.50847334904866,1362,1.1736343612334803,1.1054449107680342,113,1.1839823008849557,1.5437057699288166,1340,1.161320895522388,1.0752948092857186,1462,1.1906566347469223,1.1803656397587197,572,62.93722027972027,88.57793434759665,735,1.1030204081632653,1.2702243064510903,2441,2441,1.7302294141745185,2.489914607527085,1958,1958,1.4264453524004086,2.1412977625954728,17676,17675,3.168567508698481,4.374991385916801,15959,16690,2.243827069741799,2.205268366233888,2709,12.35781469176818,27.523353120979632,4017,3996,3.969895170348184,6.837290001917143,3781,5.585879396984924,10.689941459154957,23,13,0.5827777777777778,0.505237079174559,26,0.6596153846153846,0.5194337210198664,2544,2.5162264150943394,3.822160915234176,125,109,2.576794871794872,2.1958890263494824,134,126,2.5624615384615383,2.744795792190815,,,,,,,,,,,,,,,,,,,,72.92999999999999,0.53,0.83,0.43,1.53,5585.959999999975,1.57,2.03,,14.415,4647.820000000005,0.77,0.83,,18709.82000000004,112012.0299999992,1.45,10557.299999999988,,1343.8600000000015,1.83,0.3,2.07,,33477.320000000014,0.585,31810.770000000037,0.8,1.5,0.97,1.53,8446.979999999983,1.6,2.6,21120.210000000025,810.7200000000012,0.83,2.07,1598.4900000000032,73258.7100000006,3280.459999999997,14332.90000000006,61.12999999999999,73467.67000000055,,133.79,4677.91999999998,0.77,0.83,1740.740000000003,5.27,20.98,33674.33000000003,0.97,35482.94000000016,666.2400000000001,602.9700000000003,1.07,2.07,6401.279999999995,5309.2899999999845,7002.799999999967,9810.249999999982,36000.08999999998,1.83,0.83,112092.31999999912,27.950000000000003,17.15,0.67,0.97,,1556.169999999999,0.73
10568,2025-03-18 19:00:00,14310,14430,3.783203897007655,5.668549653128025,1437,1657,0.9708888170652876,0.6770524007626716,3964,4239,1.402953797391198,1.3482874545280374,2332,2356,0.9418174061433447,0.8006208815731821,829,2.6111821471652594,6.986965103163865,3986,3986,5.954555945810337,11.911626169377652,,,,,13106,13800,2.4167694937932063,3.091256428230591,92,0.6763043478260871,0.4710873577976261,82,0.635609756097561,0.4191893965127469,0,0.0,0.0,0,0.0,0.0,2630,2630,3.6909011406844106,7.631339096926572,457,2.027943107221007,2.847817801178772,5696,5679,1.5928940659340658,1.908167908555092,2703,2.109892711801702,4.07320731825961,2832,2902,1.3337513079874437,1.648453588755425,3462,3462,1.413056036972848,1.6202827872168997,773,41.06739974126779,61.7460396232073,817,1.2377723378212977,1.3567185128833954,47,1.1457446808510638,0.8497978349843257,1335,1.2336554307116103,1.328098063224877,860,1.2439418604651162,1.342168818053332,593,52.51222596964587,79.44687794121685,923,1.5715601300108342,3.404624118506017,3273,3273,1.92074854873205,2.322050719419158,2732,2732,1.7244399707174232,2.308918941319168,14305,14430,3.780207064555421,5.668357553167136,13029,13746,2.4177535014005604,3.094481459953909,1968,15.41364837398374,29.25767591768016,3820,3811,5.754849954134451,11.174354813781637,2550,5.727576470588235,11.472862008911498,3,11,0.5521428571428572,0.3969378967515586,16,0.51,0.266622392157898,2382,3.3411586901763224,6.124166044496222,144,145,2.313806228373702,1.3155350894024442,153,169,2.458447204968944,1.7355667658622296,,,,,,,,,,,,,,,,,,,,62.22,0.57,0.97,0.57,1.5,9422.339999999967,1.03,2.77,,16.37,2164.670000000001,0.83,1.0,,19414.14,108624.2499999994,1.6,11508.429999999977,,926.77,2.03,0.3,2.17,,30334.060000000016,0.415,43915.25999999995,0.83,1.7,0.97,1.5,12573.219999999998,1.4,2.3,14605.320000000018,1450.5499999999995,0.8,2.13,1011.2600000000008,64735.35000000063,3003.929999999986,18119.17000000013,52.12,65025.60000000065,,53.84999999999999,4415.239999999949,0.83,0.93,1069.7900000000009,5.47,7.73,31745.100000000028,0.97,47469.72000000017,791.62,668.6899999999998,1.2,2.73,7958.639999999978,7647.729999999971,9783.999999999993,5703.03999999999,31139.75000000001,2.03,0.83,108729.27999999945,19.27,8.16,0.8,1.07,,1646.9299999999987,0.7
10568,2025-03-19 19:00:00,12859,12967,4.233103461627817,7.260091267556906,1314,1483,0.957089739006078,0.6954645218379777,3919,3867,1.3950847675314668,1.4194498539061184,2117,2259,0.9267710237659964,0.8207572854444265,748,2.144318181818182,5.948187378628358,3656,3656,6.878449124726477,14.337643584359192,,,,,12311,13327,2.448988220610032,2.829875401357479,121,0.7790082644628099,0.6522680138678959,101,0.8278217821782181,0.7304801133235459,0,0.0,0.0,0,0.0,0.0,2164,2164,4.18413123844732,8.995545341043892,455,2.210989010989011,5.512389094335755,5603,5699,1.5556494425765348,1.6143635542482484,2404,1.9458153078202995,2.959992320081317,2863,2810,1.4175409836065571,2.107833349855604,3426,3426,1.5288178633975482,2.3143273337387344,762,42.99937007874016,76.29129919377482,608,1.1931578947368422,1.232421088032474,36,1.2177777777777776,1.095275488204556,1170,1.2467606837606835,1.2725766388324502,641,1.2006864274570983,1.2677053710987067,579,53.44575129533679,85.40972761281334,955,2.096680628272251,9.266903772365067,3236,3236,2.0728368355995057,3.343288942213593,2722,2722,1.813975018368846,2.682041974218518,12852,12974,4.230682645396112,7.25950722560145,12256,13258,2.450421337305009,2.8307863762255354,1624,19.352259852216747,42.23252013874989,3485,3463,6.793467184801381,13.873487094204838,2152,7.0997165427509294,20.78490972486898,10,7,0.6735294117647058,0.4355110747085217,17,0.6917647058823531,0.3682907306513931,2574,4.706177156177157,6.637348434704476,146,167,2.8896166134185304,2.9354960795760605,163,166,2.85063829787234,3.245582345242388,,,,,,,,,,,,,,,,,,,,94.26000000000002,0.63,0.715,0.6,1.53,9875.279999999975,0.8,3.07,,11.3,1603.9500000000005,0.87,1.0,,18108.919999999976,109261.60999999996,2.6,10862.129999999996,,1006.0000000000008,2.13,0.6,2.17,,31428.07000000005,0.7,47201.01000000006,0.87,1.83,0.97,1.53,13415.399999999974,1.25,2.3,15278.590000000006,2002.3300000000015,0.77,2.17,725.4400000000005,62520.05000000062,2676.979999999994,17581.95000000006,83.61000000000001,62787.160000000615,,43.83999999999998,4055.549999999976,0.8,0.97,769.6400000000006,6.1,11.449999999999998,32765.52000000005,0.97,50295.220000000016,937.8600000000006,904.45,1.2,3.03,12113.70000000003,8041.709999999978,10475.460000000036,4677.739999999984,30945.09000000002,2.1,0.77,109324.13000000003,18.3,11.76,0.9,1.07,,1458.71,0.67
10568,2025-03-20 19:00:00,13567,13433,4.487120740740741,7.163176265705726,1335,1420,0.9177459165154264,0.6565918444072598,3893,4247,1.4251756756756755,1.4811838037659433,2332,2425,0.9019424006726928,0.7849536073529454,577,2.019064124783362,4.982911090613853,3604,3604,8.37144284128746,15.558500411145838,,,,,13088,13672,2.559876307922272,3.2181263610108144,121,0.8068595041322314,0.753708224513258,106,0.8439622641509434,0.7496661889150535,0,0.0,0.0,0,0.0,0.0,2150,2150,5.013274418604651,11.294279563548006,467,1.7619914346895074,3.3815829599023286,5840,5998,1.6749907078898465,1.8369874444796008,2203,1.703822060826146,1.6447535012893453,3298,3270,1.5415712545676006,2.3308062081348924,3702,3702,1.5486412749864935,1.8680730837836304,555,60.74763963963965,105.13304331889076,554,1.2539350180505415,1.775197869512509,32,1.743125,2.233275953476193,1258,1.2610572337042925,1.4639861339985032,577,1.309358752166378,1.843689345676021,516,62.81955426356589,93.39196056229646,1075,2.095451162790698,8.81171186051446,3608,3608,2.169221175166297,2.824339272432472,3217,3217,1.933052533416226,2.651138876109117,13569,13433,4.484672987186135,7.160695445338199,13026,13633,2.561214224089426,3.220149734418177,1371,23.61253829321663,50.33342062464406,3663,3632,7.862549691569568,14.310120758785112,2083,6.289356697071531,15.8513182245686,14,11,0.636,0.6461578754453124,18,0.882222222222222,0.5266725269247333,2064,5.74703488372093,9.497968506105355,151,149,2.4717,1.919098601774628,189,154,2.5241690962099126,1.6829802614195315,,,,,,,,,,,,,,,,,,,,97.62999999999998,0.57,0.93,0.6,1.57,12437.260000000028,0.8,3.67,,18.63,1164.9999999999995,0.93,1.07,,21557.080000000045,121095.14000000009,2.885,11600.930000000006,,822.85,2.27,0.4,2.2,,32372.789999999943,0.715,57357.30000000001,0.83,2.07,0.97,1.57,15653.100000000006,1.17,2.33,13100.73,2252.6099999999988,0.77,2.07,694.6800000000003,68279.41000000047,2528.389999999988,19828.54000000032,89.45999999999995,68502.29000000065,,55.77999999999999,4290.539999999978,0.77,0.97,755.5000000000007,8.1,15.9,33714.939999999995,0.87,60341.36000000004,865.7900000000005,741.5100000000002,1.27,3.5,11861.880000000026,10125.03999999998,11466.140000000038,3753.5199999999886,32414.890000000003,2.27,0.77,121152.26000000014,22.98,15.880000000000004,0.93,1.1,,1586.4100000000008,0.63
10568,2025-03-21 19:00:00,11101,10847,4.557637142336432,8.317290373504997,1017,1040,0.9592367525522606,0.7415054854022505,2614,2846,1.5194230769230768,1.7725500495469162,1579,1578,1.0141305036426986,0.993356445725786,546,2.777765567765568,7.005442974648274,2489,2489,8.139951787866613,20.592660251778167,,,,,9860,9955,2.3703638657582635,3.108756899685761,108,0.7873148148148149,0.7465644851727559,97,0.8671134020618558,0.8281502911101014,0,0.0,0.0,0,0.0,0.0,1640,1640,5.9246036585365855,18.329404633897887,459,1.933681917211329,4.097330784663848,3608,3620,1.61494465965689,2.0283413501671728,2088,1.7780890804597702,1.6647749429993888,2126,2043,1.5345766370832332,2.6108637768472653,2270,2270,1.5334008810572686,2.1678800771079776,645,48.30488372093024,95.14533405495165,606,1.3802310231023105,1.7090044810547718,27,1.3233333333333333,1.147531973249386,1000,1.40837,1.6980172681984125,624,1.4021314102564102,1.7368819991252114,540,52.82757407407407,91.74186329166196,800,2.4106125,9.952064911356022,2177,2177,2.182581534221405,3.804986446910799,1882,1882,2.133124335812965,4.006079070099619,11104,10839,4.556018775919427,8.313953711848374,9804,9917,2.373676791237767,3.110293296464876,1220,24.98767213114754,62.29725148786005,2414,2444,7.938040345821325,19.69721301203175,1732,9.387898383371825,32.6322160429567,9,11,0.7424999999999999,0.4654769059792333,9,0.8733333333333334,0.7132710253161526,1350,4.754711111111112,11.003549448796,99,93,2.392864583333333,1.4972010770085826,103,102,2.444048780487805,1.3820542143052856,,,,,,,,,,,,,,,,,,,,85.03000000000003,0.57,0.83,0.53,1.47,8029.079999999964,1.17,2.93,,12.4,1516.66,0.93,1.07,,19432.70000000002,99972.71999999952,1.83,8296.05,,887.5600000000006,2.2,0.6499999999999999,2.23,,30484.959999999952,0.63,38563.00000000014,0.9,1.9,1.0,1.47,9502.960000000015,1.27,2.715,16259.840000000017,1928.4899999999984,0.9,2.07,836.4200000000002,46811.28000000087,1973.1500000000017,11672.81999999995,84.10999999999997,46968.7600000009,,35.73,3201.6099999999883,0.73,0.93,874.9300000000001,7.63,14.849999999999998,31156.650000000027,0.9,40520.68000000003,501.0300000000001,459.43,1.17,2.93,6418.859999999997,6397.649999999965,6961.639999999984,3712.649999999992,28526.89000000001,2.2,0.9,100031.01999999952,16.67,7.860000000000001,0.87,1.07,,1408.3699999999992,0.7
10568,2025-03-22 19:00:00,12399,12264,4.7769736041844055,9.317573992603638,948,1010,0.9076966292134832,0.6828330965106878,3043,3156,1.6770237135021775,2.2475622896301948,1596,1671,0.9202295684113868,0.8287750313527323,677,4.878271787296899,14.856333359321727,2642,2642,8.504220287660864,21.894991252670128,,,,,10881,12104,2.2875666739177727,3.088253786004766,114,0.8162280701754385,0.7784356674349348,105,0.7652380952380953,0.7877902733210338,0,0.0,0.0,0,0.0,0.0,1828,1828,6.157806345733042,18.909603757873526,690,2.1236376811594204,4.147358224886856,3626,3687,1.3869656775605088,1.4495186358671326,2170,1.8936820276497697,1.924295990793492,2066,2089,1.7612226233453672,2.964428663642072,2332,2332,1.814695540308748,2.968265926235053,712,46.06858146067416,90.01625105828874,736,1.788342391304348,3.296543928404205,61,1.2052459016393444,1.2231839754889855,978,1.6000715746421266,2.3596349270050445,786,1.7708142493638677,3.212042400925622,575,57.30318260869566,95.3558815958118,917,3.087797164667394,10.001920707053088,2139,2139,2.633997194950912,5.914932606078237,1922,1922,2.458189386056191,5.861573372675533,12400,12262,4.775254642770253,9.317605964839805,10850,12077,2.2875203908056005,3.090085235124709,1165,29.271158798283263,59.09192159289886,2527,2485,8.589341580207503,21.75003084377928,1884,9.560392781316349,22.45426245962685,4,9,0.5615384615384617,0.4627650368058728,11,0.5963636363636363,0.2549607002612087,1404,6.917863247863248,18.980218799863728,137,158,2.989627118644068,2.425344608736867,173,167,3.1315,2.5960792468417355,,,,,,,,,,,,,,,,,,,,93.05,0.5,0.7,0.6,1.43,9449.279999999975,1.6,2.685,,12.6,3302.589999999998,0.93,1.13,,22512.940000000075,117767.32999999868,2.015,10395.869999999968,,1465.3099999999995,2.2,0.3,2.57,,34100.899999999965,0.57,43049.77999999997,1.0,1.63,1.03,1.43,11268.24000000001,1.3,2.83,18011.780000000002,2831.509999999999,0.93,2.33,1316.2199999999996,52445.98000000048,1777.2700000000038,10142.880000000025,80.35,52579.72000000049,,73.52,3006.3899999999944,0.73,0.97,1391.8599999999994,8.4,7.300000000000002,32800.83000000003,0.97,44936.29999999997,1064.7100000000005,881.9399999999998,1.23,2.73,9712.67999999999,7317.879999999948,8463.739999999982,4109.2899999999945,32949.329999999994,2.2,0.93,117814.4999999987,18.3,6.56,0.93,0.97,,1564.8699999999997,0.67
10568,2025-03-23 19:00:00,12406,11948,4.84713024554488,8.573057611355672,937,1002,0.8784476534296028,0.6581815116186633,3549,3903,1.6982702630166395,2.35615477531512,1707,1719,0.9297460595446586,0.9208924957004596,498,3.3122289156626508,9.875788314414793,2567,2567,9.823521620568757,19.19825870606433,,,,,11378,12309,2.334414235656689,2.7620711158878453,110,0.8088181818181818,0.6039065728739261,105,0.8815238095238094,0.7180380424361147,0,0.0,0.0,0,0.0,0.0,1621,1621,6.5501789019124,15.727192721510024,532,2.828552631578947,6.973922826992996,4062,4050,1.4218429487179487,1.3643988382551255,1874,1.8219263607257203,1.8768275967942456,2285,2246,1.630436989627014,2.846073093505804,2546,2546,1.61824430479183,2.3996138773613445,610,52.20429508196721,101.81803105594632,631,1.5769572107765453,2.0548260065866875,35,1.0648571428571432,0.9909227198599768,1220,1.5067622950819672,2.135945966780192,659,1.5645523520485585,2.0280719380619256,582,52.61634020618556,89.51872250470262,941,2.406227417640808,6.370670066484092,2437,2437,2.263976200246204,3.214901596245378,2272,2272,2.169766725352113,3.945269864404374,12408,11948,4.845528001313845,8.572074758896452,11351,12280,2.3359582751470525,2.763110814841589,1074,29.416405959031657,62.36181787597352,2527,2538,9.599328726554788,18.615693718459188,1764,8.288939909297051,18.729921232787174,4,1,0.2259999999999999,0.0387814388593306,10,0.6970000000000001,0.4425618600828589,1464,6.02860655737705,11.073567354739708,141,132,2.6606959706959703,2.013338458892848,175,161,2.689523809523809,1.8440655491150808,,,,,,,,,,,,,,,,,,,,88.96999999999998,0.67,0.7,0.63,1.43,9859.420000000013,1.13,3.5,,10.02,1649.4899999999989,0.93,1.07,,21235.680000000026,118017.6799999992,2.47,12655.509999999991,,1504.7900000000009,2.27,0.2,2.37,,31593.220000000005,0.5,48620.60000000009,0.93,2.1,1.03,1.43,11034.620000000015,1.23,2.77,14621.69,2264.2600000000007,0.97,2.2,995.0600000000017,55201.03000000097,1703.3100000000022,11533.990000000058,92.56,55295.270000000986,,37.27,3185.309999999988,0.7,0.97,1031.0400000000018,7.85,1.13,31844.62,1.0,50433.960000000094,903.68,726.3699999999999,1.27,3.47,8825.879999999997,7387.509999999965,8240.099999999964,3414.290000000002,30622.710000000003,2.27,0.97,118047.00999999918,17.015,6.970000000000001,0.93,1.0,,1838.2499999999995,0.6
10568,2025-03-24 19:00:00,13552,13466,4.890873861869864,9.27015679347714,1203,1218,0.8541759603469641,0.6583797470944062,4122,4282,1.7570633031889575,3.0682719378686705,2064,2070,0.8959651669085632,0.899211165747911,621,5.237471819645733,9.74737874923766,2951,2951,10.000227041680786,23.780732335500133,,,,,13252,13771,2.449678052029752,3.1932422156714475,143,0.945874125874126,0.884686605386399,135,0.9006666666666667,1.0381352227627867,0,0.0,0.0,0,0.0,0.0,1934,1934,6.139813857290589,14.011194961409725,560,2.196535714285714,3.469610229057672,4769,4843,1.517458385351644,1.7524338941916373,1869,1.863076511503478,2.0512241722037308,2622,2591,1.6290562056397468,2.2818743224101627,3225,3225,1.864998449612403,2.7661401100675884,731,45.933803009575925,89.16279239253011,547,1.2453930530164534,1.3080332519111677,129,1.3955813953488374,1.1362940626717932,1316,1.6581382978723405,3.787016728006219,663,1.3141176470588236,1.342468550164318,515,65.54904854368931,101.3451755374956,964,2.175176348547718,5.576803493899089,2993,2993,2.5854560641496827,4.266391796949266,2478,2478,2.154802259887006,4.644358439658157,13547,13463,4.891699000370233,9.271376194078824,13215,13746,2.4513363747635477,3.194418442456409,1138,30.6715992970123,66.35511079846597,2898,2875,9.840902477048328,22.937668492160302,1942,7.776462409886715,22.80762244524669,15,14,0.6948275862068966,0.4449844684593336,21,0.6214285714285714,0.3686434038249884,1458,6.090411522633745,9.126805083054242,172,179,2.7586894586894584,2.127500571408119,173,185,2.8420111731843574,2.3793225597742267,,,,,,,,,,,,,,,,,,,,135.2600000000001,0.7,1.07,0.73,1.5,10679.199999999972,2.47,3.37,,8.83,3252.47,0.9,1.03,,23748.80000000005,132124.78999999957,2.7,14766.360000000011,,1230.06,2.23,0.6,2.37,,34904.28000000002,0.63,56811.53000000012,0.9,1.93,1.03,1.5,15476.540000000015,1.2,2.53,15101.889999999992,2096.869999999998,0.8,2.33,681.2300000000005,66090.48000000093,2067.9600000000014,14585.810000000029,121.59000000000006,66197.65000000091,,180.03000000000006,3703.919999999991,0.67,1.03,871.2600000000003,7.0,20.149999999999995,33577.61000000001,1.03,59021.340000000346,1017.4400000000004,968.3,1.33,3.37,8879.820000000002,8492.269999999973,12029.240000000013,3482.0899999999942,33757.76000000003,2.23,0.87,132141.6299999996,24.2,13.05,0.97,1.0,,2182.1099999999983,0.63
10572,2025-03-17 19:00:00,14535,14437,4.196213930691703,8.205967013674034,1242,1257,0.8581752701080432,0.654599107614235,4758,4922,1.82715805785124,2.469351939236508,1959,1776,0.91009906291834,0.7850389298486864,1192,7.671493288590604,18.64029332350209,3741,3741,5.306792301523656,14.724478451872676,,,,,12198,11713,2.156272426916482,2.275381432864593,159,0.6659748427672956,0.5557261887399139,138,0.6813768115942029,0.4705827285290377,0,0.0,0.0,0,0.0,0.0,2568,2568,3.174014797507788,5.971034115320653,759,2.527048748353096,4.76800284245516,3830,3595,1.3749710437710438,1.437873786567362,3070,2.0666286644951137,2.2167554280033364,1961,2013,1.88131353799698,4.693154083874761,2232,2232,1.871339605734767,4.429849846894356,1207,22.473844241922123,38.538354845135885,950,1.330421052631579,1.4633903791066996,257,1.3771984435797664,2.112965702016105,1818,1.7053685368536853,2.56701255685298,1189,1.3812531539108497,1.6585317391263212,831,38.443561973525874,58.21643604946557,726,1.5200275482093664,2.678317386210914,1534,1534,2.007731421121252,7.397460993002209,1380,1380,1.7812391304347823,2.886275492426001,14534,14439,4.195932074690228,8.205672500979372,12116,11646,2.154809780321522,2.2693264262058763,1910,17.041853403141364,38.62214044813238,3498,3502,5.224768571428572,15.062935838033916,2713,7.0768227054920745,14.787479576801587,48,82,0.773846153846154,0.560653992591049,13,0.5361538461538462,0.2549370498932707,2076,3.4903179190751445,7.979435538772437,126,151,4.397942238267148,8.067194415006718,156,155,3.856752411575562,5.387769530544404,,,,,,,,,,,,,,,,,,,,105.89000000000004,0.6,0.83,0.5,1.43,4916.219999999981,2.73,2.03,,9.6,9144.420000000002,0.9,0.87,,16301.74,121568.73999999868,1.43,17686.890000000018,,1918.0300000000016,2.07,0.63,2.5,,32549.939999999955,0.5,36573.380000000274,1.03,1.53,1.1,1.43,6159.719999999988,1.43,3.03,19199.419999999987,1103.54,0.9,2.6,1263.9000000000003,51202.59000000018,2144.5799999999977,10209.15999999999,94.03,51558.63000000022,,353.93999999999994,3399.219999999976,0.67,0.93,1642.3099999999977,5.8,100.60000000000004,27125.930000000026,1.1,39705.4200000002,1199.4500000000016,1218.2300000000002,0.97,1.93,7245.899999999963,7476.339999999984,8353.659999999962,6344.549999999986,31946.599999999995,2.07,0.9,121572.70999999868,16.13,6.970000000000001,0.77,0.93,,3100.3599999999938,0.7
10572,2025-03-18 19:00:00,11785,11833,4.3973812346515375,7.495376688103166,1013,1090,0.844450784593438,0.6347875815821844,4075,4178,1.816981703622925,2.460583727182017,1483,1536,0.901566743954952,0.7138444706108099,753,8.609827357237716,30.7124367115619,3030,3030,5.442501650165016,12.465601753428505,,,,,9070,9432,2.1083277483515297,2.2709794691853458,119,0.8468907563025209,0.7578870981960526,112,0.8864285714285715,0.7711098878782928,0,0.0,0.0,0,0.0,0.0,2098,2098,4.062845567206863,9.067538985657432,608,2.3989309210526315,4.784542890003259,3105,3121,1.3744635399935754,1.347038133972374,1950,1.711076923076923,1.6857478806629904,1706,1729,1.6713537117903932,2.848888769559412,1900,1900,1.953921052631579,3.4432235575767547,778,31.7716323907455,49.71575624545669,510,1.6839803921568626,9.63329447238962,101,1.0539603960396038,1.3587611416344243,1557,1.669537572254335,2.323221229918054,609,1.600361247947455,8.837713960456053,628,43.85171974522293,67.23103422739021,794,3.250050377833753,19.2073544897834,1226,1226,1.7947716150081563,3.292117357166078,1103,1103,1.5627561196736175,2.216971998607021,11784,11833,4.397519583350976,7.495504363749335,9022,9399,2.1079056511590037,2.2692150281145094,1142,25.57278458844133,57.83516868268216,2922,2896,5.297512891027845,12.577887882332696,1922,8.888605619146723,27.464011074480705,36,35,0.5494366197183099,0.4016756708770014,14,1.19,1.2394584070702586,1950,3.230030769230769,5.954163094247537,104,114,3.4468807339449543,3.7191793257834775,160,142,3.545,3.9572498435786576,,,,,,,,,,,,,,,,,,,,100.78,0.715,0.83,0.63,1.37,3447.4399999999887,2.6,2.47,,13.52,6483.199999999988,0.97,0.87,,17047.7,103856.21999999932,1.57,14995.55,,1458.5500000000002,2.17,0.43,2.63,,29204.12000000002,0.75,30820.930000000182,0.97,1.87,1.1,1.37,4400.779999999991,1.2,3.385,17083.900000000005,2580.539999999996,0.87,2.5,858.8299999999998,38829.7300000004,1775.879999999998,8557.409999999993,99.28000000000004,39008.2800000004,,106.44999999999996,2721.829999999986,0.67,0.97,974.6200000000002,9.135,39.00999999999999,24718.33000000001,1.0,32981.56000000005,1070.5899999999997,751.42,1.0,2.3,6298.559999999997,5741.099999999958,7424.8999999999805,3336.599999999991,27538.88,2.17,0.87,103857.34999999932,17.17,16.66,0.95,0.93,,2599.469999999997,0.67
10572,2025-03-19 19:00:00,14558,14450,4.487636858797573,12.102053236119769,1249,1537,0.83305455850682,0.5931497880873587,5567,5695,1.9136671994317171,3.8914113287724295,1940,2066,0.8965776335496755,0.7115598490014211,1101,5.739772933696639,11.138983464743236,3837,3837,5.818037529319781,16.83314459563279,,,,,11995,12334,2.275374655760615,3.40210111755336,159,0.680251572327044,0.5095625817911659,147,0.7625850340136054,0.547803391459369,0,0.0,0.0,0,0.0,0.0,2599,2599,4.221581377452866,15.63072243623506,632,3.845838607594936,15.820201201909194,4325,4384,1.4184636582845334,1.4536516253396303,2376,1.6610016835016834,1.6879956206949651,2346,2413,1.6695419205715487,2.6411616498344395,2786,2786,1.7578750897343864,2.6731121523045007,1051,29.454509990485253,58.75739176790383,580,1.4425172413793104,1.8849969015009689,163,1.1468711656441717,1.353147896129792,2004,2.06063373253493,7.863400708737124,736,1.404741847826087,1.8129290912441096,717,45.52511854951186,74.53217646407957,948,1.6889240506329113,2.514513169475109,1905,1905,1.990887139107612,3.880973671748589,1629,1629,1.8764272559852668,3.3700876995863958,14558,14451,4.487351166879243,12.101699893418893,11952,12276,2.2742871883770843,3.405664539725898,1426,24.229095371669,52.12557911822428,3666,3682,5.641551442569406,17.1049902464988,2270,8.232819383259912,23.95907805434244,53,73,0.8248412698412697,0.6742082177165173,27,0.7340740740740741,0.4384759739121595,2352,5.205688775510204,22.231609426419254,155,161,3.1240189873417723,2.7732013191619367,202,199,2.941471321695761,1.7843464767046164,,,,,,,,,,,,,,,,,,,,108.16000000000004,0.67,0.7,0.53,1.4,6113.399999999982,2.57,2.43,,12.63,6319.490000000008,0.97,0.93,,21943.78000000006,130173.56999999906,1.53,21551.720000000027,,2430.5699999999997,2.17,0.585,2.57,,34550.68999999999,0.67,41454.12000000034,1.03,1.73,1.13,1.4,7585.279999999967,1.17,3.27,18688.50000000001,1601.1,0.9,2.5,836.6600000000004,55101.43000000072,2320.8899999999903,12353.400000000018,112.10000000000004,55357.5900000007,,186.94000000000003,3591.68999999999,0.67,0.97,1033.8900000000006,9.13,103.92999999999998,30956.689999999984,1.07,44647.62000000016,1179.5300000000002,987.19,1.0,2.3,12243.780000000004,7945.349999999982,9794.879999999986,3946.539999999999,32641.509999999955,2.17,0.83,130177.36999999906,17.8,19.820000000000004,0.9,0.97,,4129.509999999994,0.7
10572,2025-03-20 19:00:00,14766,15044,4.859043274069105,10.03294085054356,1283,1271,0.8018676585747846,0.5754547387333745,4785,4922,1.7733913670547026,2.322347321152798,1969,1922,0.9068953996401956,0.9257803249592412,869,9.539228998849252,29.80632595531465,3769,3769,5.983849827540461,15.303277114141624,,,,,11758,11649,2.082352714999786,2.4104700181452565,172,0.8070348837209302,0.6333281773128959,157,0.8327388535031848,0.664841929841311,0,0.0,0.0,0,0.0,0.0,2660,2660,4.10890977443609,9.859540153804888,795,2.997861635220126,6.706941317954885,4029,3940,1.376477600702723,1.376852143606827,2186,1.5754437328453796,1.5540040098897736,2063,2094,1.937488573490498,3.957136827215674,2492,2492,1.982881219903692,4.073624560477753,931,33.80174006444683,62.08520573183114,556,1.3062230215827335,1.4453189563252715,121,1.2516528925619836,1.6436028491692931,1838,1.6631991294885746,2.6270732616854398,665,1.3405563909774436,1.561220119604424,738,48.58,82.73773821171476,978,2.095838445807771,7.669054218068034,1713,1713,2.1884880326911853,4.621691640068742,1533,1533,1.782844096542727,3.3904621793767484,14767,15042,4.858974470797411,10.033095124511805,11715,11618,2.0800570008142976,2.4082750829511683,1200,31.37939166666667,65.523411929477,3570,3589,5.950008381058807,15.545688796100398,2229,9.664347240915207,22.208534051922765,25,27,0.7440384615384615,0.5434018898617538,12,0.5025000000000001,0.3349409151875397,2328,3.046907216494845,5.087631679356642,161,173,3.544221556886228,3.617140725594852,211,225,3.7675,4.767507132096098,,,,,,,,,,,,,,,,,,,,138.80999999999997,0.67,0.77,0.6,1.33,5466.19999999997,2.63,2.37,,11.87,8289.590000000004,1.0,0.9,,21859.40000000008,144841.1699999983,1.53,17214.309999999954,,2383.3000000000006,2.23,0.515,2.63,,37655.27,0.43,42596.11000000024,1.0,1.77,1.07,1.33,7497.759999999989,1.07,3.63,21541.82999999997,2049.73,0.9,2.6,726.2599999999999,48533.97000000069,2047.9699999999964,10969.15000000002,130.74000000000007,48741.63000000069,,151.45000000000002,3528.729999999993,0.67,1.03,891.4700000000005,11.265,38.69,31469.420000000027,1.03,45106.26000000017,1642.63,1183.7699999999995,1.07,2.27,7093.199999999984,8054.139999999975,9882.679999999977,3443.9199999999937,35852.040000000015,2.23,0.9,144848.0799999983,16.45,6.03,0.93,0.93,,3056.9599999999923,0.67
10572,2025-03-21 19:00:00,10999,11364,5.906659661047266,14.105530797290866,711,698,0.9078779276082328,0.6565817642939608,3314,3631,2.072394528437725,3.778503181058833,1073,1071,0.943670708955224,0.832075664882585,712,6.717317415730337,17.013181686276628,2037,2037,8.4646440844379,25.731302191165884,,,,,8029,7974,2.6565550209335758,5.158793453467447,75,0.7577333333333333,0.6489367166544225,63,0.7707936507936509,0.6551100757798334,0,0.0,0.0,0,0.0,0.0,1486,1486,6.375417227456258,19.9131022067426,722,3.851412742382272,13.244711271844286,2574,2534,1.5158398590446358,1.816685407173832,1696,1.7476650943396226,2.103129904992119,1699,1778,2.089450675870003,4.040001268974952,1736,1736,1.9449596774193547,4.710321297585196,774,40.92447028423773,86.54377827913414,399,1.4130827067669172,2.23616577294415,84,1.0457142857142858,0.9719938831307208,1310,2.046526717557252,3.8084124336202554,481,1.3742411642411645,2.111702345083384,539,54.40615955473098,89.00354842262581,790,2.454354430379747,5.890122886766841,1420,1420,2.4328661971830985,4.0405854089334055,1417,1417,2.7233733239237825,5.191946458495505,10997,11362,5.906902813184847,14.106675878909297,7969,7952,2.658032786885246,5.16749475658644,961,35.92548387096774,76.39458400125132,1943,1966,8.390102327961117,25.906918503345373,1439,15.031091035441277,44.2675997625035,38,45,0.6495180722891565,0.4251460517704979,15,0.3786666666666667,0.1583189467148164,1026,3.114795321637427,4.635915264348965,97,93,3.1386842105263155,2.956322725646127,136,124,3.0342307692307693,2.399979123429912,,,,,,,,,,,,,,,,,,,,56.830000000000005,0.6,0.7,0.6,1.43,7718.039999999987,2.4850000000000003,2.5,,9.72,4782.729999999994,1.03,1.2,,18947.73999999996,132072.43999999962,1.43,14392.780000000022,,2780.7200000000016,2.37,0.5,2.45,,34524.390000000014,0.37,32796.91000000003,1.13,1.87,1.17,1.43,6909.339999999971,1.13,3.8,21629.740000000027,1938.9399999999976,0.8,2.385,563.82,42318.54000000018,1279.1999999999996,7742.909999999939,48.56,42512.85000000021,,87.84000000000002,2023.23,0.73,1.0,661.0100000000001,9.43,53.91,31675.540000000005,1.2,34484.960000000014,788.9000000000008,596.3499999999997,1.2,2.33,3195.7800000000016,7265.019999999982,6752.899999999978,2964.039999999989,29324.919999999976,2.37,0.8,132090.6299999996,16.53,5.680000000000001,1.03,1.0,,2680.9500000000016,0.7
10572,2025-03-22 19:00:00,12366,11496,5.339832369457715,10.662778114096094,736,870,0.8486363636363635,0.6603691152615029,3879,4037,2.120740272865083,4.161869737233735,1194,1300,0.9639174017642342,1.0721817886369964,760,7.447473684210526,18.416652417019428,2228,2228,8.386701077199282,22.98181292539677,,,,,8915,9812,2.445746782720137,3.676045504788856,79,0.7606329113924051,0.5019867913239109,66,0.8336363636363636,0.5669365748386738,0,0.0,0.0,0,0.0,0.0,1527,1527,5.0253241650294695,11.842996046051162,650,3.534323076923077,9.701063490642015,2976,3006,1.5195386158475426,1.74378174631066,1718,1.5928928987194413,1.657522226543657,1856,2015,1.8303952467062772,2.8500011781382555,2055,2055,1.8288369829683695,3.163455325478217,717,39.523221757322176,85.08088884668786,429,2.292354312354312,6.7940581681308325,54,0.7524074074074074,0.7932491439576691,1461,1.9224503764544831,3.2910940770913517,478,2.159665271966527,6.457252830259828,518,59.64314671814672,99.16662108100316,867,2.497900807381777,6.925737697329714,1594,1594,2.5555708908406523,4.897677024103104,1546,1546,2.240815006468305,3.7862921009778754,12366,11496,5.3398059676473055,10.662776504790711,8891,9787,2.4430062105150445,3.667479704522707,842,38.43627078384798,71.48954011401177,2162,2156,8.26592867068087,22.816184738427918,1426,13.876227208976156,32.23691675105693,30,31,0.7263934426229508,0.5219950153234938,12,0.5991666666666667,0.348124937662073,1212,7.371633663366337,21.42286219343407,122,129,3.275896414342629,3.8712676786124223,141,148,3.1725951557093426,2.991352562133055,,,,,,,,,,,,,,,,,,,,60.08999999999999,0.67,0.485,0.67,1.43,6928.599999999969,2.35,2.7,,11.03,5660.079999999997,1.07,1.17,,15347.340000000004,127418.44999999956,2.05,16787.780000000002,,2297.309999999999,2.33,0.53,2.6,,32363.33999999997,0.55,35692.28000000005,1.03,2.03,1.17,1.43,8147.159999999989,1.13,4.1850000000000005,19787.50000000002,2165.679999999997,0.87,2.6,983.4200000000008,45630.47000000043,1362.9100000000017,9089.879999999994,55.02,45801.50000000045,,40.63,2404.0099999999984,0.67,1.0,1032.3200000000006,12.1,44.31000000000001,28338.149999999998,1.215,37371.140000000094,916.8799999999997,822.2499999999999,1.2,2.5,8934.420000000004,7085.459999999977,7516.519999999961,2736.589999999996,30895.15000000001,2.33,0.83,127419.07999999957,16.9,7.190000000000001,1.03,1.0,,2808.699999999995,0.7
10572,2025-03-23 19:00:00,12393,11548,5.984893279311642,13.252434427507708,570,680,0.8875919999999998,0.7025156236953026,3852,3673,2.2134073089700994,3.4717633352557766,1050,1103,1.0078773803994427,0.9844539864697982,375,9.156906666666668,26.252221432949675,1761,1761,11.408620102214652,31.93187906101548,,,,,8750,10123,2.7594224553595086,5.849404389074438,63,0.9514285714285716,1.364170609288723,49,1.009387755102041,1.4486199036172964,0,0.0,0.0,0,0.0,0.0,1144,1144,7.347290209790209,22.88159054434056,858,3.4043939393939397,11.477139878219036,2660,2819,1.5927194743566342,2.1155521203301038,1730,1.6025953757225433,1.5656323856241068,1990,2107,2.0298877227239447,2.9729705276786382,2059,2059,1.88121903836814,2.9854553395366663,540,66.04837037037038,172.07595295965655,626,2.7823642172523964,7.764168014256761,41,1.2936585365853657,1.6028294434736814,1287,2.102797202797203,4.030967686494749,670,2.6855671641791043,7.527043416160993,559,60.60703041144902,105.24128450200686,854,2.355714285714286,4.8326102103624535,1866,1866,2.692722400857449,3.779070668565009,1754,1754,2.9048973774230333,4.747888436113818,12393,11548,5.984886178522201,13.25243628670986,8699,10051,2.7639776,5.85985240838296,801,47.27861423220975,117.91996366037928,1695,1673,11.54001187648456,31.28762089862852,1209,20.11138957816377,57.64355023269189,7,10,0.7235294117647059,0.4410807739348293,8,0.4287499999999999,0.235554531902912,1458,7.7112345679012355,22.536663592538485,129,120,3.170562248995984,2.6083384371571814,139,112,3.4765338645418327,3.5739255396268983,,,,,,,,,,,,,,,,,,,,59.93999999999999,0.67,0.83,0.57,1.43,10190.380000000006,3.0,2.53,,12.635,3433.8400000000006,1.17,1.45,,16810.600000000006,143284.15999999907,1.8,16655.889999999967,,2920.9699999999984,2.37,0.57,2.5,,37870.17000000001,0.35,38866.76000000002,1.03,1.8,1.17,1.43,10049.239999999983,1.1,4.53,24314.67,2011.7800000000016,0.97,2.53,1741.7599999999982,51824.58000000064,1109.4900000000027,8726.509999999975,49.46,52078.58000000064,,53.03999999999999,2169.9600000000005,0.67,1.1,1799.3299999999977,10.57,12.3,35666.11999999996,1.27,40181.16000000008,872.61,789.4699999999998,1.415,2.6,11242.98000000002,8316.449999999993,7746.859999999991,2772.489999999998,33879.329999999994,2.37,0.97,143284.32999999908,14.07,3.43,1.07,0.97,,2706.299999999997,0.73
10572,2025-03-24 19:00:00,11377,11334,5.486813878737176,11.361182089737344,544,660,0.9382724252491692,0.7097518439125802,3108,2993,2.0143763317488936,4.316018477460191,1000,1031,0.9208567208271788,0.8187727571320659,369,4.472249322493225,9.112395892255115,1912,1912,8.7244089958159,24.97754188056711,,,,,8496,9579,2.410825449515906,3.9285186864351855,69,0.816231884057971,0.6056739005157936,61,0.7918032786885245,0.5945724685159238,0,0.0,0.0,0,0.0,0.0,1309,1309,6.071970970206264,17.198148956015302,770,2.920363636363637,5.270021402428486,2445,2431,1.436501230516817,1.5664332568851322,1956,1.677315950920245,1.9546004943220636,1521,1688,2.042742287316921,3.5454314753616925,1745,1745,2.012681948424069,4.805261672505471,613,55.435171288743874,122.76489972868794,532,1.6018421052631575,2.392638300123867,22,1.24,0.8831606463564413,1003,1.873409770687936,3.8737310132088623,554,1.5932851985559568,2.355674239114536,614,49.1848697068404,98.53890384468136,842,3.069287410926366,9.822758257091154,1444,1444,2.6982340720221605,5.615867840725071,1292,1292,2.680572755417957,4.756449082696628,11377,11335,5.486479834448749,11.361013775681162,8420,9505,2.413987168758717,3.93645563475698,871,39.26942594718714,86.2748967997675,1818,1792,8.878002770083102,24.65174474167816,1407,15.97054726368159,39.64611312310645,11,10,0.8257142857142857,0.5257608675014891,5,0.8220000000000001,0.5653812872743491,1266,4.737109004739337,13.151067521315646,129,135,3.6450757575757575,3.945703358624516,132,158,3.4333103448275866,3.781302741242424,,,,,,,,,,,,,,,,,,,,56.32,0.7,1.0,0.67,1.37,6926.600000000001,2.07,2.6,,11.03,1650.2599999999998,1.1,1.27,,15896.420000000002,124608.92999999924,1.83,12289.710000000025,,2248.6799999999985,2.3,0.77,2.515,,34203.67000000001,0.7,32049.59000000003,1.0,1.97,1.1,1.37,7792.499999999989,1.085,4.63,22470.56000000008,2584.339999999998,0.87,2.615,852.1799999999998,43270.72000000048,1129.6800000000012,7004.379999999951,48.3,43575.670000000486,,27.279999999999998,1870.26,0.73,1.03,882.6800000000001,10.17,17.34,33981.76,1.15,33362.14000000004,995.6599999999996,962.2999999999998,1.3,2.6,5997.180000000005,6555.159999999974,7024.259999999996,3280.8300000000004,30199.510000000035,2.3,0.885,124611.02999999924,13.17,4.11,1.07,0.97,,1879.03,0.67
10573,2025-03-17 19:00:00,14399,14402,4.28576438318114,8.375322421180616,1210,1289,0.8787635054021607,0.6840202812715084,4597,4745,1.8072853778634128,2.569820597171446,1830,1897,0.9178213039978536,0.7883111912225557,1081,8.498603145235892,26.1365939513395,3588,3588,5.098469899665552,12.418283629832542,,,,,11681,11922,2.1716675846290725,2.3088140316905,141,0.7682269503546099,0.5990894789701163,136,0.7181617647058823,0.5559295371742431,0,0.0,0.0,0,0.0,0.0,2533,2533,3.298416896960126,7.029984316583931,752,2.802739361702128,8.232024691885488,3460,3571,1.397567913525814,1.4845336529004116,2868,2.303960948396095,6.649652867997148,1882,1843,1.8157583892617453,4.632529092620277,2154,2154,1.8536768802228412,3.95299839649676,1082,25.6903696857671,48.04027407431239,940,1.2884680851063828,1.2719375377923514,228,1.15890350877193,1.2701992969008202,1716,1.7402214452214453,2.356254449873166,1129,1.3389459698848538,1.3349639133215647,620,53.83979032258064,97.16373161196768,651,1.71826420890937,2.866425365444243,1431,1431,1.757777777777778,4.765221793104662,1309,1309,1.592620320855615,2.402545872812796,14401,14405,4.284755259320975,8.37474903872707,11625,11866,2.166591460559363,2.303744935874307,1733,19.573069821119443,49.40816649471644,3391,3344,4.980699331848552,12.622581385453216,2649,8.04158550396376,19.31733415081336,62,61,0.7879674796747967,0.6240960413759469,12,0.6108333333333333,0.2520733469096291,2286,5.555616797900262,23.76856343622096,139,137,4.16231884057971,9.329283046365902,142,147,3.755467128027681,5.337428447187861,,,,,,,,,,,,,,,,,,,,108.32000000000002,0.6,0.8,0.57,1.43,4169.479999999994,2.77,2.1,,10.57,9186.99,0.9,0.83,,16709.779999999937,123426.65999999845,1.47,16883.660000000033,,2107.660000000001,2.07,0.57,2.57,,33920.129999999976,0.5800000000000001,33545.0100000001,1.03,1.53,1.1,1.43,5030.759999999983,1.4,3.0,21302.160000000007,1118.5900000000006,0.87,2.4850000000000003,1211.1600000000014,50895.40000000048,2196.029999999999,9826.299999999965,97.67000000000002,51257.870000000505,,264.23000000000013,3420.719999999992,0.7,0.93,1511.6699999999987,5.77,96.92,27796.980000000025,1.1,36586.620000000126,1085.3299999999997,1148.7999999999995,0.9,1.97,12700.14000000004,6763.69999999998,7985.639999999944,6607.759999999987,33380.67000000002,2.07,0.9,123434.29999999846,16.215,7.33,0.9,0.97,,2986.22,0.67
10573,2025-03-18 19:00:00,11800,11889,4.32207733547216,7.13120478625489,1025,1016,0.839671729544341,0.6188336297206987,4103,3965,1.7858477937530988,2.317589209675756,1447,1465,0.8803777472527472,0.6891273906932711,746,9.76714477211796,47.71568174869888,2923,2923,4.971546356483065,9.591231227495127,,,,,9391,9245,2.082154432281605,2.2692142285949504,164,0.7379878048780489,0.6634492094424528,142,0.8155633802816901,0.7014939035281528,0,0.0,0.0,0,0.0,0.0,2065,2065,3.726818401937046,7.5249319576340445,629,2.62785373608903,5.096368138934008,2873,2883,1.4114072272411395,1.511473400960193,2141,1.7554553946753857,1.6975978413930604,1548,1521,1.6436787227109808,2.8399507661681227,1774,1774,1.983021420518602,3.637051487179963,776,31.549626288659795,55.41824093043966,633,1.3803159557661928,2.3931752413634397,112,1.122232142857143,0.9899158602605618,1508,1.7298806366047743,2.246830390289509,738,1.3668292682926828,2.2673331099675877,453,62.34545253863134,88.15478195496885,674,2.5680712166172106,16.83000718886133,1072,1072,1.6807835820895525,2.352591922044865,1044,1044,1.345842911877395,1.759686317787675,11800,11888,4.322142012833502,7.131342662687905,9345,9220,2.0813013735523835,2.268531866765678,1208,24.582500000000003,58.29696698068735,2786,2809,4.785270777479893,9.63588661703194,2027,9.379546127281698,32.6350764120984,44,47,0.666923076923077,0.5346472438921962,7,0.6242857142857143,0.5899602200356306,2184,4.353928571428571,12.526266697165772,106,105,3.408056872037915,3.454352089315034,129,142,3.613247232472325,3.870922896161508,,,,,,,,,,,,,,,,,,,,121.03000000000004,0.63,0.73,0.53,1.37,2810.119999999991,2.93,2.37,,13.45,7286.289999999994,0.9,0.8,,15391.760000000017,102382.89999999908,1.585,14408.21999999996,,1652.9200000000014,2.13,0.43,2.5,,29695.65999999997,0.3,26773.59000000002,1.03,1.73,1.1,1.37,3603.5999999999926,1.23,3.33,19012.339999999997,1730.8799999999983,0.83,2.53,873.7400000000001,38639.36000000057,1713.7699999999988,8124.059999999991,115.81000000000004,38803.03000000057,,125.68999999999996,2563.65999999999,0.67,0.95,1008.72,8.3,60.68999999999997,24482.50999999997,1.1,29063.66000000008,979.1899999999996,719.1,0.93,2.2,9508.979999999983,5044.449999999991,7035.759999999982,3758.429999999992,28242.49,2.13,0.83,102385.68999999909,21.5,4.37,0.885,0.97,,2608.6599999999944,0.67
10573,2025-03-19 19:00:00,14505,14040,4.658307234191628,13.270917901354569,1347,1331,0.8455713218820015,0.5944441161902094,5617,5598,1.8934418189924207,2.799638728138888,1974,1950,0.906472986748216,0.7593142303701134,1012,5.470326086956521,9.596374675338472,3671,3671,6.0196622173794605,15.941447307096466,,,,,12121,12404,2.278937410805301,3.414480660032206,150,0.7142666666666666,0.4952727823017219,138,0.6904347826086956,0.5111153895148001,0,0.0,0.0,0,0.0,0.0,2533,2533,3.878732727990525,9.719914909485269,580,5.534844827586207,65.5951905286749,4422,4399,1.4096440312889695,1.3850398680715406,2429,1.692527789213668,1.6897527936516186,2287,2366,1.6355362131957878,2.313311630544041,2715,2715,1.7671381215469613,3.5986257896486378,986,32.60501014198783,90.68322884951732,671,1.3150521609538002,1.653111041344156,130,1.0672307692307692,1.0114277915475691,2076,1.7723265895953757,2.4244257869090178,795,1.3050062893081762,1.5892917116170122,550,61.93803636363637,103.72863322131604,880,2.513818181818181,11.385265296690854,1969,1969,1.937414931437278,3.3280647229894456,1752,1752,1.8967465753424655,3.793963320864895,14506,14040,4.658050514958313,13.270549440915522,12078,12360,2.2774801538587446,3.4170484870531697,1352,26.13876479289941,76.07475050972087,3548,3534,5.801150804857385,15.92044551564691,2238,8.937287756925826,40.43085181159566,53,53,0.7795283018867925,0.6103190969832089,20,0.5984999999999999,0.308662841948946,2664,3.7490990990990976,14.816643356696844,161,151,3.067596153846154,2.709140095096044,201,203,3.186064356435644,6.405088100105702,,,,,,,,,,,,,,,,,,,,107.14000000000004,0.55,0.7,0.55,1.43,6646.199999999979,2.615,2.47,,11.985,5535.970000000001,0.97,0.9,,19649.66000000004,132968.7099999993,1.485,21234.95000000005,,3210.210000000002,2.17,0.6,2.43,,35339.60999999998,0.53,41083.75000000017,1.07,1.73,1.13,1.43,7629.539999999976,1.2,3.115,20001.649999999987,2212.1600000000003,0.83,2.4,882.4000000000005,55657.06000000099,2264.439999999995,12434.47,95.28,55890.94000000096,,138.74000000000007,3556.999999999978,0.67,0.93,1037.4799999999996,9.07,82.63,32148.53999999999,0.985,44196.36000000013,1287.1700000000003,957.0899999999996,1.03,2.23,9987.599999999991,7610.149999999983,9595.559999999994,4111.149999999996,34065.92000000003,2.17,0.83,132971.37999999934,27.765,11.97,0.915,0.97,,3679.349999999996,0.7
10573,2025-03-20 19:00:00,15006,14944,4.748795325542571,9.403684842951412,1223,1133,0.8185441426146011,0.5848596636372708,4808,4938,1.803594295095424,2.197056745067562,1710,1700,0.8911260997067448,0.7623275586514692,790,7.045974683544303,15.551358416773564,3422,3422,5.7546668614845125,13.452285857417008,,,,,11732,11628,2.080191780821918,2.3230080926449843,150,0.8315999999999999,1.2376585851248856,134,0.8749253731343284,1.3239705921051226,0,0.0,0.0,0,0.0,0.0,2429,2429,4.105277892136682,9.299250697743911,842,2.9136223277909736,5.978033527819913,3760,3728,1.3659281517094015,1.38152782956996,2303,1.7178332609639602,1.595432349039394,1994,1936,1.8287251908396944,3.678720187388651,2240,2240,1.8151875,2.9237715461590814,847,39.57766233766234,75.32505728496977,778,1.3920308483290489,1.545735651209016,92,1.5316304347826086,2.422859107485596,1815,1.8848319559228648,2.693190036938904,862,1.4345591647331788,1.6869788556744194,623,56.57208667736758,90.9919207487823,765,1.618836601307189,2.925535326595301,1649,1649,1.937780473013948,2.5660709024909685,1430,1430,1.5900419580419582,2.7117949049718217,15004,14944,4.74892613864031,9.40396269880509,11694,11601,2.0786628031766474,2.321661993660175,1266,29.55240126382306,69.33012977678496,3246,3238,5.687452190006169,13.636506771169024,2173,10.447910722503453,25.54360714629967,26,27,0.8833962264150945,0.7097433588681603,9,0.7577777777777778,0.8086446517720292,2742,4.554879649890591,17.832923073226812,147,136,3.3479151943462897,3.112613271507884,165,177,3.642426900584796,4.543113124135427,,,,,,,,,,,,,,,,,,,,124.73999999999997,0.63,0.73,0.6,1.33,4547.519999999984,2.53,2.37,,13.6,5566.32,0.93,0.87,,19943.439999999984,142220.83999999822,1.53,17577.83000000002,,2453.27,2.2,0.67,2.6,,37413.34000000002,0.53,36877.44000000004,1.03,1.73,1.1,1.33,6390.799999999996,1.23,3.33,22703.30999999998,1238.41,0.93,2.6,1083.0000000000018,48422.45000000075,1928.489999999999,10228.069999999934,117.23999999999997,48593.28000000076,,140.91000000000005,3038.739999999992,0.67,1.0,1236.590000000002,8.45,46.82000000000001,33522.280000000035,1.13,39384.9400000003,1245.7099999999984,947.4600000000004,1.07,2.23,12489.479999999978,7186.889999999977,8132.039999999958,3956.169999999987,35244.41,2.2,0.93,142226.41999999824,20.73,6.82,0.87,0.93,,3420.969999999996,0.67
10573,2025-03-21 19:00:00,11471,11489,5.783964285714286,13.35667050032025,608,684,0.8968111455108357,0.6549752801325832,3341,3497,2.0251594033343085,3.2687858212620418,933,989,0.8998022892819979,0.726585146750627,611,7.202733224222586,25.96261975941009,1835,1835,8.458125340599455,23.865980642265413,,,,,8116,8367,2.600145604562276,5.629672036163385,74,0.7025675675675676,0.4134301496962541,65,0.6723076923076924,0.3809816035565506,0,0.0,0.0,0,0.0,0.0,1349,1349,6.273054114158635,18.770074060061667,845,2.444733727810651,5.962915162635757,2476,2396,1.546894499178982,1.7820998592699029,1741,1.744371051120046,1.879521190615881,1688,1698,2.0076639102185467,2.930680711611392,1655,1655,1.9227190332326285,3.190485531087521,650,51.53110769230769,113.5731716343288,597,2.2839530988274706,9.362804672809524,65,1.1052307692307692,1.2932274565743915,1284,1.98285046728972,5.05308093360528,652,2.2083588957055214,8.976820230342202,452,70.1604203539823,118.46107937459126,656,2.134603658536585,5.657130253827209,1400,1400,2.53015,4.299067213486134,1343,1343,2.6389203276247204,4.336701476703863,11471,11486,5.784669164089384,13.35739668595973,8088,8313,2.602871776111213,5.64109274038392,810,44.97544444444444,110.51794457216796,1794,1783,8.214008946044173,23.67345877814368,1324,18.867303625377644,52.85039963373575,42,37,0.7644303797468355,0.5258910385179868,10,0.796,0.498120467357044,1248,5.096394230769231,14.707506945642438,90,107,2.9326395939086294,2.309859717773512,114,137,3.2498804780876496,2.777572886729167,,,,,,,,,,,,,,,,,,,,51.98999999999998,0.57,0.67,0.57,1.4,7088.139999999993,2.63,2.67,,14.085,4400.870000000003,1.1,1.27,,16924.7,132798.64999999994,1.385,13848.03999999997,,2065.8,2.37,0.53,2.43,,36430.11,0.585,29381.510000000093,1.1,1.93,1.17,1.4,7084.419999999998,1.13,4.17,24980.309999999998,1400.2999999999995,0.87,2.37,1363.5200000000016,42689.70000000006,1158.6800000000007,7536.469999999945,43.70000000000002,42858.20000000005,,71.84000000000003,1729.420000000001,0.73,1.0,1439.850000000001,10.08,60.38999999999999,33495.21999999999,1.0,31041.32000000009,815.7200000000001,577.7300000000002,1.3,2.33,6360.299999999987,6797.950000000019,6364.1999999999925,3036.949999999996,31712.509999999955,2.37,0.87,132799.81999999992,16.68,7.960000000000001,0.87,1.015,,2545.9800000000023,0.67
10573,2025-03-22 19:00:00,12057,12726,5.204272283420086,10.025632469107675,771,798,0.8661631612492035,0.6737415397259363,3993,4227,2.195754257907543,4.8436067404272745,1222,1278,0.948404,1.019820833668346,714,7.590812324929971,16.229046250389178,2208,2208,8.996752717391303,26.457879690995632,,,,,9578,9656,2.4784615784548194,3.8843015006526818,81,0.7067901234567902,0.5414266184002504,64,0.6675000000000001,0.5469374964289796,0,0.0,0.0,0,0.0,0.0,1507,1507,5.022813536828135,12.250814700658204,762,2.3581364829396323,4.113373833768703,3009,3017,1.522208762031198,1.751798871632831,1957,1.678472151251916,3.043692837119218,2020,1978,1.975105052526263,3.501245254996757,2173,2173,1.8261067648412332,3.0597205824885507,709,43.65322990126939,96.69193150516548,621,1.8747987117552336,3.381091044367824,74,1.1335135135135137,1.273415743275852,1524,2.1722244094488192,4.483854746235201,693,1.8141269841269845,3.2349039780529494,459,70.88156862745097,117.99631993698917,807,2.4554399008674106,7.367385664041227,1681,1681,2.4649791790600832,4.717115684744934,1611,1611,2.536716325263811,5.030461692042693,12056,12725,5.204618054154392,10.02596210715362,9558,9623,2.4757077316094054,3.879881193150776,856,40.793084112149536,88.04383311112407,2129,2131,8.936854460093898,26.35699995952009,1478,14.670297699594045,32.106776411244695,33,28,0.8014754098360655,0.5830891056545551,26,0.7096153846153845,0.4244768795844777,1068,4.796910112359551,12.418627590805324,141,141,3.169787234042553,3.295077452158531,159,159,3.5011320754716984,6.729485526246777,,,,,,,,,,,,,,,,,,,,57.24999999999998,0.485,0.65,0.57,1.43,8173.299999999992,2.8,2.73,,12.13,5419.839999999991,1.07,1.13,,15138.759999999991,128975.63999999897,1.585,18049.099999999984,,1796.8999999999996,2.33,0.57,2.43,,34918.880000000005,0.57,38071.00000000005,1.2,2.03,1.2,1.43,8287.259999999977,1.1,4.550000000000001,21682.699999999983,1981.5399999999995,0.97,2.5,1164.249999999999,47486.55000000085,1359.01,9172.829999999973,42.72,47670.73000000086,,83.88000000000001,2371.0100000000016,0.67,1.0,1257.1899999999996,12.3,48.88999999999998,30950.139999999985,1.07,39729.66000000015,1113.36,893.8799999999997,1.23,2.53,5123.099999999994,7896.469999999969,7936.259999999971,3284.7699999999927,32534.639999999985,2.33,0.93,128977.47999999896,20.4,18.45,1.0,1.0,,3310.4699999999907,0.67
10573,2025-03-23 19:00:00,11866,12530,5.838563289063781,12.59229847420203,686,685,0.9061269146608316,0.6975197980332326,3891,4299,2.222411477411477,3.573437482649997,1166,1131,1.012686112320418,0.9538395536323532,454,8.188898678414096,18.39312770587732,1943,1943,11.894282038085436,34.12499252542392,,,,,9797,9790,2.787615765558789,5.6212769250817205,59,0.8050847457627119,0.6896212983884974,58,0.7313793103448276,0.6339380157774105,0,0.0,0.0,0,0.0,0.0,1349,1349,7.656478873239437,23.90339439770288,719,2.4818080667593883,6.155382511737528,3217,3077,1.7237082936129648,3.5746200175026765,1903,1.7157067787703628,1.9244813571863812,2360,2417,2.138360895959808,3.2202420236329257,2428,2428,2.076507413509061,4.270304409035312,648,52.64890432098766,112.1881112880768,382,1.3574345549738218,1.80411737195512,44,0.9634090909090908,0.7131139880253055,1562,2.020153649167734,3.846726909325936,424,1.3342688679245285,1.735726951554175,536,62.597089552238806,118.7388815585194,845,2.992272189349112,13.611281356382262,2174,2174,2.970275988960441,4.418894877517399,2043,2043,3.0831815956926087,4.782020112684025,11866,12530,5.838169781931464,12.592286805377404,9720,9729,2.7927636382333283,5.633578228667311,902,40.27478935698448,88.95794294860593,1921,1908,11.667876730216769,33.26791296618368,1370,14.834474452554744,32.047274585734044,18,19,0.8437837837837836,0.6472576301110976,16,0.59,0.2834166544153678,1020,7.634176470588235,28.84703664408753,124,131,3.161607843137255,2.471374818450617,132,161,3.3691467576791814,3.335164945028071,,,,,,,,,,,,,,,,,,,,47.5,0.55,0.815,0.67,1.43,12597.88,3.0,2.8,,12.815,3717.7600000000034,1.2,1.57,,20657.18000000006,142427.9899999988,1.33,18201.54999999997,,1784.419999999999,2.37,0.63,2.53,,36327.85999999995,0.585,44676.30000000027,1.115,1.97,1.17,1.43,12914.760000000037,1.17,4.03,20323.23000000001,2528.469999999998,0.8,2.5,518.5400000000001,54316.46000000071,1242.3000000000009,10849.02,42.42,54601.03000000073,,42.39,2326.139999999998,0.67,1.1,565.7299999999999,10.735,31.219999999999995,34116.490000000034,1.0,46221.18000000012,987.1600000000004,806.2099999999995,1.5,2.7,7786.859999999996,10214.95,10083.519999999988,3264.989999999996,33552.040000000015,2.37,0.83,142437.5899999988,12.485,9.44,1.1,1.0,,3155.479999999991,0.73
10573,2025-03-24 19:00:00,11631,11751,5.369824223761868,11.561309463873052,623,609,0.8965016233766234,0.7001849373029501,3187,3447,2.0613611697316854,4.268940147885434,973,987,0.9110765306122448,0.8737626319545877,418,5.329425837320573,13.910544506746133,1888,1888,8.71469809322034,23.998431722108776,,,,,8966,9486,2.3874761543464125,3.8602770705731295,64,0.67109375,0.5479938331869597,51,0.6754901960784313,0.6416776838132078,0,0.0,0.0,0,0.0,0.0,1374,1374,5.913558951965065,15.08681294910314,628,2.608296178343949,4.904321387851301,2515,2573,1.5107232704402516,1.922846501188132,1936,1.8502685950413225,2.3552204039106828,1648,1582,2.0727585139318885,3.526830443732188,1865,1865,2.056107238605898,4.787032905894756,609,55.207110016420366,119.7079176192823,386,1.5415544041450775,2.413973283588608,32,0.6234375,0.4953383274023422,1253,2.072657621707901,6.886317213479247,422,1.4707109004739334,2.3254422128149828,570,52.95454385964912,95.48326338629822,792,1.880378787878788,4.405606145933315,1547,1547,2.5818099547511317,5.130413424695064,1359,1359,2.6464679911699776,4.751250967788295,11632,11751,5.369446606509002,11.561149805261666,8882,9404,2.391387400196872,3.8705018728822727,978,34.72888548057259,83.62001259278523,1813,1819,8.659961453744494,23.04638341453391,1479,15.29576741041244,46.78229525247685,25,22,0.7031914893617022,0.5337028673015228,14,0.3828571428571429,0.1802945435918114,1092,6.628901098901099,17.475225946159878,124,121,3.567755102040816,4.993944359577467,154,142,3.1193243243243245,4.109061535877085,,,,,,,,,,,,,,,,,,,,42.95,0.5,0.47,0.47,1.33,7193.099999999969,2.27,2.715,,15.87,2227.7000000000003,1.1,1.3,,16250.460000000036,125553.76999999868,2.185,13675.06999999996,,1638.0099999999984,2.27,0.5,2.4850000000000003,,33964.84999999995,0.315,31452.98000000008,1.07,1.93,1.13,1.33,7988.120000000004,1.2,4.07,22622.43999999997,1489.2600000000025,0.87,2.6,595.04,43728.91000000016,1104.489999999999,7686.559999999977,34.44999999999998,44053.71000000019,,19.95,1785.7100000000016,0.7,1.07,620.64,9.73,33.050000000000004,33621.12999999999,1.07,32906.70000000011,923.3200000000002,874.1000000000003,1.3,2.7,7238.759999999987,6695.009999999987,7669.279999999982,3582.119999999991,30184.09000000001,2.27,0.8,125557.22999999869,14.0,5.36,0.97,1.0,,2597.040000000002,0.67
10574,2025-03-17 19:00:00,14712,14843,4.170596176619862,8.367686602207218,1360,1163,0.8620610384462939,0.6579350353501571,4973,4620,1.795043260710935,2.6344324390135267,1946,1741,0.9179007323026852,0.7739389092320031,1217,7.138167625308136,20.2985440583938,3615,3615,5.290323651452282,16.560309347253025,,,,,12474,11696,2.1887836160529583,2.321088534153904,202,0.7916336633663368,0.763120745189164,177,0.8694915254237287,0.8259548633968199,0,0.0,0.0,0,0.0,0.0,2432,2432,3.2214432565789477,10.300383348971067,874,2.406533180778032,5.389819668501692,3504,3444,1.4024769717904433,1.4629601988322258,3204,2.252665418227216,2.228196243834642,1864,1911,1.8317324503311256,4.436201025839813,2100,2100,1.7746333333333333,3.677542594209104,1174,24.06562180579217,46.1279584730643,1273,1.285923016496465,1.2052612929704374,280,1.2574285714285716,2.167659492048829,1809,1.6402377003869542,2.170757943329686,1498,1.3535447263017355,1.5141143422225385,662,51.30114803625378,79.45493772125974,661,1.931104387291982,5.494317363299051,1451,1451,2.020620261888353,7.395979137545466,1278,1278,1.85735524256651,6.020056895415313,14714,14843,4.170153601515716,8.367284165385765,12424,11636,2.187391105569409,2.3198533947331077,2025,16.488834567901236,43.572682563760765,3364,3433,5.17170222156834,16.943967603978564,2855,7.269015761821366,15.412731873190031,57,70,0.8249606299212598,0.7712918644600631,16,0.7693749999999999,0.5619660660351299,2448,4.091299019607843,13.917560674424005,126,121,3.694736842105264,7.191520242082781,152,149,3.746544850498339,6.879515745977416,,,,,,,,,,,,,,,,,,,,159.91,0.63,0.77,0.57,1.47,4747.39999999999,2.57,1.97,,10.185,8687.150000000005,0.93,0.9,,15669.099999999964,123257.2299999985,1.63,17219.85000000003,,2103.3099999999995,2.03,0.63,2.53,,33389.88999999996,0.7,35152.06000000014,1.03,1.47,1.1,1.47,5863.839999999991,1.53,2.97,20753.039999999997,1276.4599999999994,0.9,2.47,1636.9799999999964,52628.630000000405,2174.979999999998,9744.409999999974,153.9000000000001,52902.9000000004,,352.0799999999999,3384.2999999999915,0.67,0.885,2027.6099999999983,5.87,104.76999999999998,28253.040000000023,1.03,38249.04000000014,1127.7099999999994,912.5999999999996,0.87,1.77,10015.500000000013,6914.789999999985,7453.4599999999555,7217.539999999996,33961.36000000001,2.03,0.93,123261.9699999985,18.535,12.310000000000002,0.83,0.97,,2967.190000000004,0.7
10574,2025-03-18 19:00:00,11943,12282,4.26971640866873,7.195403538410245,1122,930,0.8380701754385965,0.6152581345040945,4253,3893,1.8343714706604468,2.511737577989338,1562,1407,0.8942809026608285,0.7434570758421754,826,5.974866828087166,14.7990687258272,2970,2970,5.065053872053872,10.70074350041829,,,,,10165,9058,2.0785772251989805,2.243618956115734,153,0.8015686274509803,0.6782610576199529,142,0.8274647887323944,0.7227144027311869,0,0.0,0.0,0,0.0,0.0,2061,2061,3.7741145075206206,8.151498765545217,629,2.0934658187599364,4.20308336447238,3046,2921,1.3613591419473772,1.4115064792157024,2448,1.8134150326797385,1.7349587319599518,1613,1583,1.731210888610763,2.6938156247424803,1791,1791,1.965963149078727,3.4026154187919797,773,33.778279430789134,64.39762157841582,766,1.2588381201044383,1.3546927748625788,101,1.847920792079208,7.639602954385575,1504,1.8927859042553192,2.9111269509205155,862,1.3595939675174011,2.923036465479877,534,52.07925093632959,80.4465788047352,750,2.21856,4.0695411116897855,1129,1129,1.7244464127546502,2.4803830311882336,1022,1022,1.5030626223091978,2.239109087312342,11944,12282,4.26936060430942,7.195364094991749,10136,9022,2.077559766155131,2.241691730675947,1295,22.285861003861005,52.74118201921312,2836,2855,4.886773853452819,10.76988998902366,2117,8.423349078885215,19.88188690738696,32,41,0.6782191780821918,0.5775250512641686,12,0.6583333333333333,0.2913140725898577,2190,3.820356164383562,10.258880744005278,123,102,3.281955555555556,2.9501329081589645,150,151,3.578504983388705,3.3175933053459343,,,,,,,,,,,,,,,,,,,,122.63999999999992,0.6,0.7,0.6,1.37,3072.2599999999893,2.23,2.33,,13.2,4935.239999999997,0.97,0.83,,15556.90000000005,103429.52999999876,1.73,14942.78999999999,,1316.7899999999995,2.13,0.43,2.63,,28860.19000000001,0.72,27810.63,1.03,1.73,1.13,1.37,3893.799999999984,1.3,3.5,17832.22999999997,1663.9200000000017,0.87,2.47,964.2699999999992,39801.890000000414,1719.7200000000012,8123.229999999951,117.5,39956.49000000044,,186.64,2655.119999999992,0.67,0.97,1171.969999999998,7.77,49.50999999999999,26110.61,0.97,30086.41999999999,1077.13,738.4400000000003,0.93,2.13,8366.580000000005,5532.94999999999,7042.079999999952,4439.2399999999925,27810.32,2.13,0.87,103433.87999999874,21.67,7.9,0.97,0.93,,2846.7500000000014,0.67
10574,2025-03-19 19:00:00,14370,15232,4.404257482602527,11.450975130592097,1442,1302,0.860222303206997,0.600717308224531,5705,5430,1.8980844185002244,3.630627972374689,1985,1888,0.9257784663051898,0.7989294537822847,1181,5.576579170194751,10.513154309282108,3696,3696,5.9581926406926415,18.464905285400743,,,,,13278,11973,2.2564555859173896,3.723929360525048,142,0.7833802816901407,0.6922100626824157,133,0.8101503759398496,0.7083773525654798,0,0.0,0.0,0,0.0,0.0,2522,2522,4.12195479777954,15.84815270611096,607,3.9302635914332784,19.57270677097016,4299,4218,1.3894023717271338,1.4271586402497805,2820,1.7912375886524825,1.7649794747782517,2358,2310,1.5991045415595542,2.614375526821028,2664,2664,1.816674174174174,3.019238061732978,1140,27.35972807017544,56.70285115990991,788,1.4343274111675126,2.394326135694752,174,1.1806321839080458,1.2970515424576552,2050,1.7354146341463417,2.4065982973200764,956,1.4303661087866109,2.2603029964672507,647,53.4479598145286,82.82722850751682,784,1.9794260204081635,4.623647436215805,1873,1873,2.0880993059263213,4.181121277603583,1611,1611,2.088168839230292,3.890699545517756,14370,15232,4.404254104452402,11.450976267635353,13221,11938,2.255624627369927,3.7268435431317934,1612,21.676426799007444,51.11245718550348,3495,3489,5.869758018327606,18.83305607515349,2459,7.963826758845059,19.34265344385208,43,55,0.8110204081632654,0.6603531674081347,21,1.0704761904761906,1.3699164944674762,2958,4.0298580121703855,11.730645592824985,128,157,3.222491228070176,3.817672815159421,179,175,2.957259887005649,2.015565167331034,,,,,,,,,,,,,,,,,,,,111.24000000000004,0.63,0.73,0.6,1.4,6728.079999999993,2.47,2.37,,11.0,6585.939999999995,0.93,0.93,,20791.140000000083,130374.72999999912,1.83,21135.170000000064,,2385.669999999998,2.07,0.515,2.5,,34942.400000000016,0.77,40994.39000000016,1.03,1.7,1.13,1.4,7822.019999999965,1.27,3.17,19583.050000000057,1551.87,0.97,2.47,1130.2499999999998,56749.260000001006,2360.449999999997,11833.54,107.75,56977.76000000103,,205.4300000000001,3585.5399999999813,0.7,1.0,1367.43,7.984999999999999,79.47999999999998,31190.090000000004,1.07,44042.96000000009,1046.8699999999994,918.4099999999992,1.03,2.23,11920.319999999992,7464.619999999998,9679.239999999998,5051.289999999991,34580.83,2.07,0.97,130374.82999999911,23.3,22.48,0.97,0.97,,3557.599999999993,0.7
10574,2025-03-20 19:00:00,15029,15104,4.790370026217103,10.11404240322591,1296,1275,0.8163438350836251,0.5812719030723539,4900,4744,1.7230858564910827,1.9603391887781028,2015,1896,0.9147507031449758,0.8049625123976423,951,8.914384858044164,28.310297993238688,3769,3769,5.556442027062882,13.616084436044138,,,,,12063,11681,2.0708056772237198,2.3448645722453296,191,0.9497905759162304,1.028218078461246,179,0.9565363128491622,1.0678481796186647,0,0.0,0.0,0,0.0,0.0,2628,2628,4.010239726027398,8.740900181190668,730,3.2047945205479453,8.109644994947656,3865,3880,1.3393053582956749,1.3333768207102752,2644,1.7128328290468984,1.7262451142419464,1934,2021,1.94519595448799,4.973113998060776,2290,2290,1.966393013100437,6.02423256473489,956,33.11293933054393,71.12181388353495,817,1.328200734394125,1.4746881316999518,124,1.077016129032258,1.2675942287546564,1817,1.555685195376995,1.7780229898124098,929,1.3457481162540366,1.521884668458672,643,56.17468118195955,94.56566107280328,868,1.548721198156682,2.9227702676530884,1582,1582,2.024506953223767,3.529591822830561,1411,1411,1.6919560595322465,4.050869537796001,15028,15104,4.790460307978229,10.11417714144314,12040,11634,2.0681731012925577,2.3430633891832287,1393,27.13033022254128,63.37442207151754,3586,3583,5.482290417073511,13.855054800810308,2444,9.275249590834695,20.43293595512439,17,26,0.7593023255813953,0.5500798899645659,33,1.0318181818181815,1.1549247766280806,2442,3.942137592137593,8.398558148205167,139,153,3.348664383561644,3.712480237994351,160,153,3.81776357827476,8.544986317399932,,,,,,,,,,,,,,,,,,,,181.40999999999997,0.63,0.65,0.67,1.33,4774.699999999979,2.4,2.3,,13.2,8477.579999999996,0.93,0.9,,21077.82000000004,144346.14999999938,1.6,16617.43999999997,,2339.499999999999,2.2,0.63,2.53,,37792.54999999999,0.7,39302.54000000015,0.97,1.73,1.1,1.33,6405.539999999957,1.2,3.4,22668.709999999992,1344.289999999999,0.93,2.6,1085.1400000000003,48961.9300000007,2098.82,10372.919999999976,171.22000000000006,49169.21000000073,,133.55000000000007,3577.5899999999874,0.67,1.0,1250.199999999999,8.57,32.64999999999999,31655.97000000001,1.1,41884.46000000024,1194.96,977.81,1.03,2.17,9626.69999999998,7693.249999999975,9006.079999999976,4528.729999999985,36120.32000000005,2.2,0.93,144348.2199999994,20.3,34.05,0.83,0.93,,2826.679999999996,0.67
10574,2025-03-21 19:00:00,11656,11842,5.508933951825687,13.432912246559164,735,611,0.909554234769688,0.670124587860143,3505,3302,1.918054943440576,2.644067082564601,1107,927,0.9086578171091444,0.7601425744238218,751,6.729107856191743,16.541101425072803,1973,1973,6.7696452103395846,20.553404394665804,,,,,8977,7829,2.479677496132333,4.809086415684202,82,0.830731707317073,1.1957024473727498,78,0.8361538461538464,1.2361615847092355,0,0.0,0.0,0,0.0,0.0,1434,1434,4.885202231520223,14.777697206331013,784,4.272168367346939,36.92966109392921,2371,2312,1.4835767670296818,1.6704510477075214,2300,1.6767173913043478,1.806585936571876,1497,1439,1.853542234332425,2.757439007057827,1477,1477,1.911882193635748,3.4037860524014247,798,38.507781954887214,82.67041021751014,611,1.4431423895253683,2.8953307878180783,115,1.1124347826086958,0.9785682454300688,1276,1.8469827586206895,3.0898462850979262,714,1.4360504201680675,2.734371291833548,545,56.23702752293579,106.60881597007128,631,2.7576703645007927,10.21027260559501,1156,1156,2.47401384083045,4.002200776037047,1133,1133,2.3932127096204767,3.781447780030197,11654,11841,5.509397744200894,13.433705162365404,8933,7784,2.4803726745229406,4.813060578390622,1059,31.987554296506136,74.08893571281241,1874,1872,6.691214628937534,20.524965089640872,1553,15.537546683837732,45.21583768363276,36,36,0.6240277777777777,0.5097212193450625,13,0.3892307692307692,0.1528428825479359,1218,6.337339901477832,18.87067505841614,74,72,2.917328767123288,2.6366485293369397,95,93,2.969468085106383,2.084850046662001,,,,,,,,,,,,,,,,,,,,68.11999999999999,0.57,0.8,0.57,1.4,5423.02,2.7,2.37,,11.65,5053.559999999993,1.015,1.17,,14010.76,129443.2999999997,1.83,13056.199999999946,,3349.3799999999983,2.27,0.415,2.5,,33874.82000000006,0.37,25065.29000000013,1.07,1.7,1.13,1.4,5719.919999999983,1.13,4.33,24129.809999999987,1740.089999999999,0.87,2.43,881.7600000000001,41464.39000000022,1224.2599999999986,6947.589999999948,65.21999999999998,41673.46000000023,,127.93000000000004,1848.210000000001,0.73,0.93,1025.34,8.97,44.92999999999999,30729.210000000043,1.03,26713.02000000009,558.26,425.9300000000002,1.13,2.17,7718.879999999999,5441.999999999978,5647.69999999997,3856.449999999968,30649.18,2.27,0.9,129448.9299999997,13.8,5.0600000000000005,1.03,1.0,,2356.750000000006,0.7
10574,2025-03-22 19:00:00,12386,13099,4.909758681577398,8.892856124201503,969,743,0.8680490654205607,0.6453056961764851,4116,3898,2.0592887446967807,3.014243103273315,1387,1134,0.9615033716779056,0.8841092623153304,948,7.138924050632912,16.08741689602892,2329,2329,7.429712322885358,19.989661160978294,,,,,11060,9104,2.36426651458044,3.2381400011607235,101,0.6519801980198021,0.5034436261950254,83,0.7178313253012049,0.5874183833444563,0,0.0,0.0,0,0.0,0.0,1622,1622,4.722977805178791,11.589217795986576,648,2.281466049382716,3.9793139699811153,3039,2904,1.4391166077738513,1.5992604751378623,2708,1.7403655834564251,1.7262600495058908,1847,1812,1.783172998086909,2.6716400440817902,2054,2054,1.911601752677702,3.8701671895525935,884,33.5172850678733,60.72070020659651,708,1.4372457627118644,2.6044108416791807,116,1.0733620689655174,0.9680107080890324,1461,1.8799794661190965,3.219953266948231,820,1.4155365853658537,2.460077349543034,505,63.101504950495055,88.80479741808884,854,2.133430913348946,6.414925534296295,1532,1532,2.3347845953002606,3.649086765552488,1414,1414,2.308437057991513,3.8357076550384943,12385,13098,4.910003924184751,8.893149133065707,11021,9078,2.363315587840191,3.2353264615434307,1159,29.584227782571183,54.53763521119672,2210,2211,7.45846641031441,20.073625170994923,1806,12.474772978959026,27.69488622390614,20,24,0.6861363636363635,0.5984875479417449,8,0.58875,0.2649262869177009,1374,10.295327510917032,31.50709999005885,127,119,3.12520325203252,2.68262577640818,153,145,3.494295302013423,4.682591529225589,,,,,,,,,,,,,,,,,,,,65.84999999999998,0.53,0.715,0.5,1.4,6528.25999999999,2.685,2.5,,11.87,6767.699999999996,1.07,1.115,,15321.340000000007,125121.62999999856,1.67,16503.139999999974,,1478.39,2.27,0.415,2.73,,34288.12000000006,0.62,32973.88000000007,1.03,1.97,1.2,1.4,7153.779999999966,1.23,4.285,22529.440000000024,1821.9500000000005,0.87,2.57,1017.5700000000018,47500.28000000068,1486.1000000000024,8552.66999999998,59.580000000000005,47673.07000000062,,124.51000000000002,2423.949999999996,0.7,0.97,1160.7400000000011,10.97,30.189999999999998,29629.280000000013,1.0,34607.60000000006,1041.2999999999995,768.8000000000001,1.17,2.37,14145.78,6524.629999999972,7852.859999999977,4712.909999999985,31866.260000000028,2.27,0.9,125125.19999999856,23.57,4.71,0.97,0.97,,2746.6500000000024,0.7
10574,2025-03-23 19:00:00,12903,12613,5.437869572033235,11.43771142045562,862,704,0.8643869731800767,0.6931486277208321,4194,3480,2.008922335157675,3.166209004712252,1292,1212,0.9537220447284344,0.8791610123749598,608,7.834638157894738,17.318033759353945,2182,2182,8.919165902841431,23.970654449548565,,,,,10550,9387,2.6259978933640973,5.170075750012499,79,1.0118987341772154,1.4468998512746662,73,0.9806849315068492,1.5155670115456028,0,0.0,0.0,0,0.0,0.0,1512,1512,5.214325396825396,12.575069211836436,746,2.8024798927613936,7.635551453228771,3021,2956,1.4843985276894762,1.8321148569451529,2744,1.8281450437317783,2.6627099937905907,1984,1986,1.9508362720403023,2.8786594549942714,2000,2000,1.87996,3.9043081587395223,821,40.88652862362972,80.57395534331776,611,1.3781505728314238,2.694948784815382,82,0.984390243902439,0.8905521684791224,1273,1.7500942655145326,2.4517286315070765,695,1.3496978417266186,2.5536268569483123,610,52.80995081967213,98.9529763375673,789,1.821318124207858,3.2589606663831843,1791,1791,2.4953266331658286,3.663364676137754,1686,1686,2.6074851720047447,3.87231021995636,12904,12613,5.437469138221577,11.43752720270586,10486,9318,2.629440012118764,5.179696129506846,1208,30.161713576158945,64.93376711222635,2080,2085,8.939603841536615,23.66203034016838,1732,13.706824480369516,34.49730876251115,13,14,0.5637037037037037,0.6019422154385115,22,0.6827272727272727,0.4700114294372562,906,12.86543046357616,30.35287537215786,123,125,2.9851612903225804,2.3257392109200974,132,140,3.216470588235294,2.4612459570103216,,,,,,,,,,,,,,,,,,,,79.94,0.6,0.7,0.67,1.4,8792.439999999968,3.05,2.45,,12.27,4763.46,1.07,1.33,,15768.12000000004,138747.89999999886,2.9,15416.470000000045,,2090.650000000002,2.27,0.4,2.7,,36435.34999999998,0.6,37233.45000000005,1.03,1.93,1.13,1.4,8938.260000000007,1.13,4.37,23740.22000000005,1437.0199999999995,0.8,2.37,842.0499999999998,52073.430000000895,1353.6300000000006,8872.249999999907,71.58999999999999,52354.52000000097,,80.72,2388.119999999999,0.67,1.0,938.04,9.4,15.219999999999995,33567.84000000003,1.0,38923.24000000007,874.8799999999998,740.32,1.3,2.4,11656.08,7744.819999999973,7519.839999999997,5016.429999999981,32214.07000000002,2.27,0.8,138752.67999999886,10.415,15.019999999999998,0.93,0.97,,2227.869999999998,0.7
10574,2025-03-24 19:00:00,11811,11823,5.045919438097656,10.101995775790224,776,726,0.9268575233022636,0.7088793727096687,3444,2994,1.8614367816091957,2.5606421635609022,1204,1111,0.9394989200863932,0.8466955253417978,566,4.656077738515901,9.229941396605367,2224,2224,6.767594424460432,19.13433337439877,,,,,10602,8816,2.300244103409208,3.404404226127132,76,0.7655263157894737,0.7950246516152191,72,0.7522222222222221,0.7739423288560082,0,0.0,0.0,0,0.0,0.0,1675,1675,4.3041552238805965,9.137290263583628,642,3.706791277258567,11.408921851068438,2668,2601,1.4385215410893908,1.4967945114825567,2789,1.824234492649696,2.1742539668056,1548,1522,1.8786058631921825,2.526366062765382,1757,1757,1.7267444507683551,3.014364300035519,860,36.92022093023256,68.74039726304629,566,1.3671554770318022,4.490798271707341,49,0.749591836734694,0.6223915664388274,1184,1.6496537162162164,2.2624542996025894,613,1.3420717781402938,4.324130530307221,591,49.56714043993232,88.25949826480375,866,1.972806004618938,3.5021511504517613,1424,1424,2.167191011235955,3.4498457427699525,1217,1217,2.2704601479046835,3.166198992132224,11811,11822,5.046066940295351,10.102172899153665,10521,8741,2.3008586854947564,3.4077932924314087,1223,26.444807849550287,53.24126202135915,2115,2132,6.693998116317401,18.77981492020118,1815,12.08842424242424,30.068584182867127,18,25,0.6474418604651163,0.4478999733809751,18,0.7038888888888889,0.4436983320641888,966,8.56217391304348,20.48578303248929,110,137,3.745627530364372,5.206360512718254,128,141,3.445836431226766,4.743282762347174,,,,,,,,,,,,,,,,,,,,58.17999999999997,0.53,0.53,0.485,1.33,5526.300000000014,2.15,2.45,,10.165,2635.340000000001,1.03,1.1,,14418.919999999986,119253.69999999931,2.3,11983.929999999982,,2379.7599999999966,2.23,0.47,2.53,,32342.0,0.565,28429.41000000003,1.015,1.83,1.1,1.33,6172.159999999984,1.23,3.87,21940.49000000004,1708.4500000000028,0.73,2.57,773.8100000000007,44319.14000000076,1392.1399999999974,7579.569999999969,54.15999999999998,44666.14000000079,,36.73,2174.940000000002,0.73,0.97,822.6900000000006,8.83,27.840000000000003,31751.39000000001,1.0,30102.259999999984,926.9300000000007,925.1699999999996,1.2,2.37,8271.059999999996,5767.319999999979,6067.779999999987,5087.789999999992,29294.180000000008,2.23,0.73,119255.25999999933,12.63,12.67,0.93,1.0,,1953.1899999999969,0.67
10575,2025-03-17 19:00:00,14427,14391,4.383574849052675,8.544453175724247,1146,1249,0.8846722338204592,0.6908678448150516,4741,4782,1.8446707970177467,2.7338887600025963,1650,1971,0.9329080364540182,0.8028766078194296,940,9.14477659574468,39.36785361629899,3392,3392,5.654227594339623,16.99696724800647,,,,,11095,12117,2.19440375667758,2.314933311145379,156,0.7423076923076923,0.5962186896083218,144,0.7201388888888888,0.5534010828392499,0,0.0,0.0,0,0.0,0.0,2359,2359,3.588143281051293,10.665460845737462,935,2.6784064171123,5.280826698119698,3321,3505,1.424408145326692,1.4962974451543698,2606,2.1427897160399083,2.8540753683592346,1925,1865,1.7912585751978891,4.271628871765347,2150,2150,1.892427906976744,4.6388369395549285,913,32.316254107338445,63.71696333158305,896,1.3375781249999998,2.031536090987746,214,1.1512616822429906,1.4134341412705862,1762,1.959699205448354,4.240283192828,1104,1.3273007246376811,1.9608209045472813,579,61.04421416234887,103.06907581063513,522,2.0653065134099617,5.61930948447358,1474,1474,2.382496607869742,9.590684280829366,1379,1379,1.853205221174764,5.688777830724311,14429,14391,4.383098889659958,8.544190374644035,11045,12062,2.191637166226685,2.3091689228395325,1441,24.5775225537821,68.0431478032941,3225,3199,5.505842154420922,17.34019037700282,2401,9.190828821324448,22.390681531156517,93,47,0.8597857142857143,0.7504260388578733,20,0.7925,0.4875538431804224,2382,3.970680100755668,11.471161663724242,129,111,4.0298750000000005,5.611814656096101,147,146,4.394982935153584,7.727119108025085,,,,,,,,,,,,,,,,,,,,115.8,0.6,0.67,0.6,1.43,5111.140000000001,2.97,2.13,,11.2,8596.090000000011,0.93,0.93,,16928.859999999982,126320.90999999792,1.6,17566.800000000054,,2504.3100000000013,2.1,0.63,2.73,,35416.21,0.63,35369.53000000007,1.1,1.53,1.1,1.43,7023.599999999991,1.47,3.3,22067.17999999997,1078.09,0.9,2.45,1198.47,50642.16000000031,2118.7900000000022,9723.009999999997,103.70000000000005,50936.500000000335,,246.37,3378.0599999999854,0.67,0.9,1465.3399999999997,6.67,120.37,29504.740000000013,1.1,38358.28000000018,1287.73,967.1699999999996,1.0,1.97,9458.159999999978,6788.869999999976,8137.439999999961,5584.10999999999,35344.59999999996,2.1,0.87,126325.8599999979,19.7,15.849999999999996,0.83,0.97,,3452.989999999996,0.7
10575,2025-03-18 19:00:00,12082,11606,4.511237757514353,8.127463696587709,896,1020,0.819044885177453,0.6038440500793384,3960,4355,1.8197474443776307,2.457070357312894,1362,1446,0.9077172364672365,0.7680873745327281,731,13.594733242134064,67.51571634659155,2753,2753,5.69838721394842,13.597784269079146,,,,,8715,9606,2.0783483434310357,2.275549745160083,144,0.8326388888888888,0.831253225650476,127,0.8767716535433072,0.943600811341842,0,0.0,0.0,0,0.0,0.0,1950,1950,4.294564102564103,10.040283870220444,783,2.480038314176245,9.0006883161545,2752,2851,1.3853614135284669,1.3904484568453457,1991,1.922546459065796,2.9488250466801085,1524,1558,1.7271122647631407,3.2398361962560984,1755,1755,2.119116809116809,3.917480754169713,744,35.74337365591398,78.20309557364875,548,1.199051094890511,1.323147311378552,126,1.351349206349206,1.9552531412348872,1542,1.94333981841764,3.5495140695114347,668,1.2557934131736528,1.4965426620573874,530,57.01401886792453,95.20632785315618,461,8.392125813449024,40.11064068463226,1131,1131,1.780716180371353,3.1891734569547263,1059,1059,1.513021718602455,2.170599480842272,12082,11607,4.510995398708261,8.127357138652432,8699,9561,2.0774414019715226,2.274454506081732,1000,34.740660000000005,104.97796957535614,2665,2649,5.527457659013925,13.722873298003678,1855,12.410345013477093,64.78691293497297,41,30,0.6443661971830985,0.5571828849741114,44,0.8009090909090909,0.517005443007299,2238,3.41308310991957,5.167259673363313,104,116,3.2925454545454547,3.856638417624541,159,163,3.4838198757763976,3.489840179273549,,,,,,,,,,,,,,,,,,,,119.90000000000002,0.6,0.715,0.6,1.37,3204.579999999988,2.97,2.6,,11.62,9937.750000000004,0.93,0.83,,16748.80000000001,106860.9699999987,1.67,15131.199999999992,,1941.8699999999976,2.2,0.43,2.715,,34740.66,0.67,29372.9100000001,1.1,1.9,1.13,1.37,4027.979999999988,1.17,3.67,23021.190000000017,3868.769999999999,0.8,2.5,657.0800000000004,37934.080000000446,1569.2899999999984,7762.179999999975,111.34999999999998,38077.42000000042,,170.27000000000004,2548.869999999994,0.63,1.03,838.8700000000003,8.75,45.74999999999999,26593.07000000001,0.97,31375.32000000007,1121.7899999999995,724.3600000000006,0.97,2.4,7638.480000000002,5322.959999999987,7438.09999999997,3827.789999999995,30217.43,2.2,0.8,106862.19999999867,17.78,35.239999999999995,0.83,0.97,,2996.629999999999,0.67
10575,2025-03-19 19:00:00,14526,14237,4.671267253068177,12.25686898500595,1397,1265,0.8648309541697973,0.6158327615565587,5583,5749,1.875935404165196,2.40240451572498,1973,1968,0.909441766049226,0.8000149979381544,956,5.751087866108787,11.193520263423704,3608,3608,6.139542682926829,16.584649917939696,,,,,11963,12646,2.2729728960949247,3.605244234867888,164,0.6517073170731708,0.4825435779083654,158,0.649493670886076,0.4686876337831073,0,0.0,0.0,0,0.0,0.0,2390,2390,4.243543933054394,11.660908414681993,785,3.5188407643312103,20.15530625538916,4293,4338,1.3987290001158614,1.431102594255013,2443,1.66101514531314,1.924355486135528,2447,2349,1.6801459549624689,2.418538014066792,2687,2687,1.7810122813546707,3.564482049864885,930,36.19222580645162,94.7996510558694,784,2.0775,6.789128624093802,127,1.0308661417322835,1.1779984516800963,2177,1.850946256316031,2.7052756307387926,902,1.9669955654102,6.35481896846256,542,64.45083025830257,87.71551055188068,690,2.815507246376812,13.8447671207124,1949,1949,2.040790148794253,3.148014529227792,1760,1760,2.1417500000000005,3.548155731727528,14526,14237,4.671163995410771,12.256874712115431,11938,12615,2.270380401580255,3.606245784848272,1171,31.663398804440646,85.78179332163852,3469,3473,5.959582252953039,16.614959795102553,2106,10.279472934472937,48.65767128607122,75,43,0.6538983050847458,0.5481572116110442,17,0.6647058823529413,0.657277071552726,2910,3.337731958762886,7.862805237076341,164,139,2.9868316831683166,3.2200633198045394,190,195,3.041064935064935,6.5035703407898655,,,,,,,,,,,,,,,,,,,,106.87999999999994,0.53,0.6,0.5,1.43,7538.959999999987,2.67,2.43,,12.385,5498.04,1.0,1.0,,20284.140000000032,134356.68999999898,1.43,21258.100000000064,,2762.2899999999977,2.2,0.47,2.4,,37077.83999999995,0.43,41371.4200000001,1.1,1.77,1.13,1.4,7954.999999999947,1.13,3.43,21648.57,1942.7000000000005,0.97,2.43,1628.7599999999982,55744.65000000073,2302.1799999999944,12072.430000000022,102.62000000000003,55935.59000000073,,130.92000000000004,3584.109999999987,0.7,0.97,1774.229999999999,10.67,77.16,33658.76999999994,1.0,44302.94000000017,1170.8099999999995,905.0100000000002,1.1,2.27,9712.800000000014,8057.979999999992,9571.159999999993,4057.8599999999856,34932.35000000003,2.2,0.9,134359.659999999,24.37,11.3,0.93,0.93,,4029.5100000000034,0.67
10575,2025-03-20 19:00:00,15225,14934,4.850581915846017,10.689060378745928,1166,1289,0.8133441955193482,0.5768799584119977,4855,4744,1.7640150015626626,2.164460304899239,1786,1962,0.9319583778014944,0.940378228577204,820,10.059219512195124,32.53086309990845,3540,3540,5.556624293785311,13.646609073239691,,,,,11485,12080,2.0588330150647143,2.3158172408952846,169,0.8582840236686391,0.7616138360789456,162,0.8621604938271604,0.8853510980590265,0,0.0,0.0,0,0.0,0.0,2481,2481,4.047138250705361,9.818124153986624,704,3.0807670454545457,7.7710156213098225,3708,3814,1.3968120180802976,1.375314218149119,2360,1.6659449152542374,1.832386155369386,1953,1893,1.8171138845553825,4.024917313069414,2278,2278,2.048094820017559,6.354646946144904,829,40.25550060313631,81.89104302084151,726,1.315358126721763,1.4379971804662894,112,1.401517857142857,1.4645661289643748,1796,1.7053953229398666,1.946749334890273,830,1.358867469879518,1.4625540193593536,526,72.58768060836503,120.73401845267426,676,1.650991124260355,3.602729988048664,1524,1524,2.139639107611549,4.546255338123396,1412,1412,1.6995679886685553,4.4643763888600985,15225,14934,4.850274213335986,10.689100385549962,11456,12052,2.056650076569678,2.315452325074399,1079,36.643568118628366,88.1958017435781,3373,3365,5.477267735233007,13.825209063139267,2207,11.56747621205256,29.876929755257475,32,20,0.8523076923076923,0.6312826240910564,23,0.8526086956521739,0.7459410012297822,2700,5.156955555555555,19.344833816759056,140,125,3.591547169811321,4.167554400573228,172,153,3.927753846153846,8.766004064708458,,,,,,,,,,,,,,,,,,,,145.04999999999995,0.6,0.885,0.63,1.33,4799.579999999973,2.7,2.43,,14.8,8248.56,0.93,0.87,,20081.900000000005,146279.41999999783,1.815,16932.779999999915,,2168.8599999999965,2.2,0.65,2.47,,39538.41000000002,0.57,36905.83000000014,1.07,1.8,1.13,1.33,6521.619999999974,1.13,3.83,25529.42,1116.0699999999993,0.87,2.57,954.9500000000002,48347.730000001146,1996.76,10506.819999999936,139.67000000000013,48516.40000000114,,156.97000000000008,3492.9799999999914,0.67,1.0,1127.86,11.33,44.32,33371.81,1.1,39340.90000000011,1276.5200000000011,951.76,1.07,2.33,13923.779999999986,6988.61999999996,9331.119999999975,3931.629999999994,38181.11999999999,2.2,0.9,146288.69999999783,27.37,19.61,0.8,0.97,,3062.8899999999994,0.7
10575,2025-03-21 19:00:00,11766,11197,5.981579932935593,14.00774552114664,596,657,0.9062889066241024,0.6888213810449545,3420,3150,1.9565175038051748,3.2548363200618504,915,1041,0.9225971370143148,0.7868846986108947,588,5.731224489795919,10.021041546201312,1761,1761,8.056768881317433,23.452015501239494,,,,,7507,8459,2.609688713516222,5.544864050081945,70,0.7632857142857143,0.521587470896223,64,0.80640625,0.5657416790912063,0,0.0,0.0,0,0.0,0.0,1307,1307,6.279892884468247,20.278797257188767,812,3.663743842364532,9.116028514935778,2082,2261,1.5237232327883952,1.9774357516272048,1697,1.7294225103123158,1.9643838797806497,1470,1439,2.1649054657958064,4.1620102377721775,1444,1444,1.9963573407202213,5.086138748417358,607,59.47523887973641,131.6820569595861,621,2.3562479871175523,6.425631764375595,67,1.444179104477612,2.5347337281062083,1204,1.9582059800664453,3.738194276554733,685,2.287693430656934,6.174730769936266,386,89.16331606217616,144.9102029590954,487,2.173388090349076,5.339438809088253,1180,1180,2.4840677966101694,3.688642540557948,1153,1153,2.7799306157849086,5.213885490040201,11764,11197,5.981482949348897,14.008288394673254,7479,8420,2.6090301276809864,5.548498710669066,755,50.48582781456954,120.80410698666051,1712,1702,7.8289308728763904,23.249646781259607,1291,21.24632068164214,52.83297485114205,49,47,0.7832291666666666,0.5646541987352132,12,0.6033333333333334,0.3265050620672757,1398,6.69137339055794,27.1157719621058,96,85,2.8762983425414363,2.066733643987687,102,93,3.1580512820512823,2.205807787947569,,,,,,,,,,,,,,,,,,,,53.43,0.7,0.73,0.63,1.43,6410.520000000001,2.585,2.53,,13.47,3369.960000000003,1.1,1.2,,16415.639999999978,137340.82999999978,1.47,12854.319999999929,,2974.96,2.33,0.615,2.53,,38116.80000000002,0.55,26727.97000000004,1.115,1.93,1.1,1.43,5862.399999999995,1.13,4.57,27429.0,1058.4400000000005,0.97,2.4,1463.2300000000016,41480.970000000205,1135.5799999999997,6617.529999999947,51.61000000000001,41666.290000000205,,96.76,1804.6000000000015,0.7,1.03,1567.070000000002,10.17,75.19000000000003,36101.46999999999,1.215,28375.94000000005,615.8200000000006,520.6099999999999,1.25,2.3,9354.540000000005,6297.709999999999,5765.479999999975,2934.829999999991,34417.039999999986,2.33,0.97,137355.0199999998,26.365,7.24,0.93,0.97,,2357.679999999999,0.7
10575,2025-03-22 19:00:00,12429,11917,5.31365152386429,10.084429543708929,690,755,0.8757785467128028,0.6570163497436071,3986,3812,2.1952551936393947,4.901981861039584,1095,1186,0.9718412976764575,0.8968634678871599,664,9.408463855421688,23.824393474913244,1985,1985,9.252715365239297,25.643740704349867,,,,,9026,10007,2.419535543529659,3.5223529491875123,70,0.679142857142857,0.3944534839754976,57,0.7452631578947367,0.4898875820314536,0,0.0,0.0,0,0.0,0.0,1390,1390,4.722834532374101,10.253514317067992,759,2.504466403162056,6.308523873587822,2727,2824,1.5118897495946677,1.7528963949153664,1874,1.5792582710779082,1.5736995730813197,1940,1858,1.8173038441284888,2.651561036904226,2030,2030,1.8725024630541875,3.7674012477202345,656,47.27585365853658,108.28158042639164,586,2.1945221843003413,3.993742314260655,72,1.213888888888889,1.492310434225656,1413,2.1372823779193206,4.774320371173664,657,2.103652968036529,3.8139054702346007,459,71.37684095860567,113.2006075924573,609,3.088949096880131,13.437179600330213,1591,1591,2.4873790069138906,5.021439989345574,1481,1481,2.439216745442269,3.885827456873848,12428,11916,5.313922116332567,10.084802782920685,9008,9990,2.416064848931467,3.5197918395186023,750,47.56856,91.6636744382768,1907,1910,9.229887346083313,25.518204698565143,1353,17.695572801182557,43.42388689736334,32,32,0.7229687499999999,0.4852759514167558,15,0.7040000000000002,0.7182831382307863,1722,4.414355400696865,8.776059026746443,112,113,3.2156,3.53940468566239,123,124,3.5617004048582994,6.6940441489534175,,,,,,,,,,,,,,,,,,,,47.53999999999998,0.67,0.685,0.585,1.4,7224.959999999988,2.85,2.63,,10.885000000000002,6247.219999999996,1.07,1.27,,13129.479999999989,129362.11999999869,1.77,17118.60000000001,,1900.8900000000003,2.37,0.55,2.43,,35676.419999999984,0.47,35230.48000000014,1.07,1.93,1.2,1.4,7914.839999999961,1.1,5.13,23942.10999999998,1881.1699999999996,0.985,2.5,1285.9900000000007,45900.40000000062,1265.500000000003,8392.499999999976,42.47999999999998,46051.02000000066,,87.39999999999999,2216.7699999999963,0.7,1.0,1382.1,13.77,46.269999999999975,31012.960000000032,1.0,36733.28000000012,879.7400000000004,723.5100000000009,1.2,2.47,7601.519999999999,6902.119999999976,7602.359999999982,2959.529999999997,32761.97000000002,2.37,0.97,129366.15999999868,19.37,10.560000000000002,1.0,0.97,,3019.9799999999955,0.67
10575,2025-03-23 19:00:00,12068,12539,5.82127199577356,12.71543248806974,635,684,0.8829112964366944,0.6840375499126012,3840,4325,2.2178285364360075,3.554789622330196,1107,1169,0.944059753954306,0.8125205115360001,454,9.29328193832599,25.041859475945905,1956,1956,11.101027607361964,30.323766880945936,,,,,9997,9794,2.73298014248901,5.641983487054212,61,0.7940983606557379,0.7604795231163557,48,0.8152083333333332,0.8135441741318592,0,0.0,0.0,0,0.0,0.0,1393,1393,6.555829145728644,19.780234815390852,651,3.573640552995392,12.836849168600644,3016,3062,1.6392793682132285,3.504644233249741,1973,1.7348200709579322,1.8218995368890596,2330,2154,2.172390722569135,3.2571700696311368,2265,2265,2.083916114790287,3.7161002229670097,605,54.78557024793389,113.26211369309924,596,1.7128859060402684,3.536141309792568,55,1.0601818181818183,1.0037973191094105,1532,2.06565274151436,3.478199003451352,653,1.663690658499234,3.401790314498792,483,68.71575569358178,118.44344503447162,738,2.2695121951219512,5.581191559160192,1977,1977,2.7421598381385937,3.950253692799559,1865,1865,2.950825737265416,4.882032337778233,12067,12539,5.821178167926522,12.71556716978674,9933,9740,2.7381655060234835,5.649353782924876,828,43.54547101449276,92.4471207419344,1870,1900,11.108241379310346,30.285309426624725,1348,15.9275,32.31296418862009,20,15,0.616,0.5003096184221469,13,0.553076923076923,0.3205136410245907,930,8.784774193548387,23.425073727580024,141,141,2.897872340425532,2.1542545101127977,170,160,3.074575757575757,2.1900993409086875,,,,,,,,,,,,,,,,,,,,48.440000000000005,0.485,0.73,0.47,1.43,11006.580000000016,3.45,2.63,,14.67,4219.150000000001,1.17,1.53,,18264.540000000023,143235.90999999893,1.83,18108.570000000007,,2326.4399999999987,2.37,0.4,2.67,,36055.650000000016,0.47,41878.07000000012,1.13,1.93,1.2,1.43,10842.500000000044,1.2,4.6,21470.27000000004,1674.9000000000003,0.9,2.3,1020.8800000000005,53867.93000000098,1164.5600000000024,9963.53999999994,39.13000000000002,54088.41000000104,,58.31,2148.680000000003,0.67,1.13,1086.3900000000006,11.585,21.559999999999995,33145.26999999998,1.07,43427.22000000013,1014.61,817.1999999999996,1.4,2.53,8169.839999999995,9741.000000000004,9440.139999999994,3422.7999999999943,33189.71,2.37,0.9,143244.03999999893,17.77,7.19,1.0,0.97,,3164.5799999999945,0.7
10575,2025-03-24 19:00:00,11628,11539,5.281297535287262,10.663647085847211,685,633,0.9126479514415784,0.7217164977139117,3179,3484,2.014376407023863,3.139664953527191,988,1036,0.8838092885375494,0.8014464228926835,485,6.703752577319589,17.90825748431011,1944,1944,8.30300925925926,21.08946104158676,,,,,9123,9306,2.4075739323891687,3.805029051295728,64,0.77109375,0.6115199229877449,63,0.7141269841269839,0.51775656141753,0,0.0,0.0,0,0.0,0.0,1460,1460,5.619561643835618,13.83360928941639,721,3.2927045769764214,13.12211361702793,2646,2669,1.514884289746002,1.9428566608180544,2009,1.812344449975112,2.1977771087694653,1750,1675,1.977024817518248,2.5381936667431506,1881,1881,1.888123338649654,2.789562424397325,675,47.01337777777778,100.7355655631682,505,1.8100198019801976,3.4873129886484238,33,1.1218181818181816,0.9670619501495225,1325,1.9211094339622643,3.1886655242844237,537,1.784003724394786,3.397329242414423,566,53.00632508833922,102.84780196228708,746,2.795965147453083,13.44906773706283,1531,1531,2.4421881123448723,3.411915855342047,1374,1374,2.5458951965065504,3.338929964929592,11627,11539,5.281516878183544,10.663824980225408,9051,9224,2.4101783857729138,3.811901223726914,903,37.16542635658914,83.32271464136186,1889,1892,8.126157101295954,20.59108150951446,1492,14.819919571045576,45.953794960886576,30,27,0.7015789473684211,0.5292390746659565,14,0.6064285714285714,0.2639428277611093,1158,7.326217616580311,26.688687978326257,126,96,3.8557207207207207,4.527434407962139,162,135,3.506767676767676,3.6299692038326423,,,,,,,,,,,,,,,,,,,,49.34999999999999,0.53,0.77,0.55,1.37,6996.119999999985,2.2,2.77,,13.0,3251.3199999999997,1.1,1.27,,16409.11999999999,122351.61999999965,2.13,13421.789999999974,,2374.039999999999,2.27,0.47,2.6,,33560.38,0.635,30725.0,1.07,2.0,1.13,1.37,7477.979999999981,1.2,4.57,22111.320000000025,2085.7900000000013,0.8,2.67,914.0599999999998,44046.01000000016,1202.8699999999983,8051.609999999972,44.99,44369.18000000021,,37.01999999999999,1788.8299999999988,0.7,1.07,958.0099999999996,10.57,39.98999999999998,31734.029999999973,1.07,32282.100000000064,1041.5099999999998,855.97,1.37,2.7,8483.759999999975,6771.309999999997,7103.1199999999735,3640.999999999987,30001.579999999994,2.27,0.8,122351.81999999964,10.935,8.49,0.97,1.0,,2545.4699999999957,0.63
