source_sheet,cage_id,interval_start,phase,treatment,tg_mouse_id,wt_mouse_id,feature,tg_minus_wt
16p,16p_8445,2024-06-16 19:00:00,baseline,control,8449,8445,Approach_active_count,-0.011931378083755106
16p,16p_8445,2024-06-16 19:00:00,baseline,control,8449,8445,Approach_passive_count,0.04040606088377707
16p,16p_8445,2024-06-16 19:00:00,baseline,control,8449,8445,Approach_mean_duration,-0.004769772406400419
16p,16p_8445,2024-06-16 19:00:00,baseline,control,8449,8445,Approach_std_duration,-0.0408241186532865
16p,16p_8445,2024-06-16 19:00:00,baseline,control,8449,8445,Approach_contact_active_count,0.1715106406897391
16p,16p_8445,2024-06-16 19:00:00,baseline,control,8449,8445,Approach_contact_passive_count,-0.12399994635897027
16p,16p_8445,2024-06-16 19:00:00,baseline,control,8449,8445,Approach_contact_mean_duration,0.010427460108693332
16p,16p_8445,2024-06-16 19:00:00,baseline,control,8449,8445,Approach_contact_std_duration,0.021669871022074183
16p,16p_8445,2024-06-16 19:00:00,baseline,control,8449,8445,Approach_rear_active_count,-0.0332552947867093
16p,16p_8445,2024-06-16 19:00:00,baseline,control,8449,8445,Approach_rear_passive_count,-0.13936888167795392
16p,16p_8445,2024-06-16 19:00:00,baseline,control,8449,8445,Approach_rear_mean_duration,0.014178428093641449
16p,16p_8445,2024-06-16 19:00:00,baseline,control,8449,8445,Approach_rear_std_duration,0.03806262168251617
16p,16p_8445,2024-06-16 19:00:00,baseline,control,8449,8445,Break_contact_active_count,0.019059196615440754
16p,16p_8445,2024-06-16 19:00:00,baseline,control,8449,8445,Break_contact_passive_count,-0.10363200314181675
16p,16p_8445,2024-06-16 19:00:00,baseline,control,8449,8445,Break_contact_mean_duration,-0.011848103745169092
16p,16p_8445,2024-06-16 19:00:00,baseline,control,8449,8445,Break_contact_std_duration,-0.050690047081907275
16p,16p_8445,2024-06-16 19:00:00,baseline,control,8449,8445,Center_Zone_count,0.2314159497457755
16p,16p_8445,2024-06-16 19:00:00,baseline,control,8449,8445,Center_Zone_mean_duration,-0.12903192344918235
16p,16p_8445,2024-06-16 19:00:00,baseline,control,8449,8445,Center_Zone_std_duration,0.30183558137939226
16p,16p_8445,2024-06-16 19:00:00,baseline,control,8449,8445,Contact_active_count,0.011049836186586504
16p,16p_8445,2024-06-16 19:00:00,baseline,control,8449,8445,Contact_passive_count,0.011049836186586504
16p,16p_8445,2024-06-16 19:00:00,baseline,control,8449,8445,Contact_mean_duration,-0.07100246504324859
16p,16p_8445,2024-06-16 19:00:00,baseline,control,8449,8445,Contact_std_duration,-0.02258389413727091
16p,16p_8445,2024-06-16 19:00:00,baseline,control,8449,8445,Get_away_active_count,0.0834461906914985
16p,16p_8445,2024-06-16 19:00:00,baseline,control,8449,8445,Get_away_passive_count,-0.008698773553875938
16p,16p_8445,2024-06-16 19:00:00,baseline,control,8449,8445,Get_away_mean_duration,-0.001033445582848902
16p,16p_8445,2024-06-16 19:00:00,baseline,control,8449,8445,Get_away_std_duration,0.010335021474771278
16p,16p_8445,2024-06-16 19:00:00,baseline,control,8449,8445,Group_3_break_count,0.056695343676545384
16p,16p_8445,2024-06-16 19:00:00,baseline,control,8449,8445,Group_3_break_mean_duration,-0.3395613222443885
16p,16p_8445,2024-06-16 19:00:00,baseline,control,8449,8445,Group_3_break_std_duration,-1.2150375123944657
16p,16p_8445,2024-06-16 19:00:00,baseline,control,8449,8445,Group_3_make_count,0.0909717782057271
16p,16p_8445,2024-06-16 19:00:00,baseline,control,8449,8445,Group_3_make_mean_duration,-0.3428668226057624
16p,16p_8445,2024-06-16 19:00:00,baseline,control,8449,8445,Group_3_make_std_duration,-1.2250523691430495
16p,16p_8445,2024-06-16 19:00:00,baseline,control,8449,8445,Group_4_break_count,0.4595323293784399
16p,16p_8445,2024-06-16 19:00:00,baseline,control,8449,8445,Group_4_break_mean_duration,0.2294223369146121
16p,16p_8445,2024-06-16 19:00:00,baseline,control,8449,8445,Group_4_break_std_duration,0.14165785705709333
16p,16p_8445,2024-06-16 19:00:00,baseline,control,8449,8445,Group_4_make_count,0.2513144282809061
16p,16p_8445,2024-06-16 19:00:00,baseline,control,8449,8445,Group_4_make_mean_duration,0.10816881687301771
16p,16p_8445,2024-06-16 19:00:00,baseline,control,8449,8445,Group_4_make_std_duration,0.07884234721688688
16p,16p_8445,2024-06-16 19:00:00,baseline,control,8449,8445,Group2_active_count,-0.00693844934492116
16p,16p_8445,2024-06-16 19:00:00,baseline,control,8449,8445,Group2_passive_count,-0.00693844934492116
16p,16p_8445,2024-06-16 19:00:00,baseline,control,8449,8445,Group2_mean_duration,0.0033566332898891105
16p,16p_8445,2024-06-16 19:00:00,baseline,control,8449,8445,Group2_std_duration,0.07374955009328099
16p,16p_8445,2024-06-16 19:00:00,baseline,control,8449,8445,Huddling_count,0.08174483574406644
16p,16p_8445,2024-06-16 19:00:00,baseline,control,8449,8445,Huddling_mean_duration,-0.22041093885325425
16p,16p_8445,2024-06-16 19:00:00,baseline,control,8449,8445,Huddling_std_duration,-0.37534082050091855
16p,16p_8445,2024-06-16 19:00:00,baseline,control,8449,8445,Move_in_contact_active_count,-0.017529892881324116
16p,16p_8445,2024-06-16 19:00:00,baseline,control,8449,8445,Move_in_contact_passive_count,-0.10085121291331234
16p,16p_8445,2024-06-16 19:00:00,baseline,control,8449,8445,Move_in_contact_mean_duration,-0.016410344889651984
16p,16p_8445,2024-06-16 19:00:00,baseline,control,8449,8445,Move_in_contact_std_duration,-0.01364913327733952
16p,16p_8445,2024-06-16 19:00:00,baseline,control,8449,8445,Move_isolated_count,0.19259839834504344
16p,16p_8445,2024-06-16 19:00:00,baseline,control,8449,8445,Move_isolated_mean_duration,0.026772557696301158
16p,16p_8445,2024-06-16 19:00:00,baseline,control,8449,8445,Move_isolated_std_duration,0.01337477783271468
16p,16p_8445,2024-06-16 19:00:00,baseline,control,8449,8445,Oral_genital_Contact_active_count,-0.03688753852663762
16p,16p_8445,2024-06-16 19:00:00,baseline,control,8449,8445,Oral_genital_Contact_passive_count,-0.039667840368421636
16p,16p_8445,2024-06-16 19:00:00,baseline,control,8449,8445,Oral_genital_Contact_mean_duration,-0.01764317853086894
16p,16p_8445,2024-06-16 19:00:00,baseline,control,8449,8445,Oral_genital_Contact_std_duration,0.07360806607880432
16p,16p_8445,2024-06-16 19:00:00,baseline,control,8449,8445,Oral_oral_Contact_active_count,-0.05524949588913142
16p,16p_8445,2024-06-16 19:00:00,baseline,control,8449,8445,Oral_oral_Contact_passive_count,-0.05524949588913142
16p,16p_8445,2024-06-16 19:00:00,baseline,control,8449,8445,Oral_oral_Contact_mean_duration,-0.0003196420290615398
16p,16p_8445,2024-06-16 19:00:00,baseline,control,8449,8445,Oral_oral_Contact_std_duration,-0.06823486285844749
16p,16p_8445,2024-06-16 19:00:00,baseline,control,8449,8445,Periphery_Zone_count,0.15286747677680612
16p,16p_8445,2024-06-16 19:00:00,baseline,control,8449,8445,Periphery_Zone_mean_duration,-0.07734779005267534
16p,16p_8445,2024-06-16 19:00:00,baseline,control,8449,8445,Periphery_Zone_std_duration,-0.20408018288560736
16p,16p_8445,2024-06-16 19:00:00,baseline,control,8449,8445,Rear_at_periphery_count,0.15587037070678456
16p,16p_8445,2024-06-16 19:00:00,baseline,control,8449,8445,Rear_at_periphery_mean_duration,-0.038161729217193074
16p,16p_8445,2024-06-16 19:00:00,baseline,control,8449,8445,Rear_at_periphery_std_duration,0.06380021507115641
16p,16p_8445,2024-06-16 19:00:00,baseline,control,8449,8445,Rear_in_centerWindow_count,-0.4013413909243022
16p,16p_8445,2024-06-16 19:00:00,baseline,control,8449,8445,Rear_in_centerWindow_mean_duration,-0.11422991866196641
16p,16p_8445,2024-06-16 19:00:00,baseline,control,8449,8445,Rear_in_centerWindow_std_duration,-0.294050564525294
16p,16p_8445,2024-06-16 19:00:00,baseline,control,8449,8445,Rear_in_contact_count,-0.12156475600700123
16p,16p_8445,2024-06-16 19:00:00,baseline,control,8449,8445,Rear_in_contact_mean_duration,-0.0033129412619083975
16p,16p_8445,2024-06-16 19:00:00,baseline,control,8449,8445,Rear_in_contact_std_duration,-0.18857022940967072
16p,16p_8445,2024-06-16 19:00:00,baseline,control,8449,8445,Rear_isolated_count,0.10128719027018995
16p,16p_8445,2024-06-16 19:00:00,baseline,control,8449,8445,Rear_isolated_mean_duration,-0.028836166392124385
16p,16p_8445,2024-06-16 19:00:00,baseline,control,8449,8445,Rear_isolated_std_duration,0.05921509589048779
16p,16p_8445,2024-06-16 19:00:00,baseline,control,8449,8445,Rearing_count,0.007905179507113225
16p,16p_8445,2024-06-16 19:00:00,baseline,control,8449,8445,Rearing_mean_duration,0.04224222434211722
16p,16p_8445,2024-06-16 19:00:00,baseline,control,8449,8445,Rearing_std_duration,0.0635773539993627
16p,16p_8445,2024-06-16 19:00:00,baseline,control,8449,8445,SAP_count,0.10743154033666968
16p,16p_8445,2024-06-16 19:00:00,baseline,control,8449,8445,SAP_mean_duration,0.04297696560420072
16p,16p_8445,2024-06-16 19:00:00,baseline,control,8449,8445,SAP_std_duration,0.15954983083542995
16p,16p_8445,2024-06-16 19:00:00,baseline,control,8449,8445,Side_by_side_Contact_active_count,-0.07492087017978832
16p,16p_8445,2024-06-16 19:00:00,baseline,control,8449,8445,Side_by_side_Contact_passive_count,-0.07492087017978832
16p,16p_8445,2024-06-16 19:00:00,baseline,control,8449,8445,Side_by_side_Contact_mean_duration,0.020061444727590638
16p,16p_8445,2024-06-16 19:00:00,baseline,control,8449,8445,Side_by_side_Contact_std_duration,0.0679015242174501
16p,16p_8445,2024-06-16 19:00:00,baseline,control,8449,8445,Side_by_side_Contact_opposite_way_active_count,-0.02811327493908866
16p,16p_8445,2024-06-16 19:00:00,baseline,control,8449,8445,Side_by_side_Contact_opposite_way_passive_count,-0.02811327493908866
16p,16p_8445,2024-06-16 19:00:00,baseline,control,8449,8445,Side_by_side_Contact_opposite_way_mean_duration,0.018624636777847314
16p,16p_8445,2024-06-16 19:00:00,baseline,control,8449,8445,Side_by_side_Contact_opposite_way_std_duration,0.12923658858845521
16p,16p_8445,2024-06-16 19:00:00,baseline,control,8449,8445,Social_approach_active_count,-0.012977197405030338
16p,16p_8445,2024-06-16 19:00:00,baseline,control,8449,8445,Social_approach_passive_count,-0.022506901137154145
16p,16p_8445,2024-06-16 19:00:00,baseline,control,8449,8445,Social_approach_mean_duration,-0.02556030180387059
16p,16p_8445,2024-06-16 19:00:00,baseline,control,8449,8445,Social_approach_std_duration,-0.06360844098807394
16p,16p_8445,2024-06-16 19:00:00,baseline,control,8449,8445,Social_escape_active_count,0.032224897992813695
16p,16p_8445,2024-06-16 19:00:00,baseline,control,8449,8445,Social_escape_passive_count,-0.06599304812576712
16p,16p_8445,2024-06-16 19:00:00,baseline,control,8449,8445,Social_escape_mean_duration,-0.025894075958699414
16p,16p_8445,2024-06-16 19:00:00,baseline,control,8449,8445,Social_escape_std_duration,-0.032437454656330855
16p,16p_8445,2024-06-16 19:00:00,baseline,control,8449,8445,Stop_count,0.23343523735075689
16p,16p_8445,2024-06-16 19:00:00,baseline,control,8449,8445,Stop_mean_duration,-0.1691553509539676
16p,16p_8445,2024-06-16 19:00:00,baseline,control,8449,8445,Stop_std_duration,-0.18858464816754195
16p,16p_8445,2024-06-16 19:00:00,baseline,control,8449,8445,Stop_in_contact_active_count,-0.023587635369813675
16p,16p_8445,2024-06-16 19:00:00,baseline,control,8449,8445,Stop_in_contact_passive_count,-0.012876461188544575
16p,16p_8445,2024-06-16 19:00:00,baseline,control,8449,8445,Stop_in_contact_mean_duration,-0.04741289202328103
16p,16p_8445,2024-06-16 19:00:00,baseline,control,8449,8445,Stop_in_contact_std_duration,-0.01914930679041138
16p,16p_8445,2024-06-16 19:00:00,baseline,control,8449,8445,Stop_isolated_count,0.09694649883298023
16p,16p_8445,2024-06-16 19:00:00,baseline,control,8449,8445,Stop_isolated_mean_duration,0.019413980665387243
16p,16p_8445,2024-06-16 19:00:00,baseline,control,8449,8445,Stop_isolated_std_duration,0.22917867969372585
16p,16p_8445,2024-06-16 19:00:00,baseline,control,8449,8445,Train2_active_count,0.3856624808119844
16p,16p_8445,2024-06-16 19:00:00,baseline,control,8449,8445,Train2_passive_count,-0.502091943797236
16p,16p_8445,2024-06-16 19:00:00,baseline,control,8449,8445,Train2_mean_duration,-0.014628461747635213
16p,16p_8445,2024-06-16 19:00:00,baseline,control,8449,8445,Train2_std_duration,-0.08156623676835606
16p,16p_8445,2024-06-16 19:00:00,baseline,control,8449,8445,WallJump_count,-0.6931471805599452
16p,16p_8445,2024-06-16 19:00:00,baseline,control,8449,8445,WallJump_mean_duration,0.054213004490885286
16p,16p_8445,2024-06-16 19:00:00,baseline,control,8449,8445,WallJump_std_duration,-0.07037761619392596
16p,16p_8445,2024-06-16 19:00:00,baseline,control,8449,8445,isolated_count,0.0349611877270215
16p,16p_8445,2024-06-16 19:00:00,baseline,control,8449,8445,isolated_mean_duration,0.3440476387151339
16p,16p_8445,2024-06-16 19:00:00,baseline,control,8449,8445,isolated_std_duration,0.7878071316427322
16p,16p_8445,2024-06-16 19:00:00,baseline,control,8449,8445,seq_oral_geni___oral_oral_active_count,-0.008230499136515412
16p,16p_8445,2024-06-16 19:00:00,baseline,control,8449,8445,seq_oral_geni___oral_oral_passive_count,0.049832373747875636
16p,16p_8445,2024-06-16 19:00:00,baseline,control,8449,8445,seq_oral_geni___oral_oral_mean_duration,-0.0682332744009635
16p,16p_8445,2024-06-16 19:00:00,baseline,control,8449,8445,seq_oral_geni___oral_oral_std_duration,-0.18621346994921995
16p,16p_8445,2024-06-16 19:00:00,baseline,control,8449,8445,seq_oral_oral___oral_genital_active_count,0.07696104113612812
16p,16p_8445,2024-06-16 19:00:00,baseline,control,8449,8445,seq_oral_oral___oral_genital_passive_count,0.07859027459322121
16p,16p_8445,2024-06-16 19:00:00,baseline,control,8449,8445,seq_oral_oral___oral_genital_mean_duration,-0.00836236328151485
16p,16p_8445,2024-06-16 19:00:00,baseline,control,8449,8445,seq_oral_oral___oral_genital_std_duration,0.4337630731807973
16p,16p_8445,2024-06-17 19:00:00,post_stress,control,8449,8445,Approach_active_count,0.05083085611671301
16p,16p_8445,2024-06-17 19:00:00,post_stress,control,8449,8445,Approach_passive_count,0.0042264873816755255
16p,16p_8445,2024-06-17 19:00:00,post_stress,control,8449,8445,Approach_mean_duration,-0.0117331952980948
16p,16p_8445,2024-06-17 19:00:00,post_stress,control,8449,8445,Approach_std_duration,-0.08540938351992544
16p,16p_8445,2024-06-17 19:00:00,post_stress,control,8449,8445,Approach_contact_active_count,-0.01043487729257997
16p,16p_8445,2024-06-17 19:00:00,post_stress,control,8449,8445,Approach_contact_passive_count,-0.001727116146074792
16p,16p_8445,2024-06-17 19:00:00,post_stress,control,8449,8445,Approach_contact_mean_duration,-0.011290315112132077
16p,16p_8445,2024-06-17 19:00:00,post_stress,control,8449,8445,Approach_contact_std_duration,-0.022136225310687374
16p,16p_8445,2024-06-17 19:00:00,post_stress,control,8449,8445,Approach_rear_active_count,-0.07751035710311527
16p,16p_8445,2024-06-17 19:00:00,post_stress,control,8449,8445,Approach_rear_passive_count,-0.13317621592038087
16p,16p_8445,2024-06-17 19:00:00,post_stress,control,8449,8445,Approach_rear_mean_duration,-0.05498518677565145
16p,16p_8445,2024-06-17 19:00:00,post_stress,control,8449,8445,Approach_rear_std_duration,-0.17791795707121483
16p,16p_8445,2024-06-17 19:00:00,post_stress,control,8449,8445,Break_contact_active_count,-0.026487882745713343
16p,16p_8445,2024-06-17 19:00:00,post_stress,control,8449,8445,Break_contact_passive_count,-0.02260917921127703
16p,16p_8445,2024-06-17 19:00:00,post_stress,control,8449,8445,Break_contact_mean_duration,-0.0116231265125325
16p,16p_8445,2024-06-17 19:00:00,post_stress,control,8449,8445,Break_contact_std_duration,-0.010796435444508146
16p,16p_8445,2024-06-17 19:00:00,post_stress,control,8449,8445,Center_Zone_count,0.19701724672199017
16p,16p_8445,2024-06-17 19:00:00,post_stress,control,8449,8445,Center_Zone_mean_duration,-0.2557532197267016
16p,16p_8445,2024-06-17 19:00:00,post_stress,control,8449,8445,Center_Zone_std_duration,-0.43231492653864434
16p,16p_8445,2024-06-17 19:00:00,post_stress,control,8449,8445,Contact_active_count,0.032523191705559285
16p,16p_8445,2024-06-17 19:00:00,post_stress,control,8449,8445,Contact_passive_count,0.032523191705559285
16p,16p_8445,2024-06-17 19:00:00,post_stress,control,8449,8445,Contact_mean_duration,-0.17714020243185624
16p,16p_8445,2024-06-17 19:00:00,post_stress,control,8449,8445,Contact_std_duration,-0.22588168474206993
16p,16p_8445,2024-06-17 19:00:00,post_stress,control,8449,8445,Get_away_active_count,0.05055466980871337
16p,16p_8445,2024-06-17 19:00:00,post_stress,control,8449,8445,Get_away_passive_count,-0.007302059387315651
16p,16p_8445,2024-06-17 19:00:00,post_stress,control,8449,8445,Get_away_mean_duration,-0.01052162573311266
16p,16p_8445,2024-06-17 19:00:00,post_stress,control,8449,8445,Get_away_std_duration,-0.029331776240477225
16p,16p_8445,2024-06-17 19:00:00,post_stress,control,8449,8445,Group_3_break_count,0.17435338714477844
16p,16p_8445,2024-06-17 19:00:00,post_stress,control,8449,8445,Group_3_break_mean_duration,0.0034427085839382476
16p,16p_8445,2024-06-17 19:00:00,post_stress,control,8449,8445,Group_3_break_std_duration,-0.06256164726860203
16p,16p_8445,2024-06-17 19:00:00,post_stress,control,8449,8445,Group_3_make_count,0.06453852113757108
16p,16p_8445,2024-06-17 19:00:00,post_stress,control,8449,8445,Group_3_make_mean_duration,0.010135286551860911
16p,16p_8445,2024-06-17 19:00:00,post_stress,control,8449,8445,Group_3_make_std_duration,-0.05477787635277409
16p,16p_8445,2024-06-17 19:00:00,post_stress,control,8449,8445,Group_4_break_count,0.635988766719997
16p,16p_8445,2024-06-17 19:00:00,post_stress,control,8449,8445,Group_4_break_mean_duration,-0.060476389234130734
16p,16p_8445,2024-06-17 19:00:00,post_stress,control,8449,8445,Group_4_break_std_duration,-0.10391536690837111
16p,16p_8445,2024-06-17 19:00:00,post_stress,control,8449,8445,Group_4_make_count,0.3136575588550419
16p,16p_8445,2024-06-17 19:00:00,post_stress,control,8449,8445,Group_4_make_mean_duration,-0.1553067975463009
16p,16p_8445,2024-06-17 19:00:00,post_stress,control,8449,8445,Group_4_make_std_duration,-0.08697111182307038
16p,16p_8445,2024-06-17 19:00:00,post_stress,control,8449,8445,Group2_active_count,0.024456295977526743
16p,16p_8445,2024-06-17 19:00:00,post_stress,control,8449,8445,Group2_passive_count,0.024456295977526743
16p,16p_8445,2024-06-17 19:00:00,post_stress,control,8449,8445,Group2_mean_duration,-0.11957985331879883
16p,16p_8445,2024-06-17 19:00:00,post_stress,control,8449,8445,Group2_std_duration,-0.039642949000274985
16p,16p_8445,2024-06-17 19:00:00,post_stress,control,8449,8445,Huddling_count,0.22969481480143195
16p,16p_8445,2024-06-17 19:00:00,post_stress,control,8449,8445,Huddling_mean_duration,0.08941489173132333
16p,16p_8445,2024-06-17 19:00:00,post_stress,control,8449,8445,Huddling_std_duration,-0.012693983433669231
16p,16p_8445,2024-06-17 19:00:00,post_stress,control,8449,8445,Move_in_contact_active_count,-0.05594299709029471
16p,16p_8445,2024-06-17 19:00:00,post_stress,control,8449,8445,Move_in_contact_passive_count,-0.055592911492183816
16p,16p_8445,2024-06-17 19:00:00,post_stress,control,8449,8445,Move_in_contact_mean_duration,-0.01616107999752725
16p,16p_8445,2024-06-17 19:00:00,post_stress,control,8449,8445,Move_in_contact_std_duration,-0.06711917461782047
16p,16p_8445,2024-06-17 19:00:00,post_stress,control,8449,8445,Move_isolated_count,0.17928539658140163
16p,16p_8445,2024-06-17 19:00:00,post_stress,control,8449,8445,Move_isolated_mean_duration,0.05020332866091115
16p,16p_8445,2024-06-17 19:00:00,post_stress,control,8449,8445,Move_isolated_std_duration,0.0660381364209297
16p,16p_8445,2024-06-17 19:00:00,post_stress,control,8449,8445,Oral_genital_Contact_active_count,-0.052772163890913326
16p,16p_8445,2024-06-17 19:00:00,post_stress,control,8449,8445,Oral_genital_Contact_passive_count,-0.08778678550258867
16p,16p_8445,2024-06-17 19:00:00,post_stress,control,8449,8445,Oral_genital_Contact_mean_duration,-0.06714647323611345
16p,16p_8445,2024-06-17 19:00:00,post_stress,control,8449,8445,Oral_genital_Contact_std_duration,-0.09498064165129305
16p,16p_8445,2024-06-17 19:00:00,post_stress,control,8449,8445,Oral_oral_Contact_active_count,-0.09197729032459634
16p,16p_8445,2024-06-17 19:00:00,post_stress,control,8449,8445,Oral_oral_Contact_passive_count,-0.09197729032459634
16p,16p_8445,2024-06-17 19:00:00,post_stress,control,8449,8445,Oral_oral_Contact_mean_duration,-0.06367403346037426
16p,16p_8445,2024-06-17 19:00:00,post_stress,control,8449,8445,Oral_oral_Contact_std_duration,-0.1799355351903833
16p,16p_8445,2024-06-17 19:00:00,post_stress,control,8449,8445,Periphery_Zone_count,0.1427418738800208
16p,16p_8445,2024-06-17 19:00:00,post_stress,control,8449,8445,Periphery_Zone_mean_duration,-0.026370654462968268
16p,16p_8445,2024-06-17 19:00:00,post_stress,control,8449,8445,Periphery_Zone_std_duration,-0.04495346562425251
16p,16p_8445,2024-06-17 19:00:00,post_stress,control,8449,8445,Rear_at_periphery_count,0.11464245821328678
16p,16p_8445,2024-06-17 19:00:00,post_stress,control,8449,8445,Rear_at_periphery_mean_duration,-0.015344295301000677
16p,16p_8445,2024-06-17 19:00:00,post_stress,control,8449,8445,Rear_at_periphery_std_duration,-0.3803171300255259
16p,16p_8445,2024-06-17 19:00:00,post_stress,control,8449,8445,Rear_in_centerWindow_count,0.3908663086870119
16p,16p_8445,2024-06-17 19:00:00,post_stress,control,8449,8445,Rear_in_centerWindow_mean_duration,0.12348214854213935
16p,16p_8445,2024-06-17 19:00:00,post_stress,control,8449,8445,Rear_in_centerWindow_std_duration,-0.1333494359666203
16p,16p_8445,2024-06-17 19:00:00,post_stress,control,8449,8445,Rear_in_contact_count,-0.12873221805075197
16p,16p_8445,2024-06-17 19:00:00,post_stress,control,8449,8445,Rear_in_contact_mean_duration,-0.12127262003124406
16p,16p_8445,2024-06-17 19:00:00,post_stress,control,8449,8445,Rear_in_contact_std_duration,-0.3948319958236888
16p,16p_8445,2024-06-17 19:00:00,post_stress,control,8449,8445,Rear_isolated_count,0.1470268740994074
16p,16p_8445,2024-06-17 19:00:00,post_stress,control,8449,8445,Rear_isolated_mean_duration,0.025590068392657317
16p,16p_8445,2024-06-17 19:00:00,post_stress,control,8449,8445,Rear_isolated_std_duration,-0.35585658850541346
16p,16p_8445,2024-06-17 19:00:00,post_stress,control,8449,8445,Rearing_count,0.07942216778393707
16p,16p_8445,2024-06-17 19:00:00,post_stress,control,8449,8445,Rearing_mean_duration,-0.028438463707112227
16p,16p_8445,2024-06-17 19:00:00,post_stress,control,8449,8445,Rearing_std_duration,0.028400183979568894
16p,16p_8445,2024-06-17 19:00:00,post_stress,control,8449,8445,SAP_count,0.05781957088882628
16p,16p_8445,2024-06-17 19:00:00,post_stress,control,8449,8445,SAP_mean_duration,0.1301866067296089
16p,16p_8445,2024-06-17 19:00:00,post_stress,control,8449,8445,SAP_std_duration,0.5321028286835099
16p,16p_8445,2024-06-17 19:00:00,post_stress,control,8449,8445,Side_by_side_Contact_active_count,-0.12816071320940114
16p,16p_8445,2024-06-17 19:00:00,post_stress,control,8449,8445,Side_by_side_Contact_passive_count,-0.12816071320940114
16p,16p_8445,2024-06-17 19:00:00,post_stress,control,8449,8445,Side_by_side_Contact_mean_duration,-0.06956900869196314
16p,16p_8445,2024-06-17 19:00:00,post_stress,control,8449,8445,Side_by_side_Contact_std_duration,-0.28507422918820424
16p,16p_8445,2024-06-17 19:00:00,post_stress,control,8449,8445,Side_by_side_Contact_opposite_way_active_count,-0.08656801630845923
16p,16p_8445,2024-06-17 19:00:00,post_stress,control,8449,8445,Side_by_side_Contact_opposite_way_passive_count,-0.08656801630845923
16p,16p_8445,2024-06-17 19:00:00,post_stress,control,8449,8445,Side_by_side_Contact_opposite_way_mean_duration,-0.07722080019851463
16p,16p_8445,2024-06-17 19:00:00,post_stress,control,8449,8445,Side_by_side_Contact_opposite_way_std_duration,-0.22319476706894315
16p,16p_8445,2024-06-17 19:00:00,post_stress,control,8449,8445,Social_approach_active_count,0.015586949494624136
16p,16p_8445,2024-06-17 19:00:00,post_stress,control,8449,8445,Social_approach_passive_count,-0.05149060006949924
16p,16p_8445,2024-06-17 19:00:00,post_stress,control,8449,8445,Social_approach_mean_duration,-0.09868740965185796
16p,16p_8445,2024-06-17 19:00:00,post_stress,control,8449,8445,Social_approach_std_duration,-0.23877830896174412
16p,16p_8445,2024-06-17 19:00:00,post_stress,control,8449,8445,Social_escape_active_count,-0.02649947427106092
16p,16p_8445,2024-06-17 19:00:00,post_stress,control,8449,8445,Social_escape_passive_count,-0.07333539425620828
16p,16p_8445,2024-06-17 19:00:00,post_stress,control,8449,8445,Social_escape_mean_duration,-0.042376601356873156
16p,16p_8445,2024-06-17 19:00:00,post_stress,control,8449,8445,Social_escape_std_duration,-0.1869542512420812
16p,16p_8445,2024-06-17 19:00:00,post_stress,control,8449,8445,Stop_count,0.13836306483575544
16p,16p_8445,2024-06-17 19:00:00,post_stress,control,8449,8445,Stop_mean_duration,-0.07558969378798164
16p,16p_8445,2024-06-17 19:00:00,post_stress,control,8449,8445,Stop_std_duration,-0.017280917512390914
16p,16p_8445,2024-06-17 19:00:00,post_stress,control,8449,8445,Stop_in_contact_active_count,0.015586571300322483
16p,16p_8445,2024-06-17 19:00:00,post_stress,control,8449,8445,Stop_in_contact_passive_count,0.02843119716200526
16p,16p_8445,2024-06-17 19:00:00,post_stress,control,8449,8445,Stop_in_contact_mean_duration,-0.17365177709639834
16p,16p_8445,2024-06-17 19:00:00,post_stress,control,8449,8445,Stop_in_contact_std_duration,-0.2219231026137023
16p,16p_8445,2024-06-17 19:00:00,post_stress,control,8449,8445,Stop_isolated_count,0.1027752502226944
16p,16p_8445,2024-06-17 19:00:00,post_stress,control,8449,8445,Stop_isolated_mean_duration,0.09839667884001546
16p,16p_8445,2024-06-17 19:00:00,post_stress,control,8449,8445,Stop_isolated_std_duration,0.2993689538025004
16p,16p_8445,2024-06-17 19:00:00,post_stress,control,8449,8445,Train2_active_count,0.05129329438755059
16p,16p_8445,2024-06-17 19:00:00,post_stress,control,8449,8445,Train2_passive_count,-0.6539264674066638
16p,16p_8445,2024-06-17 19:00:00,post_stress,control,8449,8445,Train2_mean_duration,0.02094331719019915
16p,16p_8445,2024-06-17 19:00:00,post_stress,control,8449,8445,Train2_std_duration,0.002613831863791216
16p,16p_8445,2024-06-17 19:00:00,post_stress,control,8449,8445,WallJump_count,1.7047480922384253
16p,16p_8445,2024-06-17 19:00:00,post_stress,control,8449,8445,WallJump_mean_duration,-0.20637669145714277
16p,16p_8445,2024-06-17 19:00:00,post_stress,control,8449,8445,WallJump_std_duration,0.5922212619699848
16p,16p_8445,2024-06-17 19:00:00,post_stress,control,8449,8445,isolated_count,0.21119930309261736
16p,16p_8445,2024-06-17 19:00:00,post_stress,control,8449,8445,isolated_mean_duration,0.3816352532978582
16p,16p_8445,2024-06-17 19:00:00,post_stress,control,8449,8445,isolated_std_duration,0.7866266359631937
16p,16p_8445,2024-06-17 19:00:00,post_stress,control,8449,8445,seq_oral_geni___oral_oral_active_count,-0.12516314295400566
16p,16p_8445,2024-06-17 19:00:00,post_stress,control,8449,8445,seq_oral_geni___oral_oral_passive_count,0.03750439545845463
16p,16p_8445,2024-06-17 19:00:00,post_stress,control,8449,8445,seq_oral_geni___oral_oral_mean_duration,-0.03365498278276435
16p,16p_8445,2024-06-17 19:00:00,post_stress,control,8449,8445,seq_oral_geni___oral_oral_std_duration,0.27958505859583993
16p,16p_8445,2024-06-17 19:00:00,post_stress,control,8449,8445,seq_oral_oral___oral_genital_active_count,-0.11247798342669046
16p,16p_8445,2024-06-17 19:00:00,post_stress,control,8449,8445,seq_oral_oral___oral_genital_passive_count,0.13062018241706408
16p,16p_8445,2024-06-17 19:00:00,post_stress,control,8449,8445,seq_oral_oral___oral_genital_mean_duration,0.023179989551029845
16p,16p_8445,2024-06-17 19:00:00,post_stress,control,8449,8445,seq_oral_oral___oral_genital_std_duration,0.3020231390552457
16p,16p_8445,2024-06-18 19:00:00,post_stress,control,8449,8445,Approach_active_count,0.0050924923890924845
16p,16p_8445,2024-06-18 19:00:00,post_stress,control,8449,8445,Approach_passive_count,-0.005732902064023548
16p,16p_8445,2024-06-18 19:00:00,post_stress,control,8449,8445,Approach_mean_duration,-0.013473012464957357
16p,16p_8445,2024-06-18 19:00:00,post_stress,control,8449,8445,Approach_std_duration,-0.07100412827730285
16p,16p_8445,2024-06-18 19:00:00,post_stress,control,8449,8445,Approach_contact_active_count,0.09852872136612234
16p,16p_8445,2024-06-18 19:00:00,post_stress,control,8449,8445,Approach_contact_passive_count,-0.19999506541145173
16p,16p_8445,2024-06-18 19:00:00,post_stress,control,8449,8445,Approach_contact_mean_duration,0.008624231946343874
16p,16p_8445,2024-06-18 19:00:00,post_stress,control,8449,8445,Approach_contact_std_duration,0.00913190262875524
16p,16p_8445,2024-06-18 19:00:00,post_stress,control,8449,8445,Approach_rear_active_count,-0.13853172357659993
16p,16p_8445,2024-06-18 19:00:00,post_stress,control,8449,8445,Approach_rear_passive_count,-0.16278513474359002
16p,16p_8445,2024-06-18 19:00:00,post_stress,control,8449,8445,Approach_rear_mean_duration,-0.003635785057047203
16p,16p_8445,2024-06-18 19:00:00,post_stress,control,8449,8445,Approach_rear_std_duration,-0.021918160023997935
16p,16p_8445,2024-06-18 19:00:00,post_stress,control,8449,8445,Break_contact_active_count,-0.013454892334183732
16p,16p_8445,2024-06-18 19:00:00,post_stress,control,8449,8445,Break_contact_passive_count,-0.12827809724117767
16p,16p_8445,2024-06-18 19:00:00,post_stress,control,8449,8445,Break_contact_mean_duration,0.0005460836753695686
16p,16p_8445,2024-06-18 19:00:00,post_stress,control,8449,8445,Break_contact_std_duration,-0.018869679043146514
16p,16p_8445,2024-06-18 19:00:00,post_stress,control,8449,8445,Center_Zone_count,0.20530363318587863
16p,16p_8445,2024-06-18 19:00:00,post_stress,control,8449,8445,Center_Zone_mean_duration,-0.07037189884061634
16p,16p_8445,2024-06-18 19:00:00,post_stress,control,8449,8445,Center_Zone_std_duration,-0.08653914874713298
16p,16p_8445,2024-06-18 19:00:00,post_stress,control,8449,8445,Contact_active_count,-0.05520052247650309
16p,16p_8445,2024-06-18 19:00:00,post_stress,control,8449,8445,Contact_passive_count,-0.05520052247650309
16p,16p_8445,2024-06-18 19:00:00,post_stress,control,8449,8445,Contact_mean_duration,-0.11837345330151061
16p,16p_8445,2024-06-18 19:00:00,post_stress,control,8449,8445,Contact_std_duration,-0.23493842507684448
16p,16p_8445,2024-06-18 19:00:00,post_stress,control,8449,8445,Get_away_active_count,0.03917991153753064
16p,16p_8445,2024-06-18 19:00:00,post_stress,control,8449,8445,Get_away_passive_count,-0.021884200072539883
16p,16p_8445,2024-06-18 19:00:00,post_stress,control,8449,8445,Get_away_mean_duration,-0.011448796871853073
16p,16p_8445,2024-06-18 19:00:00,post_stress,control,8449,8445,Get_away_std_duration,-0.00606650947183307
16p,16p_8445,2024-06-18 19:00:00,post_stress,control,8449,8445,Group_3_break_count,-0.25319589638061135
16p,16p_8445,2024-06-18 19:00:00,post_stress,control,8449,8445,Group_3_break_mean_duration,0.027845428498129876
16p,16p_8445,2024-06-18 19:00:00,post_stress,control,8449,8445,Group_3_break_std_duration,0.05774038430599848
16p,16p_8445,2024-06-18 19:00:00,post_stress,control,8449,8445,Group_3_make_count,-0.2231435513142097
16p,16p_8445,2024-06-18 19:00:00,post_stress,control,8449,8445,Group_3_make_mean_duration,0.05681345263177473
16p,16p_8445,2024-06-18 19:00:00,post_stress,control,8449,8445,Group_3_make_std_duration,0.09927874546642579
16p,16p_8445,2024-06-18 19:00:00,post_stress,control,8449,8445,Group_4_break_count,0.1112256351102241
16p,16p_8445,2024-06-18 19:00:00,post_stress,control,8449,8445,Group_4_break_mean_duration,0.09648274198674645
16p,16p_8445,2024-06-18 19:00:00,post_stress,control,8449,8445,Group_4_break_std_duration,0.06737440929403471
16p,16p_8445,2024-06-18 19:00:00,post_stress,control,8449,8445,Group_4_make_count,0.10008345855698275
16p,16p_8445,2024-06-18 19:00:00,post_stress,control,8449,8445,Group_4_make_mean_duration,-0.030663840051908364
16p,16p_8445,2024-06-18 19:00:00,post_stress,control,8449,8445,Group_4_make_std_duration,-0.022861603924284102
16p,16p_8445,2024-06-18 19:00:00,post_stress,control,8449,8445,Group2_active_count,-0.11383514264879846
16p,16p_8445,2024-06-18 19:00:00,post_stress,control,8449,8445,Group2_passive_count,-0.11383514264879846
16p,16p_8445,2024-06-18 19:00:00,post_stress,control,8449,8445,Group2_mean_duration,-0.20162477984034455
16p,16p_8445,2024-06-18 19:00:00,post_stress,control,8449,8445,Group2_std_duration,-0.27974163945804875
16p,16p_8445,2024-06-18 19:00:00,post_stress,control,8449,8445,Huddling_count,0.1617825911696542
16p,16p_8445,2024-06-18 19:00:00,post_stress,control,8449,8445,Huddling_mean_duration,-0.21799119822612156
16p,16p_8445,2024-06-18 19:00:00,post_stress,control,8449,8445,Huddling_std_duration,-0.9080302519020766
16p,16p_8445,2024-06-18 19:00:00,post_stress,control,8449,8445,Move_in_contact_active_count,-0.06511074203044309
16p,16p_8445,2024-06-18 19:00:00,post_stress,control,8449,8445,Move_in_contact_passive_count,-0.10065864762394838
16p,16p_8445,2024-06-18 19:00:00,post_stress,control,8449,8445,Move_in_contact_mean_duration,-0.019639448885957478
16p,16p_8445,2024-06-18 19:00:00,post_stress,control,8449,8445,Move_in_contact_std_duration,0.032361485171071736
16p,16p_8445,2024-06-18 19:00:00,post_stress,control,8449,8445,Move_isolated_count,0.10298481455743325
16p,16p_8445,2024-06-18 19:00:00,post_stress,control,8449,8445,Move_isolated_mean_duration,0.11800142176033113
16p,16p_8445,2024-06-18 19:00:00,post_stress,control,8449,8445,Move_isolated_std_duration,1.120554657066752
16p,16p_8445,2024-06-18 19:00:00,post_stress,control,8449,8445,Oral_genital_Contact_active_count,-0.09215368817054426
16p,16p_8445,2024-06-18 19:00:00,post_stress,control,8449,8445,Oral_genital_Contact_passive_count,-0.12754808671692164
16p,16p_8445,2024-06-18 19:00:00,post_stress,control,8449,8445,Oral_genital_Contact_mean_duration,-0.00586954983627086
16p,16p_8445,2024-06-18 19:00:00,post_stress,control,8449,8445,Oral_genital_Contact_std_duration,0.01732340062560067
16p,16p_8445,2024-06-18 19:00:00,post_stress,control,8449,8445,Oral_oral_Contact_active_count,-0.08811364556974244
16p,16p_8445,2024-06-18 19:00:00,post_stress,control,8449,8445,Oral_oral_Contact_passive_count,-0.08811364556974244
16p,16p_8445,2024-06-18 19:00:00,post_stress,control,8449,8445,Oral_oral_Contact_mean_duration,0.04389697766534906
16p,16p_8445,2024-06-18 19:00:00,post_stress,control,8449,8445,Oral_oral_Contact_std_duration,0.5068827815202155
16p,16p_8445,2024-06-18 19:00:00,post_stress,control,8449,8445,Periphery_Zone_count,0.08878285663801222
16p,16p_8445,2024-06-18 19:00:00,post_stress,control,8449,8445,Periphery_Zone_mean_duration,-0.24802603807646362
16p,16p_8445,2024-06-18 19:00:00,post_stress,control,8449,8445,Periphery_Zone_std_duration,-0.22084124502561409
16p,16p_8445,2024-06-18 19:00:00,post_stress,control,8449,8445,Rear_at_periphery_count,-0.17261274266699367
16p,16p_8445,2024-06-18 19:00:00,post_stress,control,8449,8445,Rear_at_periphery_mean_duration,-0.12311176859300943
16p,16p_8445,2024-06-18 19:00:00,post_stress,control,8449,8445,Rear_at_periphery_std_duration,-0.017432727119321534
16p,16p_8445,2024-06-18 19:00:00,post_stress,control,8449,8445,Rear_in_centerWindow_count,0.6190392084062233
16p,16p_8445,2024-06-18 19:00:00,post_stress,control,8449,8445,Rear_in_centerWindow_mean_duration,-0.3475508984285478
16p,16p_8445,2024-06-18 19:00:00,post_stress,control,8449,8445,Rear_in_centerWindow_std_duration,-1.0450418748836934
16p,16p_8445,2024-06-18 19:00:00,post_stress,control,8449,8445,Rear_in_contact_count,-0.1622503649735343
16p,16p_8445,2024-06-18 19:00:00,post_stress,control,8449,8445,Rear_in_contact_mean_duration,-0.023192821550137577
16p,16p_8445,2024-06-18 19:00:00,post_stress,control,8449,8445,Rear_in_contact_std_duration,0.002483903087126871
16p,16p_8445,2024-06-18 19:00:00,post_stress,control,8449,8445,Rear_isolated_count,-0.10346298188163505
16p,16p_8445,2024-06-18 19:00:00,post_stress,control,8449,8445,Rear_isolated_mean_duration,-0.10947120882279293
16p,16p_8445,2024-06-18 19:00:00,post_stress,control,8449,8445,Rear_isolated_std_duration,-0.4663276918008834
16p,16p_8445,2024-06-18 19:00:00,post_stress,control,8449,8445,Rearing_count,-0.15415067982725805
16p,16p_8445,2024-06-18 19:00:00,post_stress,control,8449,8445,Rearing_mean_duration,0.06821442039554171
16p,16p_8445,2024-06-18 19:00:00,post_stress,control,8449,8445,Rearing_std_duration,0.10029638926753748
16p,16p_8445,2024-06-18 19:00:00,post_stress,control,8449,8445,SAP_count,-0.07864312731911394
16p,16p_8445,2024-06-18 19:00:00,post_stress,control,8449,8445,SAP_mean_duration,-0.2921161006702224
16p,16p_8445,2024-06-18 19:00:00,post_stress,control,8449,8445,SAP_std_duration,-0.2632233846890135
16p,16p_8445,2024-06-18 19:00:00,post_stress,control,8449,8445,Side_by_side_Contact_active_count,-0.1673917798964304
16p,16p_8445,2024-06-18 19:00:00,post_stress,control,8449,8445,Side_by_side_Contact_passive_count,-0.1673917798964304
16p,16p_8445,2024-06-18 19:00:00,post_stress,control,8449,8445,Side_by_side_Contact_mean_duration,-0.017155924498337027
16p,16p_8445,2024-06-18 19:00:00,post_stress,control,8449,8445,Side_by_side_Contact_std_duration,0.2564624004361382
16p,16p_8445,2024-06-18 19:00:00,post_stress,control,8449,8445,Side_by_side_Contact_opposite_way_active_count,-0.13791271544123163
16p,16p_8445,2024-06-18 19:00:00,post_stress,control,8449,8445,Side_by_side_Contact_opposite_way_passive_count,-0.13791271544123163
16p,16p_8445,2024-06-18 19:00:00,post_stress,control,8449,8445,Side_by_side_Contact_opposite_way_mean_duration,-0.046649731687068874
16p,16p_8445,2024-06-18 19:00:00,post_stress,control,8449,8445,Side_by_side_Contact_opposite_way_std_duration,-0.02472802511102823
16p,16p_8445,2024-06-18 19:00:00,post_stress,control,8449,8445,Social_approach_active_count,-0.11648083102626927
16p,16p_8445,2024-06-18 19:00:00,post_stress,control,8449,8445,Social_approach_passive_count,-0.16763797577325334
16p,16p_8445,2024-06-18 19:00:00,post_stress,control,8449,8445,Social_approach_mean_duration,-0.02839277569881049
16p,16p_8445,2024-06-18 19:00:00,post_stress,control,8449,8445,Social_approach_std_duration,-0.03348820361587279
16p,16p_8445,2024-06-18 19:00:00,post_stress,control,8449,8445,Social_escape_active_count,-0.05847546990389674
16p,16p_8445,2024-06-18 19:00:00,post_stress,control,8449,8445,Social_escape_passive_count,-0.17545792713042552
16p,16p_8445,2024-06-18 19:00:00,post_stress,control,8449,8445,Social_escape_mean_duration,-0.004221895840674339
16p,16p_8445,2024-06-18 19:00:00,post_stress,control,8449,8445,Social_escape_std_duration,0.0408643418795136
16p,16p_8445,2024-06-18 19:00:00,post_stress,control,8449,8445,Stop_count,0.23426483495479467
16p,16p_8445,2024-06-18 19:00:00,post_stress,control,8449,8445,Stop_mean_duration,-0.3657161724614335
16p,16p_8445,2024-06-18 19:00:00,post_stress,control,8449,8445,Stop_std_duration,-0.3717673564469939
16p,16p_8445,2024-06-18 19:00:00,post_stress,control,8449,8445,Stop_in_contact_active_count,-0.061317906437528436
16p,16p_8445,2024-06-18 19:00:00,post_stress,control,8449,8445,Stop_in_contact_passive_count,-0.06616586079694642
16p,16p_8445,2024-06-18 19:00:00,post_stress,control,8449,8445,Stop_in_contact_mean_duration,-0.11542311637840097
16p,16p_8445,2024-06-18 19:00:00,post_stress,control,8449,8445,Stop_in_contact_std_duration,-0.2283904242684356
16p,16p_8445,2024-06-18 19:00:00,post_stress,control,8449,8445,Stop_isolated_count,0.038032752851678175
16p,16p_8445,2024-06-18 19:00:00,post_stress,control,8449,8445,Stop_isolated_mean_duration,-0.11904204922336614
16p,16p_8445,2024-06-18 19:00:00,post_stress,control,8449,8445,Stop_isolated_std_duration,-0.43702818693259093
16p,16p_8445,2024-06-18 19:00:00,post_stress,control,8449,8445,Train2_active_count,-0.4054651081081644
16p,16p_8445,2024-06-18 19:00:00,post_stress,control,8449,8445,Train2_passive_count,0.33647223662121295
16p,16p_8445,2024-06-18 19:00:00,post_stress,control,8449,8445,Train2_mean_duration,0.12857188502132144
16p,16p_8445,2024-06-18 19:00:00,post_stress,control,8449,8445,Train2_std_duration,0.12402374021622652
16p,16p_8445,2024-06-18 19:00:00,post_stress,control,8449,8445,WallJump_count,-1.4350845252893227
16p,16p_8445,2024-06-18 19:00:00,post_stress,control,8449,8445,WallJump_mean_duration,-0.058455701810892324
16p,16p_8445,2024-06-18 19:00:00,post_stress,control,8449,8445,WallJump_std_duration,0.051400721964532714
16p,16p_8445,2024-06-18 19:00:00,post_stress,control,8449,8445,isolated_count,0.3938607752863357
16p,16p_8445,2024-06-18 19:00:00,post_stress,control,8449,8445,isolated_mean_duration,-0.14724796682814034
16p,16p_8445,2024-06-18 19:00:00,post_stress,control,8449,8445,isolated_std_duration,-0.40993344236304496
16p,16p_8445,2024-06-18 19:00:00,post_stress,control,8449,8445,seq_oral_geni___oral_oral_active_count,0.0
16p,16p_8445,2024-06-18 19:00:00,post_stress,control,8449,8445,seq_oral_geni___oral_oral_passive_count,0.2502945403801604
16p,16p_8445,2024-06-18 19:00:00,post_stress,control,8449,8445,seq_oral_geni___oral_oral_mean_duration,0.08997513665080659
16p,16p_8445,2024-06-18 19:00:00,post_stress,control,8449,8445,seq_oral_geni___oral_oral_std_duration,0.2567240526968615
16p,16p_8445,2024-06-18 19:00:00,post_stress,control,8449,8445,seq_oral_oral___oral_genital_active_count,0.00796816964917646
16p,16p_8445,2024-06-18 19:00:00,post_stress,control,8449,8445,seq_oral_oral___oral_genital_passive_count,0.23784969870390515
16p,16p_8445,2024-06-18 19:00:00,post_stress,control,8449,8445,seq_oral_oral___oral_genital_mean_duration,0.0925037915979634
16p,16p_8445,2024-06-18 19:00:00,post_stress,control,8449,8445,seq_oral_oral___oral_genital_std_duration,0.5190259997333415
16p,16p_8445,2024-06-19 19:00:00,post_stress,control,8449,8445,Approach_active_count,-0.01537222506313718
16p,16p_8445,2024-06-19 19:00:00,post_stress,control,8449,8445,Approach_passive_count,0.06678946110922723
16p,16p_8445,2024-06-19 19:00:00,post_stress,control,8449,8445,Approach_mean_duration,-0.03890703169372878
16p,16p_8445,2024-06-19 19:00:00,post_stress,control,8449,8445,Approach_std_duration,-0.05351506253464766
16p,16p_8445,2024-06-19 19:00:00,post_stress,control,8449,8445,Approach_contact_active_count,0.1314172269321876
16p,16p_8445,2024-06-19 19:00:00,post_stress,control,8449,8445,Approach_contact_passive_count,-0.28511137694867994
16p,16p_8445,2024-06-19 19:00:00,post_stress,control,8449,8445,Approach_contact_mean_duration,0.023448090303192948
16p,16p_8445,2024-06-19 19:00:00,post_stress,control,8449,8445,Approach_contact_std_duration,0.031746945606250965
16p,16p_8445,2024-06-19 19:00:00,post_stress,control,8449,8445,Approach_rear_active_count,-0.10743841811679733
16p,16p_8445,2024-06-19 19:00:00,post_stress,control,8449,8445,Approach_rear_passive_count,-0.1631864525065918
16p,16p_8445,2024-06-19 19:00:00,post_stress,control,8449,8445,Approach_rear_mean_duration,-0.03150201505177885
16p,16p_8445,2024-06-19 19:00:00,post_stress,control,8449,8445,Approach_rear_std_duration,-0.15842071651012346
16p,16p_8445,2024-06-19 19:00:00,post_stress,control,8449,8445,Break_contact_active_count,0.018349138668196652
16p,16p_8445,2024-06-19 19:00:00,post_stress,control,8449,8445,Break_contact_passive_count,-0.197524455766386
16p,16p_8445,2024-06-19 19:00:00,post_stress,control,8449,8445,Break_contact_mean_duration,-0.010296640607738383
16p,16p_8445,2024-06-19 19:00:00,post_stress,control,8449,8445,Break_contact_std_duration,-0.03312961143870041
16p,16p_8445,2024-06-19 19:00:00,post_stress,control,8449,8445,Center_Zone_count,0.22938553963685493
16p,16p_8445,2024-06-19 19:00:00,post_stress,control,8449,8445,Center_Zone_mean_duration,-0.25560225885296717
16p,16p_8445,2024-06-19 19:00:00,post_stress,control,8449,8445,Center_Zone_std_duration,-0.33627114847043726
16p,16p_8445,2024-06-19 19:00:00,post_stress,control,8449,8445,Contact_active_count,-0.0473827044015529
16p,16p_8445,2024-06-19 19:00:00,post_stress,control,8449,8445,Contact_passive_count,-0.0473827044015529
16p,16p_8445,2024-06-19 19:00:00,post_stress,control,8449,8445,Contact_mean_duration,-0.1290350093531103
16p,16p_8445,2024-06-19 19:00:00,post_stress,control,8449,8445,Contact_std_duration,-0.16706967232626013
16p,16p_8445,2024-06-19 19:00:00,post_stress,control,8449,8445,Get_away_active_count,0.11135257759486983
16p,16p_8445,2024-06-19 19:00:00,post_stress,control,8449,8445,Get_away_passive_count,-0.04877097049566714
16p,16p_8445,2024-06-19 19:00:00,post_stress,control,8449,8445,Get_away_mean_duration,0.0011896799371269307
16p,16p_8445,2024-06-19 19:00:00,post_stress,control,8449,8445,Get_away_std_duration,-0.021421388638238836
16p,16p_8445,2024-06-19 19:00:00,post_stress,control,8449,8445,Group_3_break_count,-0.03390155167568132
16p,16p_8445,2024-06-19 19:00:00,post_stress,control,8449,8445,Group_3_break_mean_duration,-0.05230581850555782
16p,16p_8445,2024-06-19 19:00:00,post_stress,control,8449,8445,Group_3_break_std_duration,-0.12117868946604671
16p,16p_8445,2024-06-19 19:00:00,post_stress,control,8449,8445,Group_3_make_count,-0.15963014559188426
16p,16p_8445,2024-06-19 19:00:00,post_stress,control,8449,8445,Group_3_make_mean_duration,-0.009525440619533643
16p,16p_8445,2024-06-19 19:00:00,post_stress,control,8449,8445,Group_3_make_std_duration,-0.12415579332816973
16p,16p_8445,2024-06-19 19:00:00,post_stress,control,8449,8445,Group_4_break_count,0.1823215567939549
16p,16p_8445,2024-06-19 19:00:00,post_stress,control,8449,8445,Group_4_break_mean_duration,0.01435103127415982
16p,16p_8445,2024-06-19 19:00:00,post_stress,control,8449,8445,Group_4_break_std_duration,0.02192647604926401
16p,16p_8445,2024-06-19 19:00:00,post_stress,control,8449,8445,Group_4_make_count,0.3184537311185345
16p,16p_8445,2024-06-19 19:00:00,post_stress,control,8449,8445,Group_4_make_mean_duration,-0.021644332393808363
16p,16p_8445,2024-06-19 19:00:00,post_stress,control,8449,8445,Group_4_make_std_duration,0.0364209053947705
16p,16p_8445,2024-06-19 19:00:00,post_stress,control,8449,8445,Group2_active_count,-0.05094480161524828
16p,16p_8445,2024-06-19 19:00:00,post_stress,control,8449,8445,Group2_passive_count,-0.05094480161524828
16p,16p_8445,2024-06-19 19:00:00,post_stress,control,8449,8445,Group2_mean_duration,-0.1490343352168031
16p,16p_8445,2024-06-19 19:00:00,post_stress,control,8449,8445,Group2_std_duration,-0.24981451997835835
16p,16p_8445,2024-06-19 19:00:00,post_stress,control,8449,8445,Huddling_count,0.26199258633647027
16p,16p_8445,2024-06-19 19:00:00,post_stress,control,8449,8445,Huddling_mean_duration,0.0523114170700274
16p,16p_8445,2024-06-19 19:00:00,post_stress,control,8449,8445,Huddling_std_duration,0.2943470713604126
16p,16p_8445,2024-06-19 19:00:00,post_stress,control,8449,8445,Move_in_contact_active_count,-0.025838013240635505
16p,16p_8445,2024-06-19 19:00:00,post_stress,control,8449,8445,Move_in_contact_passive_count,-0.1645305566955111
16p,16p_8445,2024-06-19 19:00:00,post_stress,control,8449,8445,Move_in_contact_mean_duration,-0.042151893986131284
16p,16p_8445,2024-06-19 19:00:00,post_stress,control,8449,8445,Move_in_contact_std_duration,-0.0856624821244163
16p,16p_8445,2024-06-19 19:00:00,post_stress,control,8449,8445,Move_isolated_count,0.38450346067064967
16p,16p_8445,2024-06-19 19:00:00,post_stress,control,8449,8445,Move_isolated_mean_duration,0.06616817581476031
16p,16p_8445,2024-06-19 19:00:00,post_stress,control,8449,8445,Move_isolated_std_duration,0.03555311375331027
16p,16p_8445,2024-06-19 19:00:00,post_stress,control,8449,8445,Oral_genital_Contact_active_count,-0.10234626863839402
16p,16p_8445,2024-06-19 19:00:00,post_stress,control,8449,8445,Oral_genital_Contact_passive_count,-0.132339011172256
16p,16p_8445,2024-06-19 19:00:00,post_stress,control,8449,8445,Oral_genital_Contact_mean_duration,-0.03861033526958124
16p,16p_8445,2024-06-19 19:00:00,post_stress,control,8449,8445,Oral_genital_Contact_std_duration,0.012482240432471592
16p,16p_8445,2024-06-19 19:00:00,post_stress,control,8449,8445,Oral_oral_Contact_active_count,-0.11188626178581718
16p,16p_8445,2024-06-19 19:00:00,post_stress,control,8449,8445,Oral_oral_Contact_passive_count,-0.11188626178581718
16p,16p_8445,2024-06-19 19:00:00,post_stress,control,8449,8445,Oral_oral_Contact_mean_duration,0.02160175054881719
16p,16p_8445,2024-06-19 19:00:00,post_stress,control,8449,8445,Oral_oral_Contact_std_duration,-0.22400924798694422
16p,16p_8445,2024-06-19 19:00:00,post_stress,control,8449,8445,Periphery_Zone_count,0.21814065459890752
16p,16p_8445,2024-06-19 19:00:00,post_stress,control,8449,8445,Periphery_Zone_mean_duration,-0.15616099067638922
16p,16p_8445,2024-06-19 19:00:00,post_stress,control,8449,8445,Periphery_Zone_std_duration,-0.23896767737501268
16p,16p_8445,2024-06-19 19:00:00,post_stress,control,8449,8445,Rear_at_periphery_count,0.4129730844680415
16p,16p_8445,2024-06-19 19:00:00,post_stress,control,8449,8445,Rear_at_periphery_mean_duration,-0.037596117253430816
16p,16p_8445,2024-06-19 19:00:00,post_stress,control,8449,8445,Rear_at_periphery_std_duration,-0.09191864541782557
16p,16p_8445,2024-06-19 19:00:00,post_stress,control,8449,8445,Rear_in_centerWindow_count,1.5184661342283734
16p,16p_8445,2024-06-19 19:00:00,post_stress,control,8449,8445,Rear_in_centerWindow_mean_duration,0.5744626351187404
16p,16p_8445,2024-06-19 19:00:00,post_stress,control,8449,8445,Rear_in_centerWindow_std_duration,0.6093194310246088
16p,16p_8445,2024-06-19 19:00:00,post_stress,control,8449,8445,Rear_in_contact_count,-0.12793446159808752
16p,16p_8445,2024-06-19 19:00:00,post_stress,control,8449,8445,Rear_in_contact_mean_duration,-0.04624671645714851
16p,16p_8445,2024-06-19 19:00:00,post_stress,control,8449,8445,Rear_in_contact_std_duration,-0.05832457055089457
16p,16p_8445,2024-06-19 19:00:00,post_stress,control,8449,8445,Rear_isolated_count,0.4821351313030613
16p,16p_8445,2024-06-19 19:00:00,post_stress,control,8449,8445,Rear_isolated_mean_duration,0.04333856493324395
16p,16p_8445,2024-06-19 19:00:00,post_stress,control,8449,8445,Rear_isolated_std_duration,0.043467408911089134
16p,16p_8445,2024-06-19 19:00:00,post_stress,control,8449,8445,Rearing_count,0.15082288973458358
16p,16p_8445,2024-06-19 19:00:00,post_stress,control,8449,8445,Rearing_mean_duration,-0.10807212917641795
16p,16p_8445,2024-06-19 19:00:00,post_stress,control,8449,8445,Rearing_std_duration,0.13545006854829023
16p,16p_8445,2024-06-19 19:00:00,post_stress,control,8449,8445,SAP_count,0.1366888526635961
16p,16p_8445,2024-06-19 19:00:00,post_stress,control,8449,8445,SAP_mean_duration,-0.09571803602062845
16p,16p_8445,2024-06-19 19:00:00,post_stress,control,8449,8445,SAP_std_duration,-0.11710962152032511
16p,16p_8445,2024-06-19 19:00:00,post_stress,control,8449,8445,Side_by_side_Contact_active_count,-0.12646089416122663
16p,16p_8445,2024-06-19 19:00:00,post_stress,control,8449,8445,Side_by_side_Contact_passive_count,-0.12646089416122663
16p,16p_8445,2024-06-19 19:00:00,post_stress,control,8449,8445,Side_by_side_Contact_mean_duration,-0.002973258145516189
16p,16p_8445,2024-06-19 19:00:00,post_stress,control,8449,8445,Side_by_side_Contact_std_duration,-0.002853183468721765
16p,16p_8445,2024-06-19 19:00:00,post_stress,control,8449,8445,Side_by_side_Contact_opposite_way_active_count,-0.14265331622215083
16p,16p_8445,2024-06-19 19:00:00,post_stress,control,8449,8445,Side_by_side_Contact_opposite_way_passive_count,-0.14265331622215083
16p,16p_8445,2024-06-19 19:00:00,post_stress,control,8449,8445,Side_by_side_Contact_opposite_way_mean_duration,0.03791000073665507
16p,16p_8445,2024-06-19 19:00:00,post_stress,control,8449,8445,Side_by_side_Contact_opposite_way_std_duration,0.23396717140244383
16p,16p_8445,2024-06-19 19:00:00,post_stress,control,8449,8445,Social_approach_active_count,-0.1027832256832788
16p,16p_8445,2024-06-19 19:00:00,post_stress,control,8449,8445,Social_approach_passive_count,-0.03147000572090164
16p,16p_8445,2024-06-19 19:00:00,post_stress,control,8449,8445,Social_approach_mean_duration,-0.07318757721486979
16p,16p_8445,2024-06-19 19:00:00,post_stress,control,8449,8445,Social_approach_std_duration,-0.13011461895390264
16p,16p_8445,2024-06-19 19:00:00,post_stress,control,8449,8445,Social_escape_active_count,0.0027580789745531575
16p,16p_8445,2024-06-19 19:00:00,post_stress,control,8449,8445,Social_escape_passive_count,-0.16438983743358726
16p,16p_8445,2024-06-19 19:00:00,post_stress,control,8449,8445,Social_escape_mean_duration,-0.021007838698058112
16p,16p_8445,2024-06-19 19:00:00,post_stress,control,8449,8445,Social_escape_std_duration,-0.029852832719223565
16p,16p_8445,2024-06-19 19:00:00,post_stress,control,8449,8445,Stop_count,0.3442019352004593
16p,16p_8445,2024-06-19 19:00:00,post_stress,control,8449,8445,Stop_mean_duration,-0.30765280929687355
16p,16p_8445,2024-06-19 19:00:00,post_stress,control,8449,8445,Stop_std_duration,-0.20949917280259633
16p,16p_8445,2024-06-19 19:00:00,post_stress,control,8449,8445,Stop_in_contact_active_count,-0.07370204562084925
16p,16p_8445,2024-06-19 19:00:00,post_stress,control,8449,8445,Stop_in_contact_passive_count,-0.06085367899265215
16p,16p_8445,2024-06-19 19:00:00,post_stress,control,8449,8445,Stop_in_contact_mean_duration,-0.11556384005832543
16p,16p_8445,2024-06-19 19:00:00,post_stress,control,8449,8445,Stop_in_contact_std_duration,-0.1549433810501104
16p,16p_8445,2024-06-19 19:00:00,post_stress,control,8449,8445,Stop_isolated_count,0.12512451874821107
16p,16p_8445,2024-06-19 19:00:00,post_stress,control,8449,8445,Stop_isolated_mean_duration,0.08620994315298924
16p,16p_8445,2024-06-19 19:00:00,post_stress,control,8449,8445,Stop_isolated_std_duration,0.2669498439102096
16p,16p_8445,2024-06-19 19:00:00,post_stress,control,8449,8445,Train2_active_count,-0.3184537311185349
16p,16p_8445,2024-06-19 19:00:00,post_stress,control,8449,8445,Train2_passive_count,-0.5596157879354227
16p,16p_8445,2024-06-19 19:00:00,post_stress,control,8449,8445,Train2_mean_duration,0.05750408773464177
16p,16p_8445,2024-06-19 19:00:00,post_stress,control,8449,8445,Train2_std_duration,0.11100815579903511
16p,16p_8445,2024-06-19 19:00:00,post_stress,control,8449,8445,WallJump_count,-0.47000362924573547
16p,16p_8445,2024-06-19 19:00:00,post_stress,control,8449,8445,WallJump_mean_duration,-0.13108141181553828
16p,16p_8445,2024-06-19 19:00:00,post_stress,control,8449,8445,WallJump_std_duration,-0.13016538895575147
16p,16p_8445,2024-06-19 19:00:00,post_stress,control,8449,8445,isolated_count,0.2546472816775385
16p,16p_8445,2024-06-19 19:00:00,post_stress,control,8449,8445,isolated_mean_duration,0.2809981096616503
16p,16p_8445,2024-06-19 19:00:00,post_stress,control,8449,8445,isolated_std_duration,0.15147390131308525
16p,16p_8445,2024-06-19 19:00:00,post_stress,control,8449,8445,seq_oral_geni___oral_oral_active_count,-0.16644820763766432
16p,16p_8445,2024-06-19 19:00:00,post_stress,control,8449,8445,seq_oral_geni___oral_oral_passive_count,-0.09937247381320358
16p,16p_8445,2024-06-19 19:00:00,post_stress,control,8449,8445,seq_oral_geni___oral_oral_mean_duration,-0.0010140573059704838
16p,16p_8445,2024-06-19 19:00:00,post_stress,control,8449,8445,seq_oral_geni___oral_oral_std_duration,-0.1427916509801408
16p,16p_8445,2024-06-19 19:00:00,post_stress,control,8449,8445,seq_oral_oral___oral_genital_active_count,-0.1161714317620417
16p,16p_8445,2024-06-19 19:00:00,post_stress,control,8449,8445,seq_oral_oral___oral_genital_passive_count,0.006472514505617255
16p,16p_8445,2024-06-19 19:00:00,post_stress,control,8449,8445,seq_oral_oral___oral_genital_mean_duration,0.03429473910793912
16p,16p_8445,2024-06-19 19:00:00,post_stress,control,8449,8445,seq_oral_oral___oral_genital_std_duration,0.1689836435643315
16p,16p_8445,2024-06-16 19:00:00,baseline,stressed,8448,8447,Approach_active_count,0.039400934170270574
16p,16p_8445,2024-06-16 19:00:00,baseline,stressed,8448,8447,Approach_passive_count,-0.06043833067750448
16p,16p_8445,2024-06-16 19:00:00,baseline,stressed,8448,8447,Approach_mean_duration,-0.011733925104740583
16p,16p_8445,2024-06-16 19:00:00,baseline,stressed,8448,8447,Approach_std_duration,0.003319432653801968
16p,16p_8445,2024-06-16 19:00:00,baseline,stressed,8448,8447,Approach_contact_active_count,-0.03718422071925964
16p,16p_8445,2024-06-16 19:00:00,baseline,stressed,8448,8447,Approach_contact_passive_count,0.1355454919962238
16p,16p_8445,2024-06-16 19:00:00,baseline,stressed,8448,8447,Approach_contact_mean_duration,-0.010368678974552625
16p,16p_8445,2024-06-16 19:00:00,baseline,stressed,8448,8447,Approach_contact_std_duration,-0.006066450218284225
16p,16p_8445,2024-06-16 19:00:00,baseline,stressed,8448,8447,Approach_rear_active_count,0.02319742313155171
16p,16p_8445,2024-06-16 19:00:00,baseline,stressed,8448,8447,Approach_rear_passive_count,-0.1427109040763641
16p,16p_8445,2024-06-16 19:00:00,baseline,stressed,8448,8447,Approach_rear_mean_duration,-0.07014526487124173
16p,16p_8445,2024-06-16 19:00:00,baseline,stressed,8448,8447,Approach_rear_std_duration,-0.23069356199606417
16p,16p_8445,2024-06-16 19:00:00,baseline,stressed,8448,8447,Break_contact_active_count,0.052869094561215135
16p,16p_8445,2024-06-16 19:00:00,baseline,stressed,8448,8447,Break_contact_passive_count,0.10200616632100346
16p,16p_8445,2024-06-16 19:00:00,baseline,stressed,8448,8447,Break_contact_mean_duration,-0.015471756941870085
16p,16p_8445,2024-06-16 19:00:00,baseline,stressed,8448,8447,Break_contact_std_duration,-0.03473927286323841
16p,16p_8445,2024-06-16 19:00:00,baseline,stressed,8448,8447,Center_Zone_count,0.06738902190497686
16p,16p_8445,2024-06-16 19:00:00,baseline,stressed,8448,8447,Center_Zone_mean_duration,0.005102732933300436
16p,16p_8445,2024-06-16 19:00:00,baseline,stressed,8448,8447,Center_Zone_std_duration,-0.26321652494325676
16p,16p_8445,2024-06-16 19:00:00,baseline,stressed,8448,8447,Contact_active_count,0.08249598135080127
16p,16p_8445,2024-06-16 19:00:00,baseline,stressed,8448,8447,Contact_passive_count,0.08249598135080127
16p,16p_8445,2024-06-16 19:00:00,baseline,stressed,8448,8447,Contact_mean_duration,-0.12103507140247549
16p,16p_8445,2024-06-16 19:00:00,baseline,stressed,8448,8447,Contact_std_duration,-0.24694458862164925
16p,16p_8445,2024-06-16 19:00:00,baseline,stressed,8448,8447,Get_away_active_count,-0.052778069581943754
16p,16p_8445,2024-06-16 19:00:00,baseline,stressed,8448,8447,Get_away_passive_count,-0.019431835120942154
16p,16p_8445,2024-06-16 19:00:00,baseline,stressed,8448,8447,Get_away_mean_duration,-0.042610465291058164
16p,16p_8445,2024-06-16 19:00:00,baseline,stressed,8448,8447,Get_away_std_duration,-0.07256366244467771
16p,16p_8445,2024-06-16 19:00:00,baseline,stressed,8448,8447,Group_3_break_count,0.04725288485054513
16p,16p_8445,2024-06-16 19:00:00,baseline,stressed,8448,8447,Group_3_break_mean_duration,0.0006163527605264063
16p,16p_8445,2024-06-16 19:00:00,baseline,stressed,8448,8447,Group_3_break_std_duration,0.07752297208999454
16p,16p_8445,2024-06-16 19:00:00,baseline,stressed,8448,8447,Group_3_make_count,0.1997961873172187
16p,16p_8445,2024-06-16 19:00:00,baseline,stressed,8448,8447,Group_3_make_mean_duration,-0.01541213386089213
16p,16p_8445,2024-06-16 19:00:00,baseline,stressed,8448,8447,Group_3_make_std_duration,0.1069526473701824
16p,16p_8445,2024-06-16 19:00:00,baseline,stressed,8448,8447,Group_4_break_count,-0.2876820724517808
16p,16p_8445,2024-06-16 19:00:00,baseline,stressed,8448,8447,Group_4_break_mean_duration,0.036861593304158224
16p,16p_8445,2024-06-16 19:00:00,baseline,stressed,8448,8447,Group_4_break_std_duration,-0.039225260099245096
16p,16p_8445,2024-06-16 19:00:00,baseline,stressed,8448,8447,Group_4_make_count,0.0
16p,16p_8445,2024-06-16 19:00:00,baseline,stressed,8448,8447,Group_4_make_mean_duration,0.08676077285334982
16p,16p_8445,2024-06-16 19:00:00,baseline,stressed,8448,8447,Group_4_make_std_duration,0.05737046817460667
16p,16p_8445,2024-06-16 19:00:00,baseline,stressed,8448,8447,Group2_active_count,0.13364036663432977
16p,16p_8445,2024-06-16 19:00:00,baseline,stressed,8448,8447,Group2_passive_count,0.13364036663432977
16p,16p_8445,2024-06-16 19:00:00,baseline,stressed,8448,8447,Group2_mean_duration,-0.05757544964004624
16p,16p_8445,2024-06-16 19:00:00,baseline,stressed,8448,8447,Group2_std_duration,-0.12620022164784395
16p,16p_8445,2024-06-16 19:00:00,baseline,stressed,8448,8447,Huddling_count,0.09265184580359875
16p,16p_8445,2024-06-16 19:00:00,baseline,stressed,8448,8447,Huddling_mean_duration,0.10458797453114932
16p,16p_8445,2024-06-16 19:00:00,baseline,stressed,8448,8447,Huddling_std_duration,0.32200780320183253
16p,16p_8445,2024-06-16 19:00:00,baseline,stressed,8448,8447,Move_in_contact_active_count,0.007851388147233962
16p,16p_8445,2024-06-16 19:00:00,baseline,stressed,8448,8447,Move_in_contact_passive_count,-0.0061325348838625615
16p,16p_8445,2024-06-16 19:00:00,baseline,stressed,8448,8447,Move_in_contact_mean_duration,-0.01581512101739735
16p,16p_8445,2024-06-16 19:00:00,baseline,stressed,8448,8447,Move_in_contact_std_duration,-0.04544680120291689
16p,16p_8445,2024-06-16 19:00:00,baseline,stressed,8448,8447,Move_isolated_count,-0.048410196709899544
16p,16p_8445,2024-06-16 19:00:00,baseline,stressed,8448,8447,Move_isolated_mean_duration,-0.21993791138336216
16p,16p_8445,2024-06-16 19:00:00,baseline,stressed,8448,8447,Move_isolated_std_duration,-0.46198652720142874
16p,16p_8445,2024-06-16 19:00:00,baseline,stressed,8448,8447,Oral_genital_Contact_active_count,-0.05310982531394792
16p,16p_8445,2024-06-16 19:00:00,baseline,stressed,8448,8447,Oral_genital_Contact_passive_count,-0.07529944137604971
16p,16p_8445,2024-06-16 19:00:00,baseline,stressed,8448,8447,Oral_genital_Contact_mean_duration,-0.07207779438040685
16p,16p_8445,2024-06-16 19:00:00,baseline,stressed,8448,8447,Oral_genital_Contact_std_duration,-0.11871930632159722
16p,16p_8445,2024-06-16 19:00:00,baseline,stressed,8448,8447,Oral_oral_Contact_active_count,0.009046276047360635
16p,16p_8445,2024-06-16 19:00:00,baseline,stressed,8448,8447,Oral_oral_Contact_passive_count,0.009046276047360635
16p,16p_8445,2024-06-16 19:00:00,baseline,stressed,8448,8447,Oral_oral_Contact_mean_duration,-0.034894208139805594
16p,16p_8445,2024-06-16 19:00:00,baseline,stressed,8448,8447,Oral_oral_Contact_std_duration,-0.00016950384264480256
16p,16p_8445,2024-06-16 19:00:00,baseline,stressed,8448,8447,Periphery_Zone_count,0.20575180860234
16p,16p_8445,2024-06-16 19:00:00,baseline,stressed,8448,8447,Periphery_Zone_mean_duration,-0.30277425586031237
16p,16p_8445,2024-06-16 19:00:00,baseline,stressed,8448,8447,Periphery_Zone_std_duration,-0.2571750713562668
16p,16p_8445,2024-06-16 19:00:00,baseline,stressed,8448,8447,Rear_at_periphery_count,-0.7968113429695931
16p,16p_8445,2024-06-16 19:00:00,baseline,stressed,8448,8447,Rear_at_periphery_mean_duration,-0.5650628139764906
16p,16p_8445,2024-06-16 19:00:00,baseline,stressed,8448,8447,Rear_at_periphery_std_duration,-0.3786330055136189
16p,16p_8445,2024-06-16 19:00:00,baseline,stressed,8448,8447,Rear_in_centerWindow_count,-0.6740989855892505
16p,16p_8445,2024-06-16 19:00:00,baseline,stressed,8448,8447,Rear_in_centerWindow_mean_duration,-0.1438425597130073
16p,16p_8445,2024-06-16 19:00:00,baseline,stressed,8448,8447,Rear_in_centerWindow_std_duration,-0.21186592934665205
16p,16p_8445,2024-06-16 19:00:00,baseline,stressed,8448,8447,Rear_in_contact_count,-0.1744617823538155
16p,16p_8445,2024-06-16 19:00:00,baseline,stressed,8448,8447,Rear_in_contact_mean_duration,-0.04446257695881872
16p,16p_8445,2024-06-16 19:00:00,baseline,stressed,8448,8447,Rear_in_contact_std_duration,-0.06607765692438727
16p,16p_8445,2024-06-16 19:00:00,baseline,stressed,8448,8447,Rear_isolated_count,-0.7738493883563109
16p,16p_8445,2024-06-16 19:00:00,baseline,stressed,8448,8447,Rear_isolated_mean_duration,-0.5471608491503995
16p,16p_8445,2024-06-16 19:00:00,baseline,stressed,8448,8447,Rear_isolated_std_duration,-0.3843378947790652
16p,16p_8445,2024-06-16 19:00:00,baseline,stressed,8448,8447,Rearing_count,-0.13467125368490507
16p,16p_8445,2024-06-16 19:00:00,baseline,stressed,8448,8447,Rearing_mean_duration,0.060923238889219355
16p,16p_8445,2024-06-16 19:00:00,baseline,stressed,8448,8447,Rearing_std_duration,-0.03343609472249298
16p,16p_8445,2024-06-16 19:00:00,baseline,stressed,8448,8447,SAP_count,0.11349536586410203
16p,16p_8445,2024-06-16 19:00:00,baseline,stressed,8448,8447,SAP_mean_duration,-0.07637749133898819
16p,16p_8445,2024-06-16 19:00:00,baseline,stressed,8448,8447,SAP_std_duration,-1.0645809201584595
16p,16p_8445,2024-06-16 19:00:00,baseline,stressed,8448,8447,Side_by_side_Contact_active_count,-0.010119681576632011
16p,16p_8445,2024-06-16 19:00:00,baseline,stressed,8448,8447,Side_by_side_Contact_passive_count,-0.010119681576632011
16p,16p_8445,2024-06-16 19:00:00,baseline,stressed,8448,8447,Side_by_side_Contact_mean_duration,-0.10310891454235604
16p,16p_8445,2024-06-16 19:00:00,baseline,stressed,8448,8447,Side_by_side_Contact_std_duration,-0.07952502839178854
16p,16p_8445,2024-06-16 19:00:00,baseline,stressed,8448,8447,Side_by_side_Contact_opposite_way_active_count,-0.045665241670548085
16p,16p_8445,2024-06-16 19:00:00,baseline,stressed,8448,8447,Side_by_side_Contact_opposite_way_passive_count,-0.045665241670548085
16p,16p_8445,2024-06-16 19:00:00,baseline,stressed,8448,8447,Side_by_side_Contact_opposite_way_mean_duration,-0.12279994650353321
16p,16p_8445,2024-06-16 19:00:00,baseline,stressed,8448,8447,Side_by_side_Contact_opposite_way_std_duration,-0.24308656693133757
16p,16p_8445,2024-06-16 19:00:00,baseline,stressed,8448,8447,Social_approach_active_count,0.062322278343467374
16p,16p_8445,2024-06-16 19:00:00,baseline,stressed,8448,8447,Social_approach_passive_count,0.08177131657415337
16p,16p_8445,2024-06-16 19:00:00,baseline,stressed,8448,8447,Social_approach_mean_duration,-0.07436138110982382
16p,16p_8445,2024-06-16 19:00:00,baseline,stressed,8448,8447,Social_approach_std_duration,-0.14182119778379843
16p,16p_8445,2024-06-16 19:00:00,baseline,stressed,8448,8447,Social_escape_active_count,0.01414615199181668
16p,16p_8445,2024-06-16 19:00:00,baseline,stressed,8448,8447,Social_escape_passive_count,-0.004923692861785511
16p,16p_8445,2024-06-16 19:00:00,baseline,stressed,8448,8447,Social_escape_mean_duration,-0.04987312315958725
16p,16p_8445,2024-06-16 19:00:00,baseline,stressed,8448,8447,Social_escape_std_duration,-0.119158019726324
16p,16p_8445,2024-06-16 19:00:00,baseline,stressed,8448,8447,Stop_count,-0.09567520992336309
16p,16p_8445,2024-06-16 19:00:00,baseline,stressed,8448,8447,Stop_mean_duration,0.012633166648012395
16p,16p_8445,2024-06-16 19:00:00,baseline,stressed,8448,8447,Stop_std_duration,-0.1252448868994649
16p,16p_8445,2024-06-16 19:00:00,baseline,stressed,8448,8447,Stop_in_contact_active_count,0.11184101974503058
16p,16p_8445,2024-06-16 19:00:00,baseline,stressed,8448,8447,Stop_in_contact_passive_count,0.07871959583323918
16p,16p_8445,2024-06-16 19:00:00,baseline,stressed,8448,8447,Stop_in_contact_mean_duration,-0.1354751318587939
16p,16p_8445,2024-06-16 19:00:00,baseline,stressed,8448,8447,Stop_in_contact_std_duration,-0.26271175844786665
16p,16p_8445,2024-06-16 19:00:00,baseline,stressed,8448,8447,Stop_isolated_count,-0.0027074083449498687
16p,16p_8445,2024-06-16 19:00:00,baseline,stressed,8448,8447,Stop_isolated_mean_duration,-0.10206729214174448
16p,16p_8445,2024-06-16 19:00:00,baseline,stressed,8448,8447,Stop_isolated_std_duration,-0.2213068005082155
16p,16p_8445,2024-06-16 19:00:00,baseline,stressed,8448,8447,Train2_active_count,-0.08455738802806279
16p,16p_8445,2024-06-16 19:00:00,baseline,stressed,8448,8447,Train2_passive_count,-0.635988766719997
16p,16p_8445,2024-06-16 19:00:00,baseline,stressed,8448,8447,Train2_mean_duration,-0.019805004713567498
16p,16p_8445,2024-06-16 19:00:00,baseline,stressed,8448,8447,Train2_std_duration,0.057501141170590575
16p,16p_8445,2024-06-16 19:00:00,baseline,stressed,8448,8447,WallJump_count,-2.2713325494899412
16p,16p_8445,2024-06-16 19:00:00,baseline,stressed,8448,8447,WallJump_mean_duration,-0.17587794778182814
16p,16p_8445,2024-06-16 19:00:00,baseline,stressed,8448,8447,WallJump_std_duration,-0.18272528498734858
16p,16p_8445,2024-06-16 19:00:00,baseline,stressed,8448,8447,isolated_count,-0.22465651494783945
16p,16p_8445,2024-06-16 19:00:00,baseline,stressed,8448,8447,isolated_mean_duration,0.6329169644279933
16p,16p_8445,2024-06-16 19:00:00,baseline,stressed,8448,8447,isolated_std_duration,1.1208135967607578
16p,16p_8445,2024-06-16 19:00:00,baseline,stressed,8448,8447,seq_oral_geni___oral_oral_active_count,-0.08638461419882049
16p,16p_8445,2024-06-16 19:00:00,baseline,stressed,8448,8447,seq_oral_geni___oral_oral_passive_count,-0.25131442828090655
16p,16p_8445,2024-06-16 19:00:00,baseline,stressed,8448,8447,seq_oral_geni___oral_oral_mean_duration,-0.13025314717208114
16p,16p_8445,2024-06-16 19:00:00,baseline,stressed,8448,8447,seq_oral_geni___oral_oral_std_duration,-0.6416875879502886
16p,16p_8445,2024-06-16 19:00:00,baseline,stressed,8448,8447,seq_oral_oral___oral_genital_active_count,0.14261410719884182
16p,16p_8445,2024-06-16 19:00:00,baseline,stressed,8448,8447,seq_oral_oral___oral_genital_passive_count,-0.21825356602001822
16p,16p_8445,2024-06-16 19:00:00,baseline,stressed,8448,8447,seq_oral_oral___oral_genital_mean_duration,-0.11235421490128594
16p,16p_8445,2024-06-16 19:00:00,baseline,stressed,8448,8447,seq_oral_oral___oral_genital_std_duration,-0.7874511819980847
16p,16p_8445,2024-06-17 19:00:00,post_stress,stressed,8448,8447,Approach_active_count,0.027298006651152562
16p,16p_8445,2024-06-17 19:00:00,post_stress,stressed,8448,8447,Approach_passive_count,-0.03409031068916235
16p,16p_8445,2024-06-17 19:00:00,post_stress,stressed,8448,8447,Approach_mean_duration,-0.007904476305957253
16p,16p_8445,2024-06-17 19:00:00,post_stress,stressed,8448,8447,Approach_std_duration,-0.04403134933549513
16p,16p_8445,2024-06-17 19:00:00,post_stress,stressed,8448,8447,Approach_contact_active_count,0.04927928132273873
16p,16p_8445,2024-06-17 19:00:00,post_stress,stressed,8448,8447,Approach_contact_passive_count,0.14062641647512653
16p,16p_8445,2024-06-17 19:00:00,post_stress,stressed,8448,8447,Approach_contact_mean_duration,-0.02038421269080537
16p,16p_8445,2024-06-17 19:00:00,post_stress,stressed,8448,8447,Approach_contact_std_duration,-0.005249802292223604
16p,16p_8445,2024-06-17 19:00:00,post_stress,stressed,8448,8447,Approach_rear_active_count,0.11874268676601751
16p,16p_8445,2024-06-17 19:00:00,post_stress,stressed,8448,8447,Approach_rear_passive_count,0.00789032836751069
16p,16p_8445,2024-06-17 19:00:00,post_stress,stressed,8448,8447,Approach_rear_mean_duration,0.010434680039089761
16p,16p_8445,2024-06-17 19:00:00,post_stress,stressed,8448,8447,Approach_rear_std_duration,0.012973046852056136
16p,16p_8445,2024-06-17 19:00:00,post_stress,stressed,8448,8447,Break_contact_active_count,0.08305061097718358
16p,16p_8445,2024-06-17 19:00:00,post_stress,stressed,8448,8447,Break_contact_passive_count,0.08155664701583998
16p,16p_8445,2024-06-17 19:00:00,post_stress,stressed,8448,8447,Break_contact_mean_duration,-0.01959577798895895
16p,16p_8445,2024-06-17 19:00:00,post_stress,stressed,8448,8447,Break_contact_std_duration,-0.0076938921837638174
16p,16p_8445,2024-06-17 19:00:00,post_stress,stressed,8448,8447,Center_Zone_count,0.11864846193281231
16p,16p_8445,2024-06-17 19:00:00,post_stress,stressed,8448,8447,Center_Zone_mean_duration,-0.013442724940583073
16p,16p_8445,2024-06-17 19:00:00,post_stress,stressed,8448,8447,Center_Zone_std_duration,-0.04649311325514027
16p,16p_8445,2024-06-17 19:00:00,post_stress,stressed,8448,8447,Contact_active_count,0.12867257815330913
16p,16p_8445,2024-06-17 19:00:00,post_stress,stressed,8448,8447,Contact_passive_count,0.12867257815330913
16p,16p_8445,2024-06-17 19:00:00,post_stress,stressed,8448,8447,Contact_mean_duration,-0.049005966922578637
16p,16p_8445,2024-06-17 19:00:00,post_stress,stressed,8448,8447,Contact_std_duration,-0.14855367548032694
16p,16p_8445,2024-06-17 19:00:00,post_stress,stressed,8448,8447,Get_away_active_count,0.0
16p,16p_8445,2024-06-17 19:00:00,post_stress,stressed,8448,8447,Get_away_passive_count,-0.012353249655028264
16p,16p_8445,2024-06-17 19:00:00,post_stress,stressed,8448,8447,Get_away_mean_duration,-0.030237739666169938
16p,16p_8445,2024-06-17 19:00:00,post_stress,stressed,8448,8447,Get_away_std_duration,-0.030853764254008764
16p,16p_8445,2024-06-17 19:00:00,post_stress,stressed,8448,8447,Group_3_break_count,-0.12568821516349704
16p,16p_8445,2024-06-17 19:00:00,post_stress,stressed,8448,8447,Group_3_break_mean_duration,-0.007575548547482214
16p,16p_8445,2024-06-17 19:00:00,post_stress,stressed,8448,8447,Group_3_break_std_duration,-0.12527134889378844
16p,16p_8445,2024-06-17 19:00:00,post_stress,stressed,8448,8447,Group_3_make_count,-0.13353139262452185
16p,16p_8445,2024-06-17 19:00:00,post_stress,stressed,8448,8447,Group_3_make_mean_duration,0.0012878301844289064
16p,16p_8445,2024-06-17 19:00:00,post_stress,stressed,8448,8447,Group_3_make_std_duration,-0.13496042301560152
16p,16p_8445,2024-06-17 19:00:00,post_stress,stressed,8448,8447,Group_4_break_count,-0.762140052046897
16p,16p_8445,2024-06-17 19:00:00,post_stress,stressed,8448,8447,Group_4_break_mean_duration,0.11905158840800356
16p,16p_8445,2024-06-17 19:00:00,post_stress,stressed,8448,8447,Group_4_break_std_duration,0.10432275259306834
16p,16p_8445,2024-06-17 19:00:00,post_stress,stressed,8448,8447,Group_4_make_count,-0.4567584024957152
16p,16p_8445,2024-06-17 19:00:00,post_stress,stressed,8448,8447,Group_4_make_mean_duration,-0.02071008692131915
16p,16p_8445,2024-06-17 19:00:00,post_stress,stressed,8448,8447,Group_4_make_std_duration,-0.050055164771113936
16p,16p_8445,2024-06-17 19:00:00,post_stress,stressed,8448,8447,Group2_active_count,0.19789805043267794
16p,16p_8445,2024-06-17 19:00:00,post_stress,stressed,8448,8447,Group2_passive_count,0.19789805043267794
16p,16p_8445,2024-06-17 19:00:00,post_stress,stressed,8448,8447,Group2_mean_duration,-0.0039039798461510955
16p,16p_8445,2024-06-17 19:00:00,post_stress,stressed,8448,8447,Group2_std_duration,-0.06032322707174753
16p,16p_8445,2024-06-17 19:00:00,post_stress,stressed,8448,8447,Huddling_count,-0.011894787652148686
16p,16p_8445,2024-06-17 19:00:00,post_stress,stressed,8448,8447,Huddling_mean_duration,0.055435036190209175
16p,16p_8445,2024-06-17 19:00:00,post_stress,stressed,8448,8447,Huddling_std_duration,0.053984403717963314
16p,16p_8445,2024-06-17 19:00:00,post_stress,stressed,8448,8447,Move_in_contact_active_count,0.1365389136884776
16p,16p_8445,2024-06-17 19:00:00,post_stress,stressed,8448,8447,Move_in_contact_passive_count,0.0743485109618085
16p,16p_8445,2024-06-17 19:00:00,post_stress,stressed,8448,8447,Move_in_contact_mean_duration,-0.007809160275649485
16p,16p_8445,2024-06-17 19:00:00,post_stress,stressed,8448,8447,Move_in_contact_std_duration,-0.021941921004850817
16p,16p_8445,2024-06-17 19:00:00,post_stress,stressed,8448,8447,Move_isolated_count,0.01978630089884348
16p,16p_8445,2024-06-17 19:00:00,post_stress,stressed,8448,8447,Move_isolated_mean_duration,-0.22420899721936216
16p,16p_8445,2024-06-17 19:00:00,post_stress,stressed,8448,8447,Move_isolated_std_duration,-0.31280825912244703
16p,16p_8445,2024-06-17 19:00:00,post_stress,stressed,8448,8447,Oral_genital_Contact_active_count,0.10320115398956808
16p,16p_8445,2024-06-17 19:00:00,post_stress,stressed,8448,8447,Oral_genital_Contact_passive_count,0.12065899313703987
16p,16p_8445,2024-06-17 19:00:00,post_stress,stressed,8448,8447,Oral_genital_Contact_mean_duration,-0.016101087671015035
16p,16p_8445,2024-06-17 19:00:00,post_stress,stressed,8448,8447,Oral_genital_Contact_std_duration,-0.055265894667102966
16p,16p_8445,2024-06-17 19:00:00,post_stress,stressed,8448,8447,Oral_oral_Contact_active_count,0.08697741824949556
16p,16p_8445,2024-06-17 19:00:00,post_stress,stressed,8448,8447,Oral_oral_Contact_passive_count,0.08697741824949556
16p,16p_8445,2024-06-17 19:00:00,post_stress,stressed,8448,8447,Oral_oral_Contact_mean_duration,-0.006550840616419529
16p,16p_8445,2024-06-17 19:00:00,post_stress,stressed,8448,8447,Oral_oral_Contact_std_duration,0.09720515651812511
16p,16p_8445,2024-06-17 19:00:00,post_stress,stressed,8448,8447,Periphery_Zone_count,0.19546882915798935
16p,16p_8445,2024-06-17 19:00:00,post_stress,stressed,8448,8447,Periphery_Zone_mean_duration,-0.2537649478545809
16p,16p_8445,2024-06-17 19:00:00,post_stress,stressed,8448,8447,Periphery_Zone_std_duration,-0.37801811520316786
16p,16p_8445,2024-06-17 19:00:00,post_stress,stressed,8448,8447,Rear_at_periphery_count,-1.019920020092445
16p,16p_8445,2024-06-17 19:00:00,post_stress,stressed,8448,8447,Rear_at_periphery_mean_duration,-0.6739203005232656
16p,16p_8445,2024-06-17 19:00:00,post_stress,stressed,8448,8447,Rear_at_periphery_std_duration,-0.8908992083280718
16p,16p_8445,2024-06-17 19:00:00,post_stress,stressed,8448,8447,Rear_in_centerWindow_count,-0.7696872576822793
16p,16p_8445,2024-06-17 19:00:00,post_stress,stressed,8448,8447,Rear_in_centerWindow_mean_duration,-0.013435225441867926
16p,16p_8445,2024-06-17 19:00:00,post_stress,stressed,8448,8447,Rear_in_centerWindow_std_duration,-0.09643157292191118
16p,16p_8445,2024-06-17 19:00:00,post_stress,stressed,8448,8447,Rear_in_contact_count,0.015174798019234714
16p,16p_8445,2024-06-17 19:00:00,post_stress,stressed,8448,8447,Rear_in_contact_mean_duration,-0.10482009097283307
16p,16p_8445,2024-06-17 19:00:00,post_stress,stressed,8448,8447,Rear_in_contact_std_duration,-0.6282194831825771
16p,16p_8445,2024-06-17 19:00:00,post_stress,stressed,8448,8447,Rear_isolated_count,-0.9689457360765639
16p,16p_8445,2024-06-17 19:00:00,post_stress,stressed,8448,8447,Rear_isolated_mean_duration,-0.5880210226885709
16p,16p_8445,2024-06-17 19:00:00,post_stress,stressed,8448,8447,Rear_isolated_std_duration,-0.8193119896872638
16p,16p_8445,2024-06-17 19:00:00,post_stress,stressed,8448,8447,Rearing_count,-0.1213608570042668
16p,16p_8445,2024-06-17 19:00:00,post_stress,stressed,8448,8447,Rearing_mean_duration,0.08789266335916723
16p,16p_8445,2024-06-17 19:00:00,post_stress,stressed,8448,8447,Rearing_std_duration,0.10386640690736204
16p,16p_8445,2024-06-17 19:00:00,post_stress,stressed,8448,8447,SAP_count,0.29789464679953515
16p,16p_8445,2024-06-17 19:00:00,post_stress,stressed,8448,8447,SAP_mean_duration,0.1401192978651724
16p,16p_8445,2024-06-17 19:00:00,post_stress,stressed,8448,8447,SAP_std_duration,0.4554087828439157
16p,16p_8445,2024-06-17 19:00:00,post_stress,stressed,8448,8447,Side_by_side_Contact_active_count,0.11698717409428028
16p,16p_8445,2024-06-17 19:00:00,post_stress,stressed,8448,8447,Side_by_side_Contact_passive_count,0.11698717409428028
16p,16p_8445,2024-06-17 19:00:00,post_stress,stressed,8448,8447,Side_by_side_Contact_mean_duration,-0.07718015311284665
16p,16p_8445,2024-06-17 19:00:00,post_stress,stressed,8448,8447,Side_by_side_Contact_std_duration,-0.16457660107294303
16p,16p_8445,2024-06-17 19:00:00,post_stress,stressed,8448,8447,Side_by_side_Contact_opposite_way_active_count,0.09796126025921659
16p,16p_8445,2024-06-17 19:00:00,post_stress,stressed,8448,8447,Side_by_side_Contact_opposite_way_passive_count,0.09796126025921659
16p,16p_8445,2024-06-17 19:00:00,post_stress,stressed,8448,8447,Side_by_side_Contact_opposite_way_mean_duration,-0.008026821119919925
16p,16p_8445,2024-06-17 19:00:00,post_stress,stressed,8448,8447,Side_by_side_Contact_opposite_way_std_duration,0.1279269794322091
16p,16p_8445,2024-06-17 19:00:00,post_stress,stressed,8448,8447,Social_approach_active_count,0.0957827323845919
16p,16p_8445,2024-06-17 19:00:00,post_stress,stressed,8448,8447,Social_approach_passive_count,0.14914181612728328
16p,16p_8445,2024-06-17 19:00:00,post_stress,stressed,8448,8447,Social_approach_mean_duration,-0.03262388103683711
16p,16p_8445,2024-06-17 19:00:00,post_stress,stressed,8448,8447,Social_approach_std_duration,-0.12381786577122478
16p,16p_8445,2024-06-17 19:00:00,post_stress,stressed,8448,8447,Social_escape_active_count,0.07420774765891913
16p,16p_8445,2024-06-17 19:00:00,post_stress,stressed,8448,8447,Social_escape_passive_count,0.08840940145536536
16p,16p_8445,2024-06-17 19:00:00,post_stress,stressed,8448,8447,Social_escape_mean_duration,-0.008300372191692107
16p,16p_8445,2024-06-17 19:00:00,post_stress,stressed,8448,8447,Social_escape_std_duration,0.03157279643878996
16p,16p_8445,2024-06-17 19:00:00,post_stress,stressed,8448,8447,Stop_count,-0.01581953894489274
16p,16p_8445,2024-06-17 19:00:00,post_stress,stressed,8448,8447,Stop_mean_duration,-0.005891902004149241
16p,16p_8445,2024-06-17 19:00:00,post_stress,stressed,8448,8447,Stop_std_duration,-0.255810551331745
16p,16p_8445,2024-06-17 19:00:00,post_stress,stressed,8448,8447,Stop_in_contact_active_count,0.140218816710032
16p,16p_8445,2024-06-17 19:00:00,post_stress,stressed,8448,8447,Stop_in_contact_passive_count,0.12859173022014314
16p,16p_8445,2024-06-17 19:00:00,post_stress,stressed,8448,8447,Stop_in_contact_mean_duration,-0.054969822646811384
16p,16p_8445,2024-06-17 19:00:00,post_stress,stressed,8448,8447,Stop_in_contact_std_duration,-0.15007299251642836
16p,16p_8445,2024-06-17 19:00:00,post_stress,stressed,8448,8447,Stop_isolated_count,0.024491020008295727
16p,16p_8445,2024-06-17 19:00:00,post_stress,stressed,8448,8447,Stop_isolated_mean_duration,-0.14792045609258997
16p,16p_8445,2024-06-17 19:00:00,post_stress,stressed,8448,8447,Stop_isolated_std_duration,0.027177822732769474
16p,16p_8445,2024-06-17 19:00:00,post_stress,stressed,8448,8447,Train2_active_count,0.1823215567939549
16p,16p_8445,2024-06-17 19:00:00,post_stress,stressed,8448,8447,Train2_passive_count,-0.4054651081081646
16p,16p_8445,2024-06-17 19:00:00,post_stress,stressed,8448,8447,Train2_mean_duration,0.016140897898560103
16p,16p_8445,2024-06-17 19:00:00,post_stress,stressed,8448,8447,Train2_std_duration,-0.03398310409597455
16p,16p_8445,2024-06-17 19:00:00,post_stress,stressed,8448,8447,WallJump_count,-2.7122082112508736
16p,16p_8445,2024-06-17 19:00:00,post_stress,stressed,8448,8447,WallJump_mean_duration,-0.20209728908302604
16p,16p_8445,2024-06-17 19:00:00,post_stress,stressed,8448,8447,WallJump_std_duration,-0.2772975994115856
16p,16p_8445,2024-06-17 19:00:00,post_stress,stressed,8448,8447,isolated_count,-0.5832015232830461
16p,16p_8445,2024-06-17 19:00:00,post_stress,stressed,8448,8447,isolated_mean_duration,0.4105114456487726
16p,16p_8445,2024-06-17 19:00:00,post_stress,stressed,8448,8447,isolated_std_duration,1.0745620931281796
16p,16p_8445,2024-06-17 19:00:00,post_stress,stressed,8448,8447,seq_oral_geni___oral_oral_active_count,-0.25932320789171204
16p,16p_8445,2024-06-17 19:00:00,post_stress,stressed,8448,8447,seq_oral_geni___oral_oral_passive_count,0.04417121831313686
16p,16p_8445,2024-06-17 19:00:00,post_stress,stressed,8448,8447,seq_oral_geni___oral_oral_mean_duration,0.07587393024993405
16p,16p_8445,2024-06-17 19:00:00,post_stress,stressed,8448,8447,seq_oral_geni___oral_oral_std_duration,0.3431417561865677
16p,16p_8445,2024-06-17 19:00:00,post_stress,stressed,8448,8447,seq_oral_oral___oral_genital_active_count,0.03562717764315071
16p,16p_8445,2024-06-17 19:00:00,post_stress,stressed,8448,8447,seq_oral_oral___oral_genital_passive_count,0.12088189156045015
16p,16p_8445,2024-06-17 19:00:00,post_stress,stressed,8448,8447,seq_oral_oral___oral_genital_mean_duration,-0.03136362355082212
16p,16p_8445,2024-06-17 19:00:00,post_stress,stressed,8448,8447,seq_oral_oral___oral_genital_std_duration,0.1500967429025708
16p,16p_8445,2024-06-18 19:00:00,post_stress,stressed,8448,8447,Approach_active_count,-0.014417093566089889
16p,16p_8445,2024-06-18 19:00:00,post_stress,stressed,8448,8447,Approach_passive_count,-0.0011273380645633324
16p,16p_8445,2024-06-18 19:00:00,post_stress,stressed,8448,8447,Approach_mean_duration,-0.00962398454399005
16p,16p_8445,2024-06-18 19:00:00,post_stress,stressed,8448,8447,Approach_std_duration,0.0025694427645208684
16p,16p_8445,2024-06-18 19:00:00,post_stress,stressed,8448,8447,Approach_contact_active_count,-0.10550501388797517
16p,16p_8445,2024-06-18 19:00:00,post_stress,stressed,8448,8447,Approach_contact_passive_count,0.04831857727080724
16p,16p_8445,2024-06-18 19:00:00,post_stress,stressed,8448,8447,Approach_contact_mean_duration,-0.0026381614401458364
16p,16p_8445,2024-06-18 19:00:00,post_stress,stressed,8448,8447,Approach_contact_std_duration,0.006841764433088815
16p,16p_8445,2024-06-18 19:00:00,post_stress,stressed,8448,8447,Approach_rear_active_count,0.050313359080462305
16p,16p_8445,2024-06-18 19:00:00,post_stress,stressed,8448,8447,Approach_rear_passive_count,-0.025086834429735028
16p,16p_8445,2024-06-18 19:00:00,post_stress,stressed,8448,8447,Approach_rear_mean_duration,0.004803825789994276
16p,16p_8445,2024-06-18 19:00:00,post_stress,stressed,8448,8447,Approach_rear_std_duration,0.010000704450483955
16p,16p_8445,2024-06-18 19:00:00,post_stress,stressed,8448,8447,Break_contact_active_count,-0.009316837580230164
16p,16p_8445,2024-06-18 19:00:00,post_stress,stressed,8448,8447,Break_contact_passive_count,0.011516442061559218
16p,16p_8445,2024-06-18 19:00:00,post_stress,stressed,8448,8447,Break_contact_mean_duration,-0.009533443921484808
16p,16p_8445,2024-06-18 19:00:00,post_stress,stressed,8448,8447,Break_contact_std_duration,0.006941111453757087
16p,16p_8445,2024-06-18 19:00:00,post_stress,stressed,8448,8447,Center_Zone_count,-0.017730960971231724
16p,16p_8445,2024-06-18 19:00:00,post_stress,stressed,8448,8447,Center_Zone_mean_duration,0.4159539407691275
16p,16p_8445,2024-06-18 19:00:00,post_stress,stressed,8448,8447,Center_Zone_std_duration,0.22843474172698164
16p,16p_8445,2024-06-18 19:00:00,post_stress,stressed,8448,8447,Contact_active_count,0.030017261186689126
16p,16p_8445,2024-06-18 19:00:00,post_stress,stressed,8448,8447,Contact_passive_count,0.030017261186689126
16p,16p_8445,2024-06-18 19:00:00,post_stress,stressed,8448,8447,Contact_mean_duration,0.06078466604077537
16p,16p_8445,2024-06-18 19:00:00,post_stress,stressed,8448,8447,Contact_std_duration,0.03386635172536234
16p,16p_8445,2024-06-18 19:00:00,post_stress,stressed,8448,8447,Get_away_active_count,-0.020372044972504
16p,16p_8445,2024-06-18 19:00:00,post_stress,stressed,8448,8447,Get_away_passive_count,-0.03454554445301916
16p,16p_8445,2024-06-18 19:00:00,post_stress,stressed,8448,8447,Get_away_mean_duration,-0.024751751292094504
16p,16p_8445,2024-06-18 19:00:00,post_stress,stressed,8448,8447,Get_away_std_duration,-0.046358032577856534
16p,16p_8445,2024-06-18 19:00:00,post_stress,stressed,8448,8447,Group_3_break_count,0.296731907971699
16p,16p_8445,2024-06-18 19:00:00,post_stress,stressed,8448,8447,Group_3_break_mean_duration,0.04465845035458671
16p,16p_8445,2024-06-18 19:00:00,post_stress,stressed,8448,8447,Group_3_break_std_duration,-0.29319980210036567
16p,16p_8445,2024-06-18 19:00:00,post_stress,stressed,8448,8447,Group_3_make_count,0.43286408229627904
16p,16p_8445,2024-06-18 19:00:00,post_stress,stressed,8448,8447,Group_3_make_mean_duration,-0.05751919951472939
16p,16p_8445,2024-06-18 19:00:00,post_stress,stressed,8448,8447,Group_3_make_std_duration,-0.2651063836938412
16p,16p_8445,2024-06-18 19:00:00,post_stress,stressed,8448,8447,Group_4_break_count,-0.15415067982725805
16p,16p_8445,2024-06-18 19:00:00,post_stress,stressed,8448,8447,Group_4_break_mean_duration,0.14165589405755552
16p,16p_8445,2024-06-18 19:00:00,post_stress,stressed,8448,8447,Group_4_break_std_duration,0.1268040721362212
16p,16p_8445,2024-06-18 19:00:00,post_stress,stressed,8448,8447,Group_4_make_count,-0.06062462181643502
16p,16p_8445,2024-06-18 19:00:00,post_stress,stressed,8448,8447,Group_4_make_mean_duration,0.25074119811330353
16p,16p_8445,2024-06-18 19:00:00,post_stress,stressed,8448,8447,Group_4_make_std_duration,0.33967891627094426
16p,16p_8445,2024-06-18 19:00:00,post_stress,stressed,8448,8447,Group2_active_count,0.04516896836791151
16p,16p_8445,2024-06-18 19:00:00,post_stress,stressed,8448,8447,Group2_passive_count,0.04516896836791151
16p,16p_8445,2024-06-18 19:00:00,post_stress,stressed,8448,8447,Group2_mean_duration,0.01969294313604064
16p,16p_8445,2024-06-18 19:00:00,post_stress,stressed,8448,8447,Group2_std_duration,-0.18225711194043415
16p,16p_8445,2024-06-18 19:00:00,post_stress,stressed,8448,8447,Huddling_count,-0.05487196932698435
16p,16p_8445,2024-06-18 19:00:00,post_stress,stressed,8448,8447,Huddling_mean_duration,0.14909670121578222
16p,16p_8445,2024-06-18 19:00:00,post_stress,stressed,8448,8447,Huddling_std_duration,0.5498962769991504
16p,16p_8445,2024-06-18 19:00:00,post_stress,stressed,8448,8447,Move_in_contact_active_count,0.07677396789640856
16p,16p_8445,2024-06-18 19:00:00,post_stress,stressed,8448,8447,Move_in_contact_passive_count,-0.0032679767646168756
16p,16p_8445,2024-06-18 19:00:00,post_stress,stressed,8448,8447,Move_in_contact_mean_duration,-0.008535122996009226
16p,16p_8445,2024-06-18 19:00:00,post_stress,stressed,8448,8447,Move_in_contact_std_duration,-0.007660516262192996
16p,16p_8445,2024-06-18 19:00:00,post_stress,stressed,8448,8447,Move_isolated_count,-0.012956600569622445
16p,16p_8445,2024-06-18 19:00:00,post_stress,stressed,8448,8447,Move_isolated_mean_duration,-0.10215666376056998
16p,16p_8445,2024-06-18 19:00:00,post_stress,stressed,8448,8447,Move_isolated_std_duration,0.5683534051966757
16p,16p_8445,2024-06-18 19:00:00,post_stress,stressed,8448,8447,Oral_genital_Contact_active_count,0.11218648072822646
16p,16p_8445,2024-06-18 19:00:00,post_stress,stressed,8448,8447,Oral_genital_Contact_passive_count,0.10120188050896761
16p,16p_8445,2024-06-18 19:00:00,post_stress,stressed,8448,8447,Oral_genital_Contact_mean_duration,0.01185774123111516
16p,16p_8445,2024-06-18 19:00:00,post_stress,stressed,8448,8447,Oral_genital_Contact_std_duration,-0.0048668720248277175
16p,16p_8445,2024-06-18 19:00:00,post_stress,stressed,8448,8447,Oral_oral_Contact_active_count,0.061058542878538624
16p,16p_8445,2024-06-18 19:00:00,post_stress,stressed,8448,8447,Oral_oral_Contact_passive_count,0.061058542878538624
16p,16p_8445,2024-06-18 19:00:00,post_stress,stressed,8448,8447,Oral_oral_Contact_mean_duration,0.03165559925937811
16p,16p_8445,2024-06-18 19:00:00,post_stress,stressed,8448,8447,Oral_oral_Contact_std_duration,0.47964820992370316
16p,16p_8445,2024-06-18 19:00:00,post_stress,stressed,8448,8447,Periphery_Zone_count,0.4987617118367469
16p,16p_8445,2024-06-18 19:00:00,post_stress,stressed,8448,8447,Periphery_Zone_mean_duration,-0.6736982649623715
16p,16p_8445,2024-06-18 19:00:00,post_stress,stressed,8448,8447,Periphery_Zone_std_duration,-0.3341881288691333
16p,16p_8445,2024-06-18 19:00:00,post_stress,stressed,8448,8447,Rear_at_periphery_count,-1.4940657613620276
16p,16p_8445,2024-06-18 19:00:00,post_stress,stressed,8448,8447,Rear_at_periphery_mean_duration,-0.7198671028283004
16p,16p_8445,2024-06-18 19:00:00,post_stress,stressed,8448,8447,Rear_at_periphery_std_duration,-0.7788775573109967
16p,16p_8445,2024-06-18 19:00:00,post_stress,stressed,8448,8447,Rear_in_centerWindow_count,-0.6751286750572674
16p,16p_8445,2024-06-18 19:00:00,post_stress,stressed,8448,8447,Rear_in_centerWindow_mean_duration,0.16069211944576778
16p,16p_8445,2024-06-18 19:00:00,post_stress,stressed,8448,8447,Rear_in_centerWindow_std_duration,0.1802965257755429
16p,16p_8445,2024-06-18 19:00:00,post_stress,stressed,8448,8447,Rear_in_contact_count,-0.05454996325406469
16p,16p_8445,2024-06-18 19:00:00,post_stress,stressed,8448,8447,Rear_in_contact_mean_duration,-0.02493765830226269
16p,16p_8445,2024-06-18 19:00:00,post_stress,stressed,8448,8447,Rear_in_contact_std_duration,-0.11586159104612859
16p,16p_8445,2024-06-18 19:00:00,post_stress,stressed,8448,8447,Rear_isolated_count,-1.4152818979931423
16p,16p_8445,2024-06-18 19:00:00,post_stress,stressed,8448,8447,Rear_isolated_mean_duration,-0.6579272196799778
16p,16p_8445,2024-06-18 19:00:00,post_stress,stressed,8448,8447,Rear_isolated_std_duration,-0.7324888018095757
16p,16p_8445,2024-06-18 19:00:00,post_stress,stressed,8448,8447,Rearing_count,-0.24419696051204198
16p,16p_8445,2024-06-18 19:00:00,post_stress,stressed,8448,8447,Rearing_mean_duration,0.0970260535499321
16p,16p_8445,2024-06-18 19:00:00,post_stress,stressed,8448,8447,Rearing_std_duration,0.11048981174733008
16p,16p_8445,2024-06-18 19:00:00,post_stress,stressed,8448,8447,SAP_count,0.15996464969267876
16p,16p_8445,2024-06-18 19:00:00,post_stress,stressed,8448,8447,SAP_mean_duration,-0.06783270345382064
16p,16p_8445,2024-06-18 19:00:00,post_stress,stressed,8448,8447,SAP_std_duration,-0.4417895936318099
16p,16p_8445,2024-06-18 19:00:00,post_stress,stressed,8448,8447,Side_by_side_Contact_active_count,0.08830629461958672
16p,16p_8445,2024-06-18 19:00:00,post_stress,stressed,8448,8447,Side_by_side_Contact_passive_count,0.08830629461958672
16p,16p_8445,2024-06-18 19:00:00,post_stress,stressed,8448,8447,Side_by_side_Contact_mean_duration,-0.014630455640093354
16p,16p_8445,2024-06-18 19:00:00,post_stress,stressed,8448,8447,Side_by_side_Contact_std_duration,0.19922859876882537
16p,16p_8445,2024-06-18 19:00:00,post_stress,stressed,8448,8447,Side_by_side_Contact_opposite_way_active_count,0.10707779029732034
16p,16p_8445,2024-06-18 19:00:00,post_stress,stressed,8448,8447,Side_by_side_Contact_opposite_way_passive_count,0.10707779029732034
16p,16p_8445,2024-06-18 19:00:00,post_stress,stressed,8448,8447,Side_by_side_Contact_opposite_way_mean_duration,-0.0128284697233918
16p,16p_8445,2024-06-18 19:00:00,post_stress,stressed,8448,8447,Side_by_side_Contact_opposite_way_std_duration,-0.03874894991447175
16p,16p_8445,2024-06-18 19:00:00,post_stress,stressed,8448,8447,Social_approach_active_count,0.056485602134557666
16p,16p_8445,2024-06-18 19:00:00,post_stress,stressed,8448,8447,Social_approach_passive_count,0.13185380937812852
16p,16p_8445,2024-06-18 19:00:00,post_stress,stressed,8448,8447,Social_approach_mean_duration,0.015607845272422871
16p,16p_8445,2024-06-18 19:00:00,post_stress,stressed,8448,8447,Social_approach_std_duration,0.0036851404345963346
16p,16p_8445,2024-06-18 19:00:00,post_stress,stressed,8448,8447,Social_escape_active_count,0.07265497287266243
16p,16p_8445,2024-06-18 19:00:00,post_stress,stressed,8448,8447,Social_escape_passive_count,0.036035488341854105
16p,16p_8445,2024-06-18 19:00:00,post_stress,stressed,8448,8447,Social_escape_mean_duration,0.010728650543270657
16p,16p_8445,2024-06-18 19:00:00,post_stress,stressed,8448,8447,Social_escape_std_duration,0.01658181018676963
16p,16p_8445,2024-06-18 19:00:00,post_stress,stressed,8448,8447,Stop_count,-0.05715841383994835
16p,16p_8445,2024-06-18 19:00:00,post_stress,stressed,8448,8447,Stop_mean_duration,-0.05391138024760478
16p,16p_8445,2024-06-18 19:00:00,post_stress,stressed,8448,8447,Stop_std_duration,0.040110842402130586
16p,16p_8445,2024-06-18 19:00:00,post_stress,stressed,8448,8447,Stop_in_contact_active_count,0.039220713153280684
16p,16p_8445,2024-06-18 19:00:00,post_stress,stressed,8448,8447,Stop_in_contact_passive_count,0.04597336622556547
16p,16p_8445,2024-06-18 19:00:00,post_stress,stressed,8448,8447,Stop_in_contact_mean_duration,0.0521996253517969
16p,16p_8445,2024-06-18 19:00:00,post_stress,stressed,8448,8447,Stop_in_contact_std_duration,0.03006755646868786
16p,16p_8445,2024-06-18 19:00:00,post_stress,stressed,8448,8447,Stop_isolated_count,-0.024436610248380397
16p,16p_8445,2024-06-18 19:00:00,post_stress,stressed,8448,8447,Stop_isolated_mean_duration,-0.24176121486025792
16p,16p_8445,2024-06-18 19:00:00,post_stress,stressed,8448,8447,Stop_isolated_std_duration,-0.39358808058512373
16p,16p_8445,2024-06-18 19:00:00,post_stress,stressed,8448,8447,Train2_active_count,0.980829253011726
16p,16p_8445,2024-06-18 19:00:00,post_stress,stressed,8448,8447,Train2_passive_count,1.252762968495368
16p,16p_8445,2024-06-18 19:00:00,post_stress,stressed,8448,8447,Train2_mean_duration,-0.17601348298152358
16p,16p_8445,2024-06-18 19:00:00,post_stress,stressed,8448,8447,Train2_std_duration,-0.10305788837120694
16p,16p_8445,2024-06-18 19:00:00,post_stress,stressed,8448,8447,WallJump_count,-2.427748235948052
16p,16p_8445,2024-06-18 19:00:00,post_stress,stressed,8448,8447,WallJump_mean_duration,-0.037347896966295036
16p,16p_8445,2024-06-18 19:00:00,post_stress,stressed,8448,8447,WallJump_std_duration,0.2793485928136463
16p,16p_8445,2024-06-18 19:00:00,post_stress,stressed,8448,8447,isolated_count,-0.18927722144787662
16p,16p_8445,2024-06-18 19:00:00,post_stress,stressed,8448,8447,isolated_mean_duration,-0.31455945784625716
16p,16p_8445,2024-06-18 19:00:00,post_stress,stressed,8448,8447,isolated_std_duration,-0.027875624475604432
16p,16p_8445,2024-06-18 19:00:00,post_stress,stressed,8448,8447,seq_oral_geni___oral_oral_active_count,0.053244514518812736
16p,16p_8445,2024-06-18 19:00:00,post_stress,stressed,8448,8447,seq_oral_geni___oral_oral_passive_count,0.2876820724517808
16p,16p_8445,2024-06-18 19:00:00,post_stress,stressed,8448,8447,seq_oral_geni___oral_oral_mean_duration,-0.05734140021845335
16p,16p_8445,2024-06-18 19:00:00,post_stress,stressed,8448,8447,seq_oral_geni___oral_oral_std_duration,-0.2658064815632706
16p,16p_8445,2024-06-18 19:00:00,post_stress,stressed,8448,8447,seq_oral_oral___oral_genital_active_count,-0.022472855852059048
16p,16p_8445,2024-06-18 19:00:00,post_stress,stressed,8448,8447,seq_oral_oral___oral_genital_passive_count,0.2578291093020999
16p,16p_8445,2024-06-18 19:00:00,post_stress,stressed,8448,8447,seq_oral_oral___oral_genital_mean_duration,-0.05336754859138981
16p,16p_8445,2024-06-18 19:00:00,post_stress,stressed,8448,8447,seq_oral_oral___oral_genital_std_duration,-0.31973749714351407
16p,16p_8445,2024-06-19 19:00:00,post_stress,stressed,8448,8447,Approach_active_count,0.003093849150541672
16p,16p_8445,2024-06-19 19:00:00,post_stress,stressed,8448,8447,Approach_passive_count,-0.04483540212838122
16p,16p_8445,2024-06-19 19:00:00,post_stress,stressed,8448,8447,Approach_mean_duration,0.011878200361112645
16p,16p_8445,2024-06-19 19:00:00,post_stress,stressed,8448,8447,Approach_std_duration,-0.039442687525856446
16p,16p_8445,2024-06-19 19:00:00,post_stress,stressed,8448,8447,Approach_contact_active_count,-0.133236885186081
16p,16p_8445,2024-06-19 19:00:00,post_stress,stressed,8448,8447,Approach_contact_passive_count,0.1985820776657352
16p,16p_8445,2024-06-19 19:00:00,post_stress,stressed,8448,8447,Approach_contact_mean_duration,-0.018502202240703758
16p,16p_8445,2024-06-19 19:00:00,post_stress,stressed,8448,8447,Approach_contact_std_duration,-0.005276844524888191
16p,16p_8445,2024-06-19 19:00:00,post_stress,stressed,8448,8447,Approach_rear_active_count,0.09885037873827507
16p,16p_8445,2024-06-19 19:00:00,post_stress,stressed,8448,8447,Approach_rear_passive_count,-0.0748698769524836
16p,16p_8445,2024-06-19 19:00:00,post_stress,stressed,8448,8447,Approach_rear_mean_duration,0.011347569548498582
16p,16p_8445,2024-06-19 19:00:00,post_stress,stressed,8448,8447,Approach_rear_std_duration,0.11512201426154434
16p,16p_8445,2024-06-19 19:00:00,post_stress,stressed,8448,8447,Break_contact_active_count,-0.02918140192615848
16p,16p_8445,2024-06-19 19:00:00,post_stress,stressed,8448,8447,Break_contact_passive_count,0.19645026233158092
16p,16p_8445,2024-06-19 19:00:00,post_stress,stressed,8448,8447,Break_contact_mean_duration,0.003723008891950763
16p,16p_8445,2024-06-19 19:00:00,post_stress,stressed,8448,8447,Break_contact_std_duration,0.022953828547616517
16p,16p_8445,2024-06-19 19:00:00,post_stress,stressed,8448,8447,Center_Zone_count,0.04915360229809185
16p,16p_8445,2024-06-19 19:00:00,post_stress,stressed,8448,8447,Center_Zone_mean_duration,0.121692714742764
16p,16p_8445,2024-06-19 19:00:00,post_stress,stressed,8448,8447,Center_Zone_std_duration,-0.26490292264318605
16p,16p_8445,2024-06-19 19:00:00,post_stress,stressed,8448,8447,Contact_active_count,0.0868744750796342
16p,16p_8445,2024-06-19 19:00:00,post_stress,stressed,8448,8447,Contact_passive_count,0.0868744750796342
16p,16p_8445,2024-06-19 19:00:00,post_stress,stressed,8448,8447,Contact_mean_duration,0.01032455272034083
16p,16p_8445,2024-06-19 19:00:00,post_stress,stressed,8448,8447,Contact_std_duration,0.01981508282704958
16p,16p_8445,2024-06-19 19:00:00,post_stress,stressed,8448,8447,Get_away_active_count,0.023166278031840903
16p,16p_8445,2024-06-19 19:00:00,post_stress,stressed,8448,8447,Get_away_passive_count,-0.0032196720334933815
16p,16p_8445,2024-06-19 19:00:00,post_stress,stressed,8448,8447,Get_away_mean_duration,-0.03890299225208382
16p,16p_8445,2024-06-19 19:00:00,post_stress,stressed,8448,8447,Get_away_std_duration,-0.04753911240868103
16p,16p_8445,2024-06-19 19:00:00,post_stress,stressed,8448,8447,Group_3_break_count,0.4091214193112753
16p,16p_8445,2024-06-19 19:00:00,post_stress,stressed,8448,8447,Group_3_break_mean_duration,0.059923317609970606
16p,16p_8445,2024-06-19 19:00:00,post_stress,stressed,8448,8447,Group_3_break_std_duration,0.07587543901715615
16p,16p_8445,2024-06-19 19:00:00,post_stress,stressed,8448,8447,Group_3_make_count,0.4700036292457357
16p,16p_8445,2024-06-19 19:00:00,post_stress,stressed,8448,8447,Group_3_make_mean_duration,0.04652166724984208
16p,16p_8445,2024-06-19 19:00:00,post_stress,stressed,8448,8447,Group_3_make_std_duration,0.09160961213563407
16p,16p_8445,2024-06-19 19:00:00,post_stress,stressed,8448,8447,Group_4_break_count,-0.3794896217049035
16p,16p_8445,2024-06-19 19:00:00,post_stress,stressed,8448,8447,Group_4_break_mean_duration,-0.05959793187412499
16p,16p_8445,2024-06-19 19:00:00,post_stress,stressed,8448,8447,Group_4_break_std_duration,-0.09069327286136819
16p,16p_8445,2024-06-19 19:00:00,post_stress,stressed,8448,8447,Group_4_make_count,-0.2876820724517808
16p,16p_8445,2024-06-19 19:00:00,post_stress,stressed,8448,8447,Group_4_make_mean_duration,-0.13318002466391798
16p,16p_8445,2024-06-19 19:00:00,post_stress,stressed,8448,8447,Group_4_make_std_duration,-0.24655302057960582
16p,16p_8445,2024-06-19 19:00:00,post_stress,stressed,8448,8447,Group2_active_count,0.10401462043447118
16p,16p_8445,2024-06-19 19:00:00,post_stress,stressed,8448,8447,Group2_passive_count,0.10401462043447118
16p,16p_8445,2024-06-19 19:00:00,post_stress,stressed,8448,8447,Group2_mean_duration,-0.06791092803272947
16p,16p_8445,2024-06-19 19:00:00,post_stress,stressed,8448,8447,Group2_std_duration,-0.13724741572676713
16p,16p_8445,2024-06-19 19:00:00,post_stress,stressed,8448,8447,Huddling_count,-0.047058431628085984
16p,16p_8445,2024-06-19 19:00:00,post_stress,stressed,8448,8447,Huddling_mean_duration,-0.052328647819782415
16p,16p_8445,2024-06-19 19:00:00,post_stress,stressed,8448,8447,Huddling_std_duration,-1.177892352886857
16p,16p_8445,2024-06-19 19:00:00,post_stress,stressed,8448,8447,Move_in_contact_active_count,0.025825527641638146
16p,16p_8445,2024-06-19 19:00:00,post_stress,stressed,8448,8447,Move_in_contact_passive_count,0.08035722253695532
16p,16p_8445,2024-06-19 19:00:00,post_stress,stressed,8448,8447,Move_in_contact_mean_duration,-0.007929829159272317
16p,16p_8445,2024-06-19 19:00:00,post_stress,stressed,8448,8447,Move_in_contact_std_duration,-0.055554794469282576
16p,16p_8445,2024-06-19 19:00:00,post_stress,stressed,8448,8447,Move_isolated_count,-0.16269384131351394
16p,16p_8445,2024-06-19 19:00:00,post_stress,stressed,8448,8447,Move_isolated_mean_duration,-0.1676509758185145
16p,16p_8445,2024-06-19 19:00:00,post_stress,stressed,8448,8447,Move_isolated_std_duration,-0.2342184343396414
16p,16p_8445,2024-06-19 19:00:00,post_stress,stressed,8448,8447,Oral_genital_Contact_active_count,0.11630608634264306
16p,16p_8445,2024-06-19 19:00:00,post_stress,stressed,8448,8447,Oral_genital_Contact_passive_count,0.01758287055786667
16p,16p_8445,2024-06-19 19:00:00,post_stress,stressed,8448,8447,Oral_genital_Contact_mean_duration,0.0029675470251422364
16p,16p_8445,2024-06-19 19:00:00,post_stress,stressed,8448,8447,Oral_genital_Contact_std_duration,0.045534527059789554
16p,16p_8445,2024-06-19 19:00:00,post_stress,stressed,8448,8447,Oral_oral_Contact_active_count,0.06961573042954239
16p,16p_8445,2024-06-19 19:00:00,post_stress,stressed,8448,8447,Oral_oral_Contact_passive_count,0.06961573042954239
16p,16p_8445,2024-06-19 19:00:00,post_stress,stressed,8448,8447,Oral_oral_Contact_mean_duration,0.002933657128374012
16p,16p_8445,2024-06-19 19:00:00,post_stress,stressed,8448,8447,Oral_oral_Contact_std_duration,0.29111264905807377
16p,16p_8445,2024-06-19 19:00:00,post_stress,stressed,8448,8447,Periphery_Zone_count,0.2782731259682709
16p,16p_8445,2024-06-19 19:00:00,post_stress,stressed,8448,8447,Periphery_Zone_mean_duration,-0.4912001117006284
16p,16p_8445,2024-06-19 19:00:00,post_stress,stressed,8448,8447,Periphery_Zone_std_duration,-0.3720137552452609
16p,16p_8445,2024-06-19 19:00:00,post_stress,stressed,8448,8447,Rear_at_periphery_count,-1.3140761533080907
16p,16p_8445,2024-06-19 19:00:00,post_stress,stressed,8448,8447,Rear_at_periphery_mean_duration,-0.5236818251660154
16p,16p_8445,2024-06-19 19:00:00,post_stress,stressed,8448,8447,Rear_at_periphery_std_duration,-0.4866209847500065
16p,16p_8445,2024-06-19 19:00:00,post_stress,stressed,8448,8447,Rear_in_centerWindow_count,-0.9162907318741551
16p,16p_8445,2024-06-19 19:00:00,post_stress,stressed,8448,8447,Rear_in_centerWindow_mean_duration,-0.16133293047095998
16p,16p_8445,2024-06-19 19:00:00,post_stress,stressed,8448,8447,Rear_in_centerWindow_std_duration,-0.4415406438415892
16p,16p_8445,2024-06-19 19:00:00,post_stress,stressed,8448,8447,Rear_in_contact_count,-0.13332039990298927
16p,16p_8445,2024-06-19 19:00:00,post_stress,stressed,8448,8447,Rear_in_contact_mean_duration,0.07711228328135011
16p,16p_8445,2024-06-19 19:00:00,post_stress,stressed,8448,8447,Rear_in_contact_std_duration,0.22657909689030276
16p,16p_8445,2024-06-19 19:00:00,post_stress,stressed,8448,8447,Rear_isolated_count,-1.282866746795599
16p,16p_8445,2024-06-19 19:00:00,post_stress,stressed,8448,8447,Rear_isolated_mean_duration,-0.5129233851949173
16p,16p_8445,2024-06-19 19:00:00,post_stress,stressed,8448,8447,Rear_isolated_std_duration,-0.4946671128508566
16p,16p_8445,2024-06-19 19:00:00,post_stress,stressed,8448,8447,Rearing_count,-0.13678913263135772
16p,16p_8445,2024-06-19 19:00:00,post_stress,stressed,8448,8447,Rearing_mean_duration,0.02981596151507304
16p,16p_8445,2024-06-19 19:00:00,post_stress,stressed,8448,8447,Rearing_std_duration,-0.19242003407317565
16p,16p_8445,2024-06-19 19:00:00,post_stress,stressed,8448,8447,SAP_count,0.14157877333160496
16p,16p_8445,2024-06-19 19:00:00,post_stress,stressed,8448,8447,SAP_mean_duration,-0.15663626279189669
16p,16p_8445,2024-06-19 19:00:00,post_stress,stressed,8448,8447,SAP_std_duration,-1.0018421480708148
16p,16p_8445,2024-06-19 19:00:00,post_stress,stressed,8448,8447,Side_by_side_Contact_active_count,0.05292240145434235
16p,16p_8445,2024-06-19 19:00:00,post_stress,stressed,8448,8447,Side_by_side_Contact_passive_count,0.05292240145434235
16p,16p_8445,2024-06-19 19:00:00,post_stress,stressed,8448,8447,Side_by_side_Contact_mean_duration,-0.04615969462167624
16p,16p_8445,2024-06-19 19:00:00,post_stress,stressed,8448,8447,Side_by_side_Contact_std_duration,-0.08941452975212205
16p,16p_8445,2024-06-19 19:00:00,post_stress,stressed,8448,8447,Side_by_side_Contact_opposite_way_active_count,0.09095054836080951
16p,16p_8445,2024-06-19 19:00:00,post_stress,stressed,8448,8447,Side_by_side_Contact_opposite_way_passive_count,0.09095054836080951
16p,16p_8445,2024-06-19 19:00:00,post_stress,stressed,8448,8447,Side_by_side_Contact_opposite_way_mean_duration,-0.014870476264201793
16p,16p_8445,2024-06-19 19:00:00,post_stress,stressed,8448,8447,Side_by_side_Contact_opposite_way_std_duration,0.1077836065025164
16p,16p_8445,2024-06-19 19:00:00,post_stress,stressed,8448,8447,Social_approach_active_count,0.13437932549716614
16p,16p_8445,2024-06-19 19:00:00,post_stress,stressed,8448,8447,Social_approach_passive_count,0.023009480496005708
16p,16p_8445,2024-06-19 19:00:00,post_stress,stressed,8448,8447,Social_approach_mean_duration,0.007718649036773995
16p,16p_8445,2024-06-19 19:00:00,post_stress,stressed,8448,8447,Social_approach_std_duration,-0.04196094494423086
16p,16p_8445,2024-06-19 19:00:00,post_stress,stressed,8448,8447,Social_escape_active_count,0.0754851608557523
16p,16p_8445,2024-06-19 19:00:00,post_stress,stressed,8448,8447,Social_escape_passive_count,0.08726295564702369
16p,16p_8445,2024-06-19 19:00:00,post_stress,stressed,8448,8447,Social_escape_mean_duration,-0.014284259165934676
16p,16p_8445,2024-06-19 19:00:00,post_stress,stressed,8448,8447,Social_escape_std_duration,-0.0037323332901602058
16p,16p_8445,2024-06-19 19:00:00,post_stress,stressed,8448,8447,Stop_count,-0.10902468047511249
16p,16p_8445,2024-06-19 19:00:00,post_stress,stressed,8448,8447,Stop_mean_duration,-0.03524697683274525
16p,16p_8445,2024-06-19 19:00:00,post_stress,stressed,8448,8447,Stop_std_duration,-0.18554107218765825
16p,16p_8445,2024-06-19 19:00:00,post_stress,stressed,8448,8447,Stop_in_contact_active_count,0.09073316071760384
16p,16p_8445,2024-06-19 19:00:00,post_stress,stressed,8448,8447,Stop_in_contact_passive_count,0.0748276986887193
16p,16p_8445,2024-06-19 19:00:00,post_stress,stressed,8448,8447,Stop_in_contact_mean_duration,0.016400242720531644
16p,16p_8445,2024-06-19 19:00:00,post_stress,stressed,8448,8447,Stop_in_contact_std_duration,0.008689822890592058
16p,16p_8445,2024-06-19 19:00:00,post_stress,stressed,8448,8447,Stop_isolated_count,-0.024552697005879587
16p,16p_8445,2024-06-19 19:00:00,post_stress,stressed,8448,8447,Stop_isolated_mean_duration,-0.31380552417570584
16p,16p_8445,2024-06-19 19:00:00,post_stress,stressed,8448,8447,Stop_isolated_std_duration,-0.9105137860520456
16p,16p_8445,2024-06-19 19:00:00,post_stress,stressed,8448,8447,Train2_active_count,-0.5877866649021193
16p,16p_8445,2024-06-19 19:00:00,post_stress,stressed,8448,8447,Train2_passive_count,0.18232155679395468
16p,16p_8445,2024-06-19 19:00:00,post_stress,stressed,8448,8447,Train2_mean_duration,-0.20810567394966928
16p,16p_8445,2024-06-19 19:00:00,post_stress,stressed,8448,8447,Train2_std_duration,-0.2271546549874635
16p,16p_8445,2024-06-19 19:00:00,post_stress,stressed,8448,8447,WallJump_count,-2.0337715048466474
16p,16p_8445,2024-06-19 19:00:00,post_stress,stressed,8448,8447,WallJump_mean_duration,-0.1943148583961672
16p,16p_8445,2024-06-19 19:00:00,post_stress,stressed,8448,8447,WallJump_std_duration,-0.22264834164758102
16p,16p_8445,2024-06-19 19:00:00,post_stress,stressed,8448,8447,isolated_count,-0.42203619366210265
16p,16p_8445,2024-06-19 19:00:00,post_stress,stressed,8448,8447,isolated_mean_duration,-0.25644099979737955
16p,16p_8445,2024-06-19 19:00:00,post_stress,stressed,8448,8447,isolated_std_duration,-0.27012867745487723
16p,16p_8445,2024-06-19 19:00:00,post_stress,stressed,8448,8447,seq_oral_geni___oral_oral_active_count,-0.0073260400920727164
16p,16p_8445,2024-06-19 19:00:00,post_stress,stressed,8448,8447,seq_oral_geni___oral_oral_passive_count,0.044783602626973895
16p,16p_8445,2024-06-19 19:00:00,post_stress,stressed,8448,8447,seq_oral_geni___oral_oral_mean_duration,-0.047838902235604275
16p,16p_8445,2024-06-19 19:00:00,post_stress,stressed,8448,8447,seq_oral_geni___oral_oral_std_duration,0.07403607462477946
16p,16p_8445,2024-06-19 19:00:00,post_stress,stressed,8448,8447,seq_oral_oral___oral_genital_active_count,0.031548357734926036
16p,16p_8445,2024-06-19 19:00:00,post_stress,stressed,8448,8447,seq_oral_oral___oral_genital_passive_count,-0.15312240210169215
16p,16p_8445,2024-06-19 19:00:00,post_stress,stressed,8448,8447,seq_oral_oral___oral_genital_mean_duration,-0.015366464878178165
16p,16p_8445,2024-06-19 19:00:00,post_stress,stressed,8448,8447,seq_oral_oral___oral_genital_std_duration,-0.035232778539395326
16p,16p_9333,2024-09-07 19:00:00,baseline,stressed,9333,9334,Approach_active_count,0.06532578991804172
16p,16p_9333,2024-09-07 19:00:00,baseline,stressed,9333,9334,Approach_passive_count,-0.024679534626088184
16p,16p_9333,2024-09-07 19:00:00,baseline,stressed,9333,9334,Approach_mean_duration,-0.027752122511404798
16p,16p_9333,2024-09-07 19:00:00,baseline,stressed,9333,9334,Approach_std_duration,-0.008979657085702808
16p,16p_9333,2024-09-07 19:00:00,baseline,stressed,9333,9334,Approach_contact_active_count,-0.014747856634556022
16p,16p_9333,2024-09-07 19:00:00,baseline,stressed,9333,9334,Approach_contact_passive_count,0.10187254560610803
16p,16p_9333,2024-09-07 19:00:00,baseline,stressed,9333,9334,Approach_contact_mean_duration,0.0017971640952644252
16p,16p_9333,2024-09-07 19:00:00,baseline,stressed,9333,9334,Approach_contact_std_duration,0.0006093434090232996
16p,16p_9333,2024-09-07 19:00:00,baseline,stressed,9333,9334,Approach_rear_active_count,0.0
16p,16p_9333,2024-09-07 19:00:00,baseline,stressed,9333,9334,Approach_rear_passive_count,-0.06356320753376288
16p,16p_9333,2024-09-07 19:00:00,baseline,stressed,9333,9334,Approach_rear_mean_duration,-0.02676195103141743
16p,16p_9333,2024-09-07 19:00:00,baseline,stressed,9333,9334,Approach_rear_std_duration,-0.1521372936734322
16p,16p_9333,2024-09-07 19:00:00,baseline,stressed,9333,9334,Break_contact_active_count,0.03372412612002229
16p,16p_9333,2024-09-07 19:00:00,baseline,stressed,9333,9334,Break_contact_passive_count,-0.01689123675519255
16p,16p_9333,2024-09-07 19:00:00,baseline,stressed,9333,9334,Break_contact_mean_duration,-0.0020940106887541443
16p,16p_9333,2024-09-07 19:00:00,baseline,stressed,9333,9334,Break_contact_std_duration,0.033033036090375334
16p,16p_9333,2024-09-07 19:00:00,baseline,stressed,9333,9334,Center_Zone_count,0.21374811926656534
16p,16p_9333,2024-09-07 19:00:00,baseline,stressed,9333,9334,Center_Zone_mean_duration,-0.004430297412018724
16p,16p_9333,2024-09-07 19:00:00,baseline,stressed,9333,9334,Center_Zone_std_duration,0.17637529176791134
16p,16p_9333,2024-09-07 19:00:00,baseline,stressed,9333,9334,Contact_active_count,0.05964853584337959
16p,16p_9333,2024-09-07 19:00:00,baseline,stressed,9333,9334,Contact_passive_count,0.05964853584337959
16p,16p_9333,2024-09-07 19:00:00,baseline,stressed,9333,9334,Contact_mean_duration,-0.12575686584145496
16p,16p_9333,2024-09-07 19:00:00,baseline,stressed,9333,9334,Contact_std_duration,-0.15670131823927091
16p,16p_9333,2024-09-07 19:00:00,baseline,stressed,9333,9334,Get_away_active_count,-0.038987988781002514
16p,16p_9333,2024-09-07 19:00:00,baseline,stressed,9333,9334,Get_away_passive_count,0.019974709140518243
16p,16p_9333,2024-09-07 19:00:00,baseline,stressed,9333,9334,Get_away_mean_duration,0.0069937834259843346
16p,16p_9333,2024-09-07 19:00:00,baseline,stressed,9333,9334,Get_away_std_duration,0.0037285119799408406
16p,16p_9333,2024-09-07 19:00:00,baseline,stressed,9333,9334,Group_3_break_count,0.35667494393873156
16p,16p_9333,2024-09-07 19:00:00,baseline,stressed,9333,9334,Group_3_break_mean_duration,0.0586727745385619
16p,16p_9333,2024-09-07 19:00:00,baseline,stressed,9333,9334,Group_3_break_std_duration,-0.04376384877343592
16p,16p_9333,2024-09-07 19:00:00,baseline,stressed,9333,9334,Group_3_make_count,0.3690974639372895
16p,16p_9333,2024-09-07 19:00:00,baseline,stressed,9333,9334,Group_3_make_mean_duration,-0.01257878220686004
16p,16p_9333,2024-09-07 19:00:00,baseline,stressed,9333,9334,Group_3_make_std_duration,-0.10266748472079257
16p,16p_9333,2024-09-07 19:00:00,baseline,stressed,9333,9334,Group_4_break_count,0.3528213746227422
16p,16p_9333,2024-09-07 19:00:00,baseline,stressed,9333,9334,Group_4_break_mean_duration,0.23616218695546565
16p,16p_9333,2024-09-07 19:00:00,baseline,stressed,9333,9334,Group_4_break_std_duration,0.3579898604539945
16p,16p_9333,2024-09-07 19:00:00,baseline,stressed,9333,9334,Group_4_make_count,0.8056251639866354
16p,16p_9333,2024-09-07 19:00:00,baseline,stressed,9333,9334,Group_4_make_mean_duration,0.047083882327177085
16p,16p_9333,2024-09-07 19:00:00,baseline,stressed,9333,9334,Group_4_make_std_duration,0.26374462555573
16p,16p_9333,2024-09-07 19:00:00,baseline,stressed,9333,9334,Group2_active_count,-0.02737012955970375
16p,16p_9333,2024-09-07 19:00:00,baseline,stressed,9333,9334,Group2_passive_count,-0.02737012955970375
16p,16p_9333,2024-09-07 19:00:00,baseline,stressed,9333,9334,Group2_mean_duration,-0.029213230882032093
16p,16p_9333,2024-09-07 19:00:00,baseline,stressed,9333,9334,Group2_std_duration,-0.0721213504202316
16p,16p_9333,2024-09-07 19:00:00,baseline,stressed,9333,9334,Huddling_count,0.2540207898786484
16p,16p_9333,2024-09-07 19:00:00,baseline,stressed,9333,9334,Huddling_mean_duration,0.23258764785978303
16p,16p_9333,2024-09-07 19:00:00,baseline,stressed,9333,9334,Huddling_std_duration,0.41930977489397314
16p,16p_9333,2024-09-07 19:00:00,baseline,stressed,9333,9334,Move_in_contact_active_count,-0.03032689177924297
16p,16p_9333,2024-09-07 19:00:00,baseline,stressed,9333,9334,Move_in_contact_passive_count,-0.04669738349630137
16p,16p_9333,2024-09-07 19:00:00,baseline,stressed,9333,9334,Move_in_contact_mean_duration,0.009477409347510846
16p,16p_9333,2024-09-07 19:00:00,baseline,stressed,9333,9334,Move_in_contact_std_duration,0.0012334989724764878
16p,16p_9333,2024-09-07 19:00:00,baseline,stressed,9333,9334,Move_isolated_count,0.21134489682146818
16p,16p_9333,2024-09-07 19:00:00,baseline,stressed,9333,9334,Move_isolated_mean_duration,0.13799212781127246
16p,16p_9333,2024-09-07 19:00:00,baseline,stressed,9333,9334,Move_isolated_std_duration,0.20506192321235084
16p,16p_9333,2024-09-07 19:00:00,baseline,stressed,9333,9334,Oral_genital_Contact_active_count,-0.007582037311312462
16p,16p_9333,2024-09-07 19:00:00,baseline,stressed,9333,9334,Oral_genital_Contact_passive_count,-0.055059777183028125
16p,16p_9333,2024-09-07 19:00:00,baseline,stressed,9333,9334,Oral_genital_Contact_mean_duration,-0.020255016433418205
16p,16p_9333,2024-09-07 19:00:00,baseline,stressed,9333,9334,Oral_genital_Contact_std_duration,-0.0607338266822004
16p,16p_9333,2024-09-07 19:00:00,baseline,stressed,9333,9334,Oral_oral_Contact_active_count,-0.017532478761640213
16p,16p_9333,2024-09-07 19:00:00,baseline,stressed,9333,9334,Oral_oral_Contact_passive_count,-0.017532478761640213
16p,16p_9333,2024-09-07 19:00:00,baseline,stressed,9333,9334,Oral_oral_Contact_mean_duration,-0.0036026739054688672
16p,16p_9333,2024-09-07 19:00:00,baseline,stressed,9333,9334,Oral_oral_Contact_std_duration,0.05318153322169028
16p,16p_9333,2024-09-07 19:00:00,baseline,stressed,9333,9334,Periphery_Zone_count,0.15842336063303808
16p,16p_9333,2024-09-07 19:00:00,baseline,stressed,9333,9334,Periphery_Zone_mean_duration,-0.08592116910621783
16p,16p_9333,2024-09-07 19:00:00,baseline,stressed,9333,9334,Periphery_Zone_std_duration,0.17047365547153515
16p,16p_9333,2024-09-07 19:00:00,baseline,stressed,9333,9334,Rear_at_periphery_count,-0.21276120227199158
16p,16p_9333,2024-09-07 19:00:00,baseline,stressed,9333,9334,Rear_at_periphery_mean_duration,-0.07115094554908286
16p,16p_9333,2024-09-07 19:00:00,baseline,stressed,9333,9334,Rear_at_periphery_std_duration,-0.024912390145886087
16p,16p_9333,2024-09-07 19:00:00,baseline,stressed,9333,9334,Rear_in_centerWindow_count,0.4721564826068372
16p,16p_9333,2024-09-07 19:00:00,baseline,stressed,9333,9334,Rear_in_centerWindow_mean_duration,0.9858350334926287
16p,16p_9333,2024-09-07 19:00:00,baseline,stressed,9333,9334,Rear_in_centerWindow_std_duration,2.0979885356033865
16p,16p_9333,2024-09-07 19:00:00,baseline,stressed,9333,9334,Rear_in_contact_count,-0.05972882615372033
16p,16p_9333,2024-09-07 19:00:00,baseline,stressed,9333,9334,Rear_in_contact_mean_duration,-0.004079623833418866
16p,16p_9333,2024-09-07 19:00:00,baseline,stressed,9333,9334,Rear_in_contact_std_duration,-0.3765900430331821
16p,16p_9333,2024-09-07 19:00:00,baseline,stressed,9333,9334,Rear_isolated_count,-0.11020314013361432
16p,16p_9333,2024-09-07 19:00:00,baseline,stressed,9333,9334,Rear_isolated_mean_duration,0.23923323471760272
16p,16p_9333,2024-09-07 19:00:00,baseline,stressed,9333,9334,Rear_isolated_std_duration,1.407220906059586
16p,16p_9333,2024-09-07 19:00:00,baseline,stressed,9333,9334,Rearing_count,-0.12289813632315383
16p,16p_9333,2024-09-07 19:00:00,baseline,stressed,9333,9334,Rearing_mean_duration,0.17827566867580735
16p,16p_9333,2024-09-07 19:00:00,baseline,stressed,9333,9334,Rearing_std_duration,0.2844164874323587
16p,16p_9333,2024-09-07 19:00:00,baseline,stressed,9333,9334,SAP_count,-0.06403953691650432
16p,16p_9333,2024-09-07 19:00:00,baseline,stressed,9333,9334,SAP_mean_duration,0.028849385295749652
16p,16p_9333,2024-09-07 19:00:00,baseline,stressed,9333,9334,SAP_std_duration,-0.18407360999082156
16p,16p_9333,2024-09-07 19:00:00,baseline,stressed,9333,9334,Side_by_side_Contact_active_count,-0.02390824259742974
16p,16p_9333,2024-09-07 19:00:00,baseline,stressed,9333,9334,Side_by_side_Contact_passive_count,-0.02390824259742974
16p,16p_9333,2024-09-07 19:00:00,baseline,stressed,9333,9334,Side_by_side_Contact_mean_duration,-0.03959599677649761
16p,16p_9333,2024-09-07 19:00:00,baseline,stressed,9333,9334,Side_by_side_Contact_std_duration,-0.21083185608270183
16p,16p_9333,2024-09-07 19:00:00,baseline,stressed,9333,9334,Side_by_side_Contact_opposite_way_active_count,-0.034445007955280715
16p,16p_9333,2024-09-07 19:00:00,baseline,stressed,9333,9334,Side_by_side_Contact_opposite_way_passive_count,-0.034445007955280715
16p,16p_9333,2024-09-07 19:00:00,baseline,stressed,9333,9334,Side_by_side_Contact_opposite_way_mean_duration,-0.0069073390146290325
16p,16p_9333,2024-09-07 19:00:00,baseline,stressed,9333,9334,Side_by_side_Contact_opposite_way_std_duration,0.036604361096325366
16p,16p_9333,2024-09-07 19:00:00,baseline,stressed,9333,9334,Social_approach_active_count,0.10391228948146214
16p,16p_9333,2024-09-07 19:00:00,baseline,stressed,9333,9334,Social_approach_passive_count,-0.011774348193133832
16p,16p_9333,2024-09-07 19:00:00,baseline,stressed,9333,9334,Social_approach_mean_duration,-0.06669371302437077
16p,16p_9333,2024-09-07 19:00:00,baseline,stressed,9333,9334,Social_approach_std_duration,-0.06146514913189938
16p,16p_9333,2024-09-07 19:00:00,baseline,stressed,9333,9334,Social_escape_active_count,-0.07274570669054548
16p,16p_9333,2024-09-07 19:00:00,baseline,stressed,9333,9334,Social_escape_passive_count,0.015264558933861139
16p,16p_9333,2024-09-07 19:00:00,baseline,stressed,9333,9334,Social_escape_mean_duration,-0.0012582188621019785
16p,16p_9333,2024-09-07 19:00:00,baseline,stressed,9333,9334,Social_escape_std_duration,0.0029886411580681838
16p,16p_9333,2024-09-07 19:00:00,baseline,stressed,9333,9334,Stop_count,0.21655888014805136
16p,16p_9333,2024-09-07 19:00:00,baseline,stressed,9333,9334,Stop_mean_duration,-0.09245014773036475
16p,16p_9333,2024-09-07 19:00:00,baseline,stressed,9333,9334,Stop_std_duration,0.24075286329931433
16p,16p_9333,2024-09-07 19:00:00,baseline,stressed,9333,9334,Stop_in_contact_active_count,0.05831351215172731
16p,16p_9333,2024-09-07 19:00:00,baseline,stressed,9333,9334,Stop_in_contact_passive_count,0.06601846812960943
16p,16p_9333,2024-09-07 19:00:00,baseline,stressed,9333,9334,Stop_in_contact_mean_duration,-0.1314349652617195
16p,16p_9333,2024-09-07 19:00:00,baseline,stressed,9333,9334,Stop_in_contact_std_duration,-0.17144364389545652
16p,16p_9333,2024-09-07 19:00:00,baseline,stressed,9333,9334,Stop_isolated_count,0.21782377468840064
16p,16p_9333,2024-09-07 19:00:00,baseline,stressed,9333,9334,Stop_isolated_mean_duration,0.12157305089136639
16p,16p_9333,2024-09-07 19:00:00,baseline,stressed,9333,9334,Stop_isolated_std_duration,0.6704916993030117
16p,16p_9333,2024-09-07 19:00:00,baseline,stressed,9333,9334,Train2_active_count,-0.21357410029805912
16p,16p_9333,2024-09-07 19:00:00,baseline,stressed,9333,9334,Train2_passive_count,0.48550781578170055
16p,16p_9333,2024-09-07 19:00:00,baseline,stressed,9333,9334,Train2_mean_duration,0.02784363553785707
16p,16p_9333,2024-09-07 19:00:00,baseline,stressed,9333,9334,Train2_std_duration,-0.005561514119950317
16p,16p_9333,2024-09-07 19:00:00,baseline,stressed,9333,9334,WallJump_count,-0.3184537311185349
16p,16p_9333,2024-09-07 19:00:00,baseline,stressed,9333,9334,WallJump_mean_duration,-0.17241855567112047
16p,16p_9333,2024-09-07 19:00:00,baseline,stressed,9333,9334,WallJump_std_duration,-0.1587851212399172
16p,16p_9333,2024-09-07 19:00:00,baseline,stressed,9333,9334,isolated_count,-0.04006470557834607
16p,16p_9333,2024-09-07 19:00:00,baseline,stressed,9333,9334,isolated_mean_duration,0.2857756483428604
16p,16p_9333,2024-09-07 19:00:00,baseline,stressed,9333,9334,isolated_std_duration,0.2905470805251311
16p,16p_9333,2024-09-07 19:00:00,baseline,stressed,9333,9334,seq_oral_geni___oral_oral_active_count,-0.059188871390330355
16p,16p_9333,2024-09-07 19:00:00,baseline,stressed,9333,9334,seq_oral_geni___oral_oral_passive_count,-0.11926342082681796
16p,16p_9333,2024-09-07 19:00:00,baseline,stressed,9333,9334,seq_oral_geni___oral_oral_mean_duration,0.07936179354991735
16p,16p_9333,2024-09-07 19:00:00,baseline,stressed,9333,9334,seq_oral_geni___oral_oral_std_duration,0.49238930613190535
16p,16p_9333,2024-09-07 19:00:00,baseline,stressed,9333,9334,seq_oral_oral___oral_genital_active_count,-0.02127739844728449
16p,16p_9333,2024-09-07 19:00:00,baseline,stressed,9333,9334,seq_oral_oral___oral_genital_passive_count,-0.10880285984879912
16p,16p_9333,2024-09-07 19:00:00,baseline,stressed,9333,9334,seq_oral_oral___oral_genital_mean_duration,0.04800836691650545
16p,16p_9333,2024-09-07 19:00:00,baseline,stressed,9333,9334,seq_oral_oral___oral_genital_std_duration,0.35727111012782986
16p,16p_9333,2024-09-08 19:00:00,post_stress,stressed,9333,9334,Approach_active_count,0.00937452615020895
16p,16p_9333,2024-09-08 19:00:00,post_stress,stressed,9333,9334,Approach_passive_count,0.007790284151379723
16p,16p_9333,2024-09-08 19:00:00,post_stress,stressed,9333,9334,Approach_mean_duration,-0.015280829179150413
16p,16p_9333,2024-09-08 19:00:00,post_stress,stressed,9333,9334,Approach_std_duration,-0.017385334793207363
16p,16p_9333,2024-09-08 19:00:00,post_stress,stressed,9333,9334,Approach_contact_active_count,0.022150742787588662
16p,16p_9333,2024-09-08 19:00:00,post_stress,stressed,9333,9334,Approach_contact_passive_count,-0.01185199058701425
16p,16p_9333,2024-09-08 19:00:00,post_stress,stressed,9333,9334,Approach_contact_mean_duration,0.02183525198839087
16p,16p_9333,2024-09-08 19:00:00,post_stress,stressed,9333,9334,Approach_contact_std_duration,0.01811324808363568
16p,16p_9333,2024-09-08 19:00:00,post_stress,stressed,9333,9334,Approach_rear_active_count,-0.002551021791605379
16p,16p_9333,2024-09-08 19:00:00,post_stress,stressed,9333,9334,Approach_rear_passive_count,-0.0750511015266575
16p,16p_9333,2024-09-08 19:00:00,post_stress,stressed,9333,9334,Approach_rear_mean_duration,-0.015025632162288138
16p,16p_9333,2024-09-08 19:00:00,post_stress,stressed,9333,9334,Approach_rear_std_duration,0.025852481250293824
16p,16p_9333,2024-09-08 19:00:00,post_stress,stressed,9333,9334,Break_contact_active_count,0.011569181822771668
16p,16p_9333,2024-09-08 19:00:00,post_stress,stressed,9333,9334,Break_contact_passive_count,-0.052624754011722175
16p,16p_9333,2024-09-08 19:00:00,post_stress,stressed,9333,9334,Break_contact_mean_duration,0.01493106107023745
16p,16p_9333,2024-09-08 19:00:00,post_stress,stressed,9333,9334,Break_contact_std_duration,0.05393728519249208
16p,16p_9333,2024-09-08 19:00:00,post_stress,stressed,9333,9334,Center_Zone_count,0.42077934308120657
16p,16p_9333,2024-09-08 19:00:00,post_stress,stressed,9333,9334,Center_Zone_mean_duration,-0.23194020482685973
16p,16p_9333,2024-09-08 19:00:00,post_stress,stressed,9333,9334,Center_Zone_std_duration,0.1011417272295656
16p,16p_9333,2024-09-08 19:00:00,post_stress,stressed,9333,9334,Contact_active_count,0.007855499940308874
16p,16p_9333,2024-09-08 19:00:00,post_stress,stressed,9333,9334,Contact_passive_count,0.009939919663221275
16p,16p_9333,2024-09-08 19:00:00,post_stress,stressed,9333,9334,Contact_mean_duration,-0.02352564893607756
16p,16p_9333,2024-09-08 19:00:00,post_stress,stressed,9333,9334,Contact_std_duration,-0.020708141835942495
16p,16p_9333,2024-09-08 19:00:00,post_stress,stressed,9333,9334,Get_away_active_count,0.010411277291439092
16p,16p_9333,2024-09-08 19:00:00,post_stress,stressed,9333,9334,Get_away_passive_count,0.014139507393663209
16p,16p_9333,2024-09-08 19:00:00,post_stress,stressed,9333,9334,Get_away_mean_duration,0.012731343892218971
16p,16p_9333,2024-09-08 19:00:00,post_stress,stressed,9333,9334,Get_away_std_duration,0.014836796688380893
16p,16p_9333,2024-09-08 19:00:00,post_stress,stressed,9333,9334,Group_3_break_count,-0.11583181552512123
16p,16p_9333,2024-09-08 19:00:00,post_stress,stressed,9333,9334,Group_3_break_mean_duration,0.12222991129830507
16p,16p_9333,2024-09-08 19:00:00,post_stress,stressed,9333,9334,Group_3_break_std_duration,0.4062547326658298
16p,16p_9333,2024-09-08 19:00:00,post_stress,stressed,9333,9334,Group_3_make_count,-0.19189100781010504
16p,16p_9333,2024-09-08 19:00:00,post_stress,stressed,9333,9334,Group_3_make_mean_duration,0.17836596002130267
16p,16p_9333,2024-09-08 19:00:00,post_stress,stressed,9333,9334,Group_3_make_std_duration,0.4083737063407369
16p,16p_9333,2024-09-08 19:00:00,post_stress,stressed,9333,9334,Group_4_break_count,-0.07410797215372167
16p,16p_9333,2024-09-08 19:00:00,post_stress,stressed,9333,9334,Group_4_break_mean_duration,0.2072814084369336
16p,16p_9333,2024-09-08 19:00:00,post_stress,stressed,9333,9334,Group_4_break_std_duration,0.46308923870917473
16p,16p_9333,2024-09-08 19:00:00,post_stress,stressed,9333,9334,Group_4_make_count,0.07410797215372167
16p,16p_9333,2024-09-08 19:00:00,post_stress,stressed,9333,9334,Group_4_make_mean_duration,0.1767184328873901
16p,16p_9333,2024-09-08 19:00:00,post_stress,stressed,9333,9334,Group_4_make_std_duration,0.5347728473602812
16p,16p_9333,2024-09-08 19:00:00,post_stress,stressed,9333,9334,Group2_active_count,-0.038318864302136824
16p,16p_9333,2024-09-08 19:00:00,post_stress,stressed,9333,9334,Group2_passive_count,-0.037203415218271196
16p,16p_9333,2024-09-08 19:00:00,post_stress,stressed,9333,9334,Group2_mean_duration,0.08900026476786627
16p,16p_9333,2024-09-08 19:00:00,post_stress,stressed,9333,9334,Group2_std_duration,0.1573774563842152
16p,16p_9333,2024-09-08 19:00:00,post_stress,stressed,9333,9334,Huddling_count,0.15853269482993948
16p,16p_9333,2024-09-08 19:00:00,post_stress,stressed,9333,9334,Huddling_mean_duration,0.12861305759526065
16p,16p_9333,2024-09-08 19:00:00,post_stress,stressed,9333,9334,Huddling_std_duration,0.6632911483448092
16p,16p_9333,2024-09-08 19:00:00,post_stress,stressed,9333,9334,Move_in_contact_active_count,-0.005140008611160596
16p,16p_9333,2024-09-08 19:00:00,post_stress,stressed,9333,9334,Move_in_contact_passive_count,-0.03226516383928768
16p,16p_9333,2024-09-08 19:00:00,post_stress,stressed,9333,9334,Move_in_contact_mean_duration,0.018511780570740877
16p,16p_9333,2024-09-08 19:00:00,post_stress,stressed,9333,9334,Move_in_contact_std_duration,0.011041181955558255
16p,16p_9333,2024-09-08 19:00:00,post_stress,stressed,9333,9334,Move_isolated_count,0.22835049368268745
16p,16p_9333,2024-09-08 19:00:00,post_stress,stressed,9333,9334,Move_isolated_mean_duration,0.12851293462602864
16p,16p_9333,2024-09-08 19:00:00,post_stress,stressed,9333,9334,Move_isolated_std_duration,0.13133791269772965
16p,16p_9333,2024-09-08 19:00:00,post_stress,stressed,9333,9334,Oral_genital_Contact_active_count,0.055435430739249725
16p,16p_9333,2024-09-08 19:00:00,post_stress,stressed,9333,9334,Oral_genital_Contact_passive_count,0.006344488533079229
16p,16p_9333,2024-09-08 19:00:00,post_stress,stressed,9333,9334,Oral_genital_Contact_mean_duration,-0.006922587249811762
16p,16p_9333,2024-09-08 19:00:00,post_stress,stressed,9333,9334,Oral_genital_Contact_std_duration,0.1138774483736158
16p,16p_9333,2024-09-08 19:00:00,post_stress,stressed,9333,9334,Oral_oral_Contact_active_count,0.022368846283084665
16p,16p_9333,2024-09-08 19:00:00,post_stress,stressed,9333,9334,Oral_oral_Contact_passive_count,0.022368846283084665
16p,16p_9333,2024-09-08 19:00:00,post_stress,stressed,9333,9334,Oral_oral_Contact_mean_duration,-0.0024516455446566
16p,16p_9333,2024-09-08 19:00:00,post_stress,stressed,9333,9334,Oral_oral_Contact_std_duration,0.0444705384818318
16p,16p_9333,2024-09-08 19:00:00,post_stress,stressed,9333,9334,Periphery_Zone_count,0.27232078729029396
16p,16p_9333,2024-09-08 19:00:00,post_stress,stressed,9333,9334,Periphery_Zone_mean_duration,-0.16496252043986015
16p,16p_9333,2024-09-08 19:00:00,post_stress,stressed,9333,9334,Periphery_Zone_std_duration,-0.07869260196934391
16p,16p_9333,2024-09-08 19:00:00,post_stress,stressed,9333,9334,Rear_at_periphery_count,-0.047835206274163156
16p,16p_9333,2024-09-08 19:00:00,post_stress,stressed,9333,9334,Rear_at_periphery_mean_duration,-0.11487173218739355
16p,16p_9333,2024-09-08 19:00:00,post_stress,stressed,9333,9334,Rear_at_periphery_std_duration,0.119740554674026
16p,16p_9333,2024-09-08 19:00:00,post_stress,stressed,9333,9334,Rear_in_centerWindow_count,0.32277339226305113
16p,16p_9333,2024-09-08 19:00:00,post_stress,stressed,9333,9334,Rear_in_centerWindow_mean_duration,-0.01701744615869971
16p,16p_9333,2024-09-08 19:00:00,post_stress,stressed,9333,9334,Rear_in_centerWindow_std_duration,0.15755343447995668
16p,16p_9333,2024-09-08 19:00:00,post_stress,stressed,9333,9334,Rear_in_contact_count,-0.11443070264763033
16p,16p_9333,2024-09-08 19:00:00,post_stress,stressed,9333,9334,Rear_in_contact_mean_duration,-0.07842749797711579
16p,16p_9333,2024-09-08 19:00:00,post_stress,stressed,9333,9334,Rear_in_contact_std_duration,-0.029950542741804753
16p,16p_9333,2024-09-08 19:00:00,post_stress,stressed,9333,9334,Rear_isolated_count,-0.018653390591133245
16p,16p_9333,2024-09-08 19:00:00,post_stress,stressed,9333,9334,Rear_isolated_mean_duration,-0.12017896332523748
16p,16p_9333,2024-09-08 19:00:00,post_stress,stressed,9333,9334,Rear_isolated_std_duration,0.10719471173373374
16p,16p_9333,2024-09-08 19:00:00,post_stress,stressed,9333,9334,Rearing_count,-0.28926310044909975
16p,16p_9333,2024-09-08 19:00:00,post_stress,stressed,9333,9334,Rearing_mean_duration,0.28741639484134396
16p,16p_9333,2024-09-08 19:00:00,post_stress,stressed,9333,9334,Rearing_std_duration,0.24797972826343084
16p,16p_9333,2024-09-08 19:00:00,post_stress,stressed,9333,9334,SAP_count,0.016807118316381597
16p,16p_9333,2024-09-08 19:00:00,post_stress,stressed,9333,9334,SAP_mean_duration,-0.09038352921817472
16p,16p_9333,2024-09-08 19:00:00,post_stress,stressed,9333,9334,SAP_std_duration,-0.4122606599274201
16p,16p_9333,2024-09-08 19:00:00,post_stress,stressed,9333,9334,Side_by_side_Contact_active_count,0.01981772174972285
16p,16p_9333,2024-09-08 19:00:00,post_stress,stressed,9333,9334,Side_by_side_Contact_passive_count,0.01981772174972285
16p,16p_9333,2024-09-08 19:00:00,post_stress,stressed,9333,9334,Side_by_side_Contact_mean_duration,0.00791667995522527
16p,16p_9333,2024-09-08 19:00:00,post_stress,stressed,9333,9334,Side_by_side_Contact_std_duration,0.008662688129304374
16p,16p_9333,2024-09-08 19:00:00,post_stress,stressed,9333,9334,Side_by_side_Contact_opposite_way_active_count,-0.009305999690969458
16p,16p_9333,2024-09-08 19:00:00,post_stress,stressed,9333,9334,Side_by_side_Contact_opposite_way_passive_count,-0.009305999690969458
16p,16p_9333,2024-09-08 19:00:00,post_stress,stressed,9333,9334,Side_by_side_Contact_opposite_way_mean_duration,-0.011925037301278252
16p,16p_9333,2024-09-08 19:00:00,post_stress,stressed,9333,9334,Side_by_side_Contact_opposite_way_std_duration,0.0585790448914183
16p,16p_9333,2024-09-08 19:00:00,post_stress,stressed,9333,9334,Social_approach_active_count,0.02473624355964077
16p,16p_9333,2024-09-08 19:00:00,post_stress,stressed,9333,9334,Social_approach_passive_count,-0.02071420438756455
16p,16p_9333,2024-09-08 19:00:00,post_stress,stressed,9333,9334,Social_approach_mean_duration,-0.03726973782918375
16p,16p_9333,2024-09-08 19:00:00,post_stress,stressed,9333,9334,Social_approach_std_duration,-0.07286194643006416
16p,16p_9333,2024-09-08 19:00:00,post_stress,stressed,9333,9334,Social_escape_active_count,-0.026149382435608715
16p,16p_9333,2024-09-08 19:00:00,post_stress,stressed,9333,9334,Social_escape_passive_count,-0.008797710703529305
16p,16p_9333,2024-09-08 19:00:00,post_stress,stressed,9333,9334,Social_escape_mean_duration,-0.004706083433393404
16p,16p_9333,2024-09-08 19:00:00,post_stress,stressed,9333,9334,Social_escape_std_duration,-0.0305588045870131
16p,16p_9333,2024-09-08 19:00:00,post_stress,stressed,9333,9334,Stop_count,0.3780661339200506
16p,16p_9333,2024-09-08 19:00:00,post_stress,stressed,9333,9334,Stop_mean_duration,-0.3233243102581964
16p,16p_9333,2024-09-08 19:00:00,post_stress,stressed,9333,9334,Stop_std_duration,-0.1289235255513077
16p,16p_9333,2024-09-08 19:00:00,post_stress,stressed,9333,9334,Stop_in_contact_active_count,0.022810735022692263
16p,16p_9333,2024-09-08 19:00:00,post_stress,stressed,9333,9334,Stop_in_contact_passive_count,-0.0020746895408603194
16p,16p_9333,2024-09-08 19:00:00,post_stress,stressed,9333,9334,Stop_in_contact_mean_duration,-0.025399996470220287
16p,16p_9333,2024-09-08 19:00:00,post_stress,stressed,9333,9334,Stop_in_contact_std_duration,-0.02819040743184864
16p,16p_9333,2024-09-08 19:00:00,post_stress,stressed,9333,9334,Stop_isolated_count,0.1698213940297233
16p,16p_9333,2024-09-08 19:00:00,post_stress,stressed,9333,9334,Stop_isolated_mean_duration,-0.08265106661332133
16p,16p_9333,2024-09-08 19:00:00,post_stress,stressed,9333,9334,Stop_isolated_std_duration,0.31958912963198305
16p,16p_9333,2024-09-08 19:00:00,post_stress,stressed,9333,9334,Train2_active_count,-0.20067069546215155
16p,16p_9333,2024-09-08 19:00:00,post_stress,stressed,9333,9334,Train2_passive_count,-0.2876820724517808
16p,16p_9333,2024-09-08 19:00:00,post_stress,stressed,9333,9334,Train2_mean_duration,-0.04494303530746485
16p,16p_9333,2024-09-08 19:00:00,post_stress,stressed,9333,9334,Train2_std_duration,-0.04824841761577908
16p,16p_9333,2024-09-08 19:00:00,post_stress,stressed,9333,9334,WallJump_count,-0.5108256237659905
16p,16p_9333,2024-09-08 19:00:00,post_stress,stressed,9333,9334,WallJump_mean_duration,-0.07086611586863178
16p,16p_9333,2024-09-08 19:00:00,post_stress,stressed,9333,9334,WallJump_std_duration,-0.12036275002153954
16p,16p_9333,2024-09-08 19:00:00,post_stress,stressed,9333,9334,isolated_count,-0.036584893791542505
16p,16p_9333,2024-09-08 19:00:00,post_stress,stressed,9333,9334,isolated_mean_duration,0.15699630959822386
16p,16p_9333,2024-09-08 19:00:00,post_stress,stressed,9333,9334,isolated_std_duration,0.2156725653117646
16p,16p_9333,2024-09-08 19:00:00,post_stress,stressed,9333,9334,seq_oral_geni___oral_oral_active_count,0.08455738802806234
16p,16p_9333,2024-09-08 19:00:00,post_stress,stressed,9333,9334,seq_oral_geni___oral_oral_passive_count,0.2663523056454462
16p,16p_9333,2024-09-08 19:00:00,post_stress,stressed,9333,9334,seq_oral_geni___oral_oral_mean_duration,0.06795180823130686
16p,16p_9333,2024-09-08 19:00:00,post_stress,stressed,9333,9334,seq_oral_geni___oral_oral_std_duration,0.30450016435770744
16p,16p_9333,2024-09-08 19:00:00,post_stress,stressed,9333,9334,seq_oral_oral___oral_genital_active_count,0.06416194421728516
16p,16p_9333,2024-09-08 19:00:00,post_stress,stressed,9333,9334,seq_oral_oral___oral_genital_passive_count,0.1634061098014188
16p,16p_9333,2024-09-08 19:00:00,post_stress,stressed,9333,9334,seq_oral_oral___oral_genital_mean_duration,0.026048454269932853
16p,16p_9333,2024-09-08 19:00:00,post_stress,stressed,9333,9334,seq_oral_oral___oral_genital_std_duration,0.011741990883489262
16p,16p_9333,2024-09-07 19:00:00,baseline,control,9335,9336,Approach_active_count,0.030034276949971073
16p,16p_9333,2024-09-07 19:00:00,baseline,control,9335,9336,Approach_passive_count,-0.03373978238145092
16p,16p_9333,2024-09-07 19:00:00,baseline,control,9335,9336,Approach_mean_duration,0.03325084604391737
16p,16p_9333,2024-09-07 19:00:00,baseline,control,9335,9336,Approach_std_duration,0.020905794648994114
16p,16p_9333,2024-09-07 19:00:00,baseline,control,9335,9336,Approach_contact_active_count,-0.14826830992419193
16p,16p_9333,2024-09-07 19:00:00,baseline,control,9335,9336,Approach_contact_passive_count,0.11737193595891782
16p,16p_9333,2024-09-07 19:00:00,baseline,control,9335,9336,Approach_contact_mean_duration,0.0008561741421300173
16p,16p_9333,2024-09-07 19:00:00,baseline,control,9335,9336,Approach_contact_std_duration,-0.00533366313573258
16p,16p_9333,2024-09-07 19:00:00,baseline,control,9335,9336,Approach_rear_active_count,0.05699708969098616
16p,16p_9333,2024-09-07 19:00:00,baseline,control,9335,9336,Approach_rear_passive_count,0.041400550528701174
16p,16p_9333,2024-09-07 19:00:00,baseline,control,9335,9336,Approach_rear_mean_duration,0.004357008090746017
16p,16p_9333,2024-09-07 19:00:00,baseline,control,9335,9336,Approach_rear_std_duration,-0.08266480868899362
16p,16p_9333,2024-09-07 19:00:00,baseline,control,9335,9336,Break_contact_active_count,-0.07242698557933114
16p,16p_9333,2024-09-07 19:00:00,baseline,control,9335,9336,Break_contact_passive_count,0.10301498035620682
16p,16p_9333,2024-09-07 19:00:00,baseline,control,9335,9336,Break_contact_mean_duration,-0.005148054336525654
16p,16p_9333,2024-09-07 19:00:00,baseline,control,9335,9336,Break_contact_std_duration,-0.00995396610028243
16p,16p_9333,2024-09-07 19:00:00,baseline,control,9335,9336,Center_Zone_count,0.0
16p,16p_9333,2024-09-07 19:00:00,baseline,control,9335,9336,Center_Zone_mean_duration,0.2213487720124374
16p,16p_9333,2024-09-07 19:00:00,baseline,control,9335,9336,Center_Zone_std_duration,0.2673456404731258
16p,16p_9333,2024-09-07 19:00:00,baseline,control,9335,9336,Contact_active_count,-0.0088020128180899
16p,16p_9333,2024-09-07 19:00:00,baseline,control,9335,9336,Contact_passive_count,-0.0088020128180899
16p,16p_9333,2024-09-07 19:00:00,baseline,control,9335,9336,Contact_mean_duration,0.05941453962213572
16p,16p_9333,2024-09-07 19:00:00,baseline,control,9335,9336,Contact_std_duration,0.06840390019448694
16p,16p_9333,2024-09-07 19:00:00,baseline,control,9335,9336,Get_away_active_count,0.023278737510343817
16p,16p_9333,2024-09-07 19:00:00,baseline,control,9335,9336,Get_away_passive_count,0.037981338900145545
16p,16p_9333,2024-09-07 19:00:00,baseline,control,9335,9336,Get_away_mean_duration,-0.014390847297869547
16p,16p_9333,2024-09-07 19:00:00,baseline,control,9335,9336,Get_away_std_duration,-0.07251857816421747
16p,16p_9333,2024-09-07 19:00:00,baseline,control,9335,9336,Group_3_break_count,-0.15415067982725894
16p,16p_9333,2024-09-07 19:00:00,baseline,control,9335,9336,Group_3_break_mean_duration,0.16120585416134114
16p,16p_9333,2024-09-07 19:00:00,baseline,control,9335,9336,Group_3_break_std_duration,0.28439877805671404
16p,16p_9333,2024-09-07 19:00:00,baseline,control,9335,9336,Group_3_make_count,0.0
16p,16p_9333,2024-09-07 19:00:00,baseline,control,9335,9336,Group_3_make_mean_duration,0.14308652048155723
16p,16p_9333,2024-09-07 19:00:00,baseline,control,9335,9336,Group_3_make_std_duration,0.19597810011160077
16p,16p_9333,2024-09-07 19:00:00,baseline,control,9335,9336,Group_4_break_count,-0.09531017980432521
16p,16p_9333,2024-09-07 19:00:00,baseline,control,9335,9336,Group_4_break_mean_duration,-0.05702574791096915
16p,16p_9333,2024-09-07 19:00:00,baseline,control,9335,9336,Group_4_break_std_duration,0.12783381456470566
16p,16p_9333,2024-09-07 19:00:00,baseline,control,9335,9336,Group_4_make_count,-0.42488319396526597
16p,16p_9333,2024-09-07 19:00:00,baseline,control,9335,9336,Group_4_make_mean_duration,0.09870766962132971
16p,16p_9333,2024-09-07 19:00:00,baseline,control,9335,9336,Group_4_make_std_duration,0.19069929150200637
16p,16p_9333,2024-09-07 19:00:00,baseline,control,9335,9336,Group2_active_count,-0.016110820272698945
16p,16p_9333,2024-09-07 19:00:00,baseline,control,9335,9336,Group2_passive_count,-0.016110820272698945
16p,16p_9333,2024-09-07 19:00:00,baseline,control,9335,9336,Group2_mean_duration,0.06084009150180636
16p,16p_9333,2024-09-07 19:00:00,baseline,control,9335,9336,Group2_std_duration,0.08907169496181222
16p,16p_9333,2024-09-07 19:00:00,baseline,control,9335,9336,Huddling_count,-0.3601653488785006
16p,16p_9333,2024-09-07 19:00:00,baseline,control,9335,9336,Huddling_mean_duration,0.12083195764242327
16p,16p_9333,2024-09-07 19:00:00,baseline,control,9335,9336,Huddling_std_duration,0.5415089537750464
16p,16p_9333,2024-09-07 19:00:00,baseline,control,9335,9336,Move_in_contact_active_count,-0.007017572658646998
16p,16p_9333,2024-09-07 19:00:00,baseline,control,9335,9336,Move_in_contact_passive_count,0.09593204274800904
16p,16p_9333,2024-09-07 19:00:00,baseline,control,9335,9336,Move_in_contact_mean_duration,0.0002512245959912507
16p,16p_9333,2024-09-07 19:00:00,baseline,control,9335,9336,Move_in_contact_std_duration,0.0035418575306882527
16p,16p_9333,2024-09-07 19:00:00,baseline,control,9335,9336,Move_isolated_count,-0.3329166773198793
16p,16p_9333,2024-09-07 19:00:00,baseline,control,9335,9336,Move_isolated_mean_duration,-0.060699514286530976
16p,16p_9333,2024-09-07 19:00:00,baseline,control,9335,9336,Move_isolated_std_duration,-0.2777211160160131
16p,16p_9333,2024-09-07 19:00:00,baseline,control,9335,9336,Oral_genital_Contact_active_count,0.03978353135228119
16p,16p_9333,2024-09-07 19:00:00,baseline,control,9335,9336,Oral_genital_Contact_passive_count,0.102385467082863
16p,16p_9333,2024-09-07 19:00:00,baseline,control,9335,9336,Oral_genital_Contact_mean_duration,-0.01508224241513001
16p,16p_9333,2024-09-07 19:00:00,baseline,control,9335,9336,Oral_genital_Contact_std_duration,-0.027636670925815787
16p,16p_9333,2024-09-07 19:00:00,baseline,control,9335,9336,Oral_oral_Contact_active_count,0.007292044244419316
16p,16p_9333,2024-09-07 19:00:00,baseline,control,9335,9336,Oral_oral_Contact_passive_count,0.007292044244419316
16p,16p_9333,2024-09-07 19:00:00,baseline,control,9335,9336,Oral_oral_Contact_mean_duration,0.004051702461342788
16p,16p_9333,2024-09-07 19:00:00,baseline,control,9335,9336,Oral_oral_Contact_std_duration,-0.04508373924031717
16p,16p_9333,2024-09-07 19:00:00,baseline,control,9335,9336,Periphery_Zone_count,-0.048110543495162084
16p,16p_9333,2024-09-07 19:00:00,baseline,control,9335,9336,Periphery_Zone_mean_duration,-0.08145060414650462
16p,16p_9333,2024-09-07 19:00:00,baseline,control,9335,9336,Periphery_Zone_std_duration,-0.08046344395802141
16p,16p_9333,2024-09-07 19:00:00,baseline,control,9335,9336,Rear_at_periphery_count,0.01043487729257997
16p,16p_9333,2024-09-07 19:00:00,baseline,control,9335,9336,Rear_at_periphery_mean_duration,-0.10240075404336846
16p,16p_9333,2024-09-07 19:00:00,baseline,control,9335,9336,Rear_at_periphery_std_duration,-0.43946722513367
16p,16p_9333,2024-09-07 19:00:00,baseline,control,9335,9336,Rear_in_centerWindow_count,-0.07550755250814589
16p,16p_9333,2024-09-07 19:00:00,baseline,control,9335,9336,Rear_in_centerWindow_mean_duration,0.007171040111133786
16p,16p_9333,2024-09-07 19:00:00,baseline,control,9335,9336,Rear_in_centerWindow_std_duration,0.015625321905369915
16p,16p_9333,2024-09-07 19:00:00,baseline,control,9335,9336,Rear_in_contact_count,0.02474084526480258
16p,16p_9333,2024-09-07 19:00:00,baseline,control,9335,9336,Rear_in_contact_mean_duration,0.02212008754729755
16p,16p_9333,2024-09-07 19:00:00,baseline,control,9335,9336,Rear_in_contact_std_duration,-0.10656061964909824
16p,16p_9333,2024-09-07 19:00:00,baseline,control,9335,9336,Rear_isolated_count,-0.010282866955583891
16p,16p_9333,2024-09-07 19:00:00,baseline,control,9335,9336,Rear_isolated_mean_duration,-0.07208599287018735
16p,16p_9333,2024-09-07 19:00:00,baseline,control,9335,9336,Rear_isolated_std_duration,-0.33900490271859507
16p,16p_9333,2024-09-07 19:00:00,baseline,control,9335,9336,Rearing_count,-0.23611390175683766
16p,16p_9333,2024-09-07 19:00:00,baseline,control,9335,9336,Rearing_mean_duration,0.20127958118237288
16p,16p_9333,2024-09-07 19:00:00,baseline,control,9335,9336,Rearing_std_duration,0.09294750903805582
16p,16p_9333,2024-09-07 19:00:00,baseline,control,9335,9336,SAP_count,-0.07746455606823766
16p,16p_9333,2024-09-07 19:00:00,baseline,control,9335,9336,SAP_mean_duration,-0.0668462918611934
16p,16p_9333,2024-09-07 19:00:00,baseline,control,9335,9336,SAP_std_duration,0.6825960938907207
16p,16p_9333,2024-09-07 19:00:00,baseline,control,9335,9336,Side_by_side_Contact_active_count,0.07663322602091682
16p,16p_9333,2024-09-07 19:00:00,baseline,control,9335,9336,Side_by_side_Contact_passive_count,0.07663322602091682
16p,16p_9333,2024-09-07 19:00:00,baseline,control,9335,9336,Side_by_side_Contact_mean_duration,0.04296861686382636
16p,16p_9333,2024-09-07 19:00:00,baseline,control,9335,9336,Side_by_side_Contact_std_duration,0.29197841275343306
16p,16p_9333,2024-09-07 19:00:00,baseline,control,9335,9336,Side_by_side_Contact_opposite_way_active_count,0.09181955729851321
16p,16p_9333,2024-09-07 19:00:00,baseline,control,9335,9336,Side_by_side_Contact_opposite_way_passive_count,0.09181955729851321
16p,16p_9333,2024-09-07 19:00:00,baseline,control,9335,9336,Side_by_side_Contact_opposite_way_mean_duration,0.008160519751173156
16p,16p_9333,2024-09-07 19:00:00,baseline,control,9335,9336,Side_by_side_Contact_opposite_way_std_duration,0.07106120052515275
16p,16p_9333,2024-09-07 19:00:00,baseline,control,9335,9336,Social_approach_active_count,0.0470232373584345
16p,16p_9333,2024-09-07 19:00:00,baseline,control,9335,9336,Social_approach_passive_count,-0.03934857520856383
16p,16p_9333,2024-09-07 19:00:00,baseline,control,9335,9336,Social_approach_mean_duration,0.05531770267686653
16p,16p_9333,2024-09-07 19:00:00,baseline,control,9335,9336,Social_approach_std_duration,0.0817364497597568
16p,16p_9333,2024-09-07 19:00:00,baseline,control,9335,9336,Social_escape_active_count,0.05029045617423655
16p,16p_9333,2024-09-07 19:00:00,baseline,control,9335,9336,Social_escape_passive_count,0.07962456006133856
16p,16p_9333,2024-09-07 19:00:00,baseline,control,9335,9336,Social_escape_mean_duration,-0.0065437073257785805
16p,16p_9333,2024-09-07 19:00:00,baseline,control,9335,9336,Social_escape_std_duration,-0.09499538496123328
16p,16p_9333,2024-09-07 19:00:00,baseline,control,9335,9336,Stop_count,-0.4683130117678287
16p,16p_9333,2024-09-07 19:00:00,baseline,control,9335,9336,Stop_mean_duration,0.5205962518237577
16p,16p_9333,2024-09-07 19:00:00,baseline,control,9335,9336,Stop_std_duration,0.39075758070261823
16p,16p_9333,2024-09-07 19:00:00,baseline,control,9335,9336,Stop_in_contact_active_count,-0.003323050767412461
16p,16p_9333,2024-09-07 19:00:00,baseline,control,9335,9336,Stop_in_contact_passive_count,-0.013314509578299827
16p,16p_9333,2024-09-07 19:00:00,baseline,control,9335,9336,Stop_in_contact_mean_duration,0.06147229655384656
16p,16p_9333,2024-09-07 19:00:00,baseline,control,9335,9336,Stop_in_contact_std_duration,0.052884099809477725
16p,16p_9333,2024-09-07 19:00:00,baseline,control,9335,9336,Stop_isolated_count,-0.12852554202443578
16p,16p_9333,2024-09-07 19:00:00,baseline,control,9335,9336,Stop_isolated_mean_duration,0.15852326400995898
16p,16p_9333,2024-09-07 19:00:00,baseline,control,9335,9336,Stop_isolated_std_duration,0.2883468758133496
16p,16p_9333,2024-09-07 19:00:00,baseline,control,9335,9336,Train2_active_count,-1.056052674249314
16p,16p_9333,2024-09-07 19:00:00,baseline,control,9335,9336,Train2_passive_count,-1.01160091167848
16p,16p_9333,2024-09-07 19:00:00,baseline,control,9335,9336,Train2_mean_duration,0.08750967000969717
16p,16p_9333,2024-09-07 19:00:00,baseline,control,9335,9336,Train2_std_duration,0.10412541219348703
16p,16p_9333,2024-09-07 19:00:00,baseline,control,9335,9336,WallJump_count,0.0
16p,16p_9333,2024-09-07 19:00:00,baseline,control,9335,9336,WallJump_mean_duration,0.08369034987223872
16p,16p_9333,2024-09-07 19:00:00,baseline,control,9335,9336,WallJump_std_duration,0.07328797452984967
16p,16p_9333,2024-09-07 19:00:00,baseline,control,9335,9336,isolated_count,0.008961971857230466
16p,16p_9333,2024-09-07 19:00:00,baseline,control,9335,9336,isolated_mean_duration,-0.39002376359985336
16p,16p_9333,2024-09-07 19:00:00,baseline,control,9335,9336,isolated_std_duration,-0.7338289363740973
16p,16p_9333,2024-09-07 19:00:00,baseline,control,9335,9336,seq_oral_geni___oral_oral_active_count,-0.022223136784710107
16p,16p_9333,2024-09-07 19:00:00,baseline,control,9335,9336,seq_oral_geni___oral_oral_passive_count,-0.16395467992387935
16p,16p_9333,2024-09-07 19:00:00,baseline,control,9335,9336,seq_oral_geni___oral_oral_mean_duration,0.05682960519646696
16p,16p_9333,2024-09-07 19:00:00,baseline,control,9335,9336,seq_oral_geni___oral_oral_std_duration,0.35199834036652655
16p,16p_9333,2024-09-07 19:00:00,baseline,control,9335,9336,seq_oral_oral___oral_genital_active_count,0.0
16p,16p_9333,2024-09-07 19:00:00,baseline,control,9335,9336,seq_oral_oral___oral_genital_passive_count,-0.17214099686183637
16p,16p_9333,2024-09-07 19:00:00,baseline,control,9335,9336,seq_oral_oral___oral_genital_mean_duration,0.06878292900843319
16p,16p_9333,2024-09-07 19:00:00,baseline,control,9335,9336,seq_oral_oral___oral_genital_std_duration,0.5387030900944976
16p,16p_9333,2024-09-08 19:00:00,post_stress,control,9335,9336,Approach_active_count,-0.05958397883647315
16p,16p_9333,2024-09-08 19:00:00,post_stress,control,9335,9336,Approach_passive_count,0.03842066101419128
16p,16p_9333,2024-09-08 19:00:00,post_stress,control,9335,9336,Approach_mean_duration,0.036045065369876284
16p,16p_9333,2024-09-08 19:00:00,post_stress,control,9335,9336,Approach_std_duration,0.04861011179038366
16p,16p_9333,2024-09-08 19:00:00,post_stress,control,9335,9336,Approach_contact_active_count,0.048420956116502545
16p,16p_9333,2024-09-08 19:00:00,post_stress,control,9335,9336,Approach_contact_passive_count,-0.011944402125152465
16p,16p_9333,2024-09-08 19:00:00,post_stress,control,9335,9336,Approach_contact_mean_duration,-0.021990702990764
16p,16p_9333,2024-09-08 19:00:00,post_stress,control,9335,9336,Approach_contact_std_duration,-0.01969915714938386
16p,16p_9333,2024-09-08 19:00:00,post_stress,control,9335,9336,Approach_rear_active_count,0.09087089548180671
16p,16p_9333,2024-09-08 19:00:00,post_stress,control,9335,9336,Approach_rear_passive_count,0.11471060639693409
16p,16p_9333,2024-09-08 19:00:00,post_stress,control,9335,9336,Approach_rear_mean_duration,0.007396048684717993
16p,16p_9333,2024-09-08 19:00:00,post_stress,control,9335,9336,Approach_rear_std_duration,-0.027004304959949987
16p,16p_9333,2024-09-08 19:00:00,post_stress,control,9335,9336,Break_contact_active_count,0.04000533461369926
16p,16p_9333,2024-09-08 19:00:00,post_stress,control,9335,9336,Break_contact_passive_count,0.08819757971963593
16p,16p_9333,2024-09-08 19:00:00,post_stress,control,9335,9336,Break_contact_mean_duration,-0.004864945857053327
16p,16p_9333,2024-09-08 19:00:00,post_stress,control,9335,9336,Break_contact_std_duration,0.009038243171624494
16p,16p_9333,2024-09-08 19:00:00,post_stress,control,9335,9336,Center_Zone_count,-0.3018302184178081
16p,16p_9333,2024-09-08 19:00:00,post_stress,control,9335,9336,Center_Zone_mean_duration,-0.20735798602048394
16p,16p_9333,2024-09-08 19:00:00,post_stress,control,9335,9336,Center_Zone_std_duration,-0.16668102771450344
16p,16p_9333,2024-09-08 19:00:00,post_stress,control,9335,9336,Contact_active_count,-0.0269216575662643
16p,16p_9333,2024-09-08 19:00:00,post_stress,control,9335,9336,Contact_passive_count,-0.026950111901661522
16p,16p_9333,2024-09-08 19:00:00,post_stress,control,9335,9336,Contact_mean_duration,0.15215402391592336
16p,16p_9333,2024-09-08 19:00:00,post_stress,control,9335,9336,Contact_std_duration,0.17785478480353145
16p,16p_9333,2024-09-08 19:00:00,post_stress,control,9335,9336,Get_away_active_count,0.10993752988147953
16p,16p_9333,2024-09-08 19:00:00,post_stress,control,9335,9336,Get_away_passive_count,-0.030438683309343517
16p,16p_9333,2024-09-08 19:00:00,post_stress,control,9335,9336,Get_away_mean_duration,0.013400202933494088
16p,16p_9333,2024-09-08 19:00:00,post_stress,control,9335,9336,Get_away_std_duration,0.00713601296483124
16p,16p_9333,2024-09-08 19:00:00,post_stress,control,9335,9336,Group_3_break_count,0.03390155167568132
16p,16p_9333,2024-09-08 19:00:00,post_stress,control,9335,9336,Group_3_break_mean_duration,0.20039135199290126
16p,16p_9333,2024-09-08 19:00:00,post_stress,control,9335,9336,Group_3_break_std_duration,0.40540212946102144
16p,16p_9333,2024-09-08 19:00:00,post_stress,control,9335,9336,Group_3_make_count,0.07637297878457439
16p,16p_9333,2024-09-08 19:00:00,post_stress,control,9335,9336,Group_3_make_mean_duration,0.18174913169279305
16p,16p_9333,2024-09-08 19:00:00,post_stress,control,9335,9336,Group_3_make_std_duration,0.4644836597857011
16p,16p_9333,2024-09-08 19:00:00,post_stress,control,9335,9336,Group_4_break_count,-0.10536051565782634
16p,16p_9333,2024-09-08 19:00:00,post_stress,control,9335,9336,Group_4_break_mean_duration,0.1861303266968341
16p,16p_9333,2024-09-08 19:00:00,post_stress,control,9335,9336,Group_4_break_std_duration,0.2503686916015316
16p,16p_9333,2024-09-08 19:00:00,post_stress,control,9335,9336,Group_4_make_count,0.13353139262452274
16p,16p_9333,2024-09-08 19:00:00,post_stress,control,9335,9336,Group_4_make_mean_duration,0.02844575834890606
16p,16p_9333,2024-09-08 19:00:00,post_stress,control,9335,9336,Group_4_make_std_duration,-0.11857132627418698
16p,16p_9333,2024-09-08 19:00:00,post_stress,control,9335,9336,Group2_active_count,-0.08849307825345143
16p,16p_9333,2024-09-08 19:00:00,post_stress,control,9335,9336,Group2_passive_count,-0.08968002201298031
16p,16p_9333,2024-09-08 19:00:00,post_stress,control,9335,9336,Group2_mean_duration,0.2058224572929359
16p,16p_9333,2024-09-08 19:00:00,post_stress,control,9335,9336,Group2_std_duration,0.23139685011229538
16p,16p_9333,2024-09-08 19:00:00,post_stress,control,9335,9336,Huddling_count,-0.31686376523283677
16p,16p_9333,2024-09-08 19:00:00,post_stress,control,9335,9336,Huddling_mean_duration,-0.13136367670673987
16p,16p_9333,2024-09-08 19:00:00,post_stress,control,9335,9336,Huddling_std_duration,-0.2724220486811757
16p,16p_9333,2024-09-08 19:00:00,post_stress,control,9335,9336,Move_in_contact_active_count,0.10444723567405134
16p,16p_9333,2024-09-08 19:00:00,post_stress,control,9335,9336,Move_in_contact_passive_count,0.09048722338098258
16p,16p_9333,2024-09-08 19:00:00,post_stress,control,9335,9336,Move_in_contact_mean_duration,0.010187691569838009
16p,16p_9333,2024-09-08 19:00:00,post_stress,control,9335,9336,Move_in_contact_std_duration,0.010680877214179318
16p,16p_9333,2024-09-08 19:00:00,post_stress,control,9335,9336,Move_isolated_count,0.02852542403653313
16p,16p_9333,2024-09-08 19:00:00,post_stress,control,9335,9336,Move_isolated_mean_duration,0.06136521726537725
16p,16p_9333,2024-09-08 19:00:00,post_stress,control,9335,9336,Move_isolated_std_duration,0.06983691691976679
16p,16p_9333,2024-09-08 19:00:00,post_stress,control,9335,9336,Oral_genital_Contact_active_count,0.15953782105789305
16p,16p_9333,2024-09-08 19:00:00,post_stress,control,9335,9336,Oral_genital_Contact_passive_count,0.11229497797760768
16p,16p_9333,2024-09-08 19:00:00,post_stress,control,9335,9336,Oral_genital_Contact_mean_duration,0.030886338059777252
16p,16p_9333,2024-09-08 19:00:00,post_stress,control,9335,9336,Oral_genital_Contact_std_duration,0.16192486386214666
16p,16p_9333,2024-09-08 19:00:00,post_stress,control,9335,9336,Oral_oral_Contact_active_count,0.05199091634579389
16p,16p_9333,2024-09-08 19:00:00,post_stress,control,9335,9336,Oral_oral_Contact_passive_count,0.05199091634579389
16p,16p_9333,2024-09-08 19:00:00,post_stress,control,9335,9336,Oral_oral_Contact_mean_duration,-0.009117708175926276
16p,16p_9333,2024-09-08 19:00:00,post_stress,control,9335,9336,Oral_oral_Contact_std_duration,0.050999043797085086
16p,16p_9333,2024-09-08 19:00:00,post_stress,control,9335,9336,Periphery_Zone_count,-0.2180396393960331
16p,16p_9333,2024-09-08 19:00:00,post_stress,control,9335,9336,Periphery_Zone_mean_duration,0.1246664589234241
16p,16p_9333,2024-09-08 19:00:00,post_stress,control,9335,9336,Periphery_Zone_std_duration,0.08997208759493791
16p,16p_9333,2024-09-08 19:00:00,post_stress,control,9335,9336,Rear_at_periphery_count,0.32815618037955474
16p,16p_9333,2024-09-08 19:00:00,post_stress,control,9335,9336,Rear_at_periphery_mean_duration,-0.137627055317197
16p,16p_9333,2024-09-08 19:00:00,post_stress,control,9335,9336,Rear_at_periphery_std_duration,-0.5905563185084028
16p,16p_9333,2024-09-08 19:00:00,post_stress,control,9335,9336,Rear_in_centerWindow_count,-1.3545456628053105
16p,16p_9333,2024-09-08 19:00:00,post_stress,control,9335,9336,Rear_in_centerWindow_mean_duration,0.06407595726397175
16p,16p_9333,2024-09-08 19:00:00,post_stress,control,9335,9336,Rear_in_centerWindow_std_duration,-0.06662928486779485
16p,16p_9333,2024-09-08 19:00:00,post_stress,control,9335,9336,Rear_in_contact_count,0.20774207108963783
16p,16p_9333,2024-09-08 19:00:00,post_stress,control,9335,9336,Rear_in_contact_mean_duration,0.005301588263155965
16p,16p_9333,2024-09-08 19:00:00,post_stress,control,9335,9336,Rear_in_contact_std_duration,-0.022527053129311803
16p,16p_9333,2024-09-08 19:00:00,post_stress,control,9335,9336,Rear_isolated_count,0.26668570343877374
16p,16p_9333,2024-09-08 19:00:00,post_stress,control,9335,9336,Rear_isolated_mean_duration,-0.11952524509418294
16p,16p_9333,2024-09-08 19:00:00,post_stress,control,9335,9336,Rear_isolated_std_duration,-0.5693565335265847
16p,16p_9333,2024-09-08 19:00:00,post_stress,control,9335,9336,Rearing_count,0.014104606181541968
16p,16p_9333,2024-09-08 19:00:00,post_stress,control,9335,9336,Rearing_mean_duration,0.006615893476841883
16p,16p_9333,2024-09-08 19:00:00,post_stress,control,9335,9336,Rearing_std_duration,0.0018258001938500357
16p,16p_9333,2024-09-08 19:00:00,post_stress,control,9335,9336,SAP_count,0.07410797215372256
16p,16p_9333,2024-09-08 19:00:00,post_stress,control,9335,9336,SAP_mean_duration,-0.032854380370626934
16p,16p_9333,2024-09-08 19:00:00,post_stress,control,9335,9336,SAP_std_duration,-0.06103965144697465
16p,16p_9333,2024-09-08 19:00:00,post_stress,control,9335,9336,Side_by_side_Contact_active_count,0.11237469364712194
16p,16p_9333,2024-09-08 19:00:00,post_stress,control,9335,9336,Side_by_side_Contact_passive_count,0.11237469364712194
16p,16p_9333,2024-09-08 19:00:00,post_stress,control,9335,9336,Side_by_side_Contact_mean_duration,0.009931352071144817
16p,16p_9333,2024-09-08 19:00:00,post_stress,control,9335,9336,Side_by_side_Contact_std_duration,-0.11125266079289609
16p,16p_9333,2024-09-08 19:00:00,post_stress,control,9335,9336,Side_by_side_Contact_opposite_way_active_count,0.13958300348231312
16p,16p_9333,2024-09-08 19:00:00,post_stress,control,9335,9336,Side_by_side_Contact_opposite_way_passive_count,0.13958300348231312
16p,16p_9333,2024-09-08 19:00:00,post_stress,control,9335,9336,Side_by_side_Contact_opposite_way_mean_duration,0.0559322862775653
16p,16p_9333,2024-09-08 19:00:00,post_stress,control,9335,9336,Side_by_side_Contact_opposite_way_std_duration,0.14177692204973957
16p,16p_9333,2024-09-08 19:00:00,post_stress,control,9335,9336,Social_approach_active_count,0.03451704033674474
16p,16p_9333,2024-09-08 19:00:00,post_stress,control,9335,9336,Social_approach_passive_count,0.027758532212205367
16p,16p_9333,2024-09-08 19:00:00,post_stress,control,9335,9336,Social_approach_mean_duration,0.07284578985372314
16p,16p_9333,2024-09-08 19:00:00,post_stress,control,9335,9336,Social_approach_std_duration,0.10994398791811566
16p,16p_9333,2024-09-08 19:00:00,post_stress,control,9335,9336,Social_escape_active_count,0.10149075572889643
16p,16p_9333,2024-09-08 19:00:00,post_stress,control,9335,9336,Social_escape_passive_count,0.07766219323023016
16p,16p_9333,2024-09-08 19:00:00,post_stress,control,9335,9336,Social_escape_mean_duration,0.035601363756804005
16p,16p_9333,2024-09-08 19:00:00,post_stress,control,9335,9336,Social_escape_std_duration,0.036793021203060716
16p,16p_9333,2024-09-08 19:00:00,post_stress,control,9335,9336,Stop_count,-0.13102826240640386
16p,16p_9333,2024-09-08 19:00:00,post_stress,control,9335,9336,Stop_mean_duration,0.029230414281857797
16p,16p_9333,2024-09-08 19:00:00,post_stress,control,9335,9336,Stop_std_duration,-0.09335257131508445
16p,16p_9333,2024-09-08 19:00:00,post_stress,control,9335,9336,Stop_in_contact_active_count,-0.011434636023629707
16p,16p_9333,2024-09-08 19:00:00,post_stress,control,9335,9336,Stop_in_contact_passive_count,-0.009350717482433879
16p,16p_9333,2024-09-08 19:00:00,post_stress,control,9335,9336,Stop_in_contact_mean_duration,0.1417564691995481
16p,16p_9333,2024-09-08 19:00:00,post_stress,control,9335,9336,Stop_in_contact_std_duration,0.18129710255714038
16p,16p_9333,2024-09-08 19:00:00,post_stress,control,9335,9336,Stop_isolated_count,0.00921665510492442
16p,16p_9333,2024-09-08 19:00:00,post_stress,control,9335,9336,Stop_isolated_mean_duration,-0.406519229765693
16p,16p_9333,2024-09-08 19:00:00,post_stress,control,9335,9336,Stop_isolated_std_duration,-0.5241526973675028
16p,16p_9333,2024-09-08 19:00:00,post_stress,control,9335,9336,Train2_active_count,-0.9162907318741553
16p,16p_9333,2024-09-08 19:00:00,post_stress,control,9335,9336,Train2_passive_count,-1.6739764335716714
16p,16p_9333,2024-09-08 19:00:00,post_stress,control,9335,9336,Train2_mean_duration,-0.20724845096976005
16p,16p_9333,2024-09-08 19:00:00,post_stress,control,9335,9336,Train2_std_duration,-0.3415026075136709
16p,16p_9333,2024-09-08 19:00:00,post_stress,control,9335,9336,WallJump_count,0.15415067982725827
16p,16p_9333,2024-09-08 19:00:00,post_stress,control,9335,9336,WallJump_mean_duration,0.21788415597300742
16p,16p_9333,2024-09-08 19:00:00,post_stress,control,9335,9336,WallJump_std_duration,0.2248154124203512
16p,16p_9333,2024-09-08 19:00:00,post_stress,control,9335,9336,isolated_count,-0.1202919629591479
16p,16p_9333,2024-09-08 19:00:00,post_stress,control,9335,9336,isolated_mean_duration,-0.38916954402668136
16p,16p_9333,2024-09-08 19:00:00,post_stress,control,9335,9336,isolated_std_duration,-0.5400197343185584
16p,16p_9333,2024-09-08 19:00:00,post_stress,control,9335,9336,seq_oral_geni___oral_oral_active_count,0.06856267143729688
16p,16p_9333,2024-09-08 19:00:00,post_stress,control,9335,9336,seq_oral_geni___oral_oral_passive_count,0.10601819407679702
16p,16p_9333,2024-09-08 19:00:00,post_stress,control,9335,9336,seq_oral_geni___oral_oral_mean_duration,0.13767358533199392
16p,16p_9333,2024-09-08 19:00:00,post_stress,control,9335,9336,seq_oral_geni___oral_oral_std_duration,1.2020507620349299
16p,16p_9333,2024-09-08 19:00:00,post_stress,control,9335,9336,seq_oral_oral___oral_genital_active_count,0.12375320264288714
16p,16p_9333,2024-09-08 19:00:00,post_stress,control,9335,9336,seq_oral_oral___oral_genital_passive_count,0.006042314455963371
16p,16p_9333,2024-09-08 19:00:00,post_stress,control,9335,9336,seq_oral_oral___oral_genital_mean_duration,0.004477010587385477
16p,16p_9333,2024-09-08 19:00:00,post_stress,control,9335,9336,seq_oral_oral___oral_genital_std_duration,0.03689713477456502
CD del,cddel_9621,2024-12-10 19:00:00,baseline,stressed,9622,9621,Approach_active_count,0.03610500464211697
CD del,cddel_9621,2024-12-10 19:00:00,baseline,stressed,9622,9621,Approach_passive_count,-0.022548049598588804
CD del,cddel_9621,2024-12-10 19:00:00,baseline,stressed,9622,9621,Approach_mean_duration,-0.037996932809647666
CD del,cddel_9621,2024-12-10 19:00:00,baseline,stressed,9622,9621,Approach_std_duration,-0.01993115474235685
CD del,cddel_9621,2024-12-10 19:00:00,baseline,stressed,9622,9621,Approach_contact_active_count,-0.07600556048656504
CD del,cddel_9621,2024-12-10 19:00:00,baseline,stressed,9622,9621,Approach_contact_passive_count,-0.026425980345300637
CD del,cddel_9621,2024-12-10 19:00:00,baseline,stressed,9622,9621,Approach_contact_mean_duration,0.01401980598550423
CD del,cddel_9621,2024-12-10 19:00:00,baseline,stressed,9622,9621,Approach_contact_std_duration,0.02129014645875482
CD del,cddel_9621,2024-12-10 19:00:00,baseline,stressed,9622,9621,Approach_rear_active_count,-0.14551579651530488
CD del,cddel_9621,2024-12-10 19:00:00,baseline,stressed,9622,9621,Approach_rear_passive_count,-0.1074773722475566
CD del,cddel_9621,2024-12-10 19:00:00,baseline,stressed,9622,9621,Approach_rear_mean_duration,-0.024566303073417783
CD del,cddel_9621,2024-12-10 19:00:00,baseline,stressed,9622,9621,Approach_rear_std_duration,-0.17420159048574257
CD del,cddel_9621,2024-12-10 19:00:00,baseline,stressed,9622,9621,Break_contact_active_count,-0.10017551627723797
CD del,cddel_9621,2024-12-10 19:00:00,baseline,stressed,9622,9621,Break_contact_passive_count,-0.015546723738299129
CD del,cddel_9621,2024-12-10 19:00:00,baseline,stressed,9622,9621,Break_contact_mean_duration,-0.0012730423429223592
CD del,cddel_9621,2024-12-10 19:00:00,baseline,stressed,9622,9621,Break_contact_std_duration,0.004855924503370246
CD del,cddel_9621,2024-12-10 19:00:00,baseline,stressed,9622,9621,Center_Zone_count,-0.09478607077765222
CD del,cddel_9621,2024-12-10 19:00:00,baseline,stressed,9622,9621,Center_Zone_mean_duration,0.2151487275397843
CD del,cddel_9621,2024-12-10 19:00:00,baseline,stressed,9622,9621,Center_Zone_std_duration,0.5415761794122835
CD del,cddel_9621,2024-12-10 19:00:00,baseline,stressed,9622,9621,Contact_active_count,-0.0200431853921188
CD del,cddel_9621,2024-12-10 19:00:00,baseline,stressed,9622,9621,Contact_passive_count,-0.0200431853921188
CD del,cddel_9621,2024-12-10 19:00:00,baseline,stressed,9622,9621,Contact_mean_duration,-0.1178173438101977
CD del,cddel_9621,2024-12-10 19:00:00,baseline,stressed,9622,9621,Contact_std_duration,-0.13687210041836106
CD del,cddel_9621,2024-12-10 19:00:00,baseline,stressed,9622,9621,Get_away_active_count,-0.060927399806788074
CD del,cddel_9621,2024-12-10 19:00:00,baseline,stressed,9622,9621,Get_away_passive_count,-0.0013189031742335544
CD del,cddel_9621,2024-12-10 19:00:00,baseline,stressed,9622,9621,Get_away_mean_duration,-0.0081889064346643
CD del,cddel_9621,2024-12-10 19:00:00,baseline,stressed,9622,9621,Get_away_std_duration,-0.01737357952054497
CD del,cddel_9621,2024-12-10 19:00:00,baseline,stressed,9622,9621,Group_3_break_count,-0.07320340402329517
CD del,cddel_9621,2024-12-10 19:00:00,baseline,stressed,9622,9621,Group_3_break_mean_duration,0.1331268286224842
CD del,cddel_9621,2024-12-10 19:00:00,baseline,stressed,9622,9621,Group_3_break_std_duration,0.256814760859683
CD del,cddel_9621,2024-12-10 19:00:00,baseline,stressed,9622,9621,Group_3_make_count,0.10135249426028814
CD del,cddel_9621,2024-12-10 19:00:00,baseline,stressed,9622,9621,Group_3_make_mean_duration,0.11850066607165183
CD del,cddel_9621,2024-12-10 19:00:00,baseline,stressed,9622,9621,Group_3_make_std_duration,0.2124686991473157
CD del,cddel_9621,2024-12-10 19:00:00,baseline,stressed,9622,9621,Group_4_break_count,-0.4353180712578455
CD del,cddel_9621,2024-12-10 19:00:00,baseline,stressed,9622,9621,Group_4_break_mean_duration,-0.291325063730282
CD del,cddel_9621,2024-12-10 19:00:00,baseline,stressed,9622,9621,Group_4_break_std_duration,-0.6196789194585853
CD del,cddel_9621,2024-12-10 19:00:00,baseline,stressed,9622,9621,Group_4_make_count,-0.5260930958967793
CD del,cddel_9621,2024-12-10 19:00:00,baseline,stressed,9622,9621,Group_4_make_mean_duration,-0.12992605282207326
CD del,cddel_9621,2024-12-10 19:00:00,baseline,stressed,9622,9621,Group_4_make_std_duration,-0.528099437443294
CD del,cddel_9621,2024-12-10 19:00:00,baseline,stressed,9622,9621,Group2_active_count,-0.018752223749183727
CD del,cddel_9621,2024-12-10 19:00:00,baseline,stressed,9622,9621,Group2_passive_count,-0.018752223749183727
CD del,cddel_9621,2024-12-10 19:00:00,baseline,stressed,9622,9621,Group2_mean_duration,-0.11425845463507711
CD del,cddel_9621,2024-12-10 19:00:00,baseline,stressed,9622,9621,Group2_std_duration,-0.11983014909078449
CD del,cddel_9621,2024-12-10 19:00:00,baseline,stressed,9622,9621,Huddling_count,0.2699989685957149
CD del,cddel_9621,2024-12-10 19:00:00,baseline,stressed,9622,9621,Huddling_mean_duration,0.2076874874705381
CD del,cddel_9621,2024-12-10 19:00:00,baseline,stressed,9622,9621,Huddling_std_duration,0.8082642429983491
CD del,cddel_9621,2024-12-10 19:00:00,baseline,stressed,9622,9621,Move_in_contact_active_count,-0.07305555465381097
CD del,cddel_9621,2024-12-10 19:00:00,baseline,stressed,9622,9621,Move_in_contact_passive_count,-0.09285015396346274
CD del,cddel_9621,2024-12-10 19:00:00,baseline,stressed,9622,9621,Move_in_contact_mean_duration,-0.00921894991608796
CD del,cddel_9621,2024-12-10 19:00:00,baseline,stressed,9622,9621,Move_in_contact_std_duration,-0.010032605102040959
CD del,cddel_9621,2024-12-10 19:00:00,baseline,stressed,9622,9621,Move_isolated_count,0.11434778665806267
CD del,cddel_9621,2024-12-10 19:00:00,baseline,stressed,9622,9621,Move_isolated_mean_duration,-0.01852371187225943
CD del,cddel_9621,2024-12-10 19:00:00,baseline,stressed,9622,9621,Move_isolated_std_duration,0.7254682327925746
CD del,cddel_9621,2024-12-10 19:00:00,baseline,stressed,9622,9621,Oral_genital_Contact_active_count,-0.12071481218632485
CD del,cddel_9621,2024-12-10 19:00:00,baseline,stressed,9622,9621,Oral_genital_Contact_passive_count,-0.12318674718080302
CD del,cddel_9621,2024-12-10 19:00:00,baseline,stressed,9622,9621,Oral_genital_Contact_mean_duration,-0.019502016543428202
CD del,cddel_9621,2024-12-10 19:00:00,baseline,stressed,9622,9621,Oral_genital_Contact_std_duration,-0.040412232875663756
CD del,cddel_9621,2024-12-10 19:00:00,baseline,stressed,9622,9621,Oral_oral_Contact_active_count,-0.11757297368733077
CD del,cddel_9621,2024-12-10 19:00:00,baseline,stressed,9622,9621,Oral_oral_Contact_passive_count,-0.11757297368733077
CD del,cddel_9621,2024-12-10 19:00:00,baseline,stressed,9622,9621,Oral_oral_Contact_mean_duration,-0.0266054516498595
CD del,cddel_9621,2024-12-10 19:00:00,baseline,stressed,9622,9621,Oral_oral_Contact_std_duration,-0.1506963040136471
CD del,cddel_9621,2024-12-10 19:00:00,baseline,stressed,9622,9621,Periphery_Zone_count,0.0404817179207102
CD del,cddel_9621,2024-12-10 19:00:00,baseline,stressed,9622,9621,Periphery_Zone_mean_duration,-0.09725866811251827
CD del,cddel_9621,2024-12-10 19:00:00,baseline,stressed,9622,9621,Periphery_Zone_std_duration,-0.24902717142527564
CD del,cddel_9621,2024-12-10 19:00:00,baseline,stressed,9622,9621,Rear_at_periphery_count,0.01788282949677189
CD del,cddel_9621,2024-12-10 19:00:00,baseline,stressed,9622,9621,Rear_at_periphery_mean_duration,-0.006422605173634799
CD del,cddel_9621,2024-12-10 19:00:00,baseline,stressed,9622,9621,Rear_at_periphery_std_duration,-0.31067751467677707
CD del,cddel_9621,2024-12-10 19:00:00,baseline,stressed,9622,9621,Rear_in_centerWindow_count,-0.5543107357057293
CD del,cddel_9621,2024-12-10 19:00:00,baseline,stressed,9622,9621,Rear_in_centerWindow_mean_duration,0.1274875501520808
CD del,cddel_9621,2024-12-10 19:00:00,baseline,stressed,9622,9621,Rear_in_centerWindow_std_duration,0.08046884029038592
CD del,cddel_9621,2024-12-10 19:00:00,baseline,stressed,9622,9621,Rear_in_contact_count,-0.1448374576805911
CD del,cddel_9621,2024-12-10 19:00:00,baseline,stressed,9622,9621,Rear_in_contact_mean_duration,-0.035876711167995845
CD del,cddel_9621,2024-12-10 19:00:00,baseline,stressed,9622,9621,Rear_in_contact_std_duration,-0.23129029131256962
CD del,cddel_9621,2024-12-10 19:00:00,baseline,stressed,9622,9621,Rear_isolated_count,-0.02962552673613139
CD del,cddel_9621,2024-12-10 19:00:00,baseline,stressed,9622,9621,Rear_isolated_mean_duration,-0.007803532831471505
CD del,cddel_9621,2024-12-10 19:00:00,baseline,stressed,9622,9621,Rear_isolated_std_duration,-0.27547503581580113
CD del,cddel_9621,2024-12-10 19:00:00,baseline,stressed,9622,9621,Rearing_count,0.13850090816013072
CD del,cddel_9621,2024-12-10 19:00:00,baseline,stressed,9622,9621,Rearing_mean_duration,-0.19461726156077752
CD del,cddel_9621,2024-12-10 19:00:00,baseline,stressed,9622,9621,Rearing_std_duration,-0.20414031575238578
CD del,cddel_9621,2024-12-10 19:00:00,baseline,stressed,9622,9621,SAP_count,0.022784541853201112
CD del,cddel_9621,2024-12-10 19:00:00,baseline,stressed,9622,9621,SAP_mean_duration,-0.005995258518785462
CD del,cddel_9621,2024-12-10 19:00:00,baseline,stressed,9622,9621,SAP_std_duration,-0.47089628679433493
CD del,cddel_9621,2024-12-10 19:00:00,baseline,stressed,9622,9621,Side_by_side_Contact_active_count,-0.09300103513263558
CD del,cddel_9621,2024-12-10 19:00:00,baseline,stressed,9622,9621,Side_by_side_Contact_passive_count,-0.09300103513263558
CD del,cddel_9621,2024-12-10 19:00:00,baseline,stressed,9622,9621,Side_by_side_Contact_mean_duration,-0.050194338958068574
CD del,cddel_9621,2024-12-10 19:00:00,baseline,stressed,9622,9621,Side_by_side_Contact_std_duration,-0.06269136306483492
CD del,cddel_9621,2024-12-10 19:00:00,baseline,stressed,9622,9621,Side_by_side_Contact_opposite_way_active_count,-0.1093985944071072
CD del,cddel_9621,2024-12-10 19:00:00,baseline,stressed,9622,9621,Side_by_side_Contact_opposite_way_passive_count,-0.1093985944071072
CD del,cddel_9621,2024-12-10 19:00:00,baseline,stressed,9622,9621,Side_by_side_Contact_opposite_way_mean_duration,-0.046872771000760594
CD del,cddel_9621,2024-12-10 19:00:00,baseline,stressed,9622,9621,Side_by_side_Contact_opposite_way_std_duration,0.03969985095212647
CD del,cddel_9621,2024-12-10 19:00:00,baseline,stressed,9622,9621,Social_approach_active_count,-0.04523620069469203
CD del,cddel_9621,2024-12-10 19:00:00,baseline,stressed,9622,9621,Social_approach_passive_count,-0.043813798589907194
CD del,cddel_9621,2024-12-10 19:00:00,baseline,stressed,9622,9621,Social_approach_mean_duration,-0.0690766875674862
CD del,cddel_9621,2024-12-10 19:00:00,baseline,stressed,9622,9621,Social_approach_std_duration,-0.04313396953981741
CD del,cddel_9621,2024-12-10 19:00:00,baseline,stressed,9622,9621,Social_escape_active_count,-0.12957509706816595
CD del,cddel_9621,2024-12-10 19:00:00,baseline,stressed,9622,9621,Social_escape_passive_count,-0.0434156915995505
CD del,cddel_9621,2024-12-10 19:00:00,baseline,stressed,9622,9621,Social_escape_mean_duration,-0.026914736990798493
CD del,cddel_9621,2024-12-10 19:00:00,baseline,stressed,9622,9621,Social_escape_std_duration,-0.05542289384889254
CD del,cddel_9621,2024-12-10 19:00:00,baseline,stressed,9622,9621,Stop_count,0.010000083334583465
CD del,cddel_9621,2024-12-10 19:00:00,baseline,stressed,9622,9621,Stop_mean_duration,-0.051460112772100164
CD del,cddel_9621,2024-12-10 19:00:00,baseline,stressed,9622,9621,Stop_std_duration,-0.1935061712974533
CD del,cddel_9621,2024-12-10 19:00:00,baseline,stressed,9622,9621,Stop_in_contact_active_count,-0.01798498089281786
CD del,cddel_9621,2024-12-10 19:00:00,baseline,stressed,9622,9621,Stop_in_contact_passive_count,-0.019802627296177988
CD del,cddel_9621,2024-12-10 19:00:00,baseline,stressed,9622,9621,Stop_in_contact_mean_duration,-0.123816559439752
CD del,cddel_9621,2024-12-10 19:00:00,baseline,stressed,9622,9621,Stop_in_contact_std_duration,-0.1455307068899474
CD del,cddel_9621,2024-12-10 19:00:00,baseline,stressed,9622,9621,Stop_isolated_count,-0.03238959499565741
CD del,cddel_9621,2024-12-10 19:00:00,baseline,stressed,9622,9621,Stop_isolated_mean_duration,0.102861366821422
CD del,cddel_9621,2024-12-10 19:00:00,baseline,stressed,9622,9621,Stop_isolated_std_duration,-0.09045701378653703
CD del,cddel_9621,2024-12-10 19:00:00,baseline,stressed,9622,9621,Train2_active_count,-0.485507815781701
CD del,cddel_9621,2024-12-10 19:00:00,baseline,stressed,9622,9621,Train2_passive_count,-0.44183275227903884
CD del,cddel_9621,2024-12-10 19:00:00,baseline,stressed,9622,9621,Train2_mean_duration,-0.14010603826660795
CD del,cddel_9621,2024-12-10 19:00:00,baseline,stressed,9622,9621,Train2_std_duration,-0.19212778980727302
CD del,cddel_9621,2024-12-10 19:00:00,baseline,stressed,9622,9621,WallJump_count,0.2363887780642302
CD del,cddel_9621,2024-12-10 19:00:00,baseline,stressed,9622,9621,WallJump_mean_duration,0.22808734577071116
CD del,cddel_9621,2024-12-10 19:00:00,baseline,stressed,9622,9621,WallJump_std_duration,0.42532262498195833
CD del,cddel_9621,2024-12-10 19:00:00,baseline,stressed,9622,9621,isolated_count,0.09670337260251394
CD del,cddel_9621,2024-12-10 19:00:00,baseline,stressed,9622,9621,isolated_mean_duration,0.6092438688202921
CD del,cddel_9621,2024-12-10 19:00:00,baseline,stressed,9622,9621,isolated_std_duration,0.9641788781065084
CD del,cddel_9621,2024-12-10 19:00:00,baseline,stressed,9622,9621,seq_oral_geni___oral_oral_active_count,-0.21429952651775697
CD del,cddel_9621,2024-12-10 19:00:00,baseline,stressed,9622,9621,seq_oral_geni___oral_oral_passive_count,0.015424470325631212
CD del,cddel_9621,2024-12-10 19:00:00,baseline,stressed,9622,9621,seq_oral_geni___oral_oral_mean_duration,0.1002746035316846
CD del,cddel_9621,2024-12-10 19:00:00,baseline,stressed,9622,9621,seq_oral_geni___oral_oral_std_duration,0.45236635329609576
CD del,cddel_9621,2024-12-10 19:00:00,baseline,stressed,9622,9621,seq_oral_oral___oral_genital_active_count,-0.13211796482737626
CD del,cddel_9621,2024-12-10 19:00:00,baseline,stressed,9622,9621,seq_oral_oral___oral_genital_passive_count,0.03774032798284743
CD del,cddel_9621,2024-12-10 19:00:00,baseline,stressed,9622,9621,seq_oral_oral___oral_genital_mean_duration,0.10640682299533943
CD del,cddel_9621,2024-12-10 19:00:00,baseline,stressed,9622,9621,seq_oral_oral___oral_genital_std_duration,0.4765436690426921
CD del,cddel_9621,2024-12-11 19:00:00,baseline,stressed,9622,9621,Approach_active_count,-0.005274737504546323
CD del,cddel_9621,2024-12-11 19:00:00,baseline,stressed,9622,9621,Approach_passive_count,-0.022202310393506508
CD del,cddel_9621,2024-12-11 19:00:00,baseline,stressed,9622,9621,Approach_mean_duration,-0.020750521222427265
CD del,cddel_9621,2024-12-11 19:00:00,baseline,stressed,9622,9621,Approach_std_duration,-0.028707259643581118
CD del,cddel_9621,2024-12-11 19:00:00,baseline,stressed,9622,9621,Approach_contact_active_count,-0.06681119668269453
CD del,cddel_9621,2024-12-11 19:00:00,baseline,stressed,9622,9621,Approach_contact_passive_count,0.046687113972653904
CD del,cddel_9621,2024-12-11 19:00:00,baseline,stressed,9622,9621,Approach_contact_mean_duration,0.010132281674436583
CD del,cddel_9621,2024-12-11 19:00:00,baseline,stressed,9622,9621,Approach_contact_std_duration,0.011846350366416236
CD del,cddel_9621,2024-12-11 19:00:00,baseline,stressed,9622,9621,Approach_rear_active_count,-0.016467085812323035
CD del,cddel_9621,2024-12-11 19:00:00,baseline,stressed,9622,9621,Approach_rear_passive_count,-0.06634279697515133
CD del,cddel_9621,2024-12-11 19:00:00,baseline,stressed,9622,9621,Approach_rear_mean_duration,0.006038948755588969
CD del,cddel_9621,2024-12-11 19:00:00,baseline,stressed,9622,9621,Approach_rear_std_duration,0.0168827262095661
CD del,cddel_9621,2024-12-11 19:00:00,baseline,stressed,9622,9621,Break_contact_active_count,-0.05081924839621266
CD del,cddel_9621,2024-12-11 19:00:00,baseline,stressed,9622,9621,Break_contact_passive_count,0.03302397373432253
CD del,cddel_9621,2024-12-11 19:00:00,baseline,stressed,9622,9621,Break_contact_mean_duration,-0.0028370432237715404
CD del,cddel_9621,2024-12-11 19:00:00,baseline,stressed,9622,9621,Break_contact_std_duration,0.02588389825683246
CD del,cddel_9621,2024-12-11 19:00:00,baseline,stressed,9622,9621,Center_Zone_count,-0.11048216577788139
CD del,cddel_9621,2024-12-11 19:00:00,baseline,stressed,9622,9621,Center_Zone_mean_duration,0.19828415691392687
CD del,cddel_9621,2024-12-11 19:00:00,baseline,stressed,9622,9621,Center_Zone_std_duration,0.7207680820686282
CD del,cddel_9621,2024-12-11 19:00:00,baseline,stressed,9622,9621,Contact_active_count,0.0377506532813765
CD del,cddel_9621,2024-12-11 19:00:00,baseline,stressed,9622,9621,Contact_passive_count,0.0377506532813765
CD del,cddel_9621,2024-12-11 19:00:00,baseline,stressed,9622,9621,Contact_mean_duration,-0.06671198706385706
CD del,cddel_9621,2024-12-11 19:00:00,baseline,stressed,9622,9621,Contact_std_duration,-0.09403721111737218
CD del,cddel_9621,2024-12-11 19:00:00,baseline,stressed,9622,9621,Get_away_active_count,-0.03785916873492923
CD del,cddel_9621,2024-12-11 19:00:00,baseline,stressed,9622,9621,Get_away_passive_count,-0.0036852249000780546
CD del,cddel_9621,2024-12-11 19:00:00,baseline,stressed,9622,9621,Get_away_mean_duration,-0.010655608412872386
CD del,cddel_9621,2024-12-11 19:00:00,baseline,stressed,9622,9621,Get_away_std_duration,-0.016538813974822375
CD del,cddel_9621,2024-12-11 19:00:00,baseline,stressed,9622,9621,Group_3_break_count,0.19961305390401574
CD del,cddel_9621,2024-12-11 19:00:00,baseline,stressed,9622,9621,Group_3_break_mean_duration,0.0892178081775602
CD del,cddel_9621,2024-12-11 19:00:00,baseline,stressed,9622,9621,Group_3_break_std_duration,0.143249537922856
CD del,cddel_9621,2024-12-11 19:00:00,baseline,stressed,9622,9621,Group_3_make_count,0.10109611687136866
CD del,cddel_9621,2024-12-11 19:00:00,baseline,stressed,9622,9621,Group_3_make_mean_duration,0.16252002036660274
CD del,cddel_9621,2024-12-11 19:00:00,baseline,stressed,9622,9621,Group_3_make_std_duration,0.21963659465460678
CD del,cddel_9621,2024-12-11 19:00:00,baseline,stressed,9622,9621,Group_4_break_count,0.1541506798272585
CD del,cddel_9621,2024-12-11 19:00:00,baseline,stressed,9622,9621,Group_4_break_mean_duration,-0.08860667121100524
CD del,cddel_9621,2024-12-11 19:00:00,baseline,stressed,9622,9621,Group_4_break_std_duration,-0.09389671360836355
CD del,cddel_9621,2024-12-11 19:00:00,baseline,stressed,9622,9621,Group_4_make_count,-0.04652001563489305
CD del,cddel_9621,2024-12-11 19:00:00,baseline,stressed,9622,9621,Group_4_make_mean_duration,0.013792523610878238
CD del,cddel_9621,2024-12-11 19:00:00,baseline,stressed,9622,9621,Group_4_make_std_duration,-0.020176454749684047
CD del,cddel_9621,2024-12-11 19:00:00,baseline,stressed,9622,9621,Group2_active_count,-0.009440393779086342
CD del,cddel_9621,2024-12-11 19:00:00,baseline,stressed,9622,9621,Group2_passive_count,-0.009440393779086342
CD del,cddel_9621,2024-12-11 19:00:00,baseline,stressed,9622,9621,Group2_mean_duration,-0.02340866595624358
CD del,cddel_9621,2024-12-11 19:00:00,baseline,stressed,9622,9621,Group2_std_duration,0.009664975484954486
CD del,cddel_9621,2024-12-11 19:00:00,baseline,stressed,9622,9621,Huddling_count,0.26565033813585703
CD del,cddel_9621,2024-12-11 19:00:00,baseline,stressed,9622,9621,Huddling_mean_duration,0.1630054270420047
CD del,cddel_9621,2024-12-11 19:00:00,baseline,stressed,9622,9621,Huddling_std_duration,0.27607867074273207
CD del,cddel_9621,2024-12-11 19:00:00,baseline,stressed,9622,9621,Move_in_contact_active_count,-0.04640054845835628
CD del,cddel_9621,2024-12-11 19:00:00,baseline,stressed,9622,9621,Move_in_contact_passive_count,-0.030698118648222916
CD del,cddel_9621,2024-12-11 19:00:00,baseline,stressed,9622,9621,Move_in_contact_mean_duration,-0.020535105164809275
CD del,cddel_9621,2024-12-11 19:00:00,baseline,stressed,9622,9621,Move_in_contact_std_duration,-0.0463011931561943
CD del,cddel_9621,2024-12-11 19:00:00,baseline,stressed,9622,9621,Move_isolated_count,0.053923212053438085
CD del,cddel_9621,2024-12-11 19:00:00,baseline,stressed,9622,9621,Move_isolated_mean_duration,-0.06118427093129597
CD del,cddel_9621,2024-12-11 19:00:00,baseline,stressed,9622,9621,Move_isolated_std_duration,0.003577070753111977
CD del,cddel_9621,2024-12-11 19:00:00,baseline,stressed,9622,9621,Oral_genital_Contact_active_count,-0.04124620539798407
CD del,cddel_9621,2024-12-11 19:00:00,baseline,stressed,9622,9621,Oral_genital_Contact_passive_count,-0.053604079617844747
CD del,cddel_9621,2024-12-11 19:00:00,baseline,stressed,9622,9621,Oral_genital_Contact_mean_duration,0.0013713106649252405
CD del,cddel_9621,2024-12-11 19:00:00,baseline,stressed,9622,9621,Oral_genital_Contact_std_duration,0.015352077300315958
CD del,cddel_9621,2024-12-11 19:00:00,baseline,stressed,9622,9621,Oral_oral_Contact_active_count,-0.033470741377906066
CD del,cddel_9621,2024-12-11 19:00:00,baseline,stressed,9622,9621,Oral_oral_Contact_passive_count,-0.033470741377906066
CD del,cddel_9621,2024-12-11 19:00:00,baseline,stressed,9622,9621,Oral_oral_Contact_mean_duration,-0.008249350933480781
CD del,cddel_9621,2024-12-11 19:00:00,baseline,stressed,9622,9621,Oral_oral_Contact_std_duration,0.014849247995655457
CD del,cddel_9621,2024-12-11 19:00:00,baseline,stressed,9622,9621,Periphery_Zone_count,0.20010164064681746
CD del,cddel_9621,2024-12-11 19:00:00,baseline,stressed,9622,9621,Periphery_Zone_mean_duration,-0.27566923817267197
CD del,cddel_9621,2024-12-11 19:00:00,baseline,stressed,9622,9621,Periphery_Zone_std_duration,-0.2982586624848871
CD del,cddel_9621,2024-12-11 19:00:00,baseline,stressed,9622,9621,Rear_at_periphery_count,-0.1316044859970953
CD del,cddel_9621,2024-12-11 19:00:00,baseline,stressed,9622,9621,Rear_at_periphery_mean_duration,0.0019280826622445346
CD del,cddel_9621,2024-12-11 19:00:00,baseline,stressed,9622,9621,Rear_at_periphery_std_duration,-0.32187110157361276
CD del,cddel_9621,2024-12-11 19:00:00,baseline,stressed,9622,9621,Rear_in_centerWindow_count,-0.5596157879354227
CD del,cddel_9621,2024-12-11 19:00:00,baseline,stressed,9622,9621,Rear_in_centerWindow_mean_duration,-0.014146589537212262
CD del,cddel_9621,2024-12-11 19:00:00,baseline,stressed,9622,9621,Rear_in_centerWindow_std_duration,-0.3625023087842656
CD del,cddel_9621,2024-12-11 19:00:00,baseline,stressed,9622,9621,Rear_in_contact_count,-0.08543861519383977
CD del,cddel_9621,2024-12-11 19:00:00,baseline,stressed,9622,9621,Rear_in_contact_mean_duration,0.002254964639866852
CD del,cddel_9621,2024-12-11 19:00:00,baseline,stressed,9622,9621,Rear_in_contact_std_duration,0.17177406231177084
CD del,cddel_9621,2024-12-11 19:00:00,baseline,stressed,9622,9621,Rear_isolated_count,-0.16051883358838204
CD del,cddel_9621,2024-12-11 19:00:00,baseline,stressed,9622,9621,Rear_isolated_mean_duration,-0.019691789563860085
CD del,cddel_9621,2024-12-11 19:00:00,baseline,stressed,9622,9621,Rear_isolated_std_duration,-0.33073215521821375
CD del,cddel_9621,2024-12-11 19:00:00,baseline,stressed,9622,9621,Rearing_count,0.4268346767016036
CD del,cddel_9621,2024-12-11 19:00:00,baseline,stressed,9622,9621,Rearing_mean_duration,-0.5036492701642574
CD del,cddel_9621,2024-12-11 19:00:00,baseline,stressed,9622,9621,Rearing_std_duration,-0.46308247035356676
CD del,cddel_9621,2024-12-11 19:00:00,baseline,stressed,9622,9621,SAP_count,0.0018315023434682942
CD del,cddel_9621,2024-12-11 19:00:00,baseline,stressed,9622,9621,SAP_mean_duration,0.0018964392159184218
CD del,cddel_9621,2024-12-11 19:00:00,baseline,stressed,9622,9621,SAP_std_duration,-0.4923350104581714
CD del,cddel_9621,2024-12-11 19:00:00,baseline,stressed,9622,9621,Side_by_side_Contact_active_count,-0.03134070360290053
CD del,cddel_9621,2024-12-11 19:00:00,baseline,stressed,9622,9621,Side_by_side_Contact_passive_count,-0.03134070360290053
CD del,cddel_9621,2024-12-11 19:00:00,baseline,stressed,9622,9621,Side_by_side_Contact_mean_duration,-0.04871000176440421
CD del,cddel_9621,2024-12-11 19:00:00,baseline,stressed,9622,9621,Side_by_side_Contact_std_duration,-0.006695420649932116
CD del,cddel_9621,2024-12-11 19:00:00,baseline,stressed,9622,9621,Side_by_side_Contact_opposite_way_active_count,-0.056585321436223524
CD del,cddel_9621,2024-12-11 19:00:00,baseline,stressed,9622,9621,Side_by_side_Contact_opposite_way_passive_count,-0.056585321436223524
CD del,cddel_9621,2024-12-11 19:00:00,baseline,stressed,9622,9621,Side_by_side_Contact_opposite_way_mean_duration,-0.03030287109875518
CD del,cddel_9621,2024-12-11 19:00:00,baseline,stressed,9622,9621,Side_by_side_Contact_opposite_way_std_duration,-0.16348148034875765
CD del,cddel_9621,2024-12-11 19:00:00,baseline,stressed,9622,9621,Social_approach_active_count,-0.0018368851601380243
CD del,cddel_9621,2024-12-11 19:00:00,baseline,stressed,9622,9621,Social_approach_passive_count,0.029003501410691968
CD del,cddel_9621,2024-12-11 19:00:00,baseline,stressed,9622,9621,Social_approach_mean_duration,-0.03107186581925303
CD del,cddel_9621,2024-12-11 19:00:00,baseline,stressed,9622,9621,Social_approach_std_duration,-0.037281892999491806
CD del,cddel_9621,2024-12-11 19:00:00,baseline,stressed,9622,9621,Social_escape_active_count,-0.02959979314945116
CD del,cddel_9621,2024-12-11 19:00:00,baseline,stressed,9622,9621,Social_escape_passive_count,0.027191052365969526
CD del,cddel_9621,2024-12-11 19:00:00,baseline,stressed,9622,9621,Social_escape_mean_duration,-0.02550237206249273
CD del,cddel_9621,2024-12-11 19:00:00,baseline,stressed,9622,9621,Social_escape_std_duration,-0.03871654359163479
CD del,cddel_9621,2024-12-11 19:00:00,baseline,stressed,9622,9621,Stop_count,-0.0016792615197198657
CD del,cddel_9621,2024-12-11 19:00:00,baseline,stressed,9622,9621,Stop_mean_duration,-0.06794692192396212
CD del,cddel_9621,2024-12-11 19:00:00,baseline,stressed,9622,9621,Stop_std_duration,-0.24126647276217605
CD del,cddel_9621,2024-12-11 19:00:00,baseline,stressed,9622,9621,Stop_in_contact_active_count,0.03702556598415363
CD del,cddel_9621,2024-12-11 19:00:00,baseline,stressed,9622,9621,Stop_in_contact_passive_count,0.017460314028515
CD del,cddel_9621,2024-12-11 19:00:00,baseline,stressed,9622,9621,Stop_in_contact_mean_duration,-0.05758937685637289
CD del,cddel_9621,2024-12-11 19:00:00,baseline,stressed,9622,9621,Stop_in_contact_std_duration,-0.074798555034163
CD del,cddel_9621,2024-12-11 19:00:00,baseline,stressed,9622,9621,Stop_isolated_count,-0.0029667324154303287
CD del,cddel_9621,2024-12-11 19:00:00,baseline,stressed,9622,9621,Stop_isolated_mean_duration,-0.07424059467885069
CD del,cddel_9621,2024-12-11 19:00:00,baseline,stressed,9622,9621,Stop_isolated_std_duration,-0.21481099416400662
CD del,cddel_9621,2024-12-11 19:00:00,baseline,stressed,9622,9621,Train2_active_count,-0.19415601444095776
CD del,cddel_9621,2024-12-11 19:00:00,baseline,stressed,9622,9621,Train2_passive_count,-0.9555114450274362
CD del,cddel_9621,2024-12-11 19:00:00,baseline,stressed,9622,9621,Train2_mean_duration,0.0052600655613117
CD del,cddel_9621,2024-12-11 19:00:00,baseline,stressed,9622,9621,Train2_std_duration,0.05727574664588897
CD del,cddel_9621,2024-12-11 19:00:00,baseline,stressed,9622,9621,WallJump_count,-0.2744368457017603
CD del,cddel_9621,2024-12-11 19:00:00,baseline,stressed,9622,9621,WallJump_mean_duration,-0.1225916263904
CD del,cddel_9621,2024-12-11 19:00:00,baseline,stressed,9622,9621,WallJump_std_duration,-0.11007805113775668
CD del,cddel_9621,2024-12-11 19:00:00,baseline,stressed,9622,9621,isolated_count,0.04676936110433072
CD del,cddel_9621,2024-12-11 19:00:00,baseline,stressed,9622,9621,isolated_mean_duration,0.05850149557176709
CD del,cddel_9621,2024-12-11 19:00:00,baseline,stressed,9622,9621,isolated_std_duration,0.4197482272207167
CD del,cddel_9621,2024-12-11 19:00:00,baseline,stressed,9622,9621,seq_oral_geni___oral_oral_active_count,-0.11934675763256575
CD del,cddel_9621,2024-12-11 19:00:00,baseline,stressed,9622,9621,seq_oral_geni___oral_oral_passive_count,0.1296778233085325
CD del,cddel_9621,2024-12-11 19:00:00,baseline,stressed,9622,9621,seq_oral_geni___oral_oral_mean_duration,0.06558261484055117
CD del,cddel_9621,2024-12-11 19:00:00,baseline,stressed,9622,9621,seq_oral_geni___oral_oral_std_duration,0.14433547853034912
CD del,cddel_9621,2024-12-11 19:00:00,baseline,stressed,9622,9621,seq_oral_oral___oral_genital_active_count,0.08258659100927446
CD del,cddel_9621,2024-12-11 19:00:00,baseline,stressed,9622,9621,seq_oral_oral___oral_genital_passive_count,-0.1240526486699789
CD del,cddel_9621,2024-12-11 19:00:00,baseline,stressed,9622,9621,seq_oral_oral___oral_genital_mean_duration,-0.018040623764396413
CD del,cddel_9621,2024-12-11 19:00:00,baseline,stressed,9622,9621,seq_oral_oral___oral_genital_std_duration,-0.08274940938718656
CD del,cddel_9621,2024-12-12 19:00:00,post_stress,stressed,9622,9621,Approach_active_count,-0.02600270317869402
CD del,cddel_9621,2024-12-12 19:00:00,post_stress,stressed,9622,9621,Approach_passive_count,0.011974001662819589
CD del,cddel_9621,2024-12-12 19:00:00,post_stress,stressed,9622,9621,Approach_mean_duration,0.00789423634922315
CD del,cddel_9621,2024-12-12 19:00:00,post_stress,stressed,9622,9621,Approach_std_duration,0.04636052144043701
CD del,cddel_9621,2024-12-12 19:00:00,post_stress,stressed,9622,9621,Approach_contact_active_count,0.08279710880285318
CD del,cddel_9621,2024-12-12 19:00:00,post_stress,stressed,9622,9621,Approach_contact_passive_count,-0.06899287148695166
CD del,cddel_9621,2024-12-12 19:00:00,post_stress,stressed,9622,9621,Approach_contact_mean_duration,-0.023820030596737873
CD del,cddel_9621,2024-12-12 19:00:00,post_stress,stressed,9622,9621,Approach_contact_std_duration,-0.03203295236930859
CD del,cddel_9621,2024-12-12 19:00:00,post_stress,stressed,9622,9621,Approach_rear_active_count,0.038289516498377196
CD del,cddel_9621,2024-12-12 19:00:00,post_stress,stressed,9622,9621,Approach_rear_passive_count,-0.010443959161082539
CD del,cddel_9621,2024-12-12 19:00:00,post_stress,stressed,9622,9621,Approach_rear_mean_duration,-0.027565407003721454
CD del,cddel_9621,2024-12-12 19:00:00,post_stress,stressed,9622,9621,Approach_rear_std_duration,-0.01556813916459987
CD del,cddel_9621,2024-12-12 19:00:00,post_stress,stressed,9622,9621,Break_contact_active_count,0.007034026657380288
CD del,cddel_9621,2024-12-12 19:00:00,post_stress,stressed,9622,9621,Break_contact_passive_count,0.0359012915065442
CD del,cddel_9621,2024-12-12 19:00:00,post_stress,stressed,9622,9621,Break_contact_mean_duration,-0.0032608468325383555
CD del,cddel_9621,2024-12-12 19:00:00,post_stress,stressed,9622,9621,Break_contact_std_duration,0.012540512898343237
CD del,cddel_9621,2024-12-12 19:00:00,post_stress,stressed,9622,9621,Center_Zone_count,0.06467770966866038
CD del,cddel_9621,2024-12-12 19:00:00,post_stress,stressed,9622,9621,Center_Zone_mean_duration,0.20033559876683804
CD del,cddel_9621,2024-12-12 19:00:00,post_stress,stressed,9622,9621,Center_Zone_std_duration,0.5411788997546068
CD del,cddel_9621,2024-12-12 19:00:00,post_stress,stressed,9622,9621,Contact_active_count,0.054509405668372146
CD del,cddel_9621,2024-12-12 19:00:00,post_stress,stressed,9622,9621,Contact_passive_count,0.054509405668372146
CD del,cddel_9621,2024-12-12 19:00:00,post_stress,stressed,9622,9621,Contact_mean_duration,-0.0605972443548608
CD del,cddel_9621,2024-12-12 19:00:00,post_stress,stressed,9622,9621,Contact_std_duration,0.042031826820160045
CD del,cddel_9621,2024-12-12 19:00:00,post_stress,stressed,9622,9621,Get_away_active_count,0.09864101725279184
CD del,cddel_9621,2024-12-12 19:00:00,post_stress,stressed,9622,9621,Get_away_passive_count,-0.08428856148450414
CD del,cddel_9621,2024-12-12 19:00:00,post_stress,stressed,9622,9621,Get_away_mean_duration,-0.004252774889974553
CD del,cddel_9621,2024-12-12 19:00:00,post_stress,stressed,9622,9621,Get_away_std_duration,-0.0006773545080396293
CD del,cddel_9621,2024-12-12 19:00:00,post_stress,stressed,9622,9621,Group_3_break_count,0.22778393087071214
CD del,cddel_9621,2024-12-12 19:00:00,post_stress,stressed,9622,9621,Group_3_break_mean_duration,-0.002529671146353385
CD del,cddel_9621,2024-12-12 19:00:00,post_stress,stressed,9622,9621,Group_3_break_std_duration,-0.1729467140441296
CD del,cddel_9621,2024-12-12 19:00:00,post_stress,stressed,9622,9621,Group_3_make_count,0.20763936477824485
CD del,cddel_9621,2024-12-12 19:00:00,post_stress,stressed,9622,9621,Group_3_make_mean_duration,-0.013847694308482539
CD del,cddel_9621,2024-12-12 19:00:00,post_stress,stressed,9622,9621,Group_3_make_std_duration,-0.14933077128245859
CD del,cddel_9621,2024-12-12 19:00:00,post_stress,stressed,9622,9621,Group_4_break_count,-0.1625189294977747
CD del,cddel_9621,2024-12-12 19:00:00,post_stress,stressed,9622,9621,Group_4_break_mean_duration,0.2269100341096867
CD del,cddel_9621,2024-12-12 19:00:00,post_stress,stressed,9622,9621,Group_4_break_std_duration,0.2035860488395702
CD del,cddel_9621,2024-12-12 19:00:00,post_stress,stressed,9622,9621,Group_4_make_count,0.06062462181643502
CD del,cddel_9621,2024-12-12 19:00:00,post_stress,stressed,9622,9621,Group_4_make_mean_duration,0.16934511112336426
CD del,cddel_9621,2024-12-12 19:00:00,post_stress,stressed,9622,9621,Group_4_make_std_duration,0.19228021179345745
CD del,cddel_9621,2024-12-12 19:00:00,post_stress,stressed,9622,9621,Group2_active_count,0.08498033030274765
CD del,cddel_9621,2024-12-12 19:00:00,post_stress,stressed,9622,9621,Group2_passive_count,0.08498033030274765
CD del,cddel_9621,2024-12-12 19:00:00,post_stress,stressed,9622,9621,Group2_mean_duration,-0.07616894657426498
CD del,cddel_9621,2024-12-12 19:00:00,post_stress,stressed,9622,9621,Group2_std_duration,-0.07405952714980124
CD del,cddel_9621,2024-12-12 19:00:00,post_stress,stressed,9622,9621,Huddling_count,0.05205636195605301
CD del,cddel_9621,2024-12-12 19:00:00,post_stress,stressed,9622,9621,Huddling_mean_duration,-0.15724083431313574
CD del,cddel_9621,2024-12-12 19:00:00,post_stress,stressed,9622,9621,Huddling_std_duration,-0.0735946008181898
CD del,cddel_9621,2024-12-12 19:00:00,post_stress,stressed,9622,9621,Move_in_contact_active_count,0.05047465612144997
CD del,cddel_9621,2024-12-12 19:00:00,post_stress,stressed,9622,9621,Move_in_contact_passive_count,0.02041911947531716
CD del,cddel_9621,2024-12-12 19:00:00,post_stress,stressed,9622,9621,Move_in_contact_mean_duration,-0.025180390849400158
CD del,cddel_9621,2024-12-12 19:00:00,post_stress,stressed,9622,9621,Move_in_contact_std_duration,-0.23579640918315636
CD del,cddel_9621,2024-12-12 19:00:00,post_stress,stressed,9622,9621,Move_isolated_count,0.1454632354787897
CD del,cddel_9621,2024-12-12 19:00:00,post_stress,stressed,9622,9621,Move_isolated_mean_duration,0.03866539811227154
CD del,cddel_9621,2024-12-12 19:00:00,post_stress,stressed,9622,9621,Move_isolated_std_duration,-0.8200185167148324
CD del,cddel_9621,2024-12-12 19:00:00,post_stress,stressed,9622,9621,Oral_genital_Contact_active_count,0.060358950922070775
CD del,cddel_9621,2024-12-12 19:00:00,post_stress,stressed,9622,9621,Oral_genital_Contact_passive_count,-0.028077028719243557
CD del,cddel_9621,2024-12-12 19:00:00,post_stress,stressed,9622,9621,Oral_genital_Contact_mean_duration,-0.023999531500162208
CD del,cddel_9621,2024-12-12 19:00:00,post_stress,stressed,9622,9621,Oral_genital_Contact_std_duration,0.010116969953204658
CD del,cddel_9621,2024-12-12 19:00:00,post_stress,stressed,9622,9621,Oral_oral_Contact_active_count,0.0014398850579881994
CD del,cddel_9621,2024-12-12 19:00:00,post_stress,stressed,9622,9621,Oral_oral_Contact_passive_count,0.0014398850579881994
CD del,cddel_9621,2024-12-12 19:00:00,post_stress,stressed,9622,9621,Oral_oral_Contact_mean_duration,-0.04597832559317283
CD del,cddel_9621,2024-12-12 19:00:00,post_stress,stressed,9622,9621,Oral_oral_Contact_std_duration,-0.07166634844185338
CD del,cddel_9621,2024-12-12 19:00:00,post_stress,stressed,9622,9621,Periphery_Zone_count,0.11104900347503932
CD del,cddel_9621,2024-12-12 19:00:00,post_stress,stressed,9622,9621,Periphery_Zone_mean_duration,-0.07250775876429794
CD del,cddel_9621,2024-12-12 19:00:00,post_stress,stressed,9622,9621,Periphery_Zone_std_duration,0.24906214896252177
CD del,cddel_9621,2024-12-12 19:00:00,post_stress,stressed,9622,9621,Rear_at_periphery_count,-0.1994893604163197
CD del,cddel_9621,2024-12-12 19:00:00,post_stress,stressed,9622,9621,Rear_at_periphery_mean_duration,0.12398002790679563
CD del,cddel_9621,2024-12-12 19:00:00,post_stress,stressed,9622,9621,Rear_at_periphery_std_duration,0.5708229666011908
CD del,cddel_9621,2024-12-12 19:00:00,post_stress,stressed,9622,9621,Rear_in_centerWindow_count,-0.3403258059372023
CD del,cddel_9621,2024-12-12 19:00:00,post_stress,stressed,9622,9621,Rear_in_centerWindow_mean_duration,-0.0782734556847593
CD del,cddel_9621,2024-12-12 19:00:00,post_stress,stressed,9622,9621,Rear_in_centerWindow_std_duration,-0.1774392980758015
CD del,cddel_9621,2024-12-12 19:00:00,post_stress,stressed,9622,9621,Rear_in_contact_count,-0.051507557145932026
CD del,cddel_9621,2024-12-12 19:00:00,post_stress,stressed,9622,9621,Rear_in_contact_mean_duration,-0.0843984273887255
CD del,cddel_9621,2024-12-12 19:00:00,post_stress,stressed,9622,9621,Rear_in_contact_std_duration,-0.15354324595813784
CD del,cddel_9621,2024-12-12 19:00:00,post_stress,stressed,9622,9621,Rear_isolated_count,-0.18602809107122997
CD del,cddel_9621,2024-12-12 19:00:00,post_stress,stressed,9622,9621,Rear_isolated_mean_duration,0.08505348641062593
CD del,cddel_9621,2024-12-12 19:00:00,post_stress,stressed,9622,9621,Rear_isolated_std_duration,0.5373165774747348
CD del,cddel_9621,2024-12-12 19:00:00,post_stress,stressed,9622,9621,Rearing_count,0.05307741618105144
CD del,cddel_9621,2024-12-12 19:00:00,post_stress,stressed,9622,9621,Rearing_mean_duration,-0.027341535576832054
CD del,cddel_9621,2024-12-12 19:00:00,post_stress,stressed,9622,9621,Rearing_std_duration,0.08728208284810623
CD del,cddel_9621,2024-12-12 19:00:00,post_stress,stressed,9622,9621,SAP_count,0.1012849004315779
CD del,cddel_9621,2024-12-12 19:00:00,post_stress,stressed,9622,9621,SAP_mean_duration,0.16782224983681027
CD del,cddel_9621,2024-12-12 19:00:00,post_stress,stressed,9622,9621,SAP_std_duration,0.26727453879042695
CD del,cddel_9621,2024-12-12 19:00:00,post_stress,stressed,9622,9621,Side_by_side_Contact_active_count,0.018728038365645183
CD del,cddel_9621,2024-12-12 19:00:00,post_stress,stressed,9622,9621,Side_by_side_Contact_passive_count,0.018728038365645183
CD del,cddel_9621,2024-12-12 19:00:00,post_stress,stressed,9622,9621,Side_by_side_Contact_mean_duration,-0.03733381944815428
CD del,cddel_9621,2024-12-12 19:00:00,post_stress,stressed,9622,9621,Side_by_side_Contact_std_duration,-0.1879634797589067
CD del,cddel_9621,2024-12-12 19:00:00,post_stress,stressed,9622,9621,Side_by_side_Contact_opposite_way_active_count,0.03200273108617413
CD del,cddel_9621,2024-12-12 19:00:00,post_stress,stressed,9622,9621,Side_by_side_Contact_opposite_way_passive_count,0.03200273108617413
CD del,cddel_9621,2024-12-12 19:00:00,post_stress,stressed,9622,9621,Side_by_side_Contact_opposite_way_mean_duration,-0.01688574875294746
CD del,cddel_9621,2024-12-12 19:00:00,post_stress,stressed,9622,9621,Side_by_side_Contact_opposite_way_std_duration,-0.05123620602974799
CD del,cddel_9621,2024-12-12 19:00:00,post_stress,stressed,9622,9621,Social_approach_active_count,-0.003560834623009157
CD del,cddel_9621,2024-12-12 19:00:00,post_stress,stressed,9622,9621,Social_approach_passive_count,-0.014252022707202272
CD del,cddel_9621,2024-12-12 19:00:00,post_stress,stressed,9622,9621,Social_approach_mean_duration,-0.016002929371582875
CD del,cddel_9621,2024-12-12 19:00:00,post_stress,stressed,9622,9621,Social_approach_std_duration,0.01944056817173445
CD del,cddel_9621,2024-12-12 19:00:00,post_stress,stressed,9622,9621,Social_escape_active_count,0.05765704262116067
CD del,cddel_9621,2024-12-12 19:00:00,post_stress,stressed,9622,9621,Social_escape_passive_count,-0.031336713435592856
CD del,cddel_9621,2024-12-12 19:00:00,post_stress,stressed,9622,9621,Social_escape_mean_duration,-0.008024318754880744
CD del,cddel_9621,2024-12-12 19:00:00,post_stress,stressed,9622,9621,Social_escape_std_duration,-0.012260850196479822
CD del,cddel_9621,2024-12-12 19:00:00,post_stress,stressed,9622,9621,Stop_count,0.04355527137708837
CD del,cddel_9621,2024-12-12 19:00:00,post_stress,stressed,9622,9621,Stop_mean_duration,0.00892651931151045
CD del,cddel_9621,2024-12-12 19:00:00,post_stress,stressed,9622,9621,Stop_std_duration,0.45219649440746146
CD del,cddel_9621,2024-12-12 19:00:00,post_stress,stressed,9622,9621,Stop_in_contact_active_count,0.024178855697159385
CD del,cddel_9621,2024-12-12 19:00:00,post_stress,stressed,9622,9621,Stop_in_contact_passive_count,0.036967530417338246
CD del,cddel_9621,2024-12-12 19:00:00,post_stress,stressed,9622,9621,Stop_in_contact_mean_duration,-0.038008179622512905
CD del,cddel_9621,2024-12-12 19:00:00,post_stress,stressed,9622,9621,Stop_in_contact_std_duration,0.05023407998788043
CD del,cddel_9621,2024-12-12 19:00:00,post_stress,stressed,9622,9621,Stop_isolated_count,0.02528657701565873
CD del,cddel_9621,2024-12-12 19:00:00,post_stress,stressed,9622,9621,Stop_isolated_mean_duration,0.06959451489577795
CD del,cddel_9621,2024-12-12 19:00:00,post_stress,stressed,9622,9621,Stop_isolated_std_duration,0.7252316016209415
CD del,cddel_9621,2024-12-12 19:00:00,post_stress,stressed,9622,9621,Train2_active_count,0.6931471805599454
CD del,cddel_9621,2024-12-12 19:00:00,post_stress,stressed,9622,9621,Train2_passive_count,0.0
CD del,cddel_9621,2024-12-12 19:00:00,post_stress,stressed,9622,9621,Train2_mean_duration,0.009765314494228294
CD del,cddel_9621,2024-12-12 19:00:00,post_stress,stressed,9622,9621,Train2_std_duration,0.011398602183663675
CD del,cddel_9621,2024-12-12 19:00:00,post_stress,stressed,9622,9621,WallJump_count,0.8754687373539001
CD del,cddel_9621,2024-12-12 19:00:00,post_stress,stressed,9622,9621,WallJump_mean_duration,0.18430666910837495
CD del,cddel_9621,2024-12-12 19:00:00,post_stress,stressed,9622,9621,WallJump_std_duration,0.24954509333956865
CD del,cddel_9621,2024-12-12 19:00:00,post_stress,stressed,9622,9621,isolated_count,-0.04964825169653064
CD del,cddel_9621,2024-12-12 19:00:00,post_stress,stressed,9622,9621,isolated_mean_duration,0.10967448102257427
CD del,cddel_9621,2024-12-12 19:00:00,post_stress,stressed,9622,9621,isolated_std_duration,0.2761085694348977
CD del,cddel_9621,2024-12-12 19:00:00,post_stress,stressed,9622,9621,seq_oral_geni___oral_oral_active_count,-0.177206456127184
CD del,cddel_9621,2024-12-12 19:00:00,post_stress,stressed,9622,9621,seq_oral_geni___oral_oral_passive_count,0.018519047767237673
CD del,cddel_9621,2024-12-12 19:00:00,post_stress,stressed,9622,9621,seq_oral_geni___oral_oral_mean_duration,0.02876137422602154
CD del,cddel_9621,2024-12-12 19:00:00,post_stress,stressed,9622,9621,seq_oral_geni___oral_oral_std_duration,-0.08883519358806047
CD del,cddel_9621,2024-12-12 19:00:00,post_stress,stressed,9622,9621,seq_oral_oral___oral_genital_active_count,-0.008733679968754515
CD del,cddel_9621,2024-12-12 19:00:00,post_stress,stressed,9622,9621,seq_oral_oral___oral_genital_passive_count,-0.05085841723349116
CD del,cddel_9621,2024-12-12 19:00:00,post_stress,stressed,9622,9621,seq_oral_oral___oral_genital_mean_duration,0.06333603058118764
CD del,cddel_9621,2024-12-12 19:00:00,post_stress,stressed,9622,9621,seq_oral_oral___oral_genital_std_duration,0.14259275047048936
CD del,cddel_9621,2024-12-13 19:00:00,post_stress,stressed,9622,9621,Approach_active_count,-0.021437498693634538
CD del,cddel_9621,2024-12-13 19:00:00,post_stress,stressed,9622,9621,Approach_passive_count,0.010919890114022834
CD del,cddel_9621,2024-12-13 19:00:00,post_stress,stressed,9622,9621,Approach_mean_duration,-0.006480156615290111
CD del,cddel_9621,2024-12-13 19:00:00,post_stress,stressed,9622,9621,Approach_std_duration,0.05197745118669328
CD del,cddel_9621,2024-12-13 19:00:00,post_stress,stressed,9622,9621,Approach_contact_active_count,0.10986647757853163
CD del,cddel_9621,2024-12-13 19:00:00,post_stress,stressed,9622,9621,Approach_contact_passive_count,-0.07513964458609124
CD del,cddel_9621,2024-12-13 19:00:00,post_stress,stressed,9622,9621,Approach_contact_mean_duration,0.024611697694615242
CD del,cddel_9621,2024-12-13 19:00:00,post_stress,stressed,9622,9621,Approach_contact_std_duration,0.05723671307608624
CD del,cddel_9621,2024-12-13 19:00:00,post_stress,stressed,9622,9621,Approach_rear_active_count,-0.03469670238773581
CD del,cddel_9621,2024-12-13 19:00:00,post_stress,stressed,9622,9621,Approach_rear_passive_count,-0.03680176616597208
CD del,cddel_9621,2024-12-13 19:00:00,post_stress,stressed,9622,9621,Approach_rear_mean_duration,0.007146472424327532
CD del,cddel_9621,2024-12-13 19:00:00,post_stress,stressed,9622,9621,Approach_rear_std_duration,0.12078922013896376
CD del,cddel_9621,2024-12-13 19:00:00,post_stress,stressed,9622,9621,Break_contact_active_count,-0.026610703612849562
CD del,cddel_9621,2024-12-13 19:00:00,post_stress,stressed,9622,9621,Break_contact_passive_count,-0.06024008037735662
CD del,cddel_9621,2024-12-13 19:00:00,post_stress,stressed,9622,9621,Break_contact_mean_duration,-0.011857724169808237
CD del,cddel_9621,2024-12-13 19:00:00,post_stress,stressed,9622,9621,Break_contact_std_duration,-0.010396964247751161
CD del,cddel_9621,2024-12-13 19:00:00,post_stress,stressed,9622,9621,Center_Zone_count,0.1105418743998241
CD del,cddel_9621,2024-12-13 19:00:00,post_stress,stressed,9622,9621,Center_Zone_mean_duration,-0.09602003408881377
CD del,cddel_9621,2024-12-13 19:00:00,post_stress,stressed,9622,9621,Center_Zone_std_duration,-0.14594880306638336
CD del,cddel_9621,2024-12-13 19:00:00,post_stress,stressed,9622,9621,Contact_active_count,0.07683400746295987
CD del,cddel_9621,2024-12-13 19:00:00,post_stress,stressed,9622,9621,Contact_passive_count,0.07683400746295987
CD del,cddel_9621,2024-12-13 19:00:00,post_stress,stressed,9622,9621,Contact_mean_duration,-0.08687985425749956
CD del,cddel_9621,2024-12-13 19:00:00,post_stress,stressed,9622,9621,Contact_std_duration,-0.009704625190917415
CD del,cddel_9621,2024-12-13 19:00:00,post_stress,stressed,9622,9621,Get_away_active_count,0.06612751246262683
CD del,cddel_9621,2024-12-13 19:00:00,post_stress,stressed,9622,9621,Get_away_passive_count,-0.02951426992402517
CD del,cddel_9621,2024-12-13 19:00:00,post_stress,stressed,9622,9621,Get_away_mean_duration,-0.007371914267811475
CD del,cddel_9621,2024-12-13 19:00:00,post_stress,stressed,9622,9621,Get_away_std_duration,0.03250761295933091
CD del,cddel_9621,2024-12-13 19:00:00,post_stress,stressed,9622,9621,Group_3_break_count,-0.04580953603129423
CD del,cddel_9621,2024-12-13 19:00:00,post_stress,stressed,9622,9621,Group_3_break_mean_duration,0.06528827192044906
CD del,cddel_9621,2024-12-13 19:00:00,post_stress,stressed,9622,9621,Group_3_break_std_duration,0.2523548326471012
CD del,cddel_9621,2024-12-13 19:00:00,post_stress,stressed,9622,9621,Group_3_make_count,0.16862271243579263
CD del,cddel_9621,2024-12-13 19:00:00,post_stress,stressed,9622,9621,Group_3_make_mean_duration,0.05775910008774898
CD del,cddel_9621,2024-12-13 19:00:00,post_stress,stressed,9622,9621,Group_3_make_std_duration,0.25790860140892624
CD del,cddel_9621,2024-12-13 19:00:00,post_stress,stressed,9622,9621,Group_4_break_count,-0.11778303565638382
CD del,cddel_9621,2024-12-13 19:00:00,post_stress,stressed,9622,9621,Group_4_break_mean_duration,0.05455393138993425
CD del,cddel_9621,2024-12-13 19:00:00,post_stress,stressed,9622,9621,Group_4_break_std_duration,-0.061894082775679565
CD del,cddel_9621,2024-12-13 19:00:00,post_stress,stressed,9622,9621,Group_4_make_count,0.11778303565638382
CD del,cddel_9621,2024-12-13 19:00:00,post_stress,stressed,9622,9621,Group_4_make_mean_duration,0.03701970857051656
CD del,cddel_9621,2024-12-13 19:00:00,post_stress,stressed,9622,9621,Group_4_make_std_duration,-0.06728293032485128
CD del,cddel_9621,2024-12-13 19:00:00,post_stress,stressed,9622,9621,Group2_active_count,0.09818119141478832
CD del,cddel_9621,2024-12-13 19:00:00,post_stress,stressed,9622,9621,Group2_passive_count,0.09818119141478832
CD del,cddel_9621,2024-12-13 19:00:00,post_stress,stressed,9622,9621,Group2_mean_duration,-0.15509675619024055
CD del,cddel_9621,2024-12-13 19:00:00,post_stress,stressed,9622,9621,Group2_std_duration,-0.261617224334433
CD del,cddel_9621,2024-12-13 19:00:00,post_stress,stressed,9622,9621,Huddling_count,0.25301453069651725
CD del,cddel_9621,2024-12-13 19:00:00,post_stress,stressed,9622,9621,Huddling_mean_duration,-0.02747189473914058
CD del,cddel_9621,2024-12-13 19:00:00,post_stress,stressed,9622,9621,Huddling_std_duration,-0.05104016285210711
CD del,cddel_9621,2024-12-13 19:00:00,post_stress,stressed,9622,9621,Move_in_contact_active_count,-0.01496154010649775
CD del,cddel_9621,2024-12-13 19:00:00,post_stress,stressed,9622,9621,Move_in_contact_passive_count,-0.024851202109315906
CD del,cddel_9621,2024-12-13 19:00:00,post_stress,stressed,9622,9621,Move_in_contact_mean_duration,0.013437393627305672
CD del,cddel_9621,2024-12-13 19:00:00,post_stress,stressed,9622,9621,Move_in_contact_std_duration,0.06646646703554548
CD del,cddel_9621,2024-12-13 19:00:00,post_stress,stressed,9622,9621,Move_isolated_count,0.2029873307595924
CD del,cddel_9621,2024-12-13 19:00:00,post_stress,stressed,9622,9621,Move_isolated_mean_duration,0.0036934744112104845
CD del,cddel_9621,2024-12-13 19:00:00,post_stress,stressed,9622,9621,Move_isolated_std_duration,-0.27732025667054594
CD del,cddel_9621,2024-12-13 19:00:00,post_stress,stressed,9622,9621,Oral_genital_Contact_active_count,-0.026743895360929137
CD del,cddel_9621,2024-12-13 19:00:00,post_stress,stressed,9622,9621,Oral_genital_Contact_passive_count,0.037724680611995964
CD del,cddel_9621,2024-12-13 19:00:00,post_stress,stressed,9622,9621,Oral_genital_Contact_mean_duration,-0.003158417219669696
CD del,cddel_9621,2024-12-13 19:00:00,post_stress,stressed,9622,9621,Oral_genital_Contact_std_duration,0.004514021749600916
CD del,cddel_9621,2024-12-13 19:00:00,post_stress,stressed,9622,9621,Oral_oral_Contact_active_count,-0.03304400172617328
CD del,cddel_9621,2024-12-13 19:00:00,post_stress,stressed,9622,9621,Oral_oral_Contact_passive_count,-0.03304400172617328
CD del,cddel_9621,2024-12-13 19:00:00,post_stress,stressed,9622,9621,Oral_oral_Contact_mean_duration,-0.00619405708330667
CD del,cddel_9621,2024-12-13 19:00:00,post_stress,stressed,9622,9621,Oral_oral_Contact_std_duration,0.07131611634604118
CD del,cddel_9621,2024-12-13 19:00:00,post_stress,stressed,9622,9621,Periphery_Zone_count,0.07399367990832673
CD del,cddel_9621,2024-12-13 19:00:00,post_stress,stressed,9622,9621,Periphery_Zone_mean_duration,-0.06330544139388739
CD del,cddel_9621,2024-12-13 19:00:00,post_stress,stressed,9622,9621,Periphery_Zone_std_duration,-0.09261254649945894
CD del,cddel_9621,2024-12-13 19:00:00,post_stress,stressed,9622,9621,Rear_at_periphery_count,-0.11710612505042395
CD del,cddel_9621,2024-12-13 19:00:00,post_stress,stressed,9622,9621,Rear_at_periphery_mean_duration,-0.005966600605137651
CD del,cddel_9621,2024-12-13 19:00:00,post_stress,stressed,9622,9621,Rear_at_periphery_std_duration,1.0724850132589452
CD del,cddel_9621,2024-12-13 19:00:00,post_stress,stressed,9622,9621,Rear_in_centerWindow_count,-0.4353180712578455
CD del,cddel_9621,2024-12-13 19:00:00,post_stress,stressed,9622,9621,Rear_in_centerWindow_mean_duration,0.2645798072278328
CD del,cddel_9621,2024-12-13 19:00:00,post_stress,stressed,9622,9621,Rear_in_centerWindow_std_duration,1.0769747783037156
CD del,cddel_9621,2024-12-13 19:00:00,post_stress,stressed,9622,9621,Rear_in_contact_count,-0.03544979188064534
CD del,cddel_9621,2024-12-13 19:00:00,post_stress,stressed,9622,9621,Rear_in_contact_mean_duration,-0.0037646645328586192
CD del,cddel_9621,2024-12-13 19:00:00,post_stress,stressed,9622,9621,Rear_in_contact_std_duration,0.1035632432415654
CD del,cddel_9621,2024-12-13 19:00:00,post_stress,stressed,9622,9621,Rear_isolated_count,-0.12833957248247607
CD del,cddel_9621,2024-12-13 19:00:00,post_stress,stressed,9622,9621,Rear_isolated_mean_duration,0.005345132715074752
CD del,cddel_9621,2024-12-13 19:00:00,post_stress,stressed,9622,9621,Rear_isolated_std_duration,1.0680830694488774
CD del,cddel_9621,2024-12-13 19:00:00,post_stress,stressed,9622,9621,Rearing_count,0.21010472769551036
CD del,cddel_9621,2024-12-13 19:00:00,post_stress,stressed,9622,9621,Rearing_mean_duration,-0.2433295751151805
CD del,cddel_9621,2024-12-13 19:00:00,post_stress,stressed,9622,9621,Rearing_std_duration,-0.21147046195964947
CD del,cddel_9621,2024-12-13 19:00:00,post_stress,stressed,9622,9621,SAP_count,0.06539860172540468
CD del,cddel_9621,2024-12-13 19:00:00,post_stress,stressed,9622,9621,SAP_mean_duration,-0.049354669354103375
CD del,cddel_9621,2024-12-13 19:00:00,post_stress,stressed,9622,9621,SAP_std_duration,0.012331420191098674
CD del,cddel_9621,2024-12-13 19:00:00,post_stress,stressed,9622,9621,Side_by_side_Contact_active_count,0.005215658764296194
CD del,cddel_9621,2024-12-13 19:00:00,post_stress,stressed,9622,9621,Side_by_side_Contact_passive_count,0.005215658764296194
CD del,cddel_9621,2024-12-13 19:00:00,post_stress,stressed,9622,9621,Side_by_side_Contact_mean_duration,-0.017680985702162033
CD del,cddel_9621,2024-12-13 19:00:00,post_stress,stressed,9622,9621,Side_by_side_Contact_std_duration,-0.05403069604150312
CD del,cddel_9621,2024-12-13 19:00:00,post_stress,stressed,9622,9621,Side_by_side_Contact_opposite_way_active_count,-0.009162912921519606
CD del,cddel_9621,2024-12-13 19:00:00,post_stress,stressed,9622,9621,Side_by_side_Contact_opposite_way_passive_count,-0.009162912921519606
CD del,cddel_9621,2024-12-13 19:00:00,post_stress,stressed,9622,9621,Side_by_side_Contact_opposite_way_mean_duration,0.049472103676583945
CD del,cddel_9621,2024-12-13 19:00:00,post_stress,stressed,9622,9621,Side_by_side_Contact_opposite_way_std_duration,0.0814727267817732
CD del,cddel_9621,2024-12-13 19:00:00,post_stress,stressed,9622,9621,Social_approach_active_count,0.08486404128417036
CD del,cddel_9621,2024-12-13 19:00:00,post_stress,stressed,9622,9621,Social_approach_passive_count,0.03680765522505958
CD del,cddel_9621,2024-12-13 19:00:00,post_stress,stressed,9622,9621,Social_approach_mean_duration,-0.03441694561461639
CD del,cddel_9621,2024-12-13 19:00:00,post_stress,stressed,9622,9621,Social_approach_std_duration,0.07283396970024603
CD del,cddel_9621,2024-12-13 19:00:00,post_stress,stressed,9622,9621,Social_escape_active_count,0.01911364963518203
CD del,cddel_9621,2024-12-13 19:00:00,post_stress,stressed,9622,9621,Social_escape_passive_count,0.01754430965091025
CD del,cddel_9621,2024-12-13 19:00:00,post_stress,stressed,9622,9621,Social_escape_mean_duration,-0.017485266399765553
CD del,cddel_9621,2024-12-13 19:00:00,post_stress,stressed,9622,9621,Social_escape_std_duration,0.0577801631081194
CD del,cddel_9621,2024-12-13 19:00:00,post_stress,stressed,9622,9621,Stop_count,0.18593819726414296
CD del,cddel_9621,2024-12-13 19:00:00,post_stress,stressed,9622,9621,Stop_mean_duration,-0.18140675618823732
CD del,cddel_9621,2024-12-13 19:00:00,post_stress,stressed,9622,9621,Stop_std_duration,-0.19394870205628667
CD del,cddel_9621,2024-12-13 19:00:00,post_stress,stressed,9622,9621,Stop_in_contact_active_count,0.07578637587535031
CD del,cddel_9621,2024-12-13 19:00:00,post_stress,stressed,9622,9621,Stop_in_contact_passive_count,0.07319133139435952
CD del,cddel_9621,2024-12-13 19:00:00,post_stress,stressed,9622,9621,Stop_in_contact_mean_duration,-0.08827210954529718
CD del,cddel_9621,2024-12-13 19:00:00,post_stress,stressed,9622,9621,Stop_in_contact_std_duration,0.013086434181638573
CD del,cddel_9621,2024-12-13 19:00:00,post_stress,stressed,9622,9621,Stop_isolated_count,0.09470430277882258
CD del,cddel_9621,2024-12-13 19:00:00,post_stress,stressed,9622,9621,Stop_isolated_mean_duration,-0.06272031765419017
CD del,cddel_9621,2024-12-13 19:00:00,post_stress,stressed,9622,9621,Stop_isolated_std_duration,-0.055840477811003986
CD del,cddel_9621,2024-12-13 19:00:00,post_stress,stressed,9622,9621,Train2_active_count,0.3184537311185349
CD del,cddel_9621,2024-12-13 19:00:00,post_stress,stressed,9622,9621,Train2_passive_count,-1.0986122886681096
CD del,cddel_9621,2024-12-13 19:00:00,post_stress,stressed,9622,9621,Train2_mean_duration,-0.02473266144998565
CD del,cddel_9621,2024-12-13 19:00:00,post_stress,stressed,9622,9621,Train2_std_duration,-0.005814557428670597
CD del,cddel_9621,2024-12-13 19:00:00,post_stress,stressed,9622,9621,WallJump_count,1.329135947279942
CD del,cddel_9621,2024-12-13 19:00:00,post_stress,stressed,9622,9621,WallJump_mean_duration,0.14485076418132903
CD del,cddel_9621,2024-12-13 19:00:00,post_stress,stressed,9622,9621,WallJump_std_duration,0.36522359306158186
CD del,cddel_9621,2024-12-13 19:00:00,post_stress,stressed,9622,9621,isolated_count,0.09068212253188168
CD del,cddel_9621,2024-12-13 19:00:00,post_stress,stressed,9622,9621,isolated_mean_duration,-0.11648876865681945
CD del,cddel_9621,2024-12-13 19:00:00,post_stress,stressed,9622,9621,isolated_std_duration,-0.18129046097826196
CD del,cddel_9621,2024-12-13 19:00:00,post_stress,stressed,9622,9621,seq_oral_geni___oral_oral_active_count,0.11954515064978288
CD del,cddel_9621,2024-12-13 19:00:00,post_stress,stressed,9622,9621,seq_oral_geni___oral_oral_passive_count,0.049480057263369126
CD del,cddel_9621,2024-12-13 19:00:00,post_stress,stressed,9622,9621,seq_oral_geni___oral_oral_mean_duration,0.00847730554714854
CD del,cddel_9621,2024-12-13 19:00:00,post_stress,stressed,9622,9621,seq_oral_geni___oral_oral_std_duration,0.02789473434063372
CD del,cddel_9621,2024-12-13 19:00:00,post_stress,stressed,9622,9621,seq_oral_oral___oral_genital_active_count,-0.022141125877213952
CD del,cddel_9621,2024-12-13 19:00:00,post_stress,stressed,9622,9621,seq_oral_oral___oral_genital_passive_count,-0.014084739881738528
CD del,cddel_9621,2024-12-13 19:00:00,post_stress,stressed,9622,9621,seq_oral_oral___oral_genital_mean_duration,-0.03599455519950068
CD del,cddel_9621,2024-12-13 19:00:00,post_stress,stressed,9622,9621,seq_oral_oral___oral_genital_std_duration,0.0477496359377223
CD del,cddel_9621,2024-12-14 19:00:00,post_stress,stressed,9622,9621,Approach_active_count,-0.011875635955350461
CD del,cddel_9621,2024-12-14 19:00:00,post_stress,stressed,9622,9621,Approach_passive_count,-0.008734355044387243
CD del,cddel_9621,2024-12-14 19:00:00,post_stress,stressed,9622,9621,Approach_mean_duration,-0.00768744668181931
CD del,cddel_9621,2024-12-14 19:00:00,post_stress,stressed,9622,9621,Approach_std_duration,-0.03202110559555882
CD del,cddel_9621,2024-12-14 19:00:00,post_stress,stressed,9622,9621,Approach_contact_active_count,0.04727104834011531
CD del,cddel_9621,2024-12-14 19:00:00,post_stress,stressed,9622,9621,Approach_contact_passive_count,-0.07552884246673663
CD del,cddel_9621,2024-12-14 19:00:00,post_stress,stressed,9622,9621,Approach_contact_mean_duration,-0.037861141069679194
CD del,cddel_9621,2024-12-14 19:00:00,post_stress,stressed,9622,9621,Approach_contact_std_duration,-0.1660499177917678
CD del,cddel_9621,2024-12-14 19:00:00,post_stress,stressed,9622,9621,Approach_rear_active_count,-0.011279430952834346
CD del,cddel_9621,2024-12-14 19:00:00,post_stress,stressed,9622,9621,Approach_rear_passive_count,-0.10107226447002837
CD del,cddel_9621,2024-12-14 19:00:00,post_stress,stressed,9622,9621,Approach_rear_mean_duration,-0.041644515166985974
CD del,cddel_9621,2024-12-14 19:00:00,post_stress,stressed,9622,9621,Approach_rear_std_duration,-0.26191033388582663
CD del,cddel_9621,2024-12-14 19:00:00,post_stress,stressed,9622,9621,Break_contact_active_count,0.005326244282674253
CD del,cddel_9621,2024-12-14 19:00:00,post_stress,stressed,9622,9621,Break_contact_passive_count,-0.02687805196439097
CD del,cddel_9621,2024-12-14 19:00:00,post_stress,stressed,9622,9621,Break_contact_mean_duration,-0.00539150391508314
CD del,cddel_9621,2024-12-14 19:00:00,post_stress,stressed,9622,9621,Break_contact_std_duration,-0.012016721148246035
CD del,cddel_9621,2024-12-14 19:00:00,post_stress,stressed,9622,9621,Center_Zone_count,-0.16643479373146786
CD del,cddel_9621,2024-12-14 19:00:00,post_stress,stressed,9622,9621,Center_Zone_mean_duration,0.1004449400083327
CD del,cddel_9621,2024-12-14 19:00:00,post_stress,stressed,9622,9621,Center_Zone_std_duration,0.8576118979903891
CD del,cddel_9621,2024-12-14 19:00:00,post_stress,stressed,9622,9621,Contact_active_count,0.018041726485159337
CD del,cddel_9621,2024-12-14 19:00:00,post_stress,stressed,9622,9621,Contact_passive_count,0.018041726485159337
CD del,cddel_9621,2024-12-14 19:00:00,post_stress,stressed,9622,9621,Contact_mean_duration,-0.055804000420571764
CD del,cddel_9621,2024-12-14 19:00:00,post_stress,stressed,9622,9621,Contact_std_duration,-0.051196115400936826
CD del,cddel_9621,2024-12-14 19:00:00,post_stress,stressed,9622,9621,Get_away_active_count,-0.011177995951838327
CD del,cddel_9621,2024-12-14 19:00:00,post_stress,stressed,9622,9621,Get_away_passive_count,-0.0031242317610189474
CD del,cddel_9621,2024-12-14 19:00:00,post_stress,stressed,9622,9621,Get_away_mean_duration,0.0067493102503557445
CD del,cddel_9621,2024-12-14 19:00:00,post_stress,stressed,9622,9621,Get_away_std_duration,-0.03070498080706696
CD del,cddel_9621,2024-12-14 19:00:00,post_stress,stressed,9622,9621,Group_3_break_count,-0.20067069546215066
CD del,cddel_9621,2024-12-14 19:00:00,post_stress,stressed,9622,9621,Group_3_break_mean_duration,-0.02133712187455905
CD del,cddel_9621,2024-12-14 19:00:00,post_stress,stressed,9622,9621,Group_3_break_std_duration,-0.059928433152182714
CD del,cddel_9621,2024-12-14 19:00:00,post_stress,stressed,9622,9621,Group_3_make_count,-0.198450938723838
CD del,cddel_9621,2024-12-14 19:00:00,post_stress,stressed,9622,9621,Group_3_make_mean_duration,-0.03679915394154487
CD del,cddel_9621,2024-12-14 19:00:00,post_stress,stressed,9622,9621,Group_3_make_std_duration,-0.18870597203023798
CD del,cddel_9621,2024-12-14 19:00:00,post_stress,stressed,9622,9621,Group_4_break_count,-0.35667494393873267
CD del,cddel_9621,2024-12-14 19:00:00,post_stress,stressed,9622,9621,Group_4_break_mean_duration,0.197400663621075
CD del,cddel_9621,2024-12-14 19:00:00,post_stress,stressed,9622,9621,Group_4_break_std_duration,0.057969344612892326
CD del,cddel_9621,2024-12-14 19:00:00,post_stress,stressed,9622,9621,Group_4_make_count,0.0
CD del,cddel_9621,2024-12-14 19:00:00,post_stress,stressed,9622,9621,Group_4_make_mean_duration,-0.07123263642862843
CD del,cddel_9621,2024-12-14 19:00:00,post_stress,stressed,9622,9621,Group_4_make_std_duration,0.18107387368989114
CD del,cddel_9621,2024-12-14 19:00:00,post_stress,stressed,9622,9621,Group2_active_count,0.013766195764148392
CD del,cddel_9621,2024-12-14 19:00:00,post_stress,stressed,9622,9621,Group2_passive_count,0.013766195764148392
CD del,cddel_9621,2024-12-14 19:00:00,post_stress,stressed,9622,9621,Group2_mean_duration,-0.09058776418637371
CD del,cddel_9621,2024-12-14 19:00:00,post_stress,stressed,9622,9621,Group2_std_duration,0.03527961344213271
CD del,cddel_9621,2024-12-14 19:00:00,post_stress,stressed,9622,9621,Huddling_count,0.30960075815942734
CD del,cddel_9621,2024-12-14 19:00:00,post_stress,stressed,9622,9621,Huddling_mean_duration,0.20692954302665845
CD del,cddel_9621,2024-12-14 19:00:00,post_stress,stressed,9622,9621,Huddling_std_duration,0.5962954186894087
CD del,cddel_9621,2024-12-14 19:00:00,post_stress,stressed,9622,9621,Move_in_contact_active_count,0.00527579161365388
CD del,cddel_9621,2024-12-14 19:00:00,post_stress,stressed,9622,9621,Move_in_contact_passive_count,-0.03493805136128003
CD del,cddel_9621,2024-12-14 19:00:00,post_stress,stressed,9622,9621,Move_in_contact_mean_duration,0.014602898142858978
CD del,cddel_9621,2024-12-14 19:00:00,post_stress,stressed,9622,9621,Move_in_contact_std_duration,-0.04776237640410397
CD del,cddel_9621,2024-12-14 19:00:00,post_stress,stressed,9622,9621,Move_isolated_count,0.06108193192638467
CD del,cddel_9621,2024-12-14 19:00:00,post_stress,stressed,9622,9621,Move_isolated_mean_duration,-0.07939629796911563
CD del,cddel_9621,2024-12-14 19:00:00,post_stress,stressed,9622,9621,Move_isolated_std_duration,-0.11278570593676251
CD del,cddel_9621,2024-12-14 19:00:00,post_stress,stressed,9622,9621,Oral_genital_Contact_active_count,-0.01371862670291435
CD del,cddel_9621,2024-12-14 19:00:00,post_stress,stressed,9622,9621,Oral_genital_Contact_passive_count,-0.015966278500487263
CD del,cddel_9621,2024-12-14 19:00:00,post_stress,stressed,9622,9621,Oral_genital_Contact_mean_duration,-0.002261238939509358
CD del,cddel_9621,2024-12-14 19:00:00,post_stress,stressed,9622,9621,Oral_genital_Contact_std_duration,-0.012294546719640698
CD del,cddel_9621,2024-12-14 19:00:00,post_stress,stressed,9622,9621,Oral_oral_Contact_active_count,-0.007361996441068719
CD del,cddel_9621,2024-12-14 19:00:00,post_stress,stressed,9622,9621,Oral_oral_Contact_passive_count,-0.007361996441068719
CD del,cddel_9621,2024-12-14 19:00:00,post_stress,stressed,9622,9621,Oral_oral_Contact_mean_duration,-0.02072792334031348
CD del,cddel_9621,2024-12-14 19:00:00,post_stress,stressed,9622,9621,Oral_oral_Contact_std_duration,0.0041260981034807465
CD del,cddel_9621,2024-12-14 19:00:00,post_stress,stressed,9622,9621,Periphery_Zone_count,0.002554279805096371
CD del,cddel_9621,2024-12-14 19:00:00,post_stress,stressed,9622,9621,Periphery_Zone_mean_duration,-0.02061859104572772
CD del,cddel_9621,2024-12-14 19:00:00,post_stress,stressed,9622,9621,Periphery_Zone_std_duration,-0.03182139744577572
CD del,cddel_9621,2024-12-14 19:00:00,post_stress,stressed,9622,9621,Rear_at_periphery_count,-0.3492293196219842
CD del,cddel_9621,2024-12-14 19:00:00,post_stress,stressed,9622,9621,Rear_at_periphery_mean_duration,0.0024613075281774144
CD del,cddel_9621,2024-12-14 19:00:00,post_stress,stressed,9622,9621,Rear_at_periphery_std_duration,0.698747209417794
CD del,cddel_9621,2024-12-14 19:00:00,post_stress,stressed,9622,9621,Rear_in_centerWindow_count,-1.3156767939059368
CD del,cddel_9621,2024-12-14 19:00:00,post_stress,stressed,9622,9621,Rear_in_centerWindow_mean_duration,0.009817467544821268
CD del,cddel_9621,2024-12-14 19:00:00,post_stress,stressed,9622,9621,Rear_in_centerWindow_std_duration,0.014980814038983326
CD del,cddel_9621,2024-12-14 19:00:00,post_stress,stressed,9622,9621,Rear_in_contact_count,-0.14462762283556518
CD del,cddel_9621,2024-12-14 19:00:00,post_stress,stressed,9622,9621,Rear_in_contact_mean_duration,-0.0402086574196836
CD del,cddel_9621,2024-12-14 19:00:00,post_stress,stressed,9622,9621,Rear_in_contact_std_duration,-0.2943381133328249
CD del,cddel_9621,2024-12-14 19:00:00,post_stress,stressed,9622,9621,Rear_isolated_count,-0.395368647857155
CD del,cddel_9621,2024-12-14 19:00:00,post_stress,stressed,9622,9621,Rear_isolated_mean_duration,-0.009191308031848977
CD del,cddel_9621,2024-12-14 19:00:00,post_stress,stressed,9622,9621,Rear_isolated_std_duration,0.690619925046634
CD del,cddel_9621,2024-12-14 19:00:00,post_stress,stressed,9622,9621,Rearing_count,0.06598884771521796
CD del,cddel_9621,2024-12-14 19:00:00,post_stress,stressed,9622,9621,Rearing_mean_duration,-0.0882745092151036
CD del,cddel_9621,2024-12-14 19:00:00,post_stress,stressed,9622,9621,Rearing_std_duration,-0.07085432527927082
CD del,cddel_9621,2024-12-14 19:00:00,post_stress,stressed,9622,9621,SAP_count,0.014436674941622485
CD del,cddel_9621,2024-12-14 19:00:00,post_stress,stressed,9622,9621,SAP_mean_duration,0.06582743023497994
CD del,cddel_9621,2024-12-14 19:00:00,post_stress,stressed,9622,9621,SAP_std_duration,0.1709192665699686
CD del,cddel_9621,2024-12-14 19:00:00,post_stress,stressed,9622,9621,Side_by_side_Contact_active_count,-0.009915095392196704
CD del,cddel_9621,2024-12-14 19:00:00,post_stress,stressed,9622,9621,Side_by_side_Contact_passive_count,-0.009915095392196704
CD del,cddel_9621,2024-12-14 19:00:00,post_stress,stressed,9622,9621,Side_by_side_Contact_mean_duration,-0.04861152677850744
CD del,cddel_9621,2024-12-14 19:00:00,post_stress,stressed,9622,9621,Side_by_side_Contact_std_duration,-0.0959327271522521
CD del,cddel_9621,2024-12-14 19:00:00,post_stress,stressed,9622,9621,Side_by_side_Contact_opposite_way_active_count,-0.053764346991072465
CD del,cddel_9621,2024-12-14 19:00:00,post_stress,stressed,9622,9621,Side_by_side_Contact_opposite_way_passive_count,-0.053764346991072465
CD del,cddel_9621,2024-12-14 19:00:00,post_stress,stressed,9622,9621,Side_by_side_Contact_opposite_way_mean_duration,-0.05285784860763365
CD del,cddel_9621,2024-12-14 19:00:00,post_stress,stressed,9622,9621,Side_by_side_Contact_opposite_way_std_duration,-0.012049528813966814
CD del,cddel_9621,2024-12-14 19:00:00,post_stress,stressed,9622,9621,Social_approach_active_count,-0.013286824287453314
CD del,cddel_9621,2024-12-14 19:00:00,post_stress,stressed,9622,9621,Social_approach_passive_count,0.02953298703850038
CD del,cddel_9621,2024-12-14 19:00:00,post_stress,stressed,9622,9621,Social_approach_mean_duration,-0.03185864713904585
CD del,cddel_9621,2024-12-14 19:00:00,post_stress,stressed,9622,9621,Social_approach_std_duration,-0.08013260013600298
CD del,cddel_9621,2024-12-14 19:00:00,post_stress,stressed,9622,9621,Social_escape_active_count,-0.038833971290758384
CD del,cddel_9621,2024-12-14 19:00:00,post_stress,stressed,9622,9621,Social_escape_passive_count,-0.011910713881853496
CD del,cddel_9621,2024-12-14 19:00:00,post_stress,stressed,9622,9621,Social_escape_mean_duration,0.003875527480587282
CD del,cddel_9621,2024-12-14 19:00:00,post_stress,stressed,9622,9621,Social_escape_std_duration,-0.04613919092885266
CD del,cddel_9621,2024-12-14 19:00:00,post_stress,stressed,9622,9621,Stop_count,-0.04991725258338864
CD del,cddel_9621,2024-12-14 19:00:00,post_stress,stressed,9622,9621,Stop_mean_duration,0.03329809466953604
CD del,cddel_9621,2024-12-14 19:00:00,post_stress,stressed,9622,9621,Stop_std_duration,-0.01514779529990573
CD del,cddel_9621,2024-12-14 19:00:00,post_stress,stressed,9622,9621,Stop_in_contact_active_count,0.022028312612908607
CD del,cddel_9621,2024-12-14 19:00:00,post_stress,stressed,9622,9621,Stop_in_contact_passive_count,0.020022915875107294
CD del,cddel_9621,2024-12-14 19:00:00,post_stress,stressed,9622,9621,Stop_in_contact_mean_duration,-0.0593606689060473
CD del,cddel_9621,2024-12-14 19:00:00,post_stress,stressed,9622,9621,Stop_in_contact_std_duration,-0.0447623700873403
CD del,cddel_9621,2024-12-14 19:00:00,post_stress,stressed,9622,9621,Stop_isolated_count,-0.07252404451649941
CD del,cddel_9621,2024-12-14 19:00:00,post_stress,stressed,9622,9621,Stop_isolated_mean_duration,0.0855126431185127
CD del,cddel_9621,2024-12-14 19:00:00,post_stress,stressed,9622,9621,Stop_isolated_std_duration,0.044127933822105
CD del,cddel_9621,2024-12-14 19:00:00,post_stress,stressed,9622,9621,Train2_active_count,0.9444616088408513
CD del,cddel_9621,2024-12-14 19:00:00,post_stress,stressed,9622,9621,Train2_passive_count,-0.5306282510621703
CD del,cddel_9621,2024-12-14 19:00:00,post_stress,stressed,9622,9621,Train2_mean_duration,-0.15383528637131083
CD del,cddel_9621,2024-12-14 19:00:00,post_stress,stressed,9622,9621,Train2_std_duration,-0.022942274303305754
CD del,cddel_9621,2024-12-14 19:00:00,post_stress,stressed,9622,9621,WallJump_count,-0.5705448584676129
CD del,cddel_9621,2024-12-14 19:00:00,post_stress,stressed,9622,9621,WallJump_mean_duration,-0.2892626594574239
CD del,cddel_9621,2024-12-14 19:00:00,post_stress,stressed,9622,9621,WallJump_std_duration,-0.3642636627381639
CD del,cddel_9621,2024-12-14 19:00:00,post_stress,stressed,9622,9621,isolated_count,-0.0373045031775181
CD del,cddel_9621,2024-12-14 19:00:00,post_stress,stressed,9622,9621,isolated_mean_duration,0.1260873923357262
CD del,cddel_9621,2024-12-14 19:00:00,post_stress,stressed,9622,9621,isolated_std_duration,0.1885580579557442
CD del,cddel_9621,2024-12-14 19:00:00,post_stress,stressed,9622,9621,seq_oral_geni___oral_oral_active_count,0.1234441910911217
CD del,cddel_9621,2024-12-14 19:00:00,post_stress,stressed,9622,9621,seq_oral_geni___oral_oral_passive_count,0.08819271203546108
CD del,cddel_9621,2024-12-14 19:00:00,post_stress,stressed,9622,9621,seq_oral_geni___oral_oral_mean_duration,0.0002875003846016799
CD del,cddel_9621,2024-12-14 19:00:00,post_stress,stressed,9622,9621,seq_oral_geni___oral_oral_std_duration,-0.009895878753803489
CD del,cddel_9621,2024-12-14 19:00:00,post_stress,stressed,9622,9621,seq_oral_oral___oral_genital_active_count,0.04058528011507789
CD del,cddel_9621,2024-12-14 19:00:00,post_stress,stressed,9622,9621,seq_oral_oral___oral_genital_passive_count,0.012500162764231604
CD del,cddel_9621,2024-12-14 19:00:00,post_stress,stressed,9622,9621,seq_oral_oral___oral_genital_mean_duration,-0.0176959820179321
CD del,cddel_9621,2024-12-14 19:00:00,post_stress,stressed,9622,9621,seq_oral_oral___oral_genital_std_duration,-0.11272839265445911
CD del,cddel_9621,2024-12-10 19:00:00,baseline,control,9623,9624,Approach_active_count,-0.036848205475715545
CD del,cddel_9621,2024-12-10 19:00:00,baseline,control,9623,9624,Approach_passive_count,-0.04197031545038321
CD del,cddel_9621,2024-12-10 19:00:00,baseline,control,9623,9624,Approach_mean_duration,0.07384315676222442
CD del,cddel_9621,2024-12-10 19:00:00,baseline,control,9623,9624,Approach_std_duration,0.07917326732745433
CD del,cddel_9621,2024-12-10 19:00:00,baseline,control,9623,9624,Approach_contact_active_count,-0.5743532415031538
CD del,cddel_9621,2024-12-10 19:00:00,baseline,control,9623,9624,Approach_contact_passive_count,0.23843786367851028
CD del,cddel_9621,2024-12-10 19:00:00,baseline,control,9623,9624,Approach_contact_mean_duration,-0.00035419791252155886
CD del,cddel_9621,2024-12-10 19:00:00,baseline,control,9623,9624,Approach_contact_std_duration,0.005542981828681737
CD del,cddel_9621,2024-12-10 19:00:00,baseline,control,9623,9624,Approach_rear_active_count,-0.036628692596838874
CD del,cddel_9621,2024-12-10 19:00:00,baseline,control,9623,9624,Approach_rear_passive_count,0.0983071850445949
CD del,cddel_9621,2024-12-10 19:00:00,baseline,control,9623,9624,Approach_rear_mean_duration,0.05159374346000711
CD del,cddel_9621,2024-12-10 19:00:00,baseline,control,9623,9624,Approach_rear_std_duration,0.1492520205306338
CD del,cddel_9621,2024-12-10 19:00:00,baseline,control,9623,9624,Break_contact_active_count,-0.2514912473070936
CD del,cddel_9621,2024-12-10 19:00:00,baseline,control,9623,9624,Break_contact_passive_count,0.10870631685025067
CD del,cddel_9621,2024-12-10 19:00:00,baseline,control,9623,9624,Break_contact_mean_duration,-0.009462053675258097
CD del,cddel_9621,2024-12-10 19:00:00,baseline,control,9623,9624,Break_contact_std_duration,0.01078196698950673
CD del,cddel_9621,2024-12-10 19:00:00,baseline,control,9623,9624,Center_Zone_count,-0.6416240275344443
CD del,cddel_9621,2024-12-10 19:00:00,baseline,control,9623,9624,Center_Zone_mean_duration,0.35894537633505674
CD del,cddel_9621,2024-12-10 19:00:00,baseline,control,9623,9624,Center_Zone_std_duration,0.38728761750696217
CD del,cddel_9621,2024-12-10 19:00:00,baseline,control,9623,9624,Contact_active_count,-0.1399843128452769
CD del,cddel_9621,2024-12-10 19:00:00,baseline,control,9623,9624,Contact_passive_count,-0.1399843128452769
CD del,cddel_9621,2024-12-10 19:00:00,baseline,control,9623,9624,Contact_mean_duration,0.21091750766859096
CD del,cddel_9621,2024-12-10 19:00:00,baseline,control,9623,9624,Contact_std_duration,0.1322383118811894
CD del,cddel_9621,2024-12-10 19:00:00,baseline,control,9623,9624,Get_away_active_count,-0.16387998575211604
CD del,cddel_9621,2024-12-10 19:00:00,baseline,control,9623,9624,Get_away_passive_count,0.07617001963955339
CD del,cddel_9621,2024-12-10 19:00:00,baseline,control,9623,9624,Get_away_mean_duration,0.018090403514914533
CD del,cddel_9621,2024-12-10 19:00:00,baseline,control,9623,9624,Get_away_std_duration,0.04889185525940931
CD del,cddel_9621,2024-12-10 19:00:00,baseline,control,9623,9624,Group_3_break_count,-0.25951119548508395
CD del,cddel_9621,2024-12-10 19:00:00,baseline,control,9623,9624,Group_3_break_mean_duration,0.009034960057290764
CD del,cddel_9621,2024-12-10 19:00:00,baseline,control,9623,9624,Group_3_break_std_duration,-0.060874018581583256
CD del,cddel_9621,2024-12-10 19:00:00,baseline,control,9623,9624,Group_3_make_count,-0.38171102210005703
CD del,cddel_9621,2024-12-10 19:00:00,baseline,control,9623,9624,Group_3_make_mean_duration,0.005671943315357031
CD del,cddel_9621,2024-12-10 19:00:00,baseline,control,9623,9624,Group_3_make_std_duration,-0.03603920554208395
CD del,cddel_9621,2024-12-10 19:00:00,baseline,control,9623,9624,Group_4_break_count,0.17185025692665912
CD del,cddel_9621,2024-12-10 19:00:00,baseline,control,9623,9624,Group_4_break_mean_duration,0.18953922062451778
CD del,cddel_9621,2024-12-10 19:00:00,baseline,control,9623,9624,Group_4_break_std_duration,0.2207724346813748
CD del,cddel_9621,2024-12-10 19:00:00,baseline,control,9623,9624,Group_4_make_count,-0.09097177820572666
CD del,cddel_9621,2024-12-10 19:00:00,baseline,control,9623,9624,Group_4_make_mean_duration,0.11356930542056809
CD del,cddel_9621,2024-12-10 19:00:00,baseline,control,9623,9624,Group_4_make_std_duration,0.21429819466586714
CD del,cddel_9621,2024-12-10 19:00:00,baseline,control,9623,9624,Group2_active_count,-0.07121740686664868
CD del,cddel_9621,2024-12-10 19:00:00,baseline,control,9623,9624,Group2_passive_count,-0.07121740686664868
CD del,cddel_9621,2024-12-10 19:00:00,baseline,control,9623,9624,Group2_mean_duration,0.21820383568532953
CD del,cddel_9621,2024-12-10 19:00:00,baseline,control,9623,9624,Group2_std_duration,0.40612539142095416
CD del,cddel_9621,2024-12-10 19:00:00,baseline,control,9623,9624,Huddling_count,0.09796346624294738
CD del,cddel_9621,2024-12-10 19:00:00,baseline,control,9623,9624,Huddling_mean_duration,0.06095069033679179
CD del,cddel_9621,2024-12-10 19:00:00,baseline,control,9623,9624,Huddling_std_duration,0.16799120570182402
CD del,cddel_9621,2024-12-10 19:00:00,baseline,control,9623,9624,Move_in_contact_active_count,-0.02523551999078677
CD del,cddel_9621,2024-12-10 19:00:00,baseline,control,9623,9624,Move_in_contact_passive_count,0.04585004611107557
CD del,cddel_9621,2024-12-10 19:00:00,baseline,control,9623,9624,Move_in_contact_mean_duration,0.004315339367509274
CD del,cddel_9621,2024-12-10 19:00:00,baseline,control,9623,9624,Move_in_contact_std_duration,-0.007933040977483818
CD del,cddel_9621,2024-12-10 19:00:00,baseline,control,9623,9624,Move_isolated_count,-0.3981156581872396
CD del,cddel_9621,2024-12-10 19:00:00,baseline,control,9623,9624,Move_isolated_mean_duration,-0.1528127567344677
CD del,cddel_9621,2024-12-10 19:00:00,baseline,control,9623,9624,Move_isolated_std_duration,-0.09940768197472827
CD del,cddel_9621,2024-12-10 19:00:00,baseline,control,9623,9624,Oral_genital_Contact_active_count,0.056562694491239185
CD del,cddel_9621,2024-12-10 19:00:00,baseline,control,9623,9624,Oral_genital_Contact_passive_count,0.09865672126260172
CD del,cddel_9621,2024-12-10 19:00:00,baseline,control,9623,9624,Oral_genital_Contact_mean_duration,0.052343280730165476
CD del,cddel_9621,2024-12-10 19:00:00,baseline,control,9623,9624,Oral_genital_Contact_std_duration,0.09624215909984812
CD del,cddel_9621,2024-12-10 19:00:00,baseline,control,9623,9624,Oral_oral_Contact_active_count,0.06684924794369884
CD del,cddel_9621,2024-12-10 19:00:00,baseline,control,9623,9624,Oral_oral_Contact_passive_count,0.06684924794369884
CD del,cddel_9621,2024-12-10 19:00:00,baseline,control,9623,9624,Oral_oral_Contact_mean_duration,0.01152255808203606
CD del,cddel_9621,2024-12-10 19:00:00,baseline,control,9623,9624,Oral_oral_Contact_std_duration,0.07684883328989467
CD del,cddel_9621,2024-12-10 19:00:00,baseline,control,9623,9624,Periphery_Zone_count,-0.308598810502958
CD del,cddel_9621,2024-12-10 19:00:00,baseline,control,9623,9624,Periphery_Zone_mean_duration,0.31908019169603197
CD del,cddel_9621,2024-12-10 19:00:00,baseline,control,9623,9624,Periphery_Zone_std_duration,0.2858076220003456
CD del,cddel_9621,2024-12-10 19:00:00,baseline,control,9623,9624,Rear_at_periphery_count,-0.330734587219899
CD del,cddel_9621,2024-12-10 19:00:00,baseline,control,9623,9624,Rear_at_periphery_mean_duration,0.051475168503970936
CD del,cddel_9621,2024-12-10 19:00:00,baseline,control,9623,9624,Rear_at_periphery_std_duration,-0.005815700358912657
CD del,cddel_9621,2024-12-10 19:00:00,baseline,control,9623,9624,Rear_in_centerWindow_count,-0.49429632181477956
CD del,cddel_9621,2024-12-10 19:00:00,baseline,control,9623,9624,Rear_in_centerWindow_mean_duration,-0.15218599340217942
CD del,cddel_9621,2024-12-10 19:00:00,baseline,control,9623,9624,Rear_in_centerWindow_std_duration,-0.2407150460862073
CD del,cddel_9621,2024-12-10 19:00:00,baseline,control,9623,9624,Rear_in_contact_count,0.015353423396473609
CD del,cddel_9621,2024-12-10 19:00:00,baseline,control,9623,9624,Rear_in_contact_mean_duration,0.09163663107812259
CD del,cddel_9621,2024-12-10 19:00:00,baseline,control,9623,9624,Rear_in_contact_std_duration,0.28534309437191174
CD del,cddel_9621,2024-12-10 19:00:00,baseline,control,9623,9624,Rear_isolated_count,-0.33815689893863077
CD del,cddel_9621,2024-12-10 19:00:00,baseline,control,9623,9624,Rear_isolated_mean_duration,0.010590949755229007
CD del,cddel_9621,2024-12-10 19:00:00,baseline,control,9623,9624,Rear_isolated_std_duration,-0.053030527672835226
CD del,cddel_9621,2024-12-10 19:00:00,baseline,control,9623,9624,Rearing_count,-0.10536051565782678
CD del,cddel_9621,2024-12-10 19:00:00,baseline,control,9623,9624,Rearing_mean_duration,0.1088458619025987
CD del,cddel_9621,2024-12-10 19:00:00,baseline,control,9623,9624,Rearing_std_duration,0.1023164146020914
CD del,cddel_9621,2024-12-10 19:00:00,baseline,control,9623,9624,SAP_count,-0.13522678720976788
CD del,cddel_9621,2024-12-10 19:00:00,baseline,control,9623,9624,SAP_mean_duration,0.029791710644151648
CD del,cddel_9621,2024-12-10 19:00:00,baseline,control,9623,9624,SAP_std_duration,-0.07852771226214172
CD del,cddel_9621,2024-12-10 19:00:00,baseline,control,9623,9624,Side_by_side_Contact_active_count,0.09767495432970641
CD del,cddel_9621,2024-12-10 19:00:00,baseline,control,9623,9624,Side_by_side_Contact_passive_count,0.09767495432970641
CD del,cddel_9621,2024-12-10 19:00:00,baseline,control,9623,9624,Side_by_side_Contact_mean_duration,0.020831161390723052
CD del,cddel_9621,2024-12-10 19:00:00,baseline,control,9623,9624,Side_by_side_Contact_std_duration,-0.05180643123508499
CD del,cddel_9621,2024-12-10 19:00:00,baseline,control,9623,9624,Side_by_side_Contact_opposite_way_active_count,0.11634646020461048
CD del,cddel_9621,2024-12-10 19:00:00,baseline,control,9623,9624,Side_by_side_Contact_opposite_way_passive_count,0.11634646020461048
CD del,cddel_9621,2024-12-10 19:00:00,baseline,control,9623,9624,Side_by_side_Contact_opposite_way_mean_duration,0.05249377464160809
CD del,cddel_9621,2024-12-10 19:00:00,baseline,control,9623,9624,Side_by_side_Contact_opposite_way_std_duration,-0.012897469644675308
CD del,cddel_9621,2024-12-10 19:00:00,baseline,control,9623,9624,Social_approach_active_count,-0.10061189505781876
CD del,cddel_9621,2024-12-10 19:00:00,baseline,control,9623,9624,Social_approach_passive_count,-0.022169760750536227
CD del,cddel_9621,2024-12-10 19:00:00,baseline,control,9623,9624,Social_approach_mean_duration,0.11271601942925824
CD del,cddel_9621,2024-12-10 19:00:00,baseline,control,9623,9624,Social_approach_std_duration,0.06147189677496678
CD del,cddel_9621,2024-12-10 19:00:00,baseline,control,9623,9624,Social_escape_active_count,-0.08152309284397141
CD del,cddel_9621,2024-12-10 19:00:00,baseline,control,9623,9624,Social_escape_passive_count,0.05050709929045816
CD del,cddel_9621,2024-12-10 19:00:00,baseline,control,9623,9624,Social_escape_mean_duration,0.0524342756707854
CD del,cddel_9621,2024-12-10 19:00:00,baseline,control,9623,9624,Social_escape_std_duration,0.04682588333480764
CD del,cddel_9621,2024-12-10 19:00:00,baseline,control,9623,9624,Stop_count,-0.7202981696258961
CD del,cddel_9621,2024-12-10 19:00:00,baseline,control,9623,9624,Stop_mean_duration,0.7463884575246951
CD del,cddel_9621,2024-12-10 19:00:00,baseline,control,9623,9624,Stop_std_duration,0.43066360738709
CD del,cddel_9621,2024-12-10 19:00:00,baseline,control,9623,9624,Stop_in_contact_active_count,-0.09698691692058858
CD del,cddel_9621,2024-12-10 19:00:00,baseline,control,9623,9624,Stop_in_contact_passive_count,-0.11971789598267968
CD del,cddel_9621,2024-12-10 19:00:00,baseline,control,9623,9624,Stop_in_contact_mean_duration,0.1933779049945108
CD del,cddel_9621,2024-12-10 19:00:00,baseline,control,9623,9624,Stop_in_contact_std_duration,0.10397804856048198
CD del,cddel_9621,2024-12-10 19:00:00,baseline,control,9623,9624,Stop_isolated_count,-0.3556614874024655
CD del,cddel_9621,2024-12-10 19:00:00,baseline,control,9623,9624,Stop_isolated_mean_duration,0.31532510289254745
CD del,cddel_9621,2024-12-10 19:00:00,baseline,control,9623,9624,Stop_isolated_std_duration,0.11383842937769595
CD del,cddel_9621,2024-12-10 19:00:00,baseline,control,9623,9624,Train2_active_count,-1.3862943611198906
CD del,cddel_9621,2024-12-10 19:00:00,baseline,control,9623,9624,Train2_passive_count,-0.45198512374305744
CD del,cddel_9621,2024-12-10 19:00:00,baseline,control,9623,9624,Train2_mean_duration,0.10548686602756929
CD del,cddel_9621,2024-12-10 19:00:00,baseline,control,9623,9624,Train2_std_duration,0.09673021926994035
CD del,cddel_9621,2024-12-10 19:00:00,baseline,control,9623,9624,WallJump_count,0.0
CD del,cddel_9621,2024-12-10 19:00:00,baseline,control,9623,9624,WallJump_mean_duration,0.13330235876468255
CD del,cddel_9621,2024-12-10 19:00:00,baseline,control,9623,9624,WallJump_std_duration,0.25240990156733867
CD del,cddel_9621,2024-12-10 19:00:00,baseline,control,9623,9624,isolated_count,-0.07175634517125928
CD del,cddel_9621,2024-12-10 19:00:00,baseline,control,9623,9624,isolated_mean_duration,-0.0552629674620575
CD del,cddel_9621,2024-12-10 19:00:00,baseline,control,9623,9624,isolated_std_duration,0.2981577494223302
CD del,cddel_9621,2024-12-10 19:00:00,baseline,control,9623,9624,seq_oral_geni___oral_oral_active_count,0.01086967223690305
CD del,cddel_9621,2024-12-10 19:00:00,baseline,control,9623,9624,seq_oral_geni___oral_oral_passive_count,-0.017910926566529817
CD del,cddel_9621,2024-12-10 19:00:00,baseline,control,9623,9624,seq_oral_geni___oral_oral_mean_duration,-0.04045961691375921
CD del,cddel_9621,2024-12-10 19:00:00,baseline,control,9623,9624,seq_oral_geni___oral_oral_std_duration,-0.33293056845729807
CD del,cddel_9621,2024-12-10 19:00:00,baseline,control,9623,9624,seq_oral_oral___oral_genital_active_count,0.026386755173194665
CD del,cddel_9621,2024-12-10 19:00:00,baseline,control,9623,9624,seq_oral_oral___oral_genital_passive_count,0.05686286189454304
CD del,cddel_9621,2024-12-10 19:00:00,baseline,control,9623,9624,seq_oral_oral___oral_genital_mean_duration,-0.05589099663825037
CD del,cddel_9621,2024-12-10 19:00:00,baseline,control,9623,9624,seq_oral_oral___oral_genital_std_duration,-0.2907543962064738
CD del,cddel_9621,2024-12-11 19:00:00,baseline,control,9623,9624,Approach_active_count,-0.02895273550207378
CD del,cddel_9621,2024-12-11 19:00:00,baseline,control,9623,9624,Approach_passive_count,-0.048506531356467875
CD del,cddel_9621,2024-12-11 19:00:00,baseline,control,9623,9624,Approach_mean_duration,0.058769457672751546
CD del,cddel_9621,2024-12-11 19:00:00,baseline,control,9623,9624,Approach_std_duration,0.024994667507899138
CD del,cddel_9621,2024-12-11 19:00:00,baseline,control,9623,9624,Approach_contact_active_count,-0.6139730562815879
CD del,cddel_9621,2024-12-11 19:00:00,baseline,control,9623,9624,Approach_contact_passive_count,0.29430673606381585
CD del,cddel_9621,2024-12-11 19:00:00,baseline,control,9623,9624,Approach_contact_mean_duration,-0.012446119703863223
CD del,cddel_9621,2024-12-11 19:00:00,baseline,control,9623,9624,Approach_contact_std_duration,-0.012706846824705131
CD del,cddel_9621,2024-12-11 19:00:00,baseline,control,9623,9624,Approach_rear_active_count,-0.04932234928564938
CD del,cddel_9621,2024-12-11 19:00:00,baseline,control,9623,9624,Approach_rear_passive_count,0.11956670283840864
CD del,cddel_9621,2024-12-11 19:00:00,baseline,control,9623,9624,Approach_rear_mean_duration,0.027316857273228523
CD del,cddel_9621,2024-12-11 19:00:00,baseline,control,9623,9624,Approach_rear_std_duration,0.021586755482278175
CD del,cddel_9621,2024-12-11 19:00:00,baseline,control,9623,9624,Break_contact_active_count,-0.2718321771782293
CD del,cddel_9621,2024-12-11 19:00:00,baseline,control,9623,9624,Break_contact_passive_count,0.16088122555608564
CD del,cddel_9621,2024-12-11 19:00:00,baseline,control,9623,9624,Break_contact_mean_duration,-0.014886783485272281
CD del,cddel_9621,2024-12-11 19:00:00,baseline,control,9623,9624,Break_contact_std_duration,-0.04503581328052719
CD del,cddel_9621,2024-12-11 19:00:00,baseline,control,9623,9624,Center_Zone_count,-0.6581727582881145
CD del,cddel_9621,2024-12-11 19:00:00,baseline,control,9623,9624,Center_Zone_mean_duration,0.13289396015985844
CD del,cddel_9621,2024-12-11 19:00:00,baseline,control,9623,9624,Center_Zone_std_duration,0.28750215714666694
CD del,cddel_9621,2024-12-11 19:00:00,baseline,control,9623,9624,Contact_active_count,-0.11501059129180469
CD del,cddel_9621,2024-12-11 19:00:00,baseline,control,9623,9624,Contact_passive_count,-0.11501059129180469
CD del,cddel_9621,2024-12-11 19:00:00,baseline,control,9623,9624,Contact_mean_duration,0.1549142432064312
CD del,cddel_9621,2024-12-11 19:00:00,baseline,control,9623,9624,Contact_std_duration,0.08004936616093339
CD del,cddel_9621,2024-12-11 19:00:00,baseline,control,9623,9624,Get_away_active_count,-0.15216540822139102
CD del,cddel_9621,2024-12-11 19:00:00,baseline,control,9623,9624,Get_away_passive_count,0.049180162224384816
CD del,cddel_9621,2024-12-11 19:00:00,baseline,control,9623,9624,Get_away_mean_duration,0.01018841323775077
CD del,cddel_9621,2024-12-11 19:00:00,baseline,control,9623,9624,Get_away_std_duration,0.018558226232106234
CD del,cddel_9621,2024-12-11 19:00:00,baseline,control,9623,9624,Group_3_break_count,-0.24116205681688818
CD del,cddel_9621,2024-12-11 19:00:00,baseline,control,9623,9624,Group_3_break_mean_duration,-0.03525005562914363
CD del,cddel_9621,2024-12-11 19:00:00,baseline,control,9623,9624,Group_3_break_std_duration,-0.09727573143580187
CD del,cddel_9621,2024-12-11 19:00:00,baseline,control,9623,9624,Group_3_make_count,-0.2572228649670727
CD del,cddel_9621,2024-12-11 19:00:00,baseline,control,9623,9624,Group_3_make_mean_duration,-0.03434427812135665
CD del,cddel_9621,2024-12-11 19:00:00,baseline,control,9623,9624,Group_3_make_std_duration,-0.07776232360747837
CD del,cddel_9621,2024-12-11 19:00:00,baseline,control,9623,9624,Group_4_break_count,-0.09097177820572666
CD del,cddel_9621,2024-12-11 19:00:00,baseline,control,9623,9624,Group_4_break_mean_duration,-0.01481425126644298
CD del,cddel_9621,2024-12-11 19:00:00,baseline,control,9623,9624,Group_4_break_std_duration,0.04117116149566036
CD del,cddel_9621,2024-12-11 19:00:00,baseline,control,9623,9624,Group_4_make_count,0.1112256351102241
CD del,cddel_9621,2024-12-11 19:00:00,baseline,control,9623,9624,Group_4_make_mean_duration,0.07299145556911579
CD del,cddel_9621,2024-12-11 19:00:00,baseline,control,9623,9624,Group_4_make_std_duration,0.13116665206712097
CD del,cddel_9621,2024-12-11 19:00:00,baseline,control,9623,9624,Group2_active_count,-0.04578834502616935
CD del,cddel_9621,2024-12-11 19:00:00,baseline,control,9623,9624,Group2_passive_count,-0.04578834502616935
CD del,cddel_9621,2024-12-11 19:00:00,baseline,control,9623,9624,Group2_mean_duration,0.07117120906722496
CD del,cddel_9621,2024-12-11 19:00:00,baseline,control,9623,9624,Group2_std_duration,-0.11619931806729245
CD del,cddel_9621,2024-12-11 19:00:00,baseline,control,9623,9624,Huddling_count,0.16319529070042815
CD del,cddel_9621,2024-12-11 19:00:00,baseline,control,9623,9624,Huddling_mean_duration,0.024543472142576572
CD del,cddel_9621,2024-12-11 19:00:00,baseline,control,9623,9624,Huddling_std_duration,-0.40999957078655
CD del,cddel_9621,2024-12-11 19:00:00,baseline,control,9623,9624,Move_in_contact_active_count,-0.02132440807302416
CD del,cddel_9621,2024-12-11 19:00:00,baseline,control,9623,9624,Move_in_contact_passive_count,0.045423157621526045
CD del,cddel_9621,2024-12-11 19:00:00,baseline,control,9623,9624,Move_in_contact_mean_duration,0.010641849879163834
CD del,cddel_9621,2024-12-11 19:00:00,baseline,control,9623,9624,Move_in_contact_std_duration,-0.013508575619753938
CD del,cddel_9621,2024-12-11 19:00:00,baseline,control,9623,9624,Move_isolated_count,-0.29233209319764786
CD del,cddel_9621,2024-12-11 19:00:00,baseline,control,9623,9624,Move_isolated_mean_duration,-0.1488021078578996
CD del,cddel_9621,2024-12-11 19:00:00,baseline,control,9623,9624,Move_isolated_std_duration,-0.12280144623160427
CD del,cddel_9621,2024-12-11 19:00:00,baseline,control,9623,9624,Oral_genital_Contact_active_count,0.033650550522039246
CD del,cddel_9621,2024-12-11 19:00:00,baseline,control,9623,9624,Oral_genital_Contact_passive_count,0.0875349829008858
CD del,cddel_9621,2024-12-11 19:00:00,baseline,control,9623,9624,Oral_genital_Contact_mean_duration,-0.010455339382287043
CD del,cddel_9621,2024-12-11 19:00:00,baseline,control,9623,9624,Oral_genital_Contact_std_duration,-0.09287913337235532
CD del,cddel_9621,2024-12-11 19:00:00,baseline,control,9623,9624,Oral_oral_Contact_active_count,0.0025583640433275434
CD del,cddel_9621,2024-12-11 19:00:00,baseline,control,9623,9624,Oral_oral_Contact_passive_count,0.0025583640433275434
CD del,cddel_9621,2024-12-11 19:00:00,baseline,control,9623,9624,Oral_oral_Contact_mean_duration,0.012624899830277703
CD del,cddel_9621,2024-12-11 19:00:00,baseline,control,9623,9624,Oral_oral_Contact_std_duration,0.009368646234672928
CD del,cddel_9621,2024-12-11 19:00:00,baseline,control,9623,9624,Periphery_Zone_count,-0.4775508348811188
CD del,cddel_9621,2024-12-11 19:00:00,baseline,control,9623,9624,Periphery_Zone_mean_duration,0.5158959616813603
CD del,cddel_9621,2024-12-11 19:00:00,baseline,control,9623,9624,Periphery_Zone_std_duration,0.4107171016585882
CD del,cddel_9621,2024-12-11 19:00:00,baseline,control,9623,9624,Rear_at_periphery_count,-0.21353497284036038
CD del,cddel_9621,2024-12-11 19:00:00,baseline,control,9623,9624,Rear_at_periphery_mean_duration,0.07847971557176558
CD del,cddel_9621,2024-12-11 19:00:00,baseline,control,9623,9624,Rear_at_periphery_std_duration,0.12869116443419282
CD del,cddel_9621,2024-12-11 19:00:00,baseline,control,9623,9624,Rear_in_centerWindow_count,-1.1813662496970219
CD del,cddel_9621,2024-12-11 19:00:00,baseline,control,9623,9624,Rear_in_centerWindow_mean_duration,-0.038956807636283175
CD del,cddel_9621,2024-12-11 19:00:00,baseline,control,9623,9624,Rear_in_centerWindow_std_duration,-0.060753950878650875
CD del,cddel_9621,2024-12-11 19:00:00,baseline,control,9623,9624,Rear_in_contact_count,0.043873027840243495
CD del,cddel_9621,2024-12-11 19:00:00,baseline,control,9623,9624,Rear_in_contact_mean_duration,0.030788060440948617
CD del,cddel_9621,2024-12-11 19:00:00,baseline,control,9623,9624,Rear_in_contact_std_duration,0.022898699310467174
CD del,cddel_9621,2024-12-11 19:00:00,baseline,control,9623,9624,Rear_isolated_count,-0.29898162770571446
CD del,cddel_9621,2024-12-11 19:00:00,baseline,control,9623,9624,Rear_isolated_mean_duration,0.03767590411462585
CD del,cddel_9621,2024-12-11 19:00:00,baseline,control,9623,9624,Rear_isolated_std_duration,0.13089676705784292
CD del,cddel_9621,2024-12-11 19:00:00,baseline,control,9623,9624,Rearing_count,-0.013544225107757768
CD del,cddel_9621,2024-12-11 19:00:00,baseline,control,9623,9624,Rearing_mean_duration,-0.005202655096278264
CD del,cddel_9621,2024-12-11 19:00:00,baseline,control,9623,9624,Rearing_std_duration,0.08273260380598035
CD del,cddel_9621,2024-12-11 19:00:00,baseline,control,9623,9624,SAP_count,-0.021265490779342144
CD del,cddel_9621,2024-12-11 19:00:00,baseline,control,9623,9624,SAP_mean_duration,0.1560327439948439
CD del,cddel_9621,2024-12-11 19:00:00,baseline,control,9623,9624,SAP_std_duration,-0.047433874733367354
CD del,cddel_9621,2024-12-11 19:00:00,baseline,control,9623,9624,Side_by_side_Contact_active_count,0.05747949266755725
CD del,cddel_9621,2024-12-11 19:00:00,baseline,control,9623,9624,Side_by_side_Contact_passive_count,0.05747949266755725
CD del,cddel_9621,2024-12-11 19:00:00,baseline,control,9623,9624,Side_by_side_Contact_mean_duration,-0.03927289271431733
CD del,cddel_9621,2024-12-11 19:00:00,baseline,control,9623,9624,Side_by_side_Contact_std_duration,-0.15644288494389613
CD del,cddel_9621,2024-12-11 19:00:00,baseline,control,9623,9624,Side_by_side_Contact_opposite_way_active_count,0.06561436847103419
CD del,cddel_9621,2024-12-11 19:00:00,baseline,control,9623,9624,Side_by_side_Contact_opposite_way_passive_count,0.06561436847103419
CD del,cddel_9621,2024-12-11 19:00:00,baseline,control,9623,9624,Side_by_side_Contact_opposite_way_mean_duration,0.01835503831966978
CD del,cddel_9621,2024-12-11 19:00:00,baseline,control,9623,9624,Side_by_side_Contact_opposite_way_std_duration,0.09817263122478881
CD del,cddel_9621,2024-12-11 19:00:00,baseline,control,9623,9624,Social_approach_active_count,-0.0683282837624759
CD del,cddel_9621,2024-12-11 19:00:00,baseline,control,9623,9624,Social_approach_passive_count,-0.0024080774811654493
CD del,cddel_9621,2024-12-11 19:00:00,baseline,control,9623,9624,Social_approach_mean_duration,0.06999259757733989
CD del,cddel_9621,2024-12-11 19:00:00,baseline,control,9623,9624,Social_approach_std_duration,-0.03274655484386324
CD del,cddel_9621,2024-12-11 19:00:00,baseline,control,9623,9624,Social_escape_active_count,-0.07040696552414971
CD del,cddel_9621,2024-12-11 19:00:00,baseline,control,9623,9624,Social_escape_passive_count,0.009215138437891568
CD del,cddel_9621,2024-12-11 19:00:00,baseline,control,9623,9624,Social_escape_mean_duration,0.04782504391633191
CD del,cddel_9621,2024-12-11 19:00:00,baseline,control,9623,9624,Social_escape_std_duration,0.01978764120510168
CD del,cddel_9621,2024-12-11 19:00:00,baseline,control,9623,9624,Stop_count,-0.636862229595895
CD del,cddel_9621,2024-12-11 19:00:00,baseline,control,9623,9624,Stop_mean_duration,0.6831607121017735
CD del,cddel_9621,2024-12-11 19:00:00,baseline,control,9623,9624,Stop_std_duration,0.3961448730499777
CD del,cddel_9621,2024-12-11 19:00:00,baseline,control,9623,9624,Stop_in_contact_active_count,-0.08067475235906763
CD del,cddel_9621,2024-12-11 19:00:00,baseline,control,9623,9624,Stop_in_contact_passive_count,-0.09654170705357146
CD del,cddel_9621,2024-12-11 19:00:00,baseline,control,9623,9624,Stop_in_contact_mean_duration,0.14289944510675356
CD del,cddel_9621,2024-12-11 19:00:00,baseline,control,9623,9624,Stop_in_contact_std_duration,0.04155723246929677
CD del,cddel_9621,2024-12-11 19:00:00,baseline,control,9623,9624,Stop_isolated_count,-0.30611908458224857
CD del,cddel_9621,2024-12-11 19:00:00,baseline,control,9623,9624,Stop_isolated_mean_duration,0.34136628993102525
CD del,cddel_9621,2024-12-11 19:00:00,baseline,control,9623,9624,Stop_isolated_std_duration,0.011597608372754475
CD del,cddel_9621,2024-12-11 19:00:00,baseline,control,9623,9624,Train2_active_count,-0.9650808960435873
CD del,cddel_9621,2024-12-11 19:00:00,baseline,control,9623,9624,Train2_passive_count,-0.8873031950009029
CD del,cddel_9621,2024-12-11 19:00:00,baseline,control,9623,9624,Train2_mean_duration,-0.1545958497411245
CD del,cddel_9621,2024-12-11 19:00:00,baseline,control,9623,9624,Train2_std_duration,-0.17637065546446046
CD del,cddel_9621,2024-12-11 19:00:00,baseline,control,9623,9624,WallJump_count,0.0
CD del,cddel_9621,2024-12-11 19:00:00,baseline,control,9623,9624,WallJump_mean_duration,-0.09723905816487038
CD del,cddel_9621,2024-12-11 19:00:00,baseline,control,9623,9624,WallJump_std_duration,-0.2581642389968908
CD del,cddel_9621,2024-12-11 19:00:00,baseline,control,9623,9624,isolated_count,-0.11833919513680602
CD del,cddel_9621,2024-12-11 19:00:00,baseline,control,9623,9624,isolated_mean_duration,-0.11190191541978756
CD del,cddel_9621,2024-12-11 19:00:00,baseline,control,9623,9624,isolated_std_duration,0.25695820802356506
CD del,cddel_9621,2024-12-11 19:00:00,baseline,control,9623,9624,seq_oral_geni___oral_oral_active_count,-0.00796816964917646
CD del,cddel_9621,2024-12-11 19:00:00,baseline,control,9623,9624,seq_oral_geni___oral_oral_passive_count,0.25593337413720096
CD del,cddel_9621,2024-12-11 19:00:00,baseline,control,9623,9624,seq_oral_geni___oral_oral_mean_duration,0.016840288124818636
CD del,cddel_9621,2024-12-11 19:00:00,baseline,control,9623,9624,seq_oral_geni___oral_oral_std_duration,0.09331669919128627
CD del,cddel_9621,2024-12-11 19:00:00,baseline,control,9623,9624,seq_oral_oral___oral_genital_active_count,0.08223809823697259
CD del,cddel_9621,2024-12-11 19:00:00,baseline,control,9623,9624,seq_oral_oral___oral_genital_passive_count,0.14953173397096364
CD del,cddel_9621,2024-12-11 19:00:00,baseline,control,9623,9624,seq_oral_oral___oral_genital_mean_duration,-0.030531043322661544
CD del,cddel_9621,2024-12-11 19:00:00,baseline,control,9623,9624,seq_oral_oral___oral_genital_std_duration,-0.10806195873521363
CD del,cddel_9621,2024-12-12 19:00:00,post_stress,control,9623,9624,Approach_active_count,-0.01556487921283356
CD del,cddel_9621,2024-12-12 19:00:00,post_stress,control,9623,9624,Approach_passive_count,-0.035674677752014716
CD del,cddel_9621,2024-12-12 19:00:00,post_stress,control,9623,9624,Approach_mean_duration,0.01581808716110089
CD del,cddel_9621,2024-12-12 19:00:00,post_stress,control,9623,9624,Approach_std_duration,-0.009078671897935209
CD del,cddel_9621,2024-12-12 19:00:00,post_stress,control,9623,9624,Approach_contact_active_count,-0.5150273106196908
CD del,cddel_9621,2024-12-12 19:00:00,post_stress,control,9623,9624,Approach_contact_passive_count,0.20131614826968836
CD del,cddel_9621,2024-12-12 19:00:00,post_stress,control,9623,9624,Approach_contact_mean_duration,0.04417017114788302
CD del,cddel_9621,2024-12-12 19:00:00,post_stress,control,9623,9624,Approach_contact_std_duration,0.06812809306282208
CD del,cddel_9621,2024-12-12 19:00:00,post_stress,control,9623,9624,Approach_rear_active_count,-0.08021871753054288
CD del,cddel_9621,2024-12-12 19:00:00,post_stress,control,9623,9624,Approach_rear_passive_count,-0.037938822262609584
CD del,cddel_9621,2024-12-12 19:00:00,post_stress,control,9623,9624,Approach_rear_mean_duration,-0.024423318864102095
CD del,cddel_9621,2024-12-12 19:00:00,post_stress,control,9623,9624,Approach_rear_std_duration,-0.08146506360618444
CD del,cddel_9621,2024-12-12 19:00:00,post_stress,control,9623,9624,Break_contact_active_count,-0.25272127879161044
CD del,cddel_9621,2024-12-12 19:00:00,post_stress,control,9623,9624,Break_contact_passive_count,0.11704692962388119
CD del,cddel_9621,2024-12-12 19:00:00,post_stress,control,9623,9624,Break_contact_mean_duration,-0.026285257419528918
CD del,cddel_9621,2024-12-12 19:00:00,post_stress,control,9623,9624,Break_contact_std_duration,-0.013816030022689385
CD del,cddel_9621,2024-12-12 19:00:00,post_stress,control,9623,9624,Center_Zone_count,-0.6003422212725571
CD del,cddel_9621,2024-12-12 19:00:00,post_stress,control,9623,9624,Center_Zone_mean_duration,0.7054564265546819
CD del,cddel_9621,2024-12-12 19:00:00,post_stress,control,9623,9624,Center_Zone_std_duration,0.9164048802419558
CD del,cddel_9621,2024-12-12 19:00:00,post_stress,control,9623,9624,Contact_active_count,-0.11705308439798578
CD del,cddel_9621,2024-12-12 19:00:00,post_stress,control,9623,9624,Contact_passive_count,-0.11705308439798578
CD del,cddel_9621,2024-12-12 19:00:00,post_stress,control,9623,9624,Contact_mean_duration,0.07448589801520722
CD del,cddel_9621,2024-12-12 19:00:00,post_stress,control,9623,9624,Contact_std_duration,-0.04215054947111163
CD del,cddel_9621,2024-12-12 19:00:00,post_stress,control,9623,9624,Get_away_active_count,-0.18737898002824238
CD del,cddel_9621,2024-12-12 19:00:00,post_stress,control,9623,9624,Get_away_passive_count,0.059727128327125456
CD del,cddel_9621,2024-12-12 19:00:00,post_stress,control,9623,9624,Get_away_mean_duration,0.003959334350832178
CD del,cddel_9621,2024-12-12 19:00:00,post_stress,control,9623,9624,Get_away_std_duration,0.021832875966626197
CD del,cddel_9621,2024-12-12 19:00:00,post_stress,control,9623,9624,Group_3_break_count,-0.16551443847757374
CD del,cddel_9621,2024-12-12 19:00:00,post_stress,control,9623,9624,Group_3_break_mean_duration,0.00137090162269915
CD del,cddel_9621,2024-12-12 19:00:00,post_stress,control,9623,9624,Group_3_break_std_duration,-0.15588974765375657
CD del,cddel_9621,2024-12-12 19:00:00,post_stress,control,9623,9624,Group_3_make_count,0.0
CD del,cddel_9621,2024-12-12 19:00:00,post_stress,control,9623,9624,Group_3_make_mean_duration,-0.09457080823644626
CD del,cddel_9621,2024-12-12 19:00:00,post_stress,control,9623,9624,Group_3_make_std_duration,-0.2103686166355272
CD del,cddel_9621,2024-12-12 19:00:00,post_stress,control,9623,9624,Group_4_break_count,0.44183275227903884
CD del,cddel_9621,2024-12-12 19:00:00,post_stress,control,9623,9624,Group_4_break_mean_duration,0.21796525321482663
CD del,cddel_9621,2024-12-12 19:00:00,post_stress,control,9623,9624,Group_4_break_std_duration,0.48841125186272644
CD del,cddel_9621,2024-12-12 19:00:00,post_stress,control,9623,9624,Group_4_make_count,0.8266785731844679
CD del,cddel_9621,2024-12-12 19:00:00,post_stress,control,9623,9624,Group_4_make_mean_duration,0.1433712600836406
CD del,cddel_9621,2024-12-12 19:00:00,post_stress,control,9623,9624,Group_4_make_std_duration,0.42993898566701694
CD del,cddel_9621,2024-12-12 19:00:00,post_stress,control,9623,9624,Group2_active_count,-0.1233869435527497
CD del,cddel_9621,2024-12-12 19:00:00,post_stress,control,9623,9624,Group2_passive_count,-0.1233869435527497
CD del,cddel_9621,2024-12-12 19:00:00,post_stress,control,9623,9624,Group2_mean_duration,0.15205607745530592
CD del,cddel_9621,2024-12-12 19:00:00,post_stress,control,9623,9624,Group2_std_duration,0.07411408833910782
CD del,cddel_9621,2024-12-12 19:00:00,post_stress,control,9623,9624,Huddling_count,0.23910053598696823
CD del,cddel_9621,2024-12-12 19:00:00,post_stress,control,9623,9624,Huddling_mean_duration,0.3417394502107929
CD del,cddel_9621,2024-12-12 19:00:00,post_stress,control,9623,9624,Huddling_std_duration,1.1388969966699607
CD del,cddel_9621,2024-12-12 19:00:00,post_stress,control,9623,9624,Move_in_contact_active_count,-0.11837619066517302
CD del,cddel_9621,2024-12-12 19:00:00,post_stress,control,9623,9624,Move_in_contact_passive_count,-0.025738511555339016
CD del,cddel_9621,2024-12-12 19:00:00,post_stress,control,9623,9624,Move_in_contact_mean_duration,-0.01651588351921429
CD del,cddel_9621,2024-12-12 19:00:00,post_stress,control,9623,9624,Move_in_contact_std_duration,-0.0767555128213866
CD del,cddel_9621,2024-12-12 19:00:00,post_stress,control,9623,9624,Move_isolated_count,-0.28160671962174355
CD del,cddel_9621,2024-12-12 19:00:00,post_stress,control,9623,9624,Move_isolated_mean_duration,0.0002485582463156444
CD del,cddel_9621,2024-12-12 19:00:00,post_stress,control,9623,9624,Move_isolated_std_duration,1.4578489094710942
CD del,cddel_9621,2024-12-12 19:00:00,post_stress,control,9623,9624,Oral_genital_Contact_active_count,-0.098884919274421
CD del,cddel_9621,2024-12-12 19:00:00,post_stress,control,9623,9624,Oral_genital_Contact_passive_count,-0.024886076911032617
CD del,cddel_9621,2024-12-12 19:00:00,post_stress,control,9623,9624,Oral_genital_Contact_mean_duration,0.012009535058522092
CD del,cddel_9621,2024-12-12 19:00:00,post_stress,control,9623,9624,Oral_genital_Contact_std_duration,-0.011313130107710068
CD del,cddel_9621,2024-12-12 19:00:00,post_stress,control,9623,9624,Oral_oral_Contact_active_count,-0.05563374279461186
CD del,cddel_9621,2024-12-12 19:00:00,post_stress,control,9623,9624,Oral_oral_Contact_passive_count,-0.05563374279461186
CD del,cddel_9621,2024-12-12 19:00:00,post_stress,control,9623,9624,Oral_oral_Contact_mean_duration,0.055756792923635445
CD del,cddel_9621,2024-12-12 19:00:00,post_stress,control,9623,9624,Oral_oral_Contact_std_duration,0.12702290481161604
CD del,cddel_9621,2024-12-12 19:00:00,post_stress,control,9623,9624,Periphery_Zone_count,-0.1929367048624151
CD del,cddel_9621,2024-12-12 19:00:00,post_stress,control,9623,9624,Periphery_Zone_mean_duration,0.16847537579503857
CD del,cddel_9621,2024-12-12 19:00:00,post_stress,control,9623,9624,Periphery_Zone_std_duration,0.18391046297124003
CD del,cddel_9621,2024-12-12 19:00:00,post_stress,control,9623,9624,Rear_at_periphery_count,-0.21728927484992244
CD del,cddel_9621,2024-12-12 19:00:00,post_stress,control,9623,9624,Rear_at_periphery_mean_duration,0.17792929550562908
CD del,cddel_9621,2024-12-12 19:00:00,post_stress,control,9623,9624,Rear_at_periphery_std_duration,0.01822554515850827
CD del,cddel_9621,2024-12-12 19:00:00,post_stress,control,9623,9624,Rear_in_centerWindow_count,-0.637577329405135
CD del,cddel_9621,2024-12-12 19:00:00,post_stress,control,9623,9624,Rear_in_centerWindow_mean_duration,-0.0168207158035657
CD del,cddel_9621,2024-12-12 19:00:00,post_stress,control,9623,9624,Rear_in_centerWindow_std_duration,-0.08429788000285432
CD del,cddel_9621,2024-12-12 19:00:00,post_stress,control,9623,9624,Rear_in_contact_count,-0.14055696030493614
CD del,cddel_9621,2024-12-12 19:00:00,post_stress,control,9623,9624,Rear_in_contact_mean_duration,-0.0071045535429639095
CD del,cddel_9621,2024-12-12 19:00:00,post_stress,control,9623,9624,Rear_in_contact_std_duration,-0.12680052098838757
CD del,cddel_9621,2024-12-12 19:00:00,post_stress,control,9623,9624,Rear_isolated_count,-0.23270468455819238
CD del,cddel_9621,2024-12-12 19:00:00,post_stress,control,9623,9624,Rear_isolated_mean_duration,0.15962107331420794
CD del,cddel_9621,2024-12-12 19:00:00,post_stress,control,9623,9624,Rear_isolated_std_duration,0.022583107112665646
CD del,cddel_9621,2024-12-12 19:00:00,post_stress,control,9623,9624,Rearing_count,-0.0884440419911261
CD del,cddel_9621,2024-12-12 19:00:00,post_stress,control,9623,9624,Rearing_mean_duration,0.0882093175454779
CD del,cddel_9621,2024-12-12 19:00:00,post_stress,control,9623,9624,Rearing_std_duration,0.04993602853819468
CD del,cddel_9621,2024-12-12 19:00:00,post_stress,control,9623,9624,SAP_count,-0.13532119125284847
CD del,cddel_9621,2024-12-12 19:00:00,post_stress,control,9623,9624,SAP_mean_duration,0.09242770134176803
CD del,cddel_9621,2024-12-12 19:00:00,post_stress,control,9623,9624,SAP_std_duration,-0.0646622537912589
CD del,cddel_9621,2024-12-12 19:00:00,post_stress,control,9623,9624,Side_by_side_Contact_active_count,-0.03694833055848257
CD del,cddel_9621,2024-12-12 19:00:00,post_stress,control,9623,9624,Side_by_side_Contact_passive_count,-0.03694833055848257
CD del,cddel_9621,2024-12-12 19:00:00,post_stress,control,9623,9624,Side_by_side_Contact_mean_duration,0.03143831813705922
CD del,cddel_9621,2024-12-12 19:00:00,post_stress,control,9623,9624,Side_by_side_Contact_std_duration,0.09859057807439542
CD del,cddel_9621,2024-12-12 19:00:00,post_stress,control,9623,9624,Side_by_side_Contact_opposite_way_active_count,-0.043300882020278486
CD del,cddel_9621,2024-12-12 19:00:00,post_stress,control,9623,9624,Side_by_side_Contact_opposite_way_passive_count,-0.043300882020278486
CD del,cddel_9621,2024-12-12 19:00:00,post_stress,control,9623,9624,Side_by_side_Contact_opposite_way_mean_duration,0.018095627050844998
CD del,cddel_9621,2024-12-12 19:00:00,post_stress,control,9623,9624,Side_by_side_Contact_opposite_way_std_duration,0.03704834688576031
CD del,cddel_9621,2024-12-12 19:00:00,post_stress,control,9623,9624,Social_approach_active_count,-0.07864069789686567
CD del,cddel_9621,2024-12-12 19:00:00,post_stress,control,9623,9624,Social_approach_passive_count,-0.03420144671466652
CD del,cddel_9621,2024-12-12 19:00:00,post_stress,control,9623,9624,Social_approach_mean_duration,0.04046064345264755
CD del,cddel_9621,2024-12-12 19:00:00,post_stress,control,9623,9624,Social_approach_std_duration,0.05390282136647606
CD del,cddel_9621,2024-12-12 19:00:00,post_stress,control,9623,9624,Social_escape_active_count,-0.13096155349073335
CD del,cddel_9621,2024-12-12 19:00:00,post_stress,control,9623,9624,Social_escape_passive_count,-0.01594406577621399
CD del,cddel_9621,2024-12-12 19:00:00,post_stress,control,9623,9624,Social_escape_mean_duration,0.013285861111155484
CD del,cddel_9621,2024-12-12 19:00:00,post_stress,control,9623,9624,Social_escape_std_duration,-0.011659926854157288
CD del,cddel_9621,2024-12-12 19:00:00,post_stress,control,9623,9624,Stop_count,-0.570178915550624
CD del,cddel_9621,2024-12-12 19:00:00,post_stress,control,9623,9624,Stop_mean_duration,0.5707991398038956
CD del,cddel_9621,2024-12-12 19:00:00,post_stress,control,9623,9624,Stop_std_duration,0.35587141385871046
CD del,cddel_9621,2024-12-12 19:00:00,post_stress,control,9623,9624,Stop_in_contact_active_count,-0.11607217125275415
CD del,cddel_9621,2024-12-12 19:00:00,post_stress,control,9623,9624,Stop_in_contact_passive_count,-0.11358902287952422
CD del,cddel_9621,2024-12-12 19:00:00,post_stress,control,9623,9624,Stop_in_contact_mean_duration,0.0770239078556787
CD del,cddel_9621,2024-12-12 19:00:00,post_stress,control,9623,9624,Stop_in_contact_std_duration,-0.007928792657177386
CD del,cddel_9621,2024-12-12 19:00:00,post_stress,control,9623,9624,Stop_isolated_count,-0.25703451251813814
CD del,cddel_9621,2024-12-12 19:00:00,post_stress,control,9623,9624,Stop_isolated_mean_duration,0.275633433977585
CD del,cddel_9621,2024-12-12 19:00:00,post_stress,control,9623,9624,Stop_isolated_std_duration,-0.2882017659817331
CD del,cddel_9621,2024-12-12 19:00:00,post_stress,control,9623,9624,Train2_active_count,-0.13353139262452252
CD del,cddel_9621,2024-12-12 19:00:00,post_stress,control,9623,9624,Train2_passive_count,-0.4054651081081646
CD del,cddel_9621,2024-12-12 19:00:00,post_stress,control,9623,9624,Train2_mean_duration,0.010506663255583082
CD del,cddel_9621,2024-12-12 19:00:00,post_stress,control,9623,9624,Train2_std_duration,0.01507063142670384
CD del,cddel_9621,2024-12-12 19:00:00,post_stress,control,9623,9624,WallJump_count,2.883403088580071
CD del,cddel_9621,2024-12-12 19:00:00,post_stress,control,9623,9624,WallJump_mean_duration,0.504622958283833
CD del,cddel_9621,2024-12-12 19:00:00,post_stress,control,9623,9624,WallJump_std_duration,0.7461878631096917
CD del,cddel_9621,2024-12-12 19:00:00,post_stress,control,9623,9624,isolated_count,0.3239126689456624
CD del,cddel_9621,2024-12-12 19:00:00,post_stress,control,9623,9624,isolated_mean_duration,0.12985052388129859
CD del,cddel_9621,2024-12-12 19:00:00,post_stress,control,9623,9624,isolated_std_duration,0.1804095400382728
CD del,cddel_9621,2024-12-12 19:00:00,post_stress,control,9623,9624,seq_oral_geni___oral_oral_active_count,-0.05715841383994924
CD del,cddel_9621,2024-12-12 19:00:00,post_stress,control,9623,9624,seq_oral_geni___oral_oral_passive_count,-0.14378789279171134
CD del,cddel_9621,2024-12-12 19:00:00,post_stress,control,9623,9624,seq_oral_geni___oral_oral_mean_duration,0.0439468595379211
CD del,cddel_9621,2024-12-12 19:00:00,post_stress,control,9623,9624,seq_oral_geni___oral_oral_std_duration,0.08323518231519134
CD del,cddel_9621,2024-12-12 19:00:00,post_stress,control,9623,9624,seq_oral_oral___oral_genital_active_count,-0.11211729812070548
CD del,cddel_9621,2024-12-12 19:00:00,post_stress,control,9623,9624,seq_oral_oral___oral_genital_passive_count,-0.14014663174324138
CD del,cddel_9621,2024-12-12 19:00:00,post_stress,control,9623,9624,seq_oral_oral___oral_genital_mean_duration,0.08805103490547395
CD del,cddel_9621,2024-12-12 19:00:00,post_stress,control,9623,9624,seq_oral_oral___oral_genital_std_duration,0.01634923952702061
CD del,cddel_9621,2024-12-13 19:00:00,post_stress,control,9623,9624,Approach_active_count,-0.009826423837218101
CD del,cddel_9621,2024-12-13 19:00:00,post_stress,control,9623,9624,Approach_passive_count,-0.03840919757021943
CD del,cddel_9621,2024-12-13 19:00:00,post_stress,control,9623,9624,Approach_mean_duration,0.033758100842626204
CD del,cddel_9621,2024-12-13 19:00:00,post_stress,control,9623,9624,Approach_std_duration,0.020087403896121625
CD del,cddel_9621,2024-12-13 19:00:00,post_stress,control,9623,9624,Approach_contact_active_count,-0.4473975969124462
CD del,cddel_9621,2024-12-13 19:00:00,post_stress,control,9623,9624,Approach_contact_passive_count,0.1515700332337664
CD del,cddel_9621,2024-12-13 19:00:00,post_stress,control,9623,9624,Approach_contact_mean_duration,0.008941572799767039
CD del,cddel_9621,2024-12-13 19:00:00,post_stress,control,9623,9624,Approach_contact_std_duration,0.030747353597281424
CD del,cddel_9621,2024-12-13 19:00:00,post_stress,control,9623,9624,Approach_rear_active_count,-0.05410009492040402
CD del,cddel_9621,2024-12-13 19:00:00,post_stress,control,9623,9624,Approach_rear_passive_count,-0.013874761325807228
CD del,cddel_9621,2024-12-13 19:00:00,post_stress,control,9623,9624,Approach_rear_mean_duration,0.028986157315918692
CD del,cddel_9621,2024-12-13 19:00:00,post_stress,control,9623,9624,Approach_rear_std_duration,0.14143324992837125
CD del,cddel_9621,2024-12-13 19:00:00,post_stress,control,9623,9624,Break_contact_active_count,-0.2199902834122538
CD del,cddel_9621,2024-12-13 19:00:00,post_stress,control,9623,9624,Break_contact_passive_count,0.049875565627808705
CD del,cddel_9621,2024-12-13 19:00:00,post_stress,control,9623,9624,Break_contact_mean_duration,-0.012643358520425418
CD del,cddel_9621,2024-12-13 19:00:00,post_stress,control,9623,9624,Break_contact_std_duration,0.01608789540990363
CD del,cddel_9621,2024-12-13 19:00:00,post_stress,control,9623,9624,Center_Zone_count,-0.8520882887098358
CD del,cddel_9621,2024-12-13 19:00:00,post_stress,control,9623,9624,Center_Zone_mean_duration,0.7012630376622377
CD del,cddel_9621,2024-12-13 19:00:00,post_stress,control,9623,9624,Center_Zone_std_duration,0.8645375349354862
CD del,cddel_9621,2024-12-13 19:00:00,post_stress,control,9623,9624,Contact_active_count,-0.09378073775242601
CD del,cddel_9621,2024-12-13 19:00:00,post_stress,control,9623,9624,Contact_passive_count,-0.09378073775242601
CD del,cddel_9621,2024-12-13 19:00:00,post_stress,control,9623,9624,Contact_mean_duration,0.07485923861627297
CD del,cddel_9621,2024-12-13 19:00:00,post_stress,control,9623,9624,Contact_std_duration,0.06405157615861468
CD del,cddel_9621,2024-12-13 19:00:00,post_stress,control,9623,9624,Get_away_active_count,-0.08064521028178895
CD del,cddel_9621,2024-12-13 19:00:00,post_stress,control,9623,9624,Get_away_passive_count,0.035541655707897135
CD del,cddel_9621,2024-12-13 19:00:00,post_stress,control,9623,9624,Get_away_mean_duration,0.001508110757439729
CD del,cddel_9621,2024-12-13 19:00:00,post_stress,control,9623,9624,Get_away_std_duration,0.0030225398853132024
CD del,cddel_9621,2024-12-13 19:00:00,post_stress,control,9623,9624,Group_3_break_count,-0.42985656123232374
CD del,cddel_9621,2024-12-13 19:00:00,post_stress,control,9623,9624,Group_3_break_mean_duration,-0.0361665394372202
CD del,cddel_9621,2024-12-13 19:00:00,post_stress,control,9623,9624,Group_3_break_std_duration,-0.03685496969816637
CD del,cddel_9621,2024-12-13 19:00:00,post_stress,control,9623,9624,Group_3_make_count,-0.30228087187293395
CD del,cddel_9621,2024-12-13 19:00:00,post_stress,control,9623,9624,Group_3_make_mean_duration,-0.007718155037844898
CD del,cddel_9621,2024-12-13 19:00:00,post_stress,control,9623,9624,Group_3_make_std_duration,0.10819676323199046
CD del,cddel_9621,2024-12-13 19:00:00,post_stress,control,9623,9624,Group_4_break_count,0.25131442828090633
CD del,cddel_9621,2024-12-13 19:00:00,post_stress,control,9623,9624,Group_4_break_mean_duration,0.06856652315391054
CD del,cddel_9621,2024-12-13 19:00:00,post_stress,control,9623,9624,Group_4_break_std_duration,-0.21714601736200023
CD del,cddel_9621,2024-12-13 19:00:00,post_stress,control,9623,9624,Group_4_make_count,-0.10536051565782634
CD del,cddel_9621,2024-12-13 19:00:00,post_stress,control,9623,9624,Group_4_make_mean_duration,0.15059278296557244
CD del,cddel_9621,2024-12-13 19:00:00,post_stress,control,9623,9624,Group_4_make_std_duration,0.12080897458518003
CD del,cddel_9621,2024-12-13 19:00:00,post_stress,control,9623,9624,Group2_active_count,-0.06904303325867556
CD del,cddel_9621,2024-12-13 19:00:00,post_stress,control,9623,9624,Group2_passive_count,-0.06904303325867556
CD del,cddel_9621,2024-12-13 19:00:00,post_stress,control,9623,9624,Group2_mean_duration,0.06897800905345575
CD del,cddel_9621,2024-12-13 19:00:00,post_stress,control,9623,9624,Group2_std_duration,0.07065040995049943
CD del,cddel_9621,2024-12-13 19:00:00,post_stress,control,9623,9624,Huddling_count,0.0951589053164783
CD del,cddel_9621,2024-12-13 19:00:00,post_stress,control,9623,9624,Huddling_mean_duration,0.007287319025993666
CD del,cddel_9621,2024-12-13 19:00:00,post_stress,control,9623,9624,Huddling_std_duration,-0.05724685613924163
CD del,cddel_9621,2024-12-13 19:00:00,post_stress,control,9623,9624,Move_in_contact_active_count,-0.07289349544384471
CD del,cddel_9621,2024-12-13 19:00:00,post_stress,control,9623,9624,Move_in_contact_passive_count,-0.030844055109707114
CD del,cddel_9621,2024-12-13 19:00:00,post_stress,control,9623,9624,Move_in_contact_mean_duration,-0.003415990785049172
CD del,cddel_9621,2024-12-13 19:00:00,post_stress,control,9623,9624,Move_in_contact_std_duration,-0.01964124169563175
CD del,cddel_9621,2024-12-13 19:00:00,post_stress,control,9623,9624,Move_isolated_count,-0.1547353896816599
CD del,cddel_9621,2024-12-13 19:00:00,post_stress,control,9623,9624,Move_isolated_mean_duration,-0.13350620310058892
CD del,cddel_9621,2024-12-13 19:00:00,post_stress,control,9623,9624,Move_isolated_std_duration,-0.18959545395145572
CD del,cddel_9621,2024-12-13 19:00:00,post_stress,control,9623,9624,Oral_genital_Contact_active_count,-0.05256233009085509
CD del,cddel_9621,2024-12-13 19:00:00,post_stress,control,9623,9624,Oral_genital_Contact_passive_count,0.035184260933136535
CD del,cddel_9621,2024-12-13 19:00:00,post_stress,control,9623,9624,Oral_genital_Contact_mean_duration,0.02201010399119996
CD del,cddel_9621,2024-12-13 19:00:00,post_stress,control,9623,9624,Oral_genital_Contact_std_duration,0.10139461686272444
CD del,cddel_9621,2024-12-13 19:00:00,post_stress,control,9623,9624,Oral_oral_Contact_active_count,-0.09067572700412097
CD del,cddel_9621,2024-12-13 19:00:00,post_stress,control,9623,9624,Oral_oral_Contact_passive_count,-0.09067572700412097
CD del,cddel_9621,2024-12-13 19:00:00,post_stress,control,9623,9624,Oral_oral_Contact_mean_duration,0.016416337765527977
CD del,cddel_9621,2024-12-13 19:00:00,post_stress,control,9623,9624,Oral_oral_Contact_std_duration,0.028077589512696566
CD del,cddel_9621,2024-12-13 19:00:00,post_stress,control,9623,9624,Periphery_Zone_count,-0.2988214281424879
CD del,cddel_9621,2024-12-13 19:00:00,post_stress,control,9623,9624,Periphery_Zone_mean_duration,0.34101978627041785
CD del,cddel_9621,2024-12-13 19:00:00,post_stress,control,9623,9624,Periphery_Zone_std_duration,0.44078428795245106
CD del,cddel_9621,2024-12-13 19:00:00,post_stress,control,9623,9624,Rear_at_periphery_count,-0.08640143491521535
CD del,cddel_9621,2024-12-13 19:00:00,post_stress,control,9623,9624,Rear_at_periphery_mean_duration,0.14951376939571448
CD del,cddel_9621,2024-12-13 19:00:00,post_stress,control,9623,9624,Rear_at_periphery_std_duration,0.38815147075151124
CD del,cddel_9621,2024-12-13 19:00:00,post_stress,control,9623,9624,Rear_in_centerWindow_count,-0.9098182173685379
CD del,cddel_9621,2024-12-13 19:00:00,post_stress,control,9623,9624,Rear_in_centerWindow_mean_duration,0.05423737817966434
CD del,cddel_9621,2024-12-13 19:00:00,post_stress,control,9623,9624,Rear_in_centerWindow_std_duration,0.10581015234207669
CD del,cddel_9621,2024-12-13 19:00:00,post_stress,control,9623,9624,Rear_in_contact_count,-0.050233775081069076
CD del,cddel_9621,2024-12-13 19:00:00,post_stress,control,9623,9624,Rear_in_contact_mean_duration,0.09720809924491935
CD del,cddel_9621,2024-12-13 19:00:00,post_stress,control,9623,9624,Rear_in_contact_std_duration,0.2758898085046664
CD del,cddel_9621,2024-12-13 19:00:00,post_stress,control,9623,9624,Rear_isolated_count,-0.1104184573941751
CD del,cddel_9621,2024-12-13 19:00:00,post_stress,control,9623,9624,Rear_isolated_mean_duration,0.13298529615275034
CD del,cddel_9621,2024-12-13 19:00:00,post_stress,control,9623,9624,Rear_isolated_std_duration,0.3883967853901138
CD del,cddel_9621,2024-12-13 19:00:00,post_stress,control,9623,9624,Rearing_count,0.06486063420204058
CD del,cddel_9621,2024-12-13 19:00:00,post_stress,control,9623,9624,Rearing_mean_duration,-0.04720718637011867
CD del,cddel_9621,2024-12-13 19:00:00,post_stress,control,9623,9624,Rearing_std_duration,-0.09723610013269113
CD del,cddel_9621,2024-12-13 19:00:00,post_stress,control,9623,9624,SAP_count,0.16694573643184452
CD del,cddel_9621,2024-12-13 19:00:00,post_stress,control,9623,9624,SAP_mean_duration,-0.01711460254176167
CD del,cddel_9621,2024-12-13 19:00:00,post_stress,control,9623,9624,SAP_std_duration,0.4656429365803709
CD del,cddel_9621,2024-12-13 19:00:00,post_stress,control,9623,9624,Side_by_side_Contact_active_count,-0.039760020666371076
CD del,cddel_9621,2024-12-13 19:00:00,post_stress,control,9623,9624,Side_by_side_Contact_passive_count,-0.039760020666371076
CD del,cddel_9621,2024-12-13 19:00:00,post_stress,control,9623,9624,Side_by_side_Contact_mean_duration,-0.025192251784303732
CD del,cddel_9621,2024-12-13 19:00:00,post_stress,control,9623,9624,Side_by_side_Contact_std_duration,-0.05389693479631341
CD del,cddel_9621,2024-12-13 19:00:00,post_stress,control,9623,9624,Side_by_side_Contact_opposite_way_active_count,-0.041528458696582504
CD del,cddel_9621,2024-12-13 19:00:00,post_stress,control,9623,9624,Side_by_side_Contact_opposite_way_passive_count,-0.041528458696582504
CD del,cddel_9621,2024-12-13 19:00:00,post_stress,control,9623,9624,Side_by_side_Contact_opposite_way_mean_duration,0.024944007933973555
CD del,cddel_9621,2024-12-13 19:00:00,post_stress,control,9623,9624,Side_by_side_Contact_opposite_way_std_duration,0.017584982544189165
CD del,cddel_9621,2024-12-13 19:00:00,post_stress,control,9623,9624,Social_approach_active_count,-0.06016662751809143
CD del,cddel_9621,2024-12-13 19:00:00,post_stress,control,9623,9624,Social_approach_passive_count,-0.06062462181643369
CD del,cddel_9621,2024-12-13 19:00:00,post_stress,control,9623,9624,Social_approach_mean_duration,0.0371934755302159
CD del,cddel_9621,2024-12-13 19:00:00,post_stress,control,9623,9624,Social_approach_std_duration,0.01725996653626094
CD del,cddel_9621,2024-12-13 19:00:00,post_stress,control,9623,9624,Social_escape_active_count,-0.058208753526642454
CD del,cddel_9621,2024-12-13 19:00:00,post_stress,control,9623,9624,Social_escape_passive_count,-0.03986364940964826
CD del,cddel_9621,2024-12-13 19:00:00,post_stress,control,9623,9624,Social_escape_mean_duration,0.024602411125683066
CD del,cddel_9621,2024-12-13 19:00:00,post_stress,control,9623,9624,Social_escape_std_duration,0.0239437563320557
CD del,cddel_9621,2024-12-13 19:00:00,post_stress,control,9623,9624,Stop_count,-0.5570417839402504
CD del,cddel_9621,2024-12-13 19:00:00,post_stress,control,9623,9624,Stop_mean_duration,0.6178484816908951
CD del,cddel_9621,2024-12-13 19:00:00,post_stress,control,9623,9624,Stop_std_duration,0.5440691086952505
CD del,cddel_9621,2024-12-13 19:00:00,post_stress,control,9623,9624,Stop_in_contact_active_count,-0.079555734203967
CD del,cddel_9621,2024-12-13 19:00:00,post_stress,control,9623,9624,Stop_in_contact_passive_count,-0.09935097806756854
CD del,cddel_9621,2024-12-13 19:00:00,post_stress,control,9623,9624,Stop_in_contact_mean_duration,0.0756092143583027
CD del,cddel_9621,2024-12-13 19:00:00,post_stress,control,9623,9624,Stop_in_contact_std_duration,0.04388170136727121
CD del,cddel_9621,2024-12-13 19:00:00,post_stress,control,9623,9624,Stop_isolated_count,-0.24459848631546866
CD del,cddel_9621,2024-12-13 19:00:00,post_stress,control,9623,9624,Stop_isolated_mean_duration,0.3642609115626829
CD del,cddel_9621,2024-12-13 19:00:00,post_stress,control,9623,9624,Stop_isolated_std_duration,0.5476945788677474
CD del,cddel_9621,2024-12-13 19:00:00,post_stress,control,9623,9624,Train2_active_count,0.0
CD del,cddel_9621,2024-12-13 19:00:00,post_stress,control,9623,9624,Train2_passive_count,-1.0414538748281612
CD del,cddel_9621,2024-12-13 19:00:00,post_stress,control,9623,9624,Train2_mean_duration,0.01736118527956121
CD del,cddel_9621,2024-12-13 19:00:00,post_stress,control,9623,9624,Train2_std_duration,0.03281883183926998
CD del,cddel_9621,2024-12-13 19:00:00,post_stress,control,9623,9624,WallJump_count,-0.33647223662121295
CD del,cddel_9621,2024-12-13 19:00:00,post_stress,control,9623,9624,WallJump_mean_duration,-0.02699298401875494
CD del,cddel_9621,2024-12-13 19:00:00,post_stress,control,9623,9624,WallJump_std_duration,0.1426161937351813
CD del,cddel_9621,2024-12-13 19:00:00,post_stress,control,9623,9624,isolated_count,0.2799252463702713
CD del,cddel_9621,2024-12-13 19:00:00,post_stress,control,9623,9624,isolated_mean_duration,-0.12455231095058261
CD del,cddel_9621,2024-12-13 19:00:00,post_stress,control,9623,9624,isolated_std_duration,0.13375479507957344
CD del,cddel_9621,2024-12-13 19:00:00,post_stress,control,9623,9624,seq_oral_geni___oral_oral_active_count,0.041385216162853844
CD del,cddel_9621,2024-12-13 19:00:00,post_stress,control,9623,9624,seq_oral_geni___oral_oral_passive_count,0.050920090427257314
CD del,cddel_9621,2024-12-13 19:00:00,post_stress,control,9623,9624,seq_oral_geni___oral_oral_mean_duration,-0.047743516060866575
CD del,cddel_9621,2024-12-13 19:00:00,post_stress,control,9623,9624,seq_oral_geni___oral_oral_std_duration,-0.04255791519565788
CD del,cddel_9621,2024-12-13 19:00:00,post_stress,control,9623,9624,seq_oral_oral___oral_genital_active_count,-0.020906684819313348
CD del,cddel_9621,2024-12-13 19:00:00,post_stress,control,9623,9624,seq_oral_oral___oral_genital_passive_count,-0.01459879942115272
CD del,cddel_9621,2024-12-13 19:00:00,post_stress,control,9623,9624,seq_oral_oral___oral_genital_mean_duration,-0.0032820780613838085
CD del,cddel_9621,2024-12-13 19:00:00,post_stress,control,9623,9624,seq_oral_oral___oral_genital_std_duration,0.04397492321979701
CD del,cddel_9621,2024-12-14 19:00:00,post_stress,control,9623,9624,Approach_active_count,-0.05548620584946207
CD del,cddel_9621,2024-12-14 19:00:00,post_stress,control,9623,9624,Approach_passive_count,-0.007776852211453189
CD del,cddel_9621,2024-12-14 19:00:00,post_stress,control,9623,9624,Approach_mean_duration,0.052005838609872956
CD del,cddel_9621,2024-12-14 19:00:00,post_stress,control,9623,9624,Approach_std_duration,0.04570000735336155
CD del,cddel_9621,2024-12-14 19:00:00,post_stress,control,9623,9624,Approach_contact_active_count,-0.4319106297727231
CD del,cddel_9621,2024-12-14 19:00:00,post_stress,control,9623,9624,Approach_contact_passive_count,0.1148335764864239
CD del,cddel_9621,2024-12-14 19:00:00,post_stress,control,9623,9624,Approach_contact_mean_duration,0.020828464324487483
CD del,cddel_9621,2024-12-14 19:00:00,post_stress,control,9623,9624,Approach_contact_std_duration,0.022222681212911155
CD del,cddel_9621,2024-12-14 19:00:00,post_stress,control,9623,9624,Approach_rear_active_count,0.006164211168965039
CD del,cddel_9621,2024-12-14 19:00:00,post_stress,control,9623,9624,Approach_rear_passive_count,-0.024567097455173936
CD del,cddel_9621,2024-12-14 19:00:00,post_stress,control,9623,9624,Approach_rear_mean_duration,-0.012662236430744711
CD del,cddel_9621,2024-12-14 19:00:00,post_stress,control,9623,9624,Approach_rear_std_duration,-0.12984338167743048
CD del,cddel_9621,2024-12-14 19:00:00,post_stress,control,9623,9624,Break_contact_active_count,-0.2089185603828625
CD del,cddel_9621,2024-12-14 19:00:00,post_stress,control,9623,9624,Break_contact_passive_count,0.008991711191963958
CD del,cddel_9621,2024-12-14 19:00:00,post_stress,control,9623,9624,Break_contact_mean_duration,-0.0011775692210603816
CD del,cddel_9621,2024-12-14 19:00:00,post_stress,control,9623,9624,Break_contact_std_duration,0.020124162667181977
CD del,cddel_9621,2024-12-14 19:00:00,post_stress,control,9623,9624,Center_Zone_count,-0.7722338652161156
CD del,cddel_9621,2024-12-14 19:00:00,post_stress,control,9623,9624,Center_Zone_mean_duration,0.3056994270892357
CD del,cddel_9621,2024-12-14 19:00:00,post_stress,control,9623,9624,Center_Zone_std_duration,0.25774329990001643
CD del,cddel_9621,2024-12-14 19:00:00,post_stress,control,9623,9624,Contact_active_count,-0.1574293712889565
CD del,cddel_9621,2024-12-14 19:00:00,post_stress,control,9623,9624,Contact_passive_count,-0.1574293712889565
CD del,cddel_9621,2024-12-14 19:00:00,post_stress,control,9623,9624,Contact_mean_duration,0.16904891114285014
CD del,cddel_9621,2024-12-14 19:00:00,post_stress,control,9623,9624,Contact_std_duration,0.09543830514033402
CD del,cddel_9621,2024-12-14 19:00:00,post_stress,control,9623,9624,Get_away_active_count,-0.09020195522698415
CD del,cddel_9621,2024-12-14 19:00:00,post_stress,control,9623,9624,Get_away_passive_count,0.03791416652453172
CD del,cddel_9621,2024-12-14 19:00:00,post_stress,control,9623,9624,Get_away_mean_duration,0.004095366611856166
CD del,cddel_9621,2024-12-14 19:00:00,post_stress,control,9623,9624,Get_away_std_duration,-0.004473271796944012
CD del,cddel_9621,2024-12-14 19:00:00,post_stress,control,9623,9624,Group_3_break_count,-0.18571714579509324
CD del,cddel_9621,2024-12-14 19:00:00,post_stress,control,9623,9624,Group_3_break_mean_duration,0.28009060238065164
CD del,cddel_9621,2024-12-14 19:00:00,post_stress,control,9623,9624,Group_3_break_std_duration,0.7327171183710601
CD del,cddel_9621,2024-12-14 19:00:00,post_stress,control,9623,9624,Group_3_make_count,-0.13657553500575048
CD del,cddel_9621,2024-12-14 19:00:00,post_stress,control,9623,9624,Group_3_make_mean_duration,0.3415840094511272
CD del,cddel_9621,2024-12-14 19:00:00,post_stress,control,9623,9624,Group_3_make_std_duration,0.8897138180588755
CD del,cddel_9621,2024-12-14 19:00:00,post_stress,control,9623,9624,Group_4_break_count,0.0
CD del,cddel_9621,2024-12-14 19:00:00,post_stress,control,9623,9624,Group_4_break_mean_duration,0.6432694687031145
CD del,cddel_9621,2024-12-14 19:00:00,post_stress,control,9623,9624,Group_4_break_std_duration,0.6814796731893293
CD del,cddel_9621,2024-12-14 19:00:00,post_stress,control,9623,9624,Group_4_make_count,0.6061358035703157
CD del,cddel_9621,2024-12-14 19:00:00,post_stress,control,9623,9624,Group_4_make_mean_duration,0.3507546759068558
CD del,cddel_9621,2024-12-14 19:00:00,post_stress,control,9623,9624,Group_4_make_std_duration,0.6409351700650572
CD del,cddel_9621,2024-12-14 19:00:00,post_stress,control,9623,9624,Group2_active_count,-0.18096862626349708
CD del,cddel_9621,2024-12-14 19:00:00,post_stress,control,9623,9624,Group2_passive_count,-0.18096862626349708
CD del,cddel_9621,2024-12-14 19:00:00,post_stress,control,9623,9624,Group2_mean_duration,0.1412362868898016
CD del,cddel_9621,2024-12-14 19:00:00,post_stress,control,9623,9624,Group2_std_duration,-0.01057143909626479
CD del,cddel_9621,2024-12-14 19:00:00,post_stress,control,9623,9624,Huddling_count,-0.11997251021525202
CD del,cddel_9621,2024-12-14 19:00:00,post_stress,control,9623,9624,Huddling_mean_duration,-0.019899726351146008
CD del,cddel_9621,2024-12-14 19:00:00,post_stress,control,9623,9624,Huddling_std_duration,-0.21321631961170273
CD del,cddel_9621,2024-12-14 19:00:00,post_stress,control,9623,9624,Move_in_contact_active_count,-0.06894398248941158
CD del,cddel_9621,2024-12-14 19:00:00,post_stress,control,9623,9624,Move_in_contact_passive_count,-0.0009334889826071446
CD del,cddel_9621,2024-12-14 19:00:00,post_stress,control,9623,9624,Move_in_contact_mean_duration,-0.007985052563449946
CD del,cddel_9621,2024-12-14 19:00:00,post_stress,control,9623,9624,Move_in_contact_std_duration,-0.03454677434824238
CD del,cddel_9621,2024-12-14 19:00:00,post_stress,control,9623,9624,Move_isolated_count,-0.20529940968377947
CD del,cddel_9621,2024-12-14 19:00:00,post_stress,control,9623,9624,Move_isolated_mean_duration,-0.12549986444487393
CD del,cddel_9621,2024-12-14 19:00:00,post_stress,control,9623,9624,Move_isolated_std_duration,-0.2633134153465222
CD del,cddel_9621,2024-12-14 19:00:00,post_stress,control,9623,9624,Oral_genital_Contact_active_count,-0.04389205965257492
CD del,cddel_9621,2024-12-14 19:00:00,post_stress,control,9623,9624,Oral_genital_Contact_passive_count,0.061589852602498496
CD del,cddel_9621,2024-12-14 19:00:00,post_stress,control,9623,9624,Oral_genital_Contact_mean_duration,0.013625164491701813
CD del,cddel_9621,2024-12-14 19:00:00,post_stress,control,9623,9624,Oral_genital_Contact_std_duration,-0.12212837166799262
CD del,cddel_9621,2024-12-14 19:00:00,post_stress,control,9623,9624,Oral_oral_Contact_active_count,0.0029826037023834573
CD del,cddel_9621,2024-12-14 19:00:00,post_stress,control,9623,9624,Oral_oral_Contact_passive_count,0.0029826037023834573
CD del,cddel_9621,2024-12-14 19:00:00,post_stress,control,9623,9624,Oral_oral_Contact_mean_duration,0.0337333511844774
CD del,cddel_9621,2024-12-14 19:00:00,post_stress,control,9623,9624,Oral_oral_Contact_std_duration,0.0817785556486581
CD del,cddel_9621,2024-12-14 19:00:00,post_stress,control,9623,9624,Periphery_Zone_count,-0.5662691724261597
CD del,cddel_9621,2024-12-14 19:00:00,post_stress,control,9623,9624,Periphery_Zone_mean_duration,0.6119310771138591
CD del,cddel_9621,2024-12-14 19:00:00,post_stress,control,9623,9624,Periphery_Zone_std_duration,0.4181315646625432
CD del,cddel_9621,2024-12-14 19:00:00,post_stress,control,9623,9624,Rear_at_periphery_count,0.025025367566940737
CD del,cddel_9621,2024-12-14 19:00:00,post_stress,control,9623,9624,Rear_at_periphery_mean_duration,0.14146987823181745
CD del,cddel_9621,2024-12-14 19:00:00,post_stress,control,9623,9624,Rear_at_periphery_std_duration,0.10210779100600309
CD del,cddel_9621,2024-12-14 19:00:00,post_stress,control,9623,9624,Rear_in_centerWindow_count,-0.5831462853456162
CD del,cddel_9621,2024-12-14 19:00:00,post_stress,control,9623,9624,Rear_in_centerWindow_mean_duration,0.004411085929592495
CD del,cddel_9621,2024-12-14 19:00:00,post_stress,control,9623,9624,Rear_in_centerWindow_std_duration,0.012020516852372709
CD del,cddel_9621,2024-12-14 19:00:00,post_stress,control,9623,9624,Rear_in_contact_count,-0.1303070218414213
CD del,cddel_9621,2024-12-14 19:00:00,post_stress,control,9623,9624,Rear_in_contact_mean_duration,0.04206921824888066
CD del,cddel_9621,2024-12-14 19:00:00,post_stress,control,9623,9624,Rear_in_contact_std_duration,0.048170586997229314
CD del,cddel_9621,2024-12-14 19:00:00,post_stress,control,9623,9624,Rear_isolated_count,-0.004543397184026965
CD del,cddel_9621,2024-12-14 19:00:00,post_stress,control,9623,9624,Rear_isolated_mean_duration,0.1311121338357465
CD del,cddel_9621,2024-12-14 19:00:00,post_stress,control,9623,9624,Rear_isolated_std_duration,0.11244904237076003
CD del,cddel_9621,2024-12-14 19:00:00,post_stress,control,9623,9624,Rearing_count,0.10377195297268926
CD del,cddel_9621,2024-12-14 19:00:00,post_stress,control,9623,9624,Rearing_mean_duration,-0.06019887808304425
CD del,cddel_9621,2024-12-14 19:00:00,post_stress,control,9623,9624,Rearing_std_duration,-0.15174810840576036
CD del,cddel_9621,2024-12-14 19:00:00,post_stress,control,9623,9624,SAP_count,0.15178940364157878
CD del,cddel_9621,2024-12-14 19:00:00,post_stress,control,9623,9624,SAP_mean_duration,0.07044622684049617
CD del,cddel_9621,2024-12-14 19:00:00,post_stress,control,9623,9624,SAP_std_duration,0.3047833930018855
CD del,cddel_9621,2024-12-14 19:00:00,post_stress,control,9623,9624,Side_by_side_Contact_active_count,0.02353841021112757
CD del,cddel_9621,2024-12-14 19:00:00,post_stress,control,9623,9624,Side_by_side_Contact_passive_count,0.02353841021112757
CD del,cddel_9621,2024-12-14 19:00:00,post_stress,control,9623,9624,Side_by_side_Contact_mean_duration,0.02382732502790752
CD del,cddel_9621,2024-12-14 19:00:00,post_stress,control,9623,9624,Side_by_side_Contact_std_duration,0.08127569539594881
CD del,cddel_9621,2024-12-14 19:00:00,post_stress,control,9623,9624,Side_by_side_Contact_opposite_way_active_count,0.03952525779218874
CD del,cddel_9621,2024-12-14 19:00:00,post_stress,control,9623,9624,Side_by_side_Contact_opposite_way_passive_count,0.03952525779218874
CD del,cddel_9621,2024-12-14 19:00:00,post_stress,control,9623,9624,Side_by_side_Contact_opposite_way_mean_duration,0.016504925016995964
CD del,cddel_9621,2024-12-14 19:00:00,post_stress,control,9623,9624,Side_by_side_Contact_opposite_way_std_duration,-0.08933712079646994
CD del,cddel_9621,2024-12-14 19:00:00,post_stress,control,9623,9624,Social_approach_active_count,-0.10490483098372927
CD del,cddel_9621,2024-12-14 19:00:00,post_stress,control,9623,9624,Social_approach_passive_count,-0.06279434835231967
CD del,cddel_9621,2024-12-14 19:00:00,post_stress,control,9623,9624,Social_approach_mean_duration,0.07770113586132021
CD del,cddel_9621,2024-12-14 19:00:00,post_stress,control,9623,9624,Social_approach_std_duration,0.02333191943150359
CD del,cddel_9621,2024-12-14 19:00:00,post_stress,control,9623,9624,Social_escape_active_count,-0.06671652176736664
CD del,cddel_9621,2024-12-14 19:00:00,post_stress,control,9623,9624,Social_escape_passive_count,0.010859133274358612
CD del,cddel_9621,2024-12-14 19:00:00,post_stress,control,9623,9624,Social_escape_mean_duration,0.028528578952489614
CD del,cddel_9621,2024-12-14 19:00:00,post_stress,control,9623,9624,Social_escape_std_duration,0.010157397985393724
CD del,cddel_9621,2024-12-14 19:00:00,post_stress,control,9623,9624,Stop_count,-0.5147234643764804
CD del,cddel_9621,2024-12-14 19:00:00,post_stress,control,9623,9624,Stop_mean_duration,0.5805780992145473
CD del,cddel_9621,2024-12-14 19:00:00,post_stress,control,9623,9624,Stop_std_duration,0.3425470412163927
CD del,cddel_9621,2024-12-14 19:00:00,post_stress,control,9623,9624,Stop_in_contact_active_count,-0.12752354617143968
CD del,cddel_9621,2024-12-14 19:00:00,post_stress,control,9623,9624,Stop_in_contact_passive_count,-0.17678137641834013
CD del,cddel_9621,2024-12-14 19:00:00,post_stress,control,9623,9624,Stop_in_contact_mean_duration,0.17131331761318247
CD del,cddel_9621,2024-12-14 19:00:00,post_stress,control,9623,9624,Stop_in_contact_std_duration,0.08622944769665608
CD del,cddel_9621,2024-12-14 19:00:00,post_stress,control,9623,9624,Stop_isolated_count,-0.3018200689156405
CD del,cddel_9621,2024-12-14 19:00:00,post_stress,control,9623,9624,Stop_isolated_mean_duration,0.4142145508996258
CD del,cddel_9621,2024-12-14 19:00:00,post_stress,control,9623,9624,Stop_isolated_std_duration,0.4668760163176997
CD del,cddel_9621,2024-12-14 19:00:00,post_stress,control,9623,9624,Train2_active_count,-0.24116205681688774
CD del,cddel_9621,2024-12-14 19:00:00,post_stress,control,9623,9624,Train2_passive_count,-0.8266785731844679
CD del,cddel_9621,2024-12-14 19:00:00,post_stress,control,9623,9624,Train2_mean_duration,0.04267345129068162
CD del,cddel_9621,2024-12-14 19:00:00,post_stress,control,9623,9624,Train2_std_duration,-0.027367499965520403
CD del,cddel_9621,2024-12-14 19:00:00,post_stress,control,9623,9624,WallJump_count,0.14310084364067333
CD del,cddel_9621,2024-12-14 19:00:00,post_stress,control,9623,9624,WallJump_mean_duration,0.01189501349465183
CD del,cddel_9621,2024-12-14 19:00:00,post_stress,control,9623,9624,WallJump_std_duration,-0.07234929349699071
CD del,cddel_9621,2024-12-14 19:00:00,post_stress,control,9623,9624,isolated_count,0.3819042312587726
CD del,cddel_9621,2024-12-14 19:00:00,post_stress,control,9623,9624,isolated_mean_duration,-0.5581628105272323
CD del,cddel_9621,2024-12-14 19:00:00,post_stress,control,9623,9624,isolated_std_duration,-0.7493611827341797
CD del,cddel_9621,2024-12-14 19:00:00,post_stress,control,9623,9624,seq_oral_geni___oral_oral_active_count,0.03974032864951482
CD del,cddel_9621,2024-12-14 19:00:00,post_stress,control,9623,9624,seq_oral_geni___oral_oral_passive_count,0.3859930046953437
CD del,cddel_9621,2024-12-14 19:00:00,post_stress,control,9623,9624,seq_oral_geni___oral_oral_mean_duration,0.021829455738505255
CD del,cddel_9621,2024-12-14 19:00:00,post_stress,control,9623,9624,seq_oral_geni___oral_oral_std_duration,0.04291237237635093
CD del,cddel_9621,2024-12-14 19:00:00,post_stress,control,9623,9624,seq_oral_oral___oral_genital_active_count,-0.17798315519535635
CD del,cddel_9621,2024-12-14 19:00:00,post_stress,control,9623,9624,seq_oral_oral___oral_genital_passive_count,0.22686333241674195
CD del,cddel_9621,2024-12-14 19:00:00,post_stress,control,9623,9624,seq_oral_oral___oral_genital_mean_duration,0.04055220619902267
CD del,cddel_9621,2024-12-14 19:00:00,post_stress,control,9623,9624,seq_oral_oral___oral_genital_std_duration,0.012022754061784102
16p,16p_9755,2024-10-15 19:00:00,baseline,stressed,9755,9758,Approach_active_count,0.05388362859549822
16p,16p_9755,2024-10-15 19:00:00,baseline,stressed,9755,9758,Approach_passive_count,0.06855678453332636
16p,16p_9755,2024-10-15 19:00:00,baseline,stressed,9755,9758,Approach_mean_duration,-0.09613146216478863
16p,16p_9755,2024-10-15 19:00:00,baseline,stressed,9755,9758,Approach_std_duration,-0.09573188483136841
16p,16p_9755,2024-10-15 19:00:00,baseline,stressed,9755,9758,Approach_contact_active_count,0.6587034313025288
16p,16p_9755,2024-10-15 19:00:00,baseline,stressed,9755,9758,Approach_contact_passive_count,-0.37566844777758046
16p,16p_9755,2024-10-15 19:00:00,baseline,stressed,9755,9758,Approach_contact_mean_duration,0.020180114044839326
16p,16p_9755,2024-10-15 19:00:00,baseline,stressed,9755,9758,Approach_contact_std_duration,0.0010874482130990293
16p,16p_9755,2024-10-15 19:00:00,baseline,stressed,9755,9758,Approach_rear_active_count,-0.03990690780215722
16p,16p_9755,2024-10-15 19:00:00,baseline,stressed,9755,9758,Approach_rear_passive_count,-0.2191305035407627
16p,16p_9755,2024-10-15 19:00:00,baseline,stressed,9755,9758,Approach_rear_mean_duration,-0.04384366932328798
16p,16p_9755,2024-10-15 19:00:00,baseline,stressed,9755,9758,Approach_rear_std_duration,-0.035040818238598836
16p,16p_9755,2024-10-15 19:00:00,baseline,stressed,9755,9758,Break_contact_active_count,0.29534043094246165
16p,16p_9755,2024-10-15 19:00:00,baseline,stressed,9755,9758,Break_contact_passive_count,-0.23426936143486543
16p,16p_9755,2024-10-15 19:00:00,baseline,stressed,9755,9758,Break_contact_mean_duration,0.013794962680958034
16p,16p_9755,2024-10-15 19:00:00,baseline,stressed,9755,9758,Break_contact_std_duration,-0.005567235922020353
16p,16p_9755,2024-10-15 19:00:00,baseline,stressed,9755,9758,Center_Zone_count,1.1791448322564122
16p,16p_9755,2024-10-15 19:00:00,baseline,stressed,9755,9758,Center_Zone_mean_duration,-0.6380821152892937
16p,16p_9755,2024-10-15 19:00:00,baseline,stressed,9755,9758,Center_Zone_std_duration,-1.0004444335831195
16p,16p_9755,2024-10-15 19:00:00,baseline,stressed,9755,9758,Contact_active_count,0.1146745469861159
16p,16p_9755,2024-10-15 19:00:00,baseline,stressed,9755,9758,Contact_passive_count,0.11638345530195959
16p,16p_9755,2024-10-15 19:00:00,baseline,stressed,9755,9758,Contact_mean_duration,-0.26223852846382556
16p,16p_9755,2024-10-15 19:00:00,baseline,stressed,9755,9758,Contact_std_duration,-0.19145795321854076
16p,16p_9755,2024-10-15 19:00:00,baseline,stressed,9755,9758,Get_away_active_count,0.12477173670273878
16p,16p_9755,2024-10-15 19:00:00,baseline,stressed,9755,9758,Get_away_passive_count,-0.03575564904773465
16p,16p_9755,2024-10-15 19:00:00,baseline,stressed,9755,9758,Get_away_mean_duration,-0.006944349454385934
16p,16p_9755,2024-10-15 19:00:00,baseline,stressed,9755,9758,Get_away_std_duration,-0.032032819922664935
16p,16p_9755,2024-10-15 19:00:00,baseline,stressed,9755,9758,Group_3_break_count,0.13534134786976182
16p,16p_9755,2024-10-15 19:00:00,baseline,stressed,9755,9758,Group_3_break_mean_duration,0.01595582360761605
16p,16p_9755,2024-10-15 19:00:00,baseline,stressed,9755,9758,Group_3_break_std_duration,-0.06150605548721816
16p,16p_9755,2024-10-15 19:00:00,baseline,stressed,9755,9758,Group_3_make_count,0.32721291120841567
16p,16p_9755,2024-10-15 19:00:00,baseline,stressed,9755,9758,Group_3_make_mean_duration,0.0045987874384693095
16p,16p_9755,2024-10-15 19:00:00,baseline,stressed,9755,9758,Group_3_make_std_duration,-0.12307402937836126
16p,16p_9755,2024-10-15 19:00:00,baseline,stressed,9755,9758,Group_4_break_count,-0.5705448584676129
16p,16p_9755,2024-10-15 19:00:00,baseline,stressed,9755,9758,Group_4_break_mean_duration,-0.1543796437664382
16p,16p_9755,2024-10-15 19:00:00,baseline,stressed,9755,9758,Group_4_break_std_duration,-0.5104331414708829
16p,16p_9755,2024-10-15 19:00:00,baseline,stressed,9755,9758,Group_4_make_count,-0.13976194237515882
16p,16p_9755,2024-10-15 19:00:00,baseline,stressed,9755,9758,Group_4_make_mean_duration,-0.3235164634262554
16p,16p_9755,2024-10-15 19:00:00,baseline,stressed,9755,9758,Group_4_make_std_duration,-0.5852734081884912
16p,16p_9755,2024-10-15 19:00:00,baseline,stressed,9755,9758,Group2_active_count,0.06750671854135604
16p,16p_9755,2024-10-15 19:00:00,baseline,stressed,9755,9758,Group2_passive_count,0.06401254148837054
16p,16p_9755,2024-10-15 19:00:00,baseline,stressed,9755,9758,Group2_mean_duration,-0.24445550180018394
16p,16p_9755,2024-10-15 19:00:00,baseline,stressed,9755,9758,Group2_std_duration,-0.1539229889336715
16p,16p_9755,2024-10-15 19:00:00,baseline,stressed,9755,9758,Huddling_count,0.41404885179955553
16p,16p_9755,2024-10-15 19:00:00,baseline,stressed,9755,9758,Huddling_mean_duration,-0.07742983401468084
16p,16p_9755,2024-10-15 19:00:00,baseline,stressed,9755,9758,Huddling_std_duration,-0.49871968781858245
16p,16p_9755,2024-10-15 19:00:00,baseline,stressed,9755,9758,Move_in_contact_active_count,0.049772280233103317
16p,16p_9755,2024-10-15 19:00:00,baseline,stressed,9755,9758,Move_in_contact_passive_count,-0.1373533363924775
16p,16p_9755,2024-10-15 19:00:00,baseline,stressed,9755,9758,Move_in_contact_mean_duration,-0.011808046499048541
16p,16p_9755,2024-10-15 19:00:00,baseline,stressed,9755,9758,Move_in_contact_std_duration,0.017593896717711388
16p,16p_9755,2024-10-15 19:00:00,baseline,stressed,9755,9758,Move_isolated_count,0.4869292801290781
16p,16p_9755,2024-10-15 19:00:00,baseline,stressed,9755,9758,Move_isolated_mean_duration,0.1870261173558827
16p,16p_9755,2024-10-15 19:00:00,baseline,stressed,9755,9758,Move_isolated_std_duration,-0.08952590506707381
16p,16p_9755,2024-10-15 19:00:00,baseline,stressed,9755,9758,Oral_genital_Contact_active_count,-0.061868232663332634
16p,16p_9755,2024-10-15 19:00:00,baseline,stressed,9755,9758,Oral_genital_Contact_passive_count,-0.13943982931068977
16p,16p_9755,2024-10-15 19:00:00,baseline,stressed,9755,9758,Oral_genital_Contact_mean_duration,-0.03144581792818868
16p,16p_9755,2024-10-15 19:00:00,baseline,stressed,9755,9758,Oral_genital_Contact_std_duration,0.028768780408411576
16p,16p_9755,2024-10-15 19:00:00,baseline,stressed,9755,9758,Oral_oral_Contact_active_count,-0.09560120177853815
16p,16p_9755,2024-10-15 19:00:00,baseline,stressed,9755,9758,Oral_oral_Contact_passive_count,-0.09560120177853815
16p,16p_9755,2024-10-15 19:00:00,baseline,stressed,9755,9758,Oral_oral_Contact_mean_duration,-0.032373110807426886
16p,16p_9755,2024-10-15 19:00:00,baseline,stressed,9755,9758,Oral_oral_Contact_std_duration,0.13364801842213136
16p,16p_9755,2024-10-15 19:00:00,baseline,stressed,9755,9758,Periphery_Zone_count,0.6750519555819903
16p,16p_9755,2024-10-15 19:00:00,baseline,stressed,9755,9758,Periphery_Zone_mean_duration,-0.7000584609128424
16p,16p_9755,2024-10-15 19:00:00,baseline,stressed,9755,9758,Periphery_Zone_std_duration,-0.6543612346543144
16p,16p_9755,2024-10-15 19:00:00,baseline,stressed,9755,9758,Rear_at_periphery_count,0.44847537598208653
16p,16p_9755,2024-10-15 19:00:00,baseline,stressed,9755,9758,Rear_at_periphery_mean_duration,-0.09269049220265213
16p,16p_9755,2024-10-15 19:00:00,baseline,stressed,9755,9758,Rear_at_periphery_std_duration,-0.19906967066955938
16p,16p_9755,2024-10-15 19:00:00,baseline,stressed,9755,9758,Rear_in_centerWindow_count,1.5260563034950496
16p,16p_9755,2024-10-15 19:00:00,baseline,stressed,9755,9758,Rear_in_centerWindow_mean_duration,-0.13771294517381572
16p,16p_9755,2024-10-15 19:00:00,baseline,stressed,9755,9758,Rear_in_centerWindow_std_duration,-0.13683902765199407
16p,16p_9755,2024-10-15 19:00:00,baseline,stressed,9755,9758,Rear_in_contact_count,-0.16644820763766432
16p,16p_9755,2024-10-15 19:00:00,baseline,stressed,9755,9758,Rear_in_contact_mean_duration,-0.03703887775413506
16p,16p_9755,2024-10-15 19:00:00,baseline,stressed,9755,9758,Rear_in_contact_std_duration,0.128379058614696
16p,16p_9755,2024-10-15 19:00:00,baseline,stressed,9755,9758,Rear_isolated_count,0.5055793278506853
16p,16p_9755,2024-10-15 19:00:00,baseline,stressed,9755,9758,Rear_isolated_mean_duration,-0.06244312162202115
16p,16p_9755,2024-10-15 19:00:00,baseline,stressed,9755,9758,Rear_isolated_std_duration,-0.17945503239721228
16p,16p_9755,2024-10-15 19:00:00,baseline,stressed,9755,9758,Rearing_count,0.02398196468648539
16p,16p_9755,2024-10-15 19:00:00,baseline,stressed,9755,9758,Rearing_mean_duration,-0.03682820040007817
16p,16p_9755,2024-10-15 19:00:00,baseline,stressed,9755,9758,Rearing_std_duration,-0.022188141847781395
16p,16p_9755,2024-10-15 19:00:00,baseline,stressed,9755,9758,SAP_count,0.16115674560191096
16p,16p_9755,2024-10-15 19:00:00,baseline,stressed,9755,9758,SAP_mean_duration,-0.14317600399245434
16p,16p_9755,2024-10-15 19:00:00,baseline,stressed,9755,9758,SAP_std_duration,-0.5006372342981495
16p,16p_9755,2024-10-15 19:00:00,baseline,stressed,9755,9758,Side_by_side_Contact_active_count,-0.12277555725950329
16p,16p_9755,2024-10-15 19:00:00,baseline,stressed,9755,9758,Side_by_side_Contact_passive_count,-0.12277555725950329
16p,16p_9755,2024-10-15 19:00:00,baseline,stressed,9755,9758,Side_by_side_Contact_mean_duration,-0.08126304263325523
16p,16p_9755,2024-10-15 19:00:00,baseline,stressed,9755,9758,Side_by_side_Contact_std_duration,-0.013149537540574574
16p,16p_9755,2024-10-15 19:00:00,baseline,stressed,9755,9758,Side_by_side_Contact_opposite_way_active_count,-0.14243060232871851
16p,16p_9755,2024-10-15 19:00:00,baseline,stressed,9755,9758,Side_by_side_Contact_opposite_way_passive_count,-0.14243060232871851
16p,16p_9755,2024-10-15 19:00:00,baseline,stressed,9755,9758,Side_by_side_Contact_opposite_way_mean_duration,-0.018477631855793764
16p,16p_9755,2024-10-15 19:00:00,baseline,stressed,9755,9758,Side_by_side_Contact_opposite_way_std_duration,0.10516269594684169
16p,16p_9755,2024-10-15 19:00:00,baseline,stressed,9755,9758,Social_approach_active_count,0.05992395496671854
16p,16p_9755,2024-10-15 19:00:00,baseline,stressed,9755,9758,Social_approach_passive_count,-0.025917628056257414
16p,16p_9755,2024-10-15 19:00:00,baseline,stressed,9755,9758,Social_approach_mean_duration,-0.1392794625124325
16p,16p_9755,2024-10-15 19:00:00,baseline,stressed,9755,9758,Social_approach_std_duration,-0.12300260746603175
16p,16p_9755,2024-10-15 19:00:00,baseline,stressed,9755,9758,Social_escape_active_count,0.04724488172399077
16p,16p_9755,2024-10-15 19:00:00,baseline,stressed,9755,9758,Social_escape_passive_count,-0.11924560460559341
16p,16p_9755,2024-10-15 19:00:00,baseline,stressed,9755,9758,Social_escape_mean_duration,-0.04299174364592173
16p,16p_9755,2024-10-15 19:00:00,baseline,stressed,9755,9758,Social_escape_std_duration,-0.03226111535966547
16p,16p_9755,2024-10-15 19:00:00,baseline,stressed,9755,9758,Stop_count,0.9247697403812634
16p,16p_9755,2024-10-15 19:00:00,baseline,stressed,9755,9758,Stop_mean_duration,-0.9696222029928081
16p,16p_9755,2024-10-15 19:00:00,baseline,stressed,9755,9758,Stop_std_duration,-0.662034777068151
16p,16p_9755,2024-10-15 19:00:00,baseline,stressed,9755,9758,Stop_in_contact_active_count,0.030568548949394092
16p,16p_9755,2024-10-15 19:00:00,baseline,stressed,9755,9758,Stop_in_contact_passive_count,0.0935067528051734
16p,16p_9755,2024-10-15 19:00:00,baseline,stressed,9755,9758,Stop_in_contact_mean_duration,-0.2284672318944243
16p,16p_9755,2024-10-15 19:00:00,baseline,stressed,9755,9758,Stop_in_contact_std_duration,-0.16088583924651045
16p,16p_9755,2024-10-15 19:00:00,baseline,stressed,9755,9758,Stop_isolated_count,0.49654228260403954
16p,16p_9755,2024-10-15 19:00:00,baseline,stressed,9755,9758,Stop_isolated_mean_duration,-0.4104500596136913
16p,16p_9755,2024-10-15 19:00:00,baseline,stressed,9755,9758,Stop_isolated_std_duration,-0.3987541962237269
16p,16p_9755,2024-10-15 19:00:00,baseline,stressed,9755,9758,Train2_active_count,0.2231435513142097
16p,16p_9755,2024-10-15 19:00:00,baseline,stressed,9755,9758,Train2_passive_count,0.11778303565638382
16p,16p_9755,2024-10-15 19:00:00,baseline,stressed,9755,9758,Train2_mean_duration,0.3750627665782303
16p,16p_9755,2024-10-15 19:00:00,baseline,stressed,9755,9758,Train2_std_duration,0.22191368643921955
16p,16p_9755,2024-10-15 19:00:00,baseline,stressed,9755,9758,WallJump_count,-0.5798184952529422
16p,16p_9755,2024-10-15 19:00:00,baseline,stressed,9755,9758,WallJump_mean_duration,-0.31850211158251274
16p,16p_9755,2024-10-15 19:00:00,baseline,stressed,9755,9758,WallJump_std_duration,-0.4217508555573431
16p,16p_9755,2024-10-15 19:00:00,baseline,stressed,9755,9758,isolated_count,0.12702767789842095
16p,16p_9755,2024-10-15 19:00:00,baseline,stressed,9755,9758,isolated_mean_duration,0.45583928571938603
16p,16p_9755,2024-10-15 19:00:00,baseline,stressed,9755,9758,isolated_std_duration,0.4915061030994332
16p,16p_9755,2024-10-15 19:00:00,baseline,stressed,9755,9758,seq_oral_geni___oral_oral_active_count,-0.26469255422708216
16p,16p_9755,2024-10-15 19:00:00,baseline,stressed,9755,9758,seq_oral_geni___oral_oral_passive_count,-0.006116227017436415
16p,16p_9755,2024-10-15 19:00:00,baseline,stressed,9755,9758,seq_oral_geni___oral_oral_mean_duration,0.0759081940411015
16p,16p_9755,2024-10-15 19:00:00,baseline,stressed,9755,9758,seq_oral_geni___oral_oral_std_duration,0.37398478888977627
16p,16p_9755,2024-10-15 19:00:00,baseline,stressed,9755,9758,seq_oral_oral___oral_genital_active_count,-0.08855339734144518
16p,16p_9755,2024-10-15 19:00:00,baseline,stressed,9755,9758,seq_oral_oral___oral_genital_passive_count,-0.109199291964992
16p,16p_9755,2024-10-15 19:00:00,baseline,stressed,9755,9758,seq_oral_oral___oral_genital_mean_duration,0.006613761307723953
16p,16p_9755,2024-10-15 19:00:00,baseline,stressed,9755,9758,seq_oral_oral___oral_genital_std_duration,-0.3666499124795777
16p,16p_9755,2024-10-16 19:00:00,baseline,stressed,9755,9758,Approach_active_count,0.07872796749589916
16p,16p_9755,2024-10-16 19:00:00,baseline,stressed,9755,9758,Approach_passive_count,0.05500314324201483
16p,16p_9755,2024-10-16 19:00:00,baseline,stressed,9755,9758,Approach_mean_duration,-0.08643765865349806
16p,16p_9755,2024-10-16 19:00:00,baseline,stressed,9755,9758,Approach_std_duration,-0.03494562887454489
16p,16p_9755,2024-10-16 19:00:00,baseline,stressed,9755,9758,Approach_contact_active_count,0.4527179929587106
16p,16p_9755,2024-10-16 19:00:00,baseline,stressed,9755,9758,Approach_contact_passive_count,-0.3377727208735708
16p,16p_9755,2024-10-16 19:00:00,baseline,stressed,9755,9758,Approach_contact_mean_duration,0.029090182276406917
16p,16p_9755,2024-10-16 19:00:00,baseline,stressed,9755,9758,Approach_contact_std_duration,0.013462640669684889
16p,16p_9755,2024-10-16 19:00:00,baseline,stressed,9755,9758,Approach_rear_active_count,-0.10150371537104164
16p,16p_9755,2024-10-16 19:00:00,baseline,stressed,9755,9758,Approach_rear_passive_count,-0.30303333832613966
16p,16p_9755,2024-10-16 19:00:00,baseline,stressed,9755,9758,Approach_rear_mean_duration,-0.05139627192386875
16p,16p_9755,2024-10-16 19:00:00,baseline,stressed,9755,9758,Approach_rear_std_duration,-0.08267587287018396
16p,16p_9755,2024-10-16 19:00:00,baseline,stressed,9755,9758,Break_contact_active_count,0.20109343907444988
16p,16p_9755,2024-10-16 19:00:00,baseline,stressed,9755,9758,Break_contact_passive_count,-0.250743162912614
16p,16p_9755,2024-10-16 19:00:00,baseline,stressed,9755,9758,Break_contact_mean_duration,0.01108545408884376
16p,16p_9755,2024-10-16 19:00:00,baseline,stressed,9755,9758,Break_contact_std_duration,0.004126111143237021
16p,16p_9755,2024-10-16 19:00:00,baseline,stressed,9755,9758,Center_Zone_count,1.1452912236517676
16p,16p_9755,2024-10-16 19:00:00,baseline,stressed,9755,9758,Center_Zone_mean_duration,-0.5591016785804499
16p,16p_9755,2024-10-16 19:00:00,baseline,stressed,9755,9758,Center_Zone_std_duration,-0.5602859072411506
16p,16p_9755,2024-10-16 19:00:00,baseline,stressed,9755,9758,Contact_active_count,0.07022667793587978
16p,16p_9755,2024-10-16 19:00:00,baseline,stressed,9755,9758,Contact_passive_count,0.07022667793587978
16p,16p_9755,2024-10-16 19:00:00,baseline,stressed,9755,9758,Contact_mean_duration,-0.26701336659367403
16p,16p_9755,2024-10-16 19:00:00,baseline,stressed,9755,9758,Contact_std_duration,-0.16475298484001888
16p,16p_9755,2024-10-16 19:00:00,baseline,stressed,9755,9758,Get_away_active_count,0.06337229565624014
16p,16p_9755,2024-10-16 19:00:00,baseline,stressed,9755,9758,Get_away_passive_count,0.0011021713889913798
16p,16p_9755,2024-10-16 19:00:00,baseline,stressed,9755,9758,Get_away_mean_duration,-0.010033469315600119
16p,16p_9755,2024-10-16 19:00:00,baseline,stressed,9755,9758,Get_away_std_duration,-0.05266022204897114
16p,16p_9755,2024-10-16 19:00:00,baseline,stressed,9755,9758,Group_3_break_count,0.11607217125275415
16p,16p_9755,2024-10-16 19:00:00,baseline,stressed,9755,9758,Group_3_break_mean_duration,0.050385276413142166
16p,16p_9755,2024-10-16 19:00:00,baseline,stressed,9755,9758,Group_3_break_std_duration,0.052666292108412116
16p,16p_9755,2024-10-16 19:00:00,baseline,stressed,9755,9758,Group_3_make_count,-0.029413885206293955
16p,16p_9755,2024-10-16 19:00:00,baseline,stressed,9755,9758,Group_3_make_mean_duration,0.09361042901702565
16p,16p_9755,2024-10-16 19:00:00,baseline,stressed,9755,9758,Group_3_make_std_duration,0.12261070742231583
16p,16p_9755,2024-10-16 19:00:00,baseline,stressed,9755,9758,Group_4_break_count,0.4260843953108999
16p,16p_9755,2024-10-16 19:00:00,baseline,stressed,9755,9758,Group_4_break_mean_duration,0.011304563139143187
16p,16p_9755,2024-10-16 19:00:00,baseline,stressed,9755,9758,Group_4_break_std_duration,0.007084404992236171
16p,16p_9755,2024-10-16 19:00:00,baseline,stressed,9755,9758,Group_4_make_count,0.4578330936254802
16p,16p_9755,2024-10-16 19:00:00,baseline,stressed,9755,9758,Group_4_make_mean_duration,0.08353080205323682
16p,16p_9755,2024-10-16 19:00:00,baseline,stressed,9755,9758,Group_4_make_std_duration,0.2429819077327402
16p,16p_9755,2024-10-16 19:00:00,baseline,stressed,9755,9758,Group2_active_count,-0.04169441853107614
16p,16p_9755,2024-10-16 19:00:00,baseline,stressed,9755,9758,Group2_passive_count,-0.04169441853107614
16p,16p_9755,2024-10-16 19:00:00,baseline,stressed,9755,9758,Group2_mean_duration,-0.2357986072763152
16p,16p_9755,2024-10-16 19:00:00,baseline,stressed,9755,9758,Group2_std_duration,-0.1401919409395056
16p,16p_9755,2024-10-16 19:00:00,baseline,stressed,9755,9758,Huddling_count,0.42395969074432927
16p,16p_9755,2024-10-16 19:00:00,baseline,stressed,9755,9758,Huddling_mean_duration,0.07848084546224743
16p,16p_9755,2024-10-16 19:00:00,baseline,stressed,9755,9758,Huddling_std_duration,0.2807209551004153
16p,16p_9755,2024-10-16 19:00:00,baseline,stressed,9755,9758,Move_in_contact_active_count,-0.068554477212313
16p,16p_9755,2024-10-16 19:00:00,baseline,stressed,9755,9758,Move_in_contact_passive_count,-0.20611085628951287
16p,16p_9755,2024-10-16 19:00:00,baseline,stressed,9755,9758,Move_in_contact_mean_duration,-0.048396923380961354
16p,16p_9755,2024-10-16 19:00:00,baseline,stressed,9755,9758,Move_in_contact_std_duration,-0.056390265503545534
16p,16p_9755,2024-10-16 19:00:00,baseline,stressed,9755,9758,Move_isolated_count,0.47432099112827775
16p,16p_9755,2024-10-16 19:00:00,baseline,stressed,9755,9758,Move_isolated_mean_duration,0.2266072553019206
16p,16p_9755,2024-10-16 19:00:00,baseline,stressed,9755,9758,Move_isolated_std_duration,0.2537945275250836
16p,16p_9755,2024-10-16 19:00:00,baseline,stressed,9755,9758,Oral_genital_Contact_active_count,-0.1682578261667933
16p,16p_9755,2024-10-16 19:00:00,baseline,stressed,9755,9758,Oral_genital_Contact_passive_count,-0.1944843014172264
16p,16p_9755,2024-10-16 19:00:00,baseline,stressed,9755,9758,Oral_genital_Contact_mean_duration,0.00022000373896302605
16p,16p_9755,2024-10-16 19:00:00,baseline,stressed,9755,9758,Oral_genital_Contact_std_duration,0.07595252089500337
16p,16p_9755,2024-10-16 19:00:00,baseline,stressed,9755,9758,Oral_oral_Contact_active_count,-0.2710032973929959
16p,16p_9755,2024-10-16 19:00:00,baseline,stressed,9755,9758,Oral_oral_Contact_passive_count,-0.2710032973929959
16p,16p_9755,2024-10-16 19:00:00,baseline,stressed,9755,9758,Oral_oral_Contact_mean_duration,-0.08807229545130502
16p,16p_9755,2024-10-16 19:00:00,baseline,stressed,9755,9758,Oral_oral_Contact_std_duration,-0.09970580731357503
16p,16p_9755,2024-10-16 19:00:00,baseline,stressed,9755,9758,Periphery_Zone_count,0.3857561532395737
16p,16p_9755,2024-10-16 19:00:00,baseline,stressed,9755,9758,Periphery_Zone_mean_duration,-0.32138896154608965
16p,16p_9755,2024-10-16 19:00:00,baseline,stressed,9755,9758,Periphery_Zone_std_duration,-0.007309101220386971
16p,16p_9755,2024-10-16 19:00:00,baseline,stressed,9755,9758,Rear_at_periphery_count,0.7571640637425467
16p,16p_9755,2024-10-16 19:00:00,baseline,stressed,9755,9758,Rear_at_periphery_mean_duration,0.03199228044503899
16p,16p_9755,2024-10-16 19:00:00,baseline,stressed,9755,9758,Rear_at_periphery_std_duration,0.24419263826196813
16p,16p_9755,2024-10-16 19:00:00,baseline,stressed,9755,9758,Rear_in_centerWindow_count,1.1929750501163952
16p,16p_9755,2024-10-16 19:00:00,baseline,stressed,9755,9758,Rear_in_centerWindow_mean_duration,0.12868761109371496
16p,16p_9755,2024-10-16 19:00:00,baseline,stressed,9755,9758,Rear_in_centerWindow_std_duration,-0.034258713446860045
16p,16p_9755,2024-10-16 19:00:00,baseline,stressed,9755,9758,Rear_in_contact_count,-0.24120758068278292
16p,16p_9755,2024-10-16 19:00:00,baseline,stressed,9755,9758,Rear_in_contact_mean_duration,-0.062103202503952404
16p,16p_9755,2024-10-16 19:00:00,baseline,stressed,9755,9758,Rear_in_contact_std_duration,-0.1917597724564395
16p,16p_9755,2024-10-16 19:00:00,baseline,stressed,9755,9758,Rear_isolated_count,0.777317009238133
16p,16p_9755,2024-10-16 19:00:00,baseline,stressed,9755,9758,Rear_isolated_mean_duration,0.05584813492012264
16p,16p_9755,2024-10-16 19:00:00,baseline,stressed,9755,9758,Rear_isolated_std_duration,0.236441843066157
16p,16p_9755,2024-10-16 19:00:00,baseline,stressed,9755,9758,Rearing_count,0.17752715336344682
16p,16p_9755,2024-10-16 19:00:00,baseline,stressed,9755,9758,Rearing_mean_duration,-0.14589515154734833
16p,16p_9755,2024-10-16 19:00:00,baseline,stressed,9755,9758,Rearing_std_duration,-0.2601848916171319
16p,16p_9755,2024-10-16 19:00:00,baseline,stressed,9755,9758,SAP_count,0.20951729960244414
16p,16p_9755,2024-10-16 19:00:00,baseline,stressed,9755,9758,SAP_mean_duration,0.12182593815539677
16p,16p_9755,2024-10-16 19:00:00,baseline,stressed,9755,9758,SAP_std_duration,0.2875726420810252
16p,16p_9755,2024-10-16 19:00:00,baseline,stressed,9755,9758,Side_by_side_Contact_active_count,-0.2821724166408117
16p,16p_9755,2024-10-16 19:00:00,baseline,stressed,9755,9758,Side_by_side_Contact_passive_count,-0.2821724166408117
16p,16p_9755,2024-10-16 19:00:00,baseline,stressed,9755,9758,Side_by_side_Contact_mean_duration,-0.10298172291180352
16p,16p_9755,2024-10-16 19:00:00,baseline,stressed,9755,9758,Side_by_side_Contact_std_duration,0.007594168076586083
16p,16p_9755,2024-10-16 19:00:00,baseline,stressed,9755,9758,Side_by_side_Contact_opposite_way_active_count,-0.25935920825171976
16p,16p_9755,2024-10-16 19:00:00,baseline,stressed,9755,9758,Side_by_side_Contact_opposite_way_passive_count,-0.25935920825171976
16p,16p_9755,2024-10-16 19:00:00,baseline,stressed,9755,9758,Side_by_side_Contact_opposite_way_mean_duration,-0.03163143767280907
16p,16p_9755,2024-10-16 19:00:00,baseline,stressed,9755,9758,Side_by_side_Contact_opposite_way_std_duration,-0.1651531283455392
16p,16p_9755,2024-10-16 19:00:00,baseline,stressed,9755,9758,Social_approach_active_count,-0.020904011733676953
16p,16p_9755,2024-10-16 19:00:00,baseline,stressed,9755,9758,Social_approach_passive_count,-0.11248709541761492
16p,16p_9755,2024-10-16 19:00:00,baseline,stressed,9755,9758,Social_approach_mean_duration,-0.11681812442915862
16p,16p_9755,2024-10-16 19:00:00,baseline,stressed,9755,9758,Social_approach_std_duration,0.022312370139928817
16p,16p_9755,2024-10-16 19:00:00,baseline,stressed,9755,9758,Social_escape_active_count,-0.00904537044683451
16p,16p_9755,2024-10-16 19:00:00,baseline,stressed,9755,9758,Social_escape_passive_count,-0.18723392231476943
16p,16p_9755,2024-10-16 19:00:00,baseline,stressed,9755,9758,Social_escape_mean_duration,-0.07076747340624623
16p,16p_9755,2024-10-16 19:00:00,baseline,stressed,9755,9758,Social_escape_std_duration,-0.07970588043044091
16p,16p_9755,2024-10-16 19:00:00,baseline,stressed,9755,9758,Stop_count,0.9654829060992522
16p,16p_9755,2024-10-16 19:00:00,baseline,stressed,9755,9758,Stop_mean_duration,-0.905813606511217
16p,16p_9755,2024-10-16 19:00:00,baseline,stressed,9755,9758,Stop_std_duration,-0.14125444380996388
16p,16p_9755,2024-10-16 19:00:00,baseline,stressed,9755,9758,Stop_in_contact_active_count,-0.0010078952642249561
16p,16p_9755,2024-10-16 19:00:00,baseline,stressed,9755,9758,Stop_in_contact_passive_count,0.040998909798711125
16p,16p_9755,2024-10-16 19:00:00,baseline,stressed,9755,9758,Stop_in_contact_mean_duration,-0.23560901113621924
16p,16p_9755,2024-10-16 19:00:00,baseline,stressed,9755,9758,Stop_in_contact_std_duration,-0.14934984654784866
16p,16p_9755,2024-10-16 19:00:00,baseline,stressed,9755,9758,Stop_isolated_count,0.37674108279141905
16p,16p_9755,2024-10-16 19:00:00,baseline,stressed,9755,9758,Stop_isolated_mean_duration,-0.07601055821524749
16p,16p_9755,2024-10-16 19:00:00,baseline,stressed,9755,9758,Stop_isolated_std_duration,0.7261942342660803
16p,16p_9755,2024-10-16 19:00:00,baseline,stressed,9755,9758,Train2_active_count,-0.5753641449035616
16p,16p_9755,2024-10-16 19:00:00,baseline,stressed,9755,9758,Train2_passive_count,0.15415067982725805
16p,16p_9755,2024-10-16 19:00:00,baseline,stressed,9755,9758,Train2_mean_duration,-0.08620473651266253
16p,16p_9755,2024-10-16 19:00:00,baseline,stressed,9755,9758,Train2_std_duration,-0.16657950683888345
16p,16p_9755,2024-10-16 19:00:00,baseline,stressed,9755,9758,WallJump_count,-0.3448404862917296
16p,16p_9755,2024-10-16 19:00:00,baseline,stressed,9755,9758,WallJump_mean_duration,-0.016012738834710216
16p,16p_9755,2024-10-16 19:00:00,baseline,stressed,9755,9758,WallJump_std_duration,0.062167121118083035
16p,16p_9755,2024-10-16 19:00:00,baseline,stressed,9755,9758,isolated_count,0.4687484144023015
16p,16p_9755,2024-10-16 19:00:00,baseline,stressed,9755,9758,isolated_mean_duration,0.34100373297426234
16p,16p_9755,2024-10-16 19:00:00,baseline,stressed,9755,9758,isolated_std_duration,-0.00879932046863896
16p,16p_9755,2024-10-16 19:00:00,baseline,stressed,9755,9758,seq_oral_geni___oral_oral_active_count,-0.2952866718370002
16p,16p_9755,2024-10-16 19:00:00,baseline,stressed,9755,9758,seq_oral_geni___oral_oral_passive_count,-0.1033176140280263
16p,16p_9755,2024-10-16 19:00:00,baseline,stressed,9755,9758,seq_oral_geni___oral_oral_mean_duration,0.023206364534484658
16p,16p_9755,2024-10-16 19:00:00,baseline,stressed,9755,9758,seq_oral_geni___oral_oral_std_duration,0.10115365413166444
16p,16p_9755,2024-10-16 19:00:00,baseline,stressed,9755,9758,seq_oral_oral___oral_genital_active_count,-0.225879531133085
16p,16p_9755,2024-10-16 19:00:00,baseline,stressed,9755,9758,seq_oral_oral___oral_genital_passive_count,0.04706751085798544
16p,16p_9755,2024-10-16 19:00:00,baseline,stressed,9755,9758,seq_oral_oral___oral_genital_mean_duration,-0.0465854463601314
16p,16p_9755,2024-10-16 19:00:00,baseline,stressed,9755,9758,seq_oral_oral___oral_genital_std_duration,-0.05402663182929213
16p,16p_9755,2024-10-17 19:00:00,post_stress,stressed,9755,9758,Approach_active_count,0.022401914309003956
16p,16p_9755,2024-10-17 19:00:00,post_stress,stressed,9755,9758,Approach_passive_count,0.02990325990052156
16p,16p_9755,2024-10-17 19:00:00,post_stress,stressed,9755,9758,Approach_mean_duration,-0.06137218147873691
16p,16p_9755,2024-10-17 19:00:00,post_stress,stressed,9755,9758,Approach_std_duration,-0.03853243280926044
16p,16p_9755,2024-10-17 19:00:00,post_stress,stressed,9755,9758,Approach_contact_active_count,0.34843711487485596
16p,16p_9755,2024-10-17 19:00:00,post_stress,stressed,9755,9758,Approach_contact_passive_count,-0.2683793201972522
16p,16p_9755,2024-10-17 19:00:00,post_stress,stressed,9755,9758,Approach_contact_mean_duration,0.012336894605145643
16p,16p_9755,2024-10-17 19:00:00,post_stress,stressed,9755,9758,Approach_contact_std_duration,0.003363242167072289
16p,16p_9755,2024-10-17 19:00:00,post_stress,stressed,9755,9758,Approach_rear_active_count,-0.06465778883405715
16p,16p_9755,2024-10-17 19:00:00,post_stress,stressed,9755,9758,Approach_rear_passive_count,-0.06667560025958252
16p,16p_9755,2024-10-17 19:00:00,post_stress,stressed,9755,9758,Approach_rear_mean_duration,-0.04980258201549859
16p,16p_9755,2024-10-17 19:00:00,post_stress,stressed,9755,9758,Approach_rear_std_duration,-0.023689948969751295
16p,16p_9755,2024-10-17 19:00:00,post_stress,stressed,9755,9758,Break_contact_active_count,0.12566311171637423
16p,16p_9755,2024-10-17 19:00:00,post_stress,stressed,9755,9758,Break_contact_passive_count,-0.18968450422164818
16p,16p_9755,2024-10-17 19:00:00,post_stress,stressed,9755,9758,Break_contact_mean_duration,-0.026081283425767765
16p,16p_9755,2024-10-17 19:00:00,post_stress,stressed,9755,9758,Break_contact_std_duration,0.04452143464456981
16p,16p_9755,2024-10-17 19:00:00,post_stress,stressed,9755,9758,Center_Zone_count,0.5125861876010234
16p,16p_9755,2024-10-17 19:00:00,post_stress,stressed,9755,9758,Center_Zone_mean_duration,-0.5664460379960381
16p,16p_9755,2024-10-17 19:00:00,post_stress,stressed,9755,9758,Center_Zone_std_duration,-1.2342136707513314
16p,16p_9755,2024-10-17 19:00:00,post_stress,stressed,9755,9758,Contact_active_count,0.1040262926446891
16p,16p_9755,2024-10-17 19:00:00,post_stress,stressed,9755,9758,Contact_passive_count,0.10417286706216977
16p,16p_9755,2024-10-17 19:00:00,post_stress,stressed,9755,9758,Contact_mean_duration,-0.20055116485957747
16p,16p_9755,2024-10-17 19:00:00,post_stress,stressed,9755,9758,Contact_std_duration,-0.13065615644771356
16p,16p_9755,2024-10-17 19:00:00,post_stress,stressed,9755,9758,Get_away_active_count,0.12515553610632146
16p,16p_9755,2024-10-17 19:00:00,post_stress,stressed,9755,9758,Get_away_passive_count,-0.06356777370425704
16p,16p_9755,2024-10-17 19:00:00,post_stress,stressed,9755,9758,Get_away_mean_duration,-0.004847883271033249
16p,16p_9755,2024-10-17 19:00:00,post_stress,stressed,9755,9758,Get_away_std_duration,-0.03822067099967885
16p,16p_9755,2024-10-17 19:00:00,post_stress,stressed,9755,9758,Group_3_break_count,0.10536051565782589
16p,16p_9755,2024-10-17 19:00:00,post_stress,stressed,9755,9758,Group_3_break_mean_duration,-0.05517498918196084
16p,16p_9755,2024-10-17 19:00:00,post_stress,stressed,9755,9758,Group_3_break_std_duration,-0.05492527019886939
16p,16p_9755,2024-10-17 19:00:00,post_stress,stressed,9755,9758,Group_3_make_count,0.30538164955118186
16p,16p_9755,2024-10-17 19:00:00,post_stress,stressed,9755,9758,Group_3_make_mean_duration,-0.0813505034824673
16p,16p_9755,2024-10-17 19:00:00,post_stress,stressed,9755,9758,Group_3_make_std_duration,-0.17545385850749434
16p,16p_9755,2024-10-17 19:00:00,post_stress,stressed,9755,9758,Group_4_break_count,-1.466337068793427
16p,16p_9755,2024-10-17 19:00:00,post_stress,stressed,9755,9758,Group_4_break_mean_duration,0.4593314253094568
16p,16p_9755,2024-10-17 19:00:00,post_stress,stressed,9755,9758,Group_4_break_std_duration,0.38500856033806796
16p,16p_9755,2024-10-17 19:00:00,post_stress,stressed,9755,9758,Group_4_make_count,-1.01160091167848
16p,16p_9755,2024-10-17 19:00:00,post_stress,stressed,9755,9758,Group_4_make_mean_duration,0.18163429301381828
16p,16p_9755,2024-10-17 19:00:00,post_stress,stressed,9755,9758,Group_4_make_std_duration,0.32914773096581784
16p,16p_9755,2024-10-17 19:00:00,post_stress,stressed,9755,9758,Group2_active_count,0.12928261324924506
16p,16p_9755,2024-10-17 19:00:00,post_stress,stressed,9755,9758,Group2_passive_count,0.13162453469432567
16p,16p_9755,2024-10-17 19:00:00,post_stress,stressed,9755,9758,Group2_mean_duration,-0.17278175175688748
16p,16p_9755,2024-10-17 19:00:00,post_stress,stressed,9755,9758,Group2_std_duration,-0.07714573770708721
16p,16p_9755,2024-10-17 19:00:00,post_stress,stressed,9755,9758,Huddling_count,0.3821584645670999
16p,16p_9755,2024-10-17 19:00:00,post_stress,stressed,9755,9758,Huddling_mean_duration,0.12027444755627426
16p,16p_9755,2024-10-17 19:00:00,post_stress,stressed,9755,9758,Huddling_std_duration,0.4601773311584101
16p,16p_9755,2024-10-17 19:00:00,post_stress,stressed,9755,9758,Move_in_contact_active_count,0.06907602811250335
16p,16p_9755,2024-10-17 19:00:00,post_stress,stressed,9755,9758,Move_in_contact_passive_count,-0.11758842633398281
16p,16p_9755,2024-10-17 19:00:00,post_stress,stressed,9755,9758,Move_in_contact_mean_duration,-0.016754294193068064
16p,16p_9755,2024-10-17 19:00:00,post_stress,stressed,9755,9758,Move_in_contact_std_duration,0.04785321678016752
16p,16p_9755,2024-10-17 19:00:00,post_stress,stressed,9755,9758,Move_isolated_count,0.2946400979782595
16p,16p_9755,2024-10-17 19:00:00,post_stress,stressed,9755,9758,Move_isolated_mean_duration,0.17075069472362436
16p,16p_9755,2024-10-17 19:00:00,post_stress,stressed,9755,9758,Move_isolated_std_duration,0.7060231490331317
16p,16p_9755,2024-10-17 19:00:00,post_stress,stressed,9755,9758,Oral_genital_Contact_active_count,-0.09756475586787783
16p,16p_9755,2024-10-17 19:00:00,post_stress,stressed,9755,9758,Oral_genital_Contact_passive_count,-0.05462612583191184
16p,16p_9755,2024-10-17 19:00:00,post_stress,stressed,9755,9758,Oral_genital_Contact_mean_duration,0.001819874812326372
16p,16p_9755,2024-10-17 19:00:00,post_stress,stressed,9755,9758,Oral_genital_Contact_std_duration,0.11292034412561613
16p,16p_9755,2024-10-17 19:00:00,post_stress,stressed,9755,9758,Oral_oral_Contact_active_count,-0.055398779389788544
16p,16p_9755,2024-10-17 19:00:00,post_stress,stressed,9755,9758,Oral_oral_Contact_passive_count,-0.055398779389788544
16p,16p_9755,2024-10-17 19:00:00,post_stress,stressed,9755,9758,Oral_oral_Contact_mean_duration,0.024566984920983748
16p,16p_9755,2024-10-17 19:00:00,post_stress,stressed,9755,9758,Oral_oral_Contact_std_duration,0.0967012843744548
16p,16p_9755,2024-10-17 19:00:00,post_stress,stressed,9755,9758,Periphery_Zone_count,0.2358885904834631
16p,16p_9755,2024-10-17 19:00:00,post_stress,stressed,9755,9758,Periphery_Zone_mean_duration,-0.2168849686897234
16p,16p_9755,2024-10-17 19:00:00,post_stress,stressed,9755,9758,Periphery_Zone_std_duration,-0.440587304198913
16p,16p_9755,2024-10-17 19:00:00,post_stress,stressed,9755,9758,Rear_at_periphery_count,0.17287080718455528
16p,16p_9755,2024-10-17 19:00:00,post_stress,stressed,9755,9758,Rear_at_periphery_mean_duration,-0.03959843965472509
16p,16p_9755,2024-10-17 19:00:00,post_stress,stressed,9755,9758,Rear_at_periphery_std_duration,0.1946382506742399
16p,16p_9755,2024-10-17 19:00:00,post_stress,stressed,9755,9758,Rear_in_centerWindow_count,0.07145896398214502
16p,16p_9755,2024-10-17 19:00:00,post_stress,stressed,9755,9758,Rear_in_centerWindow_mean_duration,0.07113979471858212
16p,16p_9755,2024-10-17 19:00:00,post_stress,stressed,9755,9758,Rear_in_centerWindow_std_duration,0.17020128208581248
16p,16p_9755,2024-10-17 19:00:00,post_stress,stressed,9755,9758,Rear_in_contact_count,0.004856736112950344
16p,16p_9755,2024-10-17 19:00:00,post_stress,stressed,9755,9758,Rear_in_contact_mean_duration,-0.1151700780437066
16p,16p_9755,2024-10-17 19:00:00,post_stress,stressed,9755,9758,Rear_in_contact_std_duration,-0.2079720865928154
16p,16p_9755,2024-10-17 19:00:00,post_stress,stressed,9755,9758,Rear_isolated_count,0.1613397833997272
16p,16p_9755,2024-10-17 19:00:00,post_stress,stressed,9755,9758,Rear_isolated_mean_duration,-0.03081260402588626
16p,16p_9755,2024-10-17 19:00:00,post_stress,stressed,9755,9758,Rear_isolated_std_duration,0.1983791700886175
16p,16p_9755,2024-10-17 19:00:00,post_stress,stressed,9755,9758,Rearing_count,-0.13829530803746426
16p,16p_9755,2024-10-17 19:00:00,post_stress,stressed,9755,9758,Rearing_mean_duration,0.11488636358093629
16p,16p_9755,2024-10-17 19:00:00,post_stress,stressed,9755,9758,Rearing_std_duration,-0.1532280660605876
16p,16p_9755,2024-10-17 19:00:00,post_stress,stressed,9755,9758,SAP_count,0.0367418256532579
16p,16p_9755,2024-10-17 19:00:00,post_stress,stressed,9755,9758,SAP_mean_duration,0.2703513737955412
16p,16p_9755,2024-10-17 19:00:00,post_stress,stressed,9755,9758,SAP_std_duration,0.2716106907645566
16p,16p_9755,2024-10-17 19:00:00,post_stress,stressed,9755,9758,Side_by_side_Contact_active_count,-0.025027375105246996
16p,16p_9755,2024-10-17 19:00:00,post_stress,stressed,9755,9758,Side_by_side_Contact_passive_count,-0.025027375105246996
16p,16p_9755,2024-10-17 19:00:00,post_stress,stressed,9755,9758,Side_by_side_Contact_mean_duration,-0.007974232349045263
16p,16p_9755,2024-10-17 19:00:00,post_stress,stressed,9755,9758,Side_by_side_Contact_std_duration,-0.00639641386149048
16p,16p_9755,2024-10-17 19:00:00,post_stress,stressed,9755,9758,Side_by_side_Contact_opposite_way_active_count,-0.07134645273090179
16p,16p_9755,2024-10-17 19:00:00,post_stress,stressed,9755,9758,Side_by_side_Contact_opposite_way_passive_count,-0.07134645273090179
16p,16p_9755,2024-10-17 19:00:00,post_stress,stressed,9755,9758,Side_by_side_Contact_opposite_way_mean_duration,0.057951347929819264
16p,16p_9755,2024-10-17 19:00:00,post_stress,stressed,9755,9758,Side_by_side_Contact_opposite_way_std_duration,0.17957192649604115
16p,16p_9755,2024-10-17 19:00:00,post_stress,stressed,9755,9758,Social_approach_active_count,0.03661295264751274
16p,16p_9755,2024-10-17 19:00:00,post_stress,stressed,9755,9758,Social_approach_passive_count,0.04023531219189991
16p,16p_9755,2024-10-17 19:00:00,post_stress,stressed,9755,9758,Social_approach_mean_duration,-0.08824001860104547
16p,16p_9755,2024-10-17 19:00:00,post_stress,stressed,9755,9758,Social_approach_std_duration,-0.06444012342588712
16p,16p_9755,2024-10-17 19:00:00,post_stress,stressed,9755,9758,Social_escape_active_count,0.04703709427242764
16p,16p_9755,2024-10-17 19:00:00,post_stress,stressed,9755,9758,Social_escape_passive_count,-0.08038605531639575
16p,16p_9755,2024-10-17 19:00:00,post_stress,stressed,9755,9758,Social_escape_mean_duration,-0.028676174191134773
16p,16p_9755,2024-10-17 19:00:00,post_stress,stressed,9755,9758,Social_escape_std_duration,0.019422861899631938
16p,16p_9755,2024-10-17 19:00:00,post_stress,stressed,9755,9758,Stop_count,0.4920916773045363
16p,16p_9755,2024-10-17 19:00:00,post_stress,stressed,9755,9758,Stop_mean_duration,-0.5012992641626219
16p,16p_9755,2024-10-17 19:00:00,post_stress,stressed,9755,9758,Stop_std_duration,-0.5137739907629184
16p,16p_9755,2024-10-17 19:00:00,post_stress,stressed,9755,9758,Stop_in_contact_active_count,0.06314760026774557
16p,16p_9755,2024-10-17 19:00:00,post_stress,stressed,9755,9758,Stop_in_contact_passive_count,0.09319377689794717
16p,16p_9755,2024-10-17 19:00:00,post_stress,stressed,9755,9758,Stop_in_contact_mean_duration,-0.17940880587054586
16p,16p_9755,2024-10-17 19:00:00,post_stress,stressed,9755,9758,Stop_in_contact_std_duration,-0.12449389187658744
16p,16p_9755,2024-10-17 19:00:00,post_stress,stressed,9755,9758,Stop_isolated_count,0.3246512629687093
16p,16p_9755,2024-10-17 19:00:00,post_stress,stressed,9755,9758,Stop_isolated_mean_duration,-0.2796902066220479
16p,16p_9755,2024-10-17 19:00:00,post_stress,stressed,9755,9758,Stop_isolated_std_duration,-0.2671723648703561
16p,16p_9755,2024-10-17 19:00:00,post_stress,stressed,9755,9758,Train2_active_count,0.3184537311185349
16p,16p_9755,2024-10-17 19:00:00,post_stress,stressed,9755,9758,Train2_passive_count,-0.4353180712578455
16p,16p_9755,2024-10-17 19:00:00,post_stress,stressed,9755,9758,Train2_mean_duration,-0.09932829049620889
16p,16p_9755,2024-10-17 19:00:00,post_stress,stressed,9755,9758,Train2_std_duration,-0.0789600507855876
16p,16p_9755,2024-10-17 19:00:00,post_stress,stressed,9755,9758,WallJump_count,0.980829253011726
16p,16p_9755,2024-10-17 19:00:00,post_stress,stressed,9755,9758,WallJump_mean_duration,-0.06978044006126782
16p,16p_9755,2024-10-17 19:00:00,post_stress,stressed,9755,9758,WallJump_std_duration,0.2206326706799231
16p,16p_9755,2024-10-17 19:00:00,post_stress,stressed,9755,9758,isolated_count,-0.21031782910428376
16p,16p_9755,2024-10-17 19:00:00,post_stress,stressed,9755,9758,isolated_mean_duration,0.6775273745888457
16p,16p_9755,2024-10-17 19:00:00,post_stress,stressed,9755,9758,isolated_std_duration,0.41886776428838335
16p,16p_9755,2024-10-17 19:00:00,post_stress,stressed,9755,9758,seq_oral_geni___oral_oral_active_count,-0.07117627846789443
16p,16p_9755,2024-10-17 19:00:00,post_stress,stressed,9755,9758,seq_oral_geni___oral_oral_passive_count,-0.1161714317620417
16p,16p_9755,2024-10-17 19:00:00,post_stress,stressed,9755,9758,seq_oral_geni___oral_oral_mean_duration,-0.0715248217023754
16p,16p_9755,2024-10-17 19:00:00,post_stress,stressed,9755,9758,seq_oral_geni___oral_oral_std_duration,-0.20010767991425338
16p,16p_9755,2024-10-17 19:00:00,post_stress,stressed,9755,9758,seq_oral_oral___oral_genital_active_count,-0.16639073472176058
16p,16p_9755,2024-10-17 19:00:00,post_stress,stressed,9755,9758,seq_oral_oral___oral_genital_passive_count,0.1112256351102241
16p,16p_9755,2024-10-17 19:00:00,post_stress,stressed,9755,9758,seq_oral_oral___oral_genital_mean_duration,0.11326958119089436
16p,16p_9755,2024-10-17 19:00:00,post_stress,stressed,9755,9758,seq_oral_oral___oral_genital_std_duration,0.28680955831127086
16p,16p_9755,2024-10-18 19:00:00,post_stress,stressed,9755,9758,Approach_active_count,0.03309266958484436
16p,16p_9755,2024-10-18 19:00:00,post_stress,stressed,9755,9758,Approach_passive_count,0.04371143309041692
16p,16p_9755,2024-10-18 19:00:00,post_stress,stressed,9755,9758,Approach_mean_duration,-0.03141612570698449
16p,16p_9755,2024-10-18 19:00:00,post_stress,stressed,9755,9758,Approach_std_duration,0.10370770025066678
16p,16p_9755,2024-10-18 19:00:00,post_stress,stressed,9755,9758,Approach_contact_active_count,0.41709314610328363
16p,16p_9755,2024-10-18 19:00:00,post_stress,stressed,9755,9758,Approach_contact_passive_count,-0.19514972104806638
16p,16p_9755,2024-10-18 19:00:00,post_stress,stressed,9755,9758,Approach_contact_mean_duration,0.017226491579851122
16p,16p_9755,2024-10-18 19:00:00,post_stress,stressed,9755,9758,Approach_contact_std_duration,0.009019888889395533
16p,16p_9755,2024-10-18 19:00:00,post_stress,stressed,9755,9758,Approach_rear_active_count,-0.022853925004151954
16p,16p_9755,2024-10-18 19:00:00,post_stress,stressed,9755,9758,Approach_rear_passive_count,-0.11303532980692843
16p,16p_9755,2024-10-18 19:00:00,post_stress,stressed,9755,9758,Approach_rear_mean_duration,-0.012723052917475774
16p,16p_9755,2024-10-18 19:00:00,post_stress,stressed,9755,9758,Approach_rear_std_duration,0.06502527735666885
16p,16p_9755,2024-10-18 19:00:00,post_stress,stressed,9755,9758,Break_contact_active_count,0.2096608668908848
16p,16p_9755,2024-10-18 19:00:00,post_stress,stressed,9755,9758,Break_contact_passive_count,-0.11820542214629537
16p,16p_9755,2024-10-18 19:00:00,post_stress,stressed,9755,9758,Break_contact_mean_duration,-0.0011293352952271851
16p,16p_9755,2024-10-18 19:00:00,post_stress,stressed,9755,9758,Break_contact_std_duration,-0.04558843234640364
16p,16p_9755,2024-10-18 19:00:00,post_stress,stressed,9755,9758,Center_Zone_count,0.7036551581583605
16p,16p_9755,2024-10-18 19:00:00,post_stress,stressed,9755,9758,Center_Zone_mean_duration,-0.16371199392568503
16p,16p_9755,2024-10-18 19:00:00,post_stress,stressed,9755,9758,Center_Zone_std_duration,0.4212195015913833
16p,16p_9755,2024-10-18 19:00:00,post_stress,stressed,9755,9758,Contact_active_count,0.061895514124217677
16p,16p_9755,2024-10-18 19:00:00,post_stress,stressed,9755,9758,Contact_passive_count,0.061895514124217677
16p,16p_9755,2024-10-18 19:00:00,post_stress,stressed,9755,9758,Contact_mean_duration,-0.12168186715468732
16p,16p_9755,2024-10-18 19:00:00,post_stress,stressed,9755,9758,Contact_std_duration,0.03965851019250177
16p,16p_9755,2024-10-18 19:00:00,post_stress,stressed,9755,9758,Get_away_active_count,0.06984242359241932
16p,16p_9755,2024-10-18 19:00:00,post_stress,stressed,9755,9758,Get_away_passive_count,-0.021156058277378875
16p,16p_9755,2024-10-18 19:00:00,post_stress,stressed,9755,9758,Get_away_mean_duration,0.005641155998366676
16p,16p_9755,2024-10-18 19:00:00,post_stress,stressed,9755,9758,Get_away_std_duration,0.009422538404388003
16p,16p_9755,2024-10-18 19:00:00,post_stress,stressed,9755,9758,Group_3_break_count,0.22543976357455975
16p,16p_9755,2024-10-18 19:00:00,post_stress,stressed,9755,9758,Group_3_break_mean_duration,0.03571599598275521
16p,16p_9755,2024-10-18 19:00:00,post_stress,stressed,9755,9758,Group_3_break_std_duration,-0.0718391015261094
16p,16p_9755,2024-10-18 19:00:00,post_stress,stressed,9755,9758,Group_3_make_count,0.2539882266653075
16p,16p_9755,2024-10-18 19:00:00,post_stress,stressed,9755,9758,Group_3_make_mean_duration,-0.014297918590256975
16p,16p_9755,2024-10-18 19:00:00,post_stress,stressed,9755,9758,Group_3_make_std_duration,-0.08205080141043636
16p,16p_9755,2024-10-18 19:00:00,post_stress,stressed,9755,9758,Group_4_break_count,1.1451323043030028
16p,16p_9755,2024-10-18 19:00:00,post_stress,stressed,9755,9758,Group_4_break_mean_duration,-0.3827487389994505
16p,16p_9755,2024-10-18 19:00:00,post_stress,stressed,9755,9758,Group_4_break_std_duration,-0.22405676745525988
16p,16p_9755,2024-10-18 19:00:00,post_stress,stressed,9755,9758,Group_4_make_count,0.3677247801253172
16p,16p_9755,2024-10-18 19:00:00,post_stress,stressed,9755,9758,Group_4_make_mean_duration,-0.3321608868349526
16p,16p_9755,2024-10-18 19:00:00,post_stress,stressed,9755,9758,Group_4_make_std_duration,-0.361512742165324
16p,16p_9755,2024-10-18 19:00:00,post_stress,stressed,9755,9758,Group2_active_count,0.004484312447328165
16p,16p_9755,2024-10-18 19:00:00,post_stress,stressed,9755,9758,Group2_passive_count,0.004484312447328165
16p,16p_9755,2024-10-18 19:00:00,post_stress,stressed,9755,9758,Group2_mean_duration,-0.14621194149115935
16p,16p_9755,2024-10-18 19:00:00,post_stress,stressed,9755,9758,Group2_std_duration,0.0012296247458380982
16p,16p_9755,2024-10-18 19:00:00,post_stress,stressed,9755,9758,Huddling_count,0.4297297301077956
16p,16p_9755,2024-10-18 19:00:00,post_stress,stressed,9755,9758,Huddling_mean_duration,0.12953842452708586
16p,16p_9755,2024-10-18 19:00:00,post_stress,stressed,9755,9758,Huddling_std_duration,0.27515381265786076
16p,16p_9755,2024-10-18 19:00:00,post_stress,stressed,9755,9758,Move_in_contact_active_count,0.03217350286030829
16p,16p_9755,2024-10-18 19:00:00,post_stress,stressed,9755,9758,Move_in_contact_passive_count,-0.10563558098757575
16p,16p_9755,2024-10-18 19:00:00,post_stress,stressed,9755,9758,Move_in_contact_mean_duration,-0.007797616555732523
16p,16p_9755,2024-10-18 19:00:00,post_stress,stressed,9755,9758,Move_in_contact_std_duration,-0.00997368286647815
16p,16p_9755,2024-10-18 19:00:00,post_stress,stressed,9755,9758,Move_isolated_count,0.5042207876780207
16p,16p_9755,2024-10-18 19:00:00,post_stress,stressed,9755,9758,Move_isolated_mean_duration,0.0107011576019731
16p,16p_9755,2024-10-18 19:00:00,post_stress,stressed,9755,9758,Move_isolated_std_duration,0.10111154478817874
16p,16p_9755,2024-10-18 19:00:00,post_stress,stressed,9755,9758,Oral_genital_Contact_active_count,-0.010190487756831956
16p,16p_9755,2024-10-18 19:00:00,post_stress,stressed,9755,9758,Oral_genital_Contact_passive_count,-0.060560750580823886
16p,16p_9755,2024-10-18 19:00:00,post_stress,stressed,9755,9758,Oral_genital_Contact_mean_duration,-0.008835984465871749
16p,16p_9755,2024-10-18 19:00:00,post_stress,stressed,9755,9758,Oral_genital_Contact_std_duration,0.05933809252782818
16p,16p_9755,2024-10-18 19:00:00,post_stress,stressed,9755,9758,Oral_oral_Contact_active_count,-0.1469241705638833
16p,16p_9755,2024-10-18 19:00:00,post_stress,stressed,9755,9758,Oral_oral_Contact_passive_count,-0.1469241705638833
16p,16p_9755,2024-10-18 19:00:00,post_stress,stressed,9755,9758,Oral_oral_Contact_mean_duration,-0.049977527083066464
16p,16p_9755,2024-10-18 19:00:00,post_stress,stressed,9755,9758,Oral_oral_Contact_std_duration,-0.060235889976640866
16p,16p_9755,2024-10-18 19:00:00,post_stress,stressed,9755,9758,Periphery_Zone_count,0.28238638487707046
16p,16p_9755,2024-10-18 19:00:00,post_stress,stressed,9755,9758,Periphery_Zone_mean_duration,-0.27799181557726893
16p,16p_9755,2024-10-18 19:00:00,post_stress,stressed,9755,9758,Periphery_Zone_std_duration,-0.6825138125274517
16p,16p_9755,2024-10-18 19:00:00,post_stress,stressed,9755,9758,Rear_at_periphery_count,0.3346152258740007
16p,16p_9755,2024-10-18 19:00:00,post_stress,stressed,9755,9758,Rear_at_periphery_mean_duration,-0.2040956813947331
16p,16p_9755,2024-10-18 19:00:00,post_stress,stressed,9755,9758,Rear_at_periphery_std_duration,-0.7870389176608601
16p,16p_9755,2024-10-18 19:00:00,post_stress,stressed,9755,9758,Rear_in_centerWindow_count,0.6580558607486755
16p,16p_9755,2024-10-18 19:00:00,post_stress,stressed,9755,9758,Rear_in_centerWindow_mean_duration,-0.09542636430544293
16p,16p_9755,2024-10-18 19:00:00,post_stress,stressed,9755,9758,Rear_in_centerWindow_std_duration,-0.3585197522679828
16p,16p_9755,2024-10-18 19:00:00,post_stress,stressed,9755,9758,Rear_in_contact_count,-0.08959107254223042
16p,16p_9755,2024-10-18 19:00:00,post_stress,stressed,9755,9758,Rear_in_contact_mean_duration,0.022949363442975157
16p,16p_9755,2024-10-18 19:00:00,post_stress,stressed,9755,9758,Rear_in_contact_std_duration,0.4274659334839306
16p,16p_9755,2024-10-18 19:00:00,post_stress,stressed,9755,9758,Rear_isolated_count,0.3477153281953935
16p,16p_9755,2024-10-18 19:00:00,post_stress,stressed,9755,9758,Rear_isolated_mean_duration,-0.19897459948888452
16p,16p_9755,2024-10-18 19:00:00,post_stress,stressed,9755,9758,Rear_isolated_std_duration,-0.7839138478839807
16p,16p_9755,2024-10-18 19:00:00,post_stress,stressed,9755,9758,Rearing_count,-0.043919233934835766
16p,16p_9755,2024-10-18 19:00:00,post_stress,stressed,9755,9758,Rearing_mean_duration,0.040848523922790925
16p,16p_9755,2024-10-18 19:00:00,post_stress,stressed,9755,9758,Rearing_std_duration,0.02347095278114253
16p,16p_9755,2024-10-18 19:00:00,post_stress,stressed,9755,9758,SAP_count,-0.030405514768112596
16p,16p_9755,2024-10-18 19:00:00,post_stress,stressed,9755,9758,SAP_mean_duration,0.07359566589576727
16p,16p_9755,2024-10-18 19:00:00,post_stress,stressed,9755,9758,SAP_std_duration,-0.0687362538899583
16p,16p_9755,2024-10-18 19:00:00,post_stress,stressed,9755,9758,Side_by_side_Contact_active_count,-0.07642439663171974
16p,16p_9755,2024-10-18 19:00:00,post_stress,stressed,9755,9758,Side_by_side_Contact_passive_count,-0.07642439663171974
16p,16p_9755,2024-10-18 19:00:00,post_stress,stressed,9755,9758,Side_by_side_Contact_mean_duration,-0.02869706200203015
16p,16p_9755,2024-10-18 19:00:00,post_stress,stressed,9755,9758,Side_by_side_Contact_std_duration,0.14193903941460118
16p,16p_9755,2024-10-18 19:00:00,post_stress,stressed,9755,9758,Side_by_side_Contact_opposite_way_active_count,-0.022802290873980446
16p,16p_9755,2024-10-18 19:00:00,post_stress,stressed,9755,9758,Side_by_side_Contact_opposite_way_passive_count,-0.022802290873980446
16p,16p_9755,2024-10-18 19:00:00,post_stress,stressed,9755,9758,Side_by_side_Contact_opposite_way_mean_duration,-0.0038030188199640325
16p,16p_9755,2024-10-18 19:00:00,post_stress,stressed,9755,9758,Side_by_side_Contact_opposite_way_std_duration,0.023684641145828467
16p,16p_9755,2024-10-18 19:00:00,post_stress,stressed,9755,9758,Social_approach_active_count,0.05420953558591357
16p,16p_9755,2024-10-18 19:00:00,post_stress,stressed,9755,9758,Social_approach_passive_count,-0.050687884203671985
16p,16p_9755,2024-10-18 19:00:00,post_stress,stressed,9755,9758,Social_approach_mean_duration,-0.044116872343751945
16p,16p_9755,2024-10-18 19:00:00,post_stress,stressed,9755,9758,Social_approach_std_duration,0.01701190534813124
16p,16p_9755,2024-10-18 19:00:00,post_stress,stressed,9755,9758,Social_escape_active_count,0.06413922212385792
16p,16p_9755,2024-10-18 19:00:00,post_stress,stressed,9755,9758,Social_escape_passive_count,-0.09223228038578135
16p,16p_9755,2024-10-18 19:00:00,post_stress,stressed,9755,9758,Social_escape_mean_duration,-0.019525108092354193
16p,16p_9755,2024-10-18 19:00:00,post_stress,stressed,9755,9758,Social_escape_std_duration,0.007446439297504215
16p,16p_9755,2024-10-18 19:00:00,post_stress,stressed,9755,9758,Stop_count,0.6088163016498429
16p,16p_9755,2024-10-18 19:00:00,post_stress,stressed,9755,9758,Stop_mean_duration,-0.580245895148273
16p,16p_9755,2024-10-18 19:00:00,post_stress,stressed,9755,9758,Stop_std_duration,-0.5505955861023448
16p,16p_9755,2024-10-18 19:00:00,post_stress,stressed,9755,9758,Stop_in_contact_active_count,0.024097551579060905
16p,16p_9755,2024-10-18 19:00:00,post_stress,stressed,9755,9758,Stop_in_contact_passive_count,0.05904666433662076
16p,16p_9755,2024-10-18 19:00:00,post_stress,stressed,9755,9758,Stop_in_contact_mean_duration,-0.10964653148107661
16p,16p_9755,2024-10-18 19:00:00,post_stress,stressed,9755,9758,Stop_in_contact_std_duration,0.02928931324097306
16p,16p_9755,2024-10-18 19:00:00,post_stress,stressed,9755,9758,Stop_isolated_count,0.25993324974450527
16p,16p_9755,2024-10-18 19:00:00,post_stress,stressed,9755,9758,Stop_isolated_mean_duration,-0.16459780237656174
16p,16p_9755,2024-10-18 19:00:00,post_stress,stressed,9755,9758,Stop_isolated_std_duration,-0.2697120296775428
16p,16p_9755,2024-10-18 19:00:00,post_stress,stressed,9755,9758,Train2_active_count,1.5040773967762742
16p,16p_9755,2024-10-18 19:00:00,post_stress,stressed,9755,9758,Train2_passive_count,0.45198512374305744
16p,16p_9755,2024-10-18 19:00:00,post_stress,stressed,9755,9758,Train2_mean_duration,-0.1031339154401516
16p,16p_9755,2024-10-18 19:00:00,post_stress,stressed,9755,9758,Train2_std_duration,-0.05299049578919418
16p,16p_9755,2024-10-18 19:00:00,post_stress,stressed,9755,9758,WallJump_count,-1.897119984885881
16p,16p_9755,2024-10-18 19:00:00,post_stress,stressed,9755,9758,WallJump_mean_duration,-0.287682072451781
16p,16p_9755,2024-10-18 19:00:00,post_stress,stressed,9755,9758,WallJump_std_duration,-0.32229779493529903
16p,16p_9755,2024-10-18 19:00:00,post_stress,stressed,9755,9758,isolated_count,0.17335509003914318
16p,16p_9755,2024-10-18 19:00:00,post_stress,stressed,9755,9758,isolated_mean_duration,-0.09428225246034039
16p,16p_9755,2024-10-18 19:00:00,post_stress,stressed,9755,9758,isolated_std_duration,0.08602550515439233
16p,16p_9755,2024-10-18 19:00:00,post_stress,stressed,9755,9758,seq_oral_geni___oral_oral_active_count,-0.08149303425118326
16p,16p_9755,2024-10-18 19:00:00,post_stress,stressed,9755,9758,seq_oral_geni___oral_oral_passive_count,-0.152676840208958
16p,16p_9755,2024-10-18 19:00:00,post_stress,stressed,9755,9758,seq_oral_geni___oral_oral_mean_duration,0.02248530304507601
16p,16p_9755,2024-10-18 19:00:00,post_stress,stressed,9755,9758,seq_oral_geni___oral_oral_std_duration,0.04600080281237018
16p,16p_9755,2024-10-18 19:00:00,post_stress,stressed,9755,9758,seq_oral_oral___oral_genital_active_count,0.015384918839479234
16p,16p_9755,2024-10-18 19:00:00,post_stress,stressed,9755,9758,seq_oral_oral___oral_genital_passive_count,-0.10379679368164396
16p,16p_9755,2024-10-18 19:00:00,post_stress,stressed,9755,9758,seq_oral_oral___oral_genital_mean_duration,0.029460414975099214
16p,16p_9755,2024-10-18 19:00:00,post_stress,stressed,9755,9758,seq_oral_oral___oral_genital_std_duration,0.12981644564988248
16p,16p_9755,2024-10-19 19:00:00,post_stress,stressed,9755,9758,Approach_active_count,0.06405038370877847
16p,16p_9755,2024-10-19 19:00:00,post_stress,stressed,9755,9758,Approach_passive_count,0.029035276226442974
16p,16p_9755,2024-10-19 19:00:00,post_stress,stressed,9755,9758,Approach_mean_duration,-0.05657499185317105
16p,16p_9755,2024-10-19 19:00:00,post_stress,stressed,9755,9758,Approach_std_duration,-0.014304811067991974
16p,16p_9755,2024-10-19 19:00:00,post_stress,stressed,9755,9758,Approach_contact_active_count,0.39026501158518556
16p,16p_9755,2024-10-19 19:00:00,post_stress,stressed,9755,9758,Approach_contact_passive_count,-0.2995346294825003
16p,16p_9755,2024-10-19 19:00:00,post_stress,stressed,9755,9758,Approach_contact_mean_duration,0.04036702413701121
16p,16p_9755,2024-10-19 19:00:00,post_stress,stressed,9755,9758,Approach_contact_std_duration,0.05062355423835285
16p,16p_9755,2024-10-19 19:00:00,post_stress,stressed,9755,9758,Approach_rear_active_count,-0.06637506894487277
16p,16p_9755,2024-10-19 19:00:00,post_stress,stressed,9755,9758,Approach_rear_passive_count,-0.141768287434493
16p,16p_9755,2024-10-19 19:00:00,post_stress,stressed,9755,9758,Approach_rear_mean_duration,-0.03162212242170748
16p,16p_9755,2024-10-19 19:00:00,post_stress,stressed,9755,9758,Approach_rear_std_duration,-0.11400020170206315
16p,16p_9755,2024-10-19 19:00:00,post_stress,stressed,9755,9758,Break_contact_active_count,0.12742631192818799
16p,16p_9755,2024-10-19 19:00:00,post_stress,stressed,9755,9758,Break_contact_passive_count,-0.23849000302881684
16p,16p_9755,2024-10-19 19:00:00,post_stress,stressed,9755,9758,Break_contact_mean_duration,0.032971047163834255
16p,16p_9755,2024-10-19 19:00:00,post_stress,stressed,9755,9758,Break_contact_std_duration,0.17475904663149966
16p,16p_9755,2024-10-19 19:00:00,post_stress,stressed,9755,9758,Center_Zone_count,0.6931471805599454
16p,16p_9755,2024-10-19 19:00:00,post_stress,stressed,9755,9758,Center_Zone_mean_duration,-0.4506469602392138
16p,16p_9755,2024-10-19 19:00:00,post_stress,stressed,9755,9758,Center_Zone_std_duration,-0.07067653708151322
16p,16p_9755,2024-10-19 19:00:00,post_stress,stressed,9755,9758,Contact_active_count,0.03478185535423073
16p,16p_9755,2024-10-19 19:00:00,post_stress,stressed,9755,9758,Contact_passive_count,0.03478185535423073
16p,16p_9755,2024-10-19 19:00:00,post_stress,stressed,9755,9758,Contact_mean_duration,-0.20495589383410007
16p,16p_9755,2024-10-19 19:00:00,post_stress,stressed,9755,9758,Contact_std_duration,-0.09565417446374314
16p,16p_9755,2024-10-19 19:00:00,post_stress,stressed,9755,9758,Get_away_active_count,0.11654302525887772
16p,16p_9755,2024-10-19 19:00:00,post_stress,stressed,9755,9758,Get_away_passive_count,-0.0013564579155733725
16p,16p_9755,2024-10-19 19:00:00,post_stress,stressed,9755,9758,Get_away_mean_duration,0.011523693670155932
16p,16p_9755,2024-10-19 19:00:00,post_stress,stressed,9755,9758,Get_away_std_duration,0.06317365788156182
16p,16p_9755,2024-10-19 19:00:00,post_stress,stressed,9755,9758,Group_3_break_count,-0.1618430254504135
16p,16p_9755,2024-10-19 19:00:00,post_stress,stressed,9755,9758,Group_3_break_mean_duration,0.020127212307175735
16p,16p_9755,2024-10-19 19:00:00,post_stress,stressed,9755,9758,Group_3_break_std_duration,-0.08440067018106046
16p,16p_9755,2024-10-19 19:00:00,post_stress,stressed,9755,9758,Group_3_make_count,0.012903404835907573
16p,16p_9755,2024-10-19 19:00:00,post_stress,stressed,9755,9758,Group_3_make_mean_duration,-0.03298903377505524
16p,16p_9755,2024-10-19 19:00:00,post_stress,stressed,9755,9758,Group_3_make_std_duration,-0.1498455608879451
16p,16p_9755,2024-10-19 19:00:00,post_stress,stressed,9755,9758,Group_4_break_count,0.6931471805599452
16p,16p_9755,2024-10-19 19:00:00,post_stress,stressed,9755,9758,Group_4_break_mean_duration,0.11608447902080204
16p,16p_9755,2024-10-19 19:00:00,post_stress,stressed,9755,9758,Group_4_break_std_duration,0.09549296643636326
16p,16p_9755,2024-10-19 19:00:00,post_stress,stressed,9755,9758,Group_4_make_count,0.0
16p,16p_9755,2024-10-19 19:00:00,post_stress,stressed,9755,9758,Group_4_make_mean_duration,0.08401498803760304
16p,16p_9755,2024-10-19 19:00:00,post_stress,stressed,9755,9758,Group_4_make_std_duration,0.1445869295752789
16p,16p_9755,2024-10-19 19:00:00,post_stress,stressed,9755,9758,Group2_active_count,-0.08937129772004226
16p,16p_9755,2024-10-19 19:00:00,post_stress,stressed,9755,9758,Group2_passive_count,-0.08937129772004226
16p,16p_9755,2024-10-19 19:00:00,post_stress,stressed,9755,9758,Group2_mean_duration,-0.15746726684203338
16p,16p_9755,2024-10-19 19:00:00,post_stress,stressed,9755,9758,Group2_std_duration,-0.01803389069251571
16p,16p_9755,2024-10-19 19:00:00,post_stress,stressed,9755,9758,Huddling_count,0.2062575966226845
16p,16p_9755,2024-10-19 19:00:00,post_stress,stressed,9755,9758,Huddling_mean_duration,0.1534358296059437
16p,16p_9755,2024-10-19 19:00:00,post_stress,stressed,9755,9758,Huddling_std_duration,0.44996159569599214
16p,16p_9755,2024-10-19 19:00:00,post_stress,stressed,9755,9758,Move_in_contact_active_count,0.01848134043127203
16p,16p_9755,2024-10-19 19:00:00,post_stress,stressed,9755,9758,Move_in_contact_passive_count,-0.13869580417174898
16p,16p_9755,2024-10-19 19:00:00,post_stress,stressed,9755,9758,Move_in_contact_mean_duration,-0.008660471783577206
16p,16p_9755,2024-10-19 19:00:00,post_stress,stressed,9755,9758,Move_in_contact_std_duration,0.0046507727488136474
16p,16p_9755,2024-10-19 19:00:00,post_stress,stressed,9755,9758,Move_isolated_count,0.4130670797557734
16p,16p_9755,2024-10-19 19:00:00,post_stress,stressed,9755,9758,Move_isolated_mean_duration,-0.23370431365473698
16p,16p_9755,2024-10-19 19:00:00,post_stress,stressed,9755,9758,Move_isolated_std_duration,-2.714072964110896
16p,16p_9755,2024-10-19 19:00:00,post_stress,stressed,9755,9758,Oral_genital_Contact_active_count,-0.05559649153630275
16p,16p_9755,2024-10-19 19:00:00,post_stress,stressed,9755,9758,Oral_genital_Contact_passive_count,-0.11714988744977717
16p,16p_9755,2024-10-19 19:00:00,post_stress,stressed,9755,9758,Oral_genital_Contact_mean_duration,-0.04620740457429928
16p,16p_9755,2024-10-19 19:00:00,post_stress,stressed,9755,9758,Oral_genital_Contact_std_duration,-0.14970694206035495
16p,16p_9755,2024-10-19 19:00:00,post_stress,stressed,9755,9758,Oral_oral_Contact_active_count,-0.08050599237026379
16p,16p_9755,2024-10-19 19:00:00,post_stress,stressed,9755,9758,Oral_oral_Contact_passive_count,-0.08050599237026379
16p,16p_9755,2024-10-19 19:00:00,post_stress,stressed,9755,9758,Oral_oral_Contact_mean_duration,-0.04343960075466846
16p,16p_9755,2024-10-19 19:00:00,post_stress,stressed,9755,9758,Oral_oral_Contact_std_duration,-0.07274963747766217
16p,16p_9755,2024-10-19 19:00:00,post_stress,stressed,9755,9758,Periphery_Zone_count,0.21451749659444186
16p,16p_9755,2024-10-19 19:00:00,post_stress,stressed,9755,9758,Periphery_Zone_mean_duration,-0.2676369027440093
16p,16p_9755,2024-10-19 19:00:00,post_stress,stressed,9755,9758,Periphery_Zone_std_duration,-0.7067111257388419
16p,16p_9755,2024-10-19 19:00:00,post_stress,stressed,9755,9758,Rear_at_periphery_count,0.6295933960849132
16p,16p_9755,2024-10-19 19:00:00,post_stress,stressed,9755,9758,Rear_at_periphery_mean_duration,-0.043587163833527454
16p,16p_9755,2024-10-19 19:00:00,post_stress,stressed,9755,9758,Rear_at_periphery_std_duration,-0.20944679271217104
16p,16p_9755,2024-10-19 19:00:00,post_stress,stressed,9755,9758,Rear_in_centerWindow_count,0.42566781542568366
16p,16p_9755,2024-10-19 19:00:00,post_stress,stressed,9755,9758,Rear_in_centerWindow_mean_duration,-0.8842563257855107
16p,16p_9755,2024-10-19 19:00:00,post_stress,stressed,9755,9758,Rear_in_centerWindow_std_duration,-0.9277162701761337
16p,16p_9755,2024-10-19 19:00:00,post_stress,stressed,9755,9758,Rear_in_contact_count,-0.15791201098425578
16p,16p_9755,2024-10-19 19:00:00,post_stress,stressed,9755,9758,Rear_in_contact_mean_duration,-0.08701794125430606
16p,16p_9755,2024-10-19 19:00:00,post_stress,stressed,9755,9758,Rear_in_contact_std_duration,-0.20691547765472196
16p,16p_9755,2024-10-19 19:00:00,post_stress,stressed,9755,9758,Rear_isolated_count,0.6075164471694432
16p,16p_9755,2024-10-19 19:00:00,post_stress,stressed,9755,9758,Rear_isolated_mean_duration,-0.1559073153050634
16p,16p_9755,2024-10-19 19:00:00,post_stress,stressed,9755,9758,Rear_isolated_std_duration,-0.5957732603560157
16p,16p_9755,2024-10-19 19:00:00,post_stress,stressed,9755,9758,Rearing_count,0.00366300775873718
16p,16p_9755,2024-10-19 19:00:00,post_stress,stressed,9755,9758,Rearing_mean_duration,0.06212893034700251
16p,16p_9755,2024-10-19 19:00:00,post_stress,stressed,9755,9758,Rearing_std_duration,0.12379530114180337
16p,16p_9755,2024-10-19 19:00:00,post_stress,stressed,9755,9758,SAP_count,-0.07902198695615059
16p,16p_9755,2024-10-19 19:00:00,post_stress,stressed,9755,9758,SAP_mean_duration,0.14055718375166237
16p,16p_9755,2024-10-19 19:00:00,post_stress,stressed,9755,9758,SAP_std_duration,0.4008900475941921
16p,16p_9755,2024-10-19 19:00:00,post_stress,stressed,9755,9758,Side_by_side_Contact_active_count,-0.10283844622511662
16p,16p_9755,2024-10-19 19:00:00,post_stress,stressed,9755,9758,Side_by_side_Contact_passive_count,-0.10283844622511662
16p,16p_9755,2024-10-19 19:00:00,post_stress,stressed,9755,9758,Side_by_side_Contact_mean_duration,-0.038236415749131725
16p,16p_9755,2024-10-19 19:00:00,post_stress,stressed,9755,9758,Side_by_side_Contact_std_duration,-0.1060229321626458
16p,16p_9755,2024-10-19 19:00:00,post_stress,stressed,9755,9758,Side_by_side_Contact_opposite_way_active_count,-0.08629581345283643
16p,16p_9755,2024-10-19 19:00:00,post_stress,stressed,9755,9758,Side_by_side_Contact_opposite_way_passive_count,-0.08629581345283643
16p,16p_9755,2024-10-19 19:00:00,post_stress,stressed,9755,9758,Side_by_side_Contact_opposite_way_mean_duration,-0.06255587384104255
16p,16p_9755,2024-10-19 19:00:00,post_stress,stressed,9755,9758,Side_by_side_Contact_opposite_way_std_duration,-0.1441437089129023
16p,16p_9755,2024-10-19 19:00:00,post_stress,stressed,9755,9758,Social_approach_active_count,0.027464731215921745
16p,16p_9755,2024-10-19 19:00:00,post_stress,stressed,9755,9758,Social_approach_passive_count,-0.09323847799466023
16p,16p_9755,2024-10-19 19:00:00,post_stress,stressed,9755,9758,Social_approach_mean_duration,-0.12368873441998751
16p,16p_9755,2024-10-19 19:00:00,post_stress,stressed,9755,9758,Social_approach_std_duration,-0.06037842384617198
16p,16p_9755,2024-10-19 19:00:00,post_stress,stressed,9755,9758,Social_escape_active_count,-0.017575144821506683
16p,16p_9755,2024-10-19 19:00:00,post_stress,stressed,9755,9758,Social_escape_passive_count,-0.13163517816342285
16p,16p_9755,2024-10-19 19:00:00,post_stress,stressed,9755,9758,Social_escape_mean_duration,-0.019277498273287064
16p,16p_9755,2024-10-19 19:00:00,post_stress,stressed,9755,9758,Social_escape_std_duration,0.10802455357832708
16p,16p_9755,2024-10-19 19:00:00,post_stress,stressed,9755,9758,Stop_count,0.3260915205666519
16p,16p_9755,2024-10-19 19:00:00,post_stress,stressed,9755,9758,Stop_mean_duration,-0.3341762196086995
16p,16p_9755,2024-10-19 19:00:00,post_stress,stressed,9755,9758,Stop_std_duration,-0.25841156736003246
16p,16p_9755,2024-10-19 19:00:00,post_stress,stressed,9755,9758,Stop_in_contact_active_count,-0.0010314596066622883
16p,16p_9755,2024-10-19 19:00:00,post_stress,stressed,9755,9758,Stop_in_contact_passive_count,0.032269125076260785
16p,16p_9755,2024-10-19 19:00:00,post_stress,stressed,9755,9758,Stop_in_contact_mean_duration,-0.1998549692992051
16p,16p_9755,2024-10-19 19:00:00,post_stress,stressed,9755,9758,Stop_in_contact_std_duration,-0.08422077694707975
16p,16p_9755,2024-10-19 19:00:00,post_stress,stressed,9755,9758,Stop_isolated_count,0.12533462542034446
16p,16p_9755,2024-10-19 19:00:00,post_stress,stressed,9755,9758,Stop_isolated_mean_duration,-0.021057031550457683
16p,16p_9755,2024-10-19 19:00:00,post_stress,stressed,9755,9758,Stop_isolated_std_duration,-0.0154145947149118
16p,16p_9755,2024-10-19 19:00:00,post_stress,stressed,9755,9758,Train2_active_count,-0.13353139262452252
16p,16p_9755,2024-10-19 19:00:00,post_stress,stressed,9755,9758,Train2_passive_count,1.1394342831883648
16p,16p_9755,2024-10-19 19:00:00,post_stress,stressed,9755,9758,Train2_mean_duration,0.003413759831379648
16p,16p_9755,2024-10-19 19:00:00,post_stress,stressed,9755,9758,Train2_std_duration,-0.03036133338344421
16p,16p_9755,2024-10-19 19:00:00,post_stress,stressed,9755,9758,WallJump_count,0.08701137698962969
16p,16p_9755,2024-10-19 19:00:00,post_stress,stressed,9755,9758,WallJump_mean_duration,0.04311267006526187
16p,16p_9755,2024-10-19 19:00:00,post_stress,stressed,9755,9758,WallJump_std_duration,0.03239777037859137
16p,16p_9755,2024-10-19 19:00:00,post_stress,stressed,9755,9758,isolated_count,0.417998844255421
16p,16p_9755,2024-10-19 19:00:00,post_stress,stressed,9755,9758,isolated_mean_duration,0.008112461287946182
16p,16p_9755,2024-10-19 19:00:00,post_stress,stressed,9755,9758,isolated_std_duration,-0.3169164065959462
16p,16p_9755,2024-10-19 19:00:00,post_stress,stressed,9755,9758,seq_oral_geni___oral_oral_active_count,0.018868484304382704
16p,16p_9755,2024-10-19 19:00:00,post_stress,stressed,9755,9758,seq_oral_geni___oral_oral_passive_count,-0.054067221270275745
16p,16p_9755,2024-10-19 19:00:00,post_stress,stressed,9755,9758,seq_oral_geni___oral_oral_mean_duration,-0.023806182538253395
16p,16p_9755,2024-10-19 19:00:00,post_stress,stressed,9755,9758,seq_oral_geni___oral_oral_std_duration,-0.10703204215433626
16p,16p_9755,2024-10-19 19:00:00,post_stress,stressed,9755,9758,seq_oral_oral___oral_genital_active_count,-0.1747169574087346
16p,16p_9755,2024-10-19 19:00:00,post_stress,stressed,9755,9758,seq_oral_oral___oral_genital_passive_count,-0.07174390485884086
16p,16p_9755,2024-10-19 19:00:00,post_stress,stressed,9755,9758,seq_oral_oral___oral_genital_mean_duration,-0.08719417109789873
16p,16p_9755,2024-10-19 19:00:00,post_stress,stressed,9755,9758,seq_oral_oral___oral_genital_std_duration,-0.32408296226943545
16p,16p_9755,2024-10-15 19:00:00,baseline,control,9756,9757,Approach_active_count,0.02375373661192448
16p,16p_9755,2024-10-15 19:00:00,baseline,control,9756,9757,Approach_passive_count,0.020554430246239264
16p,16p_9755,2024-10-15 19:00:00,baseline,control,9756,9757,Approach_mean_duration,-0.01270414944877496
16p,16p_9755,2024-10-15 19:00:00,baseline,control,9756,9757,Approach_std_duration,-0.009704828590842318
16p,16p_9755,2024-10-15 19:00:00,baseline,control,9756,9757,Approach_contact_active_count,-0.00875918008988208
16p,16p_9755,2024-10-15 19:00:00,baseline,control,9756,9757,Approach_contact_passive_count,0.04480327701583775
16p,16p_9755,2024-10-15 19:00:00,baseline,control,9756,9757,Approach_contact_mean_duration,0.0006551868820142692
16p,16p_9755,2024-10-15 19:00:00,baseline,control,9756,9757,Approach_contact_std_duration,0.021061425621662355
16p,16p_9755,2024-10-15 19:00:00,baseline,control,9756,9757,Approach_rear_active_count,-0.010357138099946539
16p,16p_9755,2024-10-15 19:00:00,baseline,control,9756,9757,Approach_rear_passive_count,-0.09765807798377146
16p,16p_9755,2024-10-15 19:00:00,baseline,control,9756,9757,Approach_rear_mean_duration,-0.02123094910578649
16p,16p_9755,2024-10-15 19:00:00,baseline,control,9756,9757,Approach_rear_std_duration,0.006287493630192653
16p,16p_9755,2024-10-15 19:00:00,baseline,control,9756,9757,Break_contact_active_count,-0.03728564965992209
16p,16p_9755,2024-10-15 19:00:00,baseline,control,9756,9757,Break_contact_passive_count,0.06447138676810571
16p,16p_9755,2024-10-15 19:00:00,baseline,control,9756,9757,Break_contact_mean_duration,0.002208938983798703
16p,16p_9755,2024-10-15 19:00:00,baseline,control,9756,9757,Break_contact_std_duration,0.022245487344468406
16p,16p_9755,2024-10-15 19:00:00,baseline,control,9756,9757,Center_Zone_count,-0.259986142062524
16p,16p_9755,2024-10-15 19:00:00,baseline,control,9756,9757,Center_Zone_mean_duration,-0.19969415351181707
16p,16p_9755,2024-10-15 19:00:00,baseline,control,9756,9757,Center_Zone_std_duration,-0.6696230373263301
16p,16p_9755,2024-10-15 19:00:00,baseline,control,9756,9757,Contact_active_count,0.01938563381310665
16p,16p_9755,2024-10-15 19:00:00,baseline,control,9756,9757,Contact_passive_count,0.018373658688794592
16p,16p_9755,2024-10-15 19:00:00,baseline,control,9756,9757,Contact_mean_duration,-0.1080539258879818
16p,16p_9755,2024-10-15 19:00:00,baseline,control,9756,9757,Contact_std_duration,-0.18486025051260224
16p,16p_9755,2024-10-15 19:00:00,baseline,control,9756,9757,Get_away_active_count,-0.03363572148644067
16p,16p_9755,2024-10-15 19:00:00,baseline,control,9756,9757,Get_away_passive_count,0.01071821622002389
16p,16p_9755,2024-10-15 19:00:00,baseline,control,9756,9757,Get_away_mean_duration,-0.004874191087193447
16p,16p_9755,2024-10-15 19:00:00,baseline,control,9756,9757,Get_away_std_duration,-0.023002716373908605
16p,16p_9755,2024-10-15 19:00:00,baseline,control,9756,9757,Group_3_break_count,-0.012422519998557924
16p,16p_9755,2024-10-15 19:00:00,baseline,control,9756,9757,Group_3_break_mean_duration,0.02900667627859166
16p,16p_9755,2024-10-15 19:00:00,baseline,control,9756,9757,Group_3_break_std_duration,0.12563738820367243
16p,16p_9755,2024-10-15 19:00:00,baseline,control,9756,9757,Group_3_make_count,-0.13657553500575048
16p,16p_9755,2024-10-15 19:00:00,baseline,control,9756,9757,Group_3_make_mean_duration,0.07970988482373154
16p,16p_9755,2024-10-15 19:00:00,baseline,control,9756,9757,Group_3_make_std_duration,0.2254820078997291
16p,16p_9755,2024-10-15 19:00:00,baseline,control,9756,9757,Group_4_break_count,0.2231435513142097
16p,16p_9755,2024-10-15 19:00:00,baseline,control,9756,9757,Group_4_break_mean_duration,0.24109492244742226
16p,16p_9755,2024-10-15 19:00:00,baseline,control,9756,9757,Group_4_break_std_duration,0.22916771437739264
16p,16p_9755,2024-10-15 19:00:00,baseline,control,9756,9757,Group_4_make_count,0.3794896217049035
16p,16p_9755,2024-10-15 19:00:00,baseline,control,9756,9757,Group_4_make_mean_duration,0.2609282028222965
16p,16p_9755,2024-10-15 19:00:00,baseline,control,9756,9757,Group_4_make_std_duration,0.19242278760086956
16p,16p_9755,2024-10-15 19:00:00,baseline,control,9756,9757,Group2_active_count,0.009639995265060541
16p,16p_9755,2024-10-15 19:00:00,baseline,control,9756,9757,Group2_passive_count,0.009639995265060541
16p,16p_9755,2024-10-15 19:00:00,baseline,control,9756,9757,Group2_mean_duration,-0.10242693897887256
16p,16p_9755,2024-10-15 19:00:00,baseline,control,9756,9757,Group2_std_duration,-0.15323504668152532
16p,16p_9755,2024-10-15 19:00:00,baseline,control,9756,9757,Huddling_count,0.1293611803874386
16p,16p_9755,2024-10-15 19:00:00,baseline,control,9756,9757,Huddling_mean_duration,-0.0224764690646575
16p,16p_9755,2024-10-15 19:00:00,baseline,control,9756,9757,Huddling_std_duration,-0.06433547628627978
16p,16p_9755,2024-10-15 19:00:00,baseline,control,9756,9757,Move_in_contact_active_count,-0.008962788166101632
16p,16p_9755,2024-10-15 19:00:00,baseline,control,9756,9757,Move_in_contact_passive_count,-0.041284870560712505
16p,16p_9755,2024-10-15 19:00:00,baseline,control,9756,9757,Move_in_contact_mean_duration,-0.006394466524367259
16p,16p_9755,2024-10-15 19:00:00,baseline,control,9756,9757,Move_in_contact_std_duration,-0.06297331875829726
16p,16p_9755,2024-10-15 19:00:00,baseline,control,9756,9757,Move_isolated_count,0.09922262075217425
16p,16p_9755,2024-10-15 19:00:00,baseline,control,9756,9757,Move_isolated_mean_duration,-0.027585236872078367
16p,16p_9755,2024-10-15 19:00:00,baseline,control,9756,9757,Move_isolated_std_duration,0.18510641149384832
16p,16p_9755,2024-10-15 19:00:00,baseline,control,9756,9757,Oral_genital_Contact_active_count,-0.06832895964836894
16p,16p_9755,2024-10-15 19:00:00,baseline,control,9756,9757,Oral_genital_Contact_passive_count,-0.09097177820572622
16p,16p_9755,2024-10-15 19:00:00,baseline,control,9756,9757,Oral_genital_Contact_mean_duration,-0.07862531514108118
16p,16p_9755,2024-10-15 19:00:00,baseline,control,9756,9757,Oral_genital_Contact_std_duration,-0.13413376832317003
16p,16p_9755,2024-10-15 19:00:00,baseline,control,9756,9757,Oral_oral_Contact_active_count,-0.11224885871902313
16p,16p_9755,2024-10-15 19:00:00,baseline,control,9756,9757,Oral_oral_Contact_passive_count,-0.11224885871902313
16p,16p_9755,2024-10-15 19:00:00,baseline,control,9756,9757,Oral_oral_Contact_mean_duration,-0.048846196757900584
16p,16p_9755,2024-10-15 19:00:00,baseline,control,9756,9757,Oral_oral_Contact_std_duration,-0.10859675148639303
16p,16p_9755,2024-10-15 19:00:00,baseline,control,9756,9757,Periphery_Zone_count,-0.016181582851241494
16p,16p_9755,2024-10-15 19:00:00,baseline,control,9756,9757,Periphery_Zone_mean_duration,0.061129149803055505
16p,16p_9755,2024-10-15 19:00:00,baseline,control,9756,9757,Periphery_Zone_std_duration,-0.22783931069535246
16p,16p_9755,2024-10-15 19:00:00,baseline,control,9756,9757,Rear_at_periphery_count,-0.1513271485396519
16p,16p_9755,2024-10-15 19:00:00,baseline,control,9756,9757,Rear_at_periphery_mean_duration,0.011143916834289946
16p,16p_9755,2024-10-15 19:00:00,baseline,control,9756,9757,Rear_at_periphery_std_duration,-0.20785993008484316
16p,16p_9755,2024-10-15 19:00:00,baseline,control,9756,9757,Rear_in_centerWindow_count,-0.3776303091147204
16p,16p_9755,2024-10-15 19:00:00,baseline,control,9756,9757,Rear_in_centerWindow_mean_duration,0.0015377193775111264
16p,16p_9755,2024-10-15 19:00:00,baseline,control,9756,9757,Rear_in_centerWindow_std_duration,-0.19851031721215673
16p,16p_9755,2024-10-15 19:00:00,baseline,control,9756,9757,Rear_in_contact_count,-0.10057623123449666
16p,16p_9755,2024-10-15 19:00:00,baseline,control,9756,9757,Rear_in_contact_mean_duration,-0.06474635899720904
16p,16p_9755,2024-10-15 19:00:00,baseline,control,9756,9757,Rear_in_contact_std_duration,-0.27464888140935395
16p,16p_9755,2024-10-15 19:00:00,baseline,control,9756,9757,Rear_isolated_count,-0.15963014559188338
16p,16p_9755,2024-10-15 19:00:00,baseline,control,9756,9757,Rear_isolated_mean_duration,-0.002049427336124343
16p,16p_9755,2024-10-15 19:00:00,baseline,control,9756,9757,Rear_isolated_std_duration,-0.20668305849709312
16p,16p_9755,2024-10-15 19:00:00,baseline,control,9756,9757,Rearing_count,0.07326302068815771
16p,16p_9755,2024-10-15 19:00:00,baseline,control,9756,9757,Rearing_mean_duration,-0.06980739634352329
16p,16p_9755,2024-10-15 19:00:00,baseline,control,9756,9757,Rearing_std_duration,-0.17375316845469513
16p,16p_9755,2024-10-15 19:00:00,baseline,control,9756,9757,SAP_count,0.26431652349556956
16p,16p_9755,2024-10-15 19:00:00,baseline,control,9756,9757,SAP_mean_duration,-0.0019020473586379705
16p,16p_9755,2024-10-15 19:00:00,baseline,control,9756,9757,SAP_std_duration,-0.04322602859667524
16p,16p_9755,2024-10-15 19:00:00,baseline,control,9756,9757,Side_by_side_Contact_active_count,-0.07495935807214416
16p,16p_9755,2024-10-15 19:00:00,baseline,control,9756,9757,Side_by_side_Contact_passive_count,-0.07495935807214416
16p,16p_9755,2024-10-15 19:00:00,baseline,control,9756,9757,Side_by_side_Contact_mean_duration,-0.08293645149324269
16p,16p_9755,2024-10-15 19:00:00,baseline,control,9756,9757,Side_by_side_Contact_std_duration,-0.1052775041881604
16p,16p_9755,2024-10-15 19:00:00,baseline,control,9756,9757,Side_by_side_Contact_opposite_way_active_count,-0.09428523385488408
16p,16p_9755,2024-10-15 19:00:00,baseline,control,9756,9757,Side_by_side_Contact_opposite_way_passive_count,-0.09428523385488408
16p,16p_9755,2024-10-15 19:00:00,baseline,control,9756,9757,Side_by_side_Contact_opposite_way_mean_duration,-0.09657441373783993
16p,16p_9755,2024-10-15 19:00:00,baseline,control,9756,9757,Side_by_side_Contact_opposite_way_std_duration,-0.13609258206092
16p,16p_9755,2024-10-15 19:00:00,baseline,control,9756,9757,Social_approach_active_count,-0.007571265496316926
16p,16p_9755,2024-10-15 19:00:00,baseline,control,9756,9757,Social_approach_passive_count,0.003084042536960041
16p,16p_9755,2024-10-15 19:00:00,baseline,control,9756,9757,Social_approach_mean_duration,-0.05603757344954574
16p,16p_9755,2024-10-15 19:00:00,baseline,control,9756,9757,Social_approach_std_duration,-0.11276614860995648
16p,16p_9755,2024-10-15 19:00:00,baseline,control,9756,9757,Social_escape_active_count,-0.06368245314052778
16p,16p_9755,2024-10-15 19:00:00,baseline,control,9756,9757,Social_escape_passive_count,-0.029887857854911104
16p,16p_9755,2024-10-15 19:00:00,baseline,control,9756,9757,Social_escape_mean_duration,-0.026244584602393095
16p,16p_9755,2024-10-15 19:00:00,baseline,control,9756,9757,Social_escape_std_duration,-0.07543288251640012
16p,16p_9755,2024-10-15 19:00:00,baseline,control,9756,9757,Stop_count,-0.05242370047958378
16p,16p_9755,2024-10-15 19:00:00,baseline,control,9756,9757,Stop_mean_duration,0.06625946685116801
16p,16p_9755,2024-10-15 19:00:00,baseline,control,9756,9757,Stop_std_duration,-0.058791040755482804
16p,16p_9755,2024-10-15 19:00:00,baseline,control,9756,9757,Stop_in_contact_active_count,0.028667133161838443
16p,16p_9755,2024-10-15 19:00:00,baseline,control,9756,9757,Stop_in_contact_passive_count,0.026891789863592308
16p,16p_9755,2024-10-15 19:00:00,baseline,control,9756,9757,Stop_in_contact_mean_duration,-0.11977398079367862
16p,16p_9755,2024-10-15 19:00:00,baseline,control,9756,9757,Stop_in_contact_std_duration,-0.17107627940789838
16p,16p_9755,2024-10-15 19:00:00,baseline,control,9756,9757,Stop_isolated_count,-0.0005436259987101622
16p,16p_9755,2024-10-15 19:00:00,baseline,control,9756,9757,Stop_isolated_mean_duration,0.12599484325564747
16p,16p_9755,2024-10-15 19:00:00,baseline,control,9756,9757,Stop_isolated_std_duration,0.20802468006507713
16p,16p_9755,2024-10-15 19:00:00,baseline,control,9756,9757,Train2_active_count,0.3677247801253172
16p,16p_9755,2024-10-15 19:00:00,baseline,control,9756,9757,Train2_passive_count,0.2876820724517808
16p,16p_9755,2024-10-15 19:00:00,baseline,control,9756,9757,Train2_mean_duration,-0.18996395972580615
16p,16p_9755,2024-10-15 19:00:00,baseline,control,9756,9757,Train2_std_duration,-0.1175295555347407
16p,16p_9755,2024-10-15 19:00:00,baseline,control,9756,9757,WallJump_count,0.6418538861723948
16p,16p_9755,2024-10-15 19:00:00,baseline,control,9756,9757,WallJump_mean_duration,0.5369810831950979
16p,16p_9755,2024-10-15 19:00:00,baseline,control,9756,9757,WallJump_std_duration,0.5897133852083749
16p,16p_9755,2024-10-15 19:00:00,baseline,control,9756,9757,isolated_count,0.10307909481993072
16p,16p_9755,2024-10-15 19:00:00,baseline,control,9756,9757,isolated_mean_duration,0.24459896150444038
16p,16p_9755,2024-10-15 19:00:00,baseline,control,9756,9757,isolated_std_duration,0.3852790204271237
16p,16p_9755,2024-10-15 19:00:00,baseline,control,9756,9757,seq_oral_geni___oral_oral_active_count,-0.23389634309047214
16p,16p_9755,2024-10-15 19:00:00,baseline,control,9756,9757,seq_oral_geni___oral_oral_passive_count,-0.2708749541353992
16p,16p_9755,2024-10-15 19:00:00,baseline,control,9756,9757,seq_oral_geni___oral_oral_mean_duration,-0.05708278049271209
16p,16p_9755,2024-10-15 19:00:00,baseline,control,9756,9757,seq_oral_geni___oral_oral_std_duration,0.35910315460623976
16p,16p_9755,2024-10-15 19:00:00,baseline,control,9756,9757,seq_oral_oral___oral_genital_active_count,-0.09639184567506565
16p,16p_9755,2024-10-15 19:00:00,baseline,control,9756,9757,seq_oral_oral___oral_genital_passive_count,-0.2219005430746126
16p,16p_9755,2024-10-15 19:00:00,baseline,control,9756,9757,seq_oral_oral___oral_genital_mean_duration,-0.10531246462882193
16p,16p_9755,2024-10-15 19:00:00,baseline,control,9756,9757,seq_oral_oral___oral_genital_std_duration,-0.616092948170111
16p,16p_9755,2024-10-16 19:00:00,baseline,control,9756,9757,Approach_active_count,0.008282407438947814
16p,16p_9755,2024-10-16 19:00:00,baseline,control,9756,9757,Approach_passive_count,-0.01568572975659599
16p,16p_9755,2024-10-16 19:00:00,baseline,control,9756,9757,Approach_mean_duration,-0.019635237846783893
16p,16p_9755,2024-10-16 19:00:00,baseline,control,9756,9757,Approach_std_duration,-0.04169739083390622
16p,16p_9755,2024-10-16 19:00:00,baseline,control,9756,9757,Approach_contact_active_count,0.1017241480144433
16p,16p_9755,2024-10-16 19:00:00,baseline,control,9756,9757,Approach_contact_passive_count,-0.2062457917106606
16p,16p_9755,2024-10-16 19:00:00,baseline,control,9756,9757,Approach_contact_mean_duration,0.00482276885228472
16p,16p_9755,2024-10-16 19:00:00,baseline,control,9756,9757,Approach_contact_std_duration,0.0017478185864032159
16p,16p_9755,2024-10-16 19:00:00,baseline,control,9756,9757,Approach_rear_active_count,-0.08523578408988897
16p,16p_9755,2024-10-16 19:00:00,baseline,control,9756,9757,Approach_rear_passive_count,-0.1756568850482232
16p,16p_9755,2024-10-16 19:00:00,baseline,control,9756,9757,Approach_rear_mean_duration,-0.010377094725270597
16p,16p_9755,2024-10-16 19:00:00,baseline,control,9756,9757,Approach_rear_std_duration,0.022600297607096698
16p,16p_9755,2024-10-16 19:00:00,baseline,control,9756,9757,Break_contact_active_count,-0.042916573550766834
16p,16p_9755,2024-10-16 19:00:00,baseline,control,9756,9757,Break_contact_passive_count,-0.11171189818812621
16p,16p_9755,2024-10-16 19:00:00,baseline,control,9756,9757,Break_contact_mean_duration,-0.0057883551599501315
16p,16p_9755,2024-10-16 19:00:00,baseline,control,9756,9757,Break_contact_std_duration,0.002318539030538802
16p,16p_9755,2024-10-16 19:00:00,baseline,control,9756,9757,Center_Zone_count,0.08254404898128964
16p,16p_9755,2024-10-16 19:00:00,baseline,control,9756,9757,Center_Zone_mean_duration,0.1720577391253615
16p,16p_9755,2024-10-16 19:00:00,baseline,control,9756,9757,Center_Zone_std_duration,0.03143732306674707
16p,16p_9755,2024-10-16 19:00:00,baseline,control,9756,9757,Contact_active_count,-0.04097762443263697
16p,16p_9755,2024-10-16 19:00:00,baseline,control,9756,9757,Contact_passive_count,-0.041613118411307326
16p,16p_9755,2024-10-16 19:00:00,baseline,control,9756,9757,Contact_mean_duration,-0.07496488689803149
16p,16p_9755,2024-10-16 19:00:00,baseline,control,9756,9757,Contact_std_duration,-0.17377402740636771
16p,16p_9755,2024-10-16 19:00:00,baseline,control,9756,9757,Get_away_active_count,-0.0645196302231561
16p,16p_9755,2024-10-16 19:00:00,baseline,control,9756,9757,Get_away_passive_count,0.014951484563001216
16p,16p_9755,2024-10-16 19:00:00,baseline,control,9756,9757,Get_away_mean_duration,-0.0012050183500691425
16p,16p_9755,2024-10-16 19:00:00,baseline,control,9756,9757,Get_away_std_duration,-0.01939659140707528
16p,16p_9755,2024-10-16 19:00:00,baseline,control,9756,9757,Group_3_break_count,0.014285957247476944
16p,16p_9755,2024-10-16 19:00:00,baseline,control,9756,9757,Group_3_break_mean_duration,-0.03497014814945487
16p,16p_9755,2024-10-16 19:00:00,baseline,control,9756,9757,Group_3_break_std_duration,-0.1880550299272739
16p,16p_9755,2024-10-16 19:00:00,baseline,control,9756,9757,Group_3_make_count,0.11583181552512123
16p,16p_9755,2024-10-16 19:00:00,baseline,control,9756,9757,Group_3_make_mean_duration,0.0007821929003929418
16p,16p_9755,2024-10-16 19:00:00,baseline,control,9756,9757,Group_3_make_std_duration,-0.17105306626060923
16p,16p_9755,2024-10-16 19:00:00,baseline,control,9756,9757,Group_4_break_count,-0.16034265007517945
16p,16p_9755,2024-10-16 19:00:00,baseline,control,9756,9757,Group_4_break_mean_duration,-0.07190106472592328
16p,16p_9755,2024-10-16 19:00:00,baseline,control,9756,9757,Group_4_break_std_duration,0.06751089345188455
16p,16p_9755,2024-10-16 19:00:00,baseline,control,9756,9757,Group_4_make_count,-0.14842000511827358
16p,16p_9755,2024-10-16 19:00:00,baseline,control,9756,9757,Group_4_make_mean_duration,0.0036361981232843066
16p,16p_9755,2024-10-16 19:00:00,baseline,control,9756,9757,Group_4_make_std_duration,0.23723445939746057
16p,16p_9755,2024-10-16 19:00:00,baseline,control,9756,9757,Group2_active_count,-0.08623022866192542
16p,16p_9755,2024-10-16 19:00:00,baseline,control,9756,9757,Group2_passive_count,-0.08722836733441053
16p,16p_9755,2024-10-16 19:00:00,baseline,control,9756,9757,Group2_mean_duration,-0.04088428992492821
16p,16p_9755,2024-10-16 19:00:00,baseline,control,9756,9757,Group2_std_duration,-0.08234274595605351
16p,16p_9755,2024-10-16 19:00:00,baseline,control,9756,9757,Huddling_count,0.2231435513142097
16p,16p_9755,2024-10-16 19:00:00,baseline,control,9756,9757,Huddling_mean_duration,0.17465964920478094
16p,16p_9755,2024-10-16 19:00:00,baseline,control,9756,9757,Huddling_std_duration,0.3725861706436333
16p,16p_9755,2024-10-16 19:00:00,baseline,control,9756,9757,Move_in_contact_active_count,-0.0596598364063361
16p,16p_9755,2024-10-16 19:00:00,baseline,control,9756,9757,Move_in_contact_passive_count,-0.12632807338849616
16p,16p_9755,2024-10-16 19:00:00,baseline,control,9756,9757,Move_in_contact_mean_duration,-0.003980950951685824
16p,16p_9755,2024-10-16 19:00:00,baseline,control,9756,9757,Move_in_contact_std_duration,-0.03289902158159319
16p,16p_9755,2024-10-16 19:00:00,baseline,control,9756,9757,Move_isolated_count,0.2443811904315023
16p,16p_9755,2024-10-16 19:00:00,baseline,control,9756,9757,Move_isolated_mean_duration,-0.17124906309629173
16p,16p_9755,2024-10-16 19:00:00,baseline,control,9756,9757,Move_isolated_std_duration,-1.8220472162777408
16p,16p_9755,2024-10-16 19:00:00,baseline,control,9756,9757,Oral_genital_Contact_active_count,-0.09394579734439024
16p,16p_9755,2024-10-16 19:00:00,baseline,control,9756,9757,Oral_genital_Contact_passive_count,-0.13384177491453197
16p,16p_9755,2024-10-16 19:00:00,baseline,control,9756,9757,Oral_genital_Contact_mean_duration,-0.036814949974475875
16p,16p_9755,2024-10-16 19:00:00,baseline,control,9756,9757,Oral_genital_Contact_std_duration,-0.0652146726107039
16p,16p_9755,2024-10-16 19:00:00,baseline,control,9756,9757,Oral_oral_Contact_active_count,-0.11904529986666912
16p,16p_9755,2024-10-16 19:00:00,baseline,control,9756,9757,Oral_oral_Contact_passive_count,-0.11904529986666912
16p,16p_9755,2024-10-16 19:00:00,baseline,control,9756,9757,Oral_oral_Contact_mean_duration,-0.0211340834029371
16p,16p_9755,2024-10-16 19:00:00,baseline,control,9756,9757,Oral_oral_Contact_std_duration,-0.04395990375412451
16p,16p_9755,2024-10-16 19:00:00,baseline,control,9756,9757,Periphery_Zone_count,0.20526312603636132
16p,16p_9755,2024-10-16 19:00:00,baseline,control,9756,9757,Periphery_Zone_mean_duration,-0.31876919983548957
16p,16p_9755,2024-10-16 19:00:00,baseline,control,9756,9757,Periphery_Zone_std_duration,-0.46144624686899594
16p,16p_9755,2024-10-16 19:00:00,baseline,control,9756,9757,Rear_at_periphery_count,-0.12595240897761428
16p,16p_9755,2024-10-16 19:00:00,baseline,control,9756,9757,Rear_at_periphery_mean_duration,-0.28866319939471297
16p,16p_9755,2024-10-16 19:00:00,baseline,control,9756,9757,Rear_at_periphery_std_duration,-1.4662982935552513
16p,16p_9755,2024-10-16 19:00:00,baseline,control,9756,9757,Rear_in_centerWindow_count,-0.33647223662121295
16p,16p_9755,2024-10-16 19:00:00,baseline,control,9756,9757,Rear_in_centerWindow_mean_duration,-0.04563551654609832
16p,16p_9755,2024-10-16 19:00:00,baseline,control,9756,9757,Rear_in_centerWindow_std_duration,-0.21969911048430713
16p,16p_9755,2024-10-16 19:00:00,baseline,control,9756,9757,Rear_in_contact_count,-0.17703752864734934
16p,16p_9755,2024-10-16 19:00:00,baseline,control,9756,9757,Rear_in_contact_mean_duration,-0.04761897318670982
16p,16p_9755,2024-10-16 19:00:00,baseline,control,9756,9757,Rear_in_contact_std_duration,-0.09859279047895231
16p,16p_9755,2024-10-16 19:00:00,baseline,control,9756,9757,Rear_isolated_count,-0.1422784751732742
16p,16p_9755,2024-10-16 19:00:00,baseline,control,9756,9757,Rear_isolated_mean_duration,-0.27052826012719333
16p,16p_9755,2024-10-16 19:00:00,baseline,control,9756,9757,Rear_isolated_std_duration,-1.401786510076253
16p,16p_9755,2024-10-16 19:00:00,baseline,control,9756,9757,Rearing_count,0.14879886475531112
16p,16p_9755,2024-10-16 19:00:00,baseline,control,9756,9757,Rearing_mean_duration,-0.16693377631758732
16p,16p_9755,2024-10-16 19:00:00,baseline,control,9756,9757,Rearing_std_duration,-0.25119867062472334
16p,16p_9755,2024-10-16 19:00:00,baseline,control,9756,9757,SAP_count,0.24319788813892362
16p,16p_9755,2024-10-16 19:00:00,baseline,control,9756,9757,SAP_mean_duration,-0.18631057479616198
16p,16p_9755,2024-10-16 19:00:00,baseline,control,9756,9757,SAP_std_duration,-0.5245575849358515
16p,16p_9755,2024-10-16 19:00:00,baseline,control,9756,9757,Side_by_side_Contact_active_count,-0.1471727141093364
16p,16p_9755,2024-10-16 19:00:00,baseline,control,9756,9757,Side_by_side_Contact_passive_count,-0.1471727141093364
16p,16p_9755,2024-10-16 19:00:00,baseline,control,9756,9757,Side_by_side_Contact_mean_duration,-0.023161222921426416
16p,16p_9755,2024-10-16 19:00:00,baseline,control,9756,9757,Side_by_side_Contact_std_duration,-0.03438464902975413
16p,16p_9755,2024-10-16 19:00:00,baseline,control,9756,9757,Side_by_side_Contact_opposite_way_active_count,-0.1069664383311606
16p,16p_9755,2024-10-16 19:00:00,baseline,control,9756,9757,Side_by_side_Contact_opposite_way_passive_count,-0.1069664383311606
16p,16p_9755,2024-10-16 19:00:00,baseline,control,9756,9757,Side_by_side_Contact_opposite_way_mean_duration,-0.09990700344110404
16p,16p_9755,2024-10-16 19:00:00,baseline,control,9756,9757,Side_by_side_Contact_opposite_way_std_duration,-0.2771301490009377
16p,16p_9755,2024-10-16 19:00:00,baseline,control,9756,9757,Social_approach_active_count,-0.05533915290709501
16p,16p_9755,2024-10-16 19:00:00,baseline,control,9756,9757,Social_approach_passive_count,-0.0692909669185795
16p,16p_9755,2024-10-16 19:00:00,baseline,control,9756,9757,Social_approach_mean_duration,-0.04400844364468903
16p,16p_9755,2024-10-16 19:00:00,baseline,control,9756,9757,Social_approach_std_duration,-0.07508058086187797
16p,16p_9755,2024-10-16 19:00:00,baseline,control,9756,9757,Social_escape_active_count,-0.10069969644430188
16p,16p_9755,2024-10-16 19:00:00,baseline,control,9756,9757,Social_escape_passive_count,-0.06927999615624536
16p,16p_9755,2024-10-16 19:00:00,baseline,control,9756,9757,Social_escape_mean_duration,-0.023013445156863765
16p,16p_9755,2024-10-16 19:00:00,baseline,control,9756,9757,Social_escape_std_duration,-0.09732248349817296
16p,16p_9755,2024-10-16 19:00:00,baseline,control,9756,9757,Stop_count,0.059207321064232765
16p,16p_9755,2024-10-16 19:00:00,baseline,control,9756,9757,Stop_mean_duration,-0.12841160614646485
16p,16p_9755,2024-10-16 19:00:00,baseline,control,9756,9757,Stop_std_duration,-0.42171497335514685
16p,16p_9755,2024-10-16 19:00:00,baseline,control,9756,9757,Stop_in_contact_active_count,-0.030255513952608837
16p,16p_9755,2024-10-16 19:00:00,baseline,control,9756,9757,Stop_in_contact_passive_count,-0.04375905294321125
16p,16p_9755,2024-10-16 19:00:00,baseline,control,9756,9757,Stop_in_contact_mean_duration,-0.08528759320157375
16p,16p_9755,2024-10-16 19:00:00,baseline,control,9756,9757,Stop_in_contact_std_duration,-0.1565628314094929
16p,16p_9755,2024-10-16 19:00:00,baseline,control,9756,9757,Stop_isolated_count,-0.045682683454959516
16p,16p_9755,2024-10-16 19:00:00,baseline,control,9756,9757,Stop_isolated_mean_duration,0.019264087741951652
16p,16p_9755,2024-10-16 19:00:00,baseline,control,9756,9757,Stop_isolated_std_duration,-0.4884422619849369
16p,16p_9755,2024-10-16 19:00:00,baseline,control,9756,9757,Train2_active_count,0.7672551527136671
16p,16p_9755,2024-10-16 19:00:00,baseline,control,9756,9757,Train2_passive_count,0.4054651081081646
16p,16p_9755,2024-10-16 19:00:00,baseline,control,9756,9757,Train2_mean_duration,0.07683733234646106
16p,16p_9755,2024-10-16 19:00:00,baseline,control,9756,9757,Train2_std_duration,0.100419952096653
16p,16p_9755,2024-10-16 19:00:00,baseline,control,9756,9757,WallJump_count,0.0
16p,16p_9755,2024-10-16 19:00:00,baseline,control,9756,9757,WallJump_mean_duration,0.07365290957476534
16p,16p_9755,2024-10-16 19:00:00,baseline,control,9756,9757,WallJump_std_duration,0.06851468626904894
16p,16p_9755,2024-10-16 19:00:00,baseline,control,9756,9757,isolated_count,0.38397685040864893
16p,16p_9755,2024-10-16 19:00:00,baseline,control,9756,9757,isolated_mean_duration,0.14330795514513905
16p,16p_9755,2024-10-16 19:00:00,baseline,control,9756,9757,isolated_std_duration,0.43572338800934585
16p,16p_9755,2024-10-16 19:00:00,baseline,control,9756,9757,seq_oral_geni___oral_oral_active_count,-0.06291382541056922
16p,16p_9755,2024-10-16 19:00:00,baseline,control,9756,9757,seq_oral_geni___oral_oral_passive_count,-0.08258659100927446
16p,16p_9755,2024-10-16 19:00:00,baseline,control,9756,9757,seq_oral_geni___oral_oral_mean_duration,0.008017242810601566
16p,16p_9755,2024-10-16 19:00:00,baseline,control,9756,9757,seq_oral_geni___oral_oral_std_duration,-0.037172562116091656
16p,16p_9755,2024-10-16 19:00:00,baseline,control,9756,9757,seq_oral_oral___oral_genital_active_count,0.07781702235680754
16p,16p_9755,2024-10-16 19:00:00,baseline,control,9756,9757,seq_oral_oral___oral_genital_passive_count,0.028655255760376086
16p,16p_9755,2024-10-16 19:00:00,baseline,control,9756,9757,seq_oral_oral___oral_genital_mean_duration,0.033495676575540534
16p,16p_9755,2024-10-16 19:00:00,baseline,control,9756,9757,seq_oral_oral___oral_genital_std_duration,0.11299719333387293
16p,16p_9755,2024-10-17 19:00:00,post_stress,control,9756,9757,Approach_active_count,0.04007595358904581
16p,16p_9755,2024-10-17 19:00:00,post_stress,control,9756,9757,Approach_passive_count,-0.04962850430515964
16p,16p_9755,2024-10-17 19:00:00,post_stress,control,9756,9757,Approach_mean_duration,-0.010984749065677368
16p,16p_9755,2024-10-17 19:00:00,post_stress,control,9756,9757,Approach_std_duration,0.010372154895933683
16p,16p_9755,2024-10-17 19:00:00,post_stress,control,9756,9757,Approach_contact_active_count,0.2502945403801604
16p,16p_9755,2024-10-17 19:00:00,post_stress,control,9756,9757,Approach_contact_passive_count,-0.1766235356793171
16p,16p_9755,2024-10-17 19:00:00,post_stress,control,9756,9757,Approach_contact_mean_duration,0.021119937691876256
16p,16p_9755,2024-10-17 19:00:00,post_stress,control,9756,9757,Approach_contact_std_duration,0.015250468237434811
16p,16p_9755,2024-10-17 19:00:00,post_stress,control,9756,9757,Approach_rear_active_count,0.05171593873862612
16p,16p_9755,2024-10-17 19:00:00,post_stress,control,9756,9757,Approach_rear_passive_count,0.06621380531668564
16p,16p_9755,2024-10-17 19:00:00,post_stress,control,9756,9757,Approach_rear_mean_duration,-0.014889306126193658
16p,16p_9755,2024-10-17 19:00:00,post_stress,control,9756,9757,Approach_rear_std_duration,-0.03494699965526249
16p,16p_9755,2024-10-17 19:00:00,post_stress,control,9756,9757,Break_contact_active_count,0.03883983331626428
16p,16p_9755,2024-10-17 19:00:00,post_stress,control,9756,9757,Break_contact_passive_count,-0.006436803833478777
16p,16p_9755,2024-10-17 19:00:00,post_stress,control,9756,9757,Break_contact_mean_duration,0.006423325063210528
16p,16p_9755,2024-10-17 19:00:00,post_stress,control,9756,9757,Break_contact_std_duration,0.12330597486827821
16p,16p_9755,2024-10-17 19:00:00,post_stress,control,9756,9757,Center_Zone_count,0.3359927352933969
16p,16p_9755,2024-10-17 19:00:00,post_stress,control,9756,9757,Center_Zone_mean_duration,-0.3516390607397468
16p,16p_9755,2024-10-17 19:00:00,post_stress,control,9756,9757,Center_Zone_std_duration,-1.5067458797557114
16p,16p_9755,2024-10-17 19:00:00,post_stress,control,9756,9757,Contact_active_count,0.023497971267303797
16p,16p_9755,2024-10-17 19:00:00,post_stress,control,9756,9757,Contact_passive_count,0.022085093622995267
16p,16p_9755,2024-10-17 19:00:00,post_stress,control,9756,9757,Contact_mean_duration,-0.08984062231971279
16p,16p_9755,2024-10-17 19:00:00,post_stress,control,9756,9757,Contact_std_duration,-0.050168364436486534
16p,16p_9755,2024-10-17 19:00:00,post_stress,control,9756,9757,Get_away_active_count,0.03068478343652714
16p,16p_9755,2024-10-17 19:00:00,post_stress,control,9756,9757,Get_away_passive_count,-0.039330569933584414
16p,16p_9755,2024-10-17 19:00:00,post_stress,control,9756,9757,Get_away_mean_duration,0.0034081270937518227
16p,16p_9755,2024-10-17 19:00:00,post_stress,control,9756,9757,Get_away_std_duration,-0.0031195699198847127
16p,16p_9755,2024-10-17 19:00:00,post_stress,control,9756,9757,Group_3_break_count,-0.5596157879354227
16p,16p_9755,2024-10-17 19:00:00,post_stress,control,9756,9757,Group_3_break_mean_duration,-0.18586343434765906
16p,16p_9755,2024-10-17 19:00:00,post_stress,control,9756,9757,Group_3_break_std_duration,-0.4359809544391958
16p,16p_9755,2024-10-17 19:00:00,post_stress,control,9756,9757,Group_3_make_count,-0.757685701697516
16p,16p_9755,2024-10-17 19:00:00,post_stress,control,9756,9757,Group_3_make_mean_duration,-0.09549409717071389
16p,16p_9755,2024-10-17 19:00:00,post_stress,control,9756,9757,Group_3_make_std_duration,-0.4925859150035306
16p,16p_9755,2024-10-17 19:00:00,post_stress,control,9756,9757,Group_4_break_count,0.0
16p,16p_9755,2024-10-17 19:00:00,post_stress,control,9756,9757,Group_4_break_mean_duration,0.03742640551911691
16p,16p_9755,2024-10-17 19:00:00,post_stress,control,9756,9757,Group_4_break_std_duration,-0.023283572590291457
16p,16p_9755,2024-10-17 19:00:00,post_stress,control,9756,9757,Group_4_make_count,0.2876820724517808
16p,16p_9755,2024-10-17 19:00:00,post_stress,control,9756,9757,Group_4_make_mean_duration,0.0039504450729075935
16p,16p_9755,2024-10-17 19:00:00,post_stress,control,9756,9757,Group_4_make_std_duration,-0.0018241740427304698
16p,16p_9755,2024-10-17 19:00:00,post_stress,control,9756,9757,Group2_active_count,0.12637111572018256
16p,16p_9755,2024-10-17 19:00:00,post_stress,control,9756,9757,Group2_passive_count,0.12623574478640975
16p,16p_9755,2024-10-17 19:00:00,post_stress,control,9756,9757,Group2_mean_duration,-0.23372556410555667
16p,16p_9755,2024-10-17 19:00:00,post_stress,control,9756,9757,Group2_std_duration,-0.29215685048916384
16p,16p_9755,2024-10-17 19:00:00,post_stress,control,9756,9757,Huddling_count,0.3827067826566797
16p,16p_9755,2024-10-17 19:00:00,post_stress,control,9756,9757,Huddling_mean_duration,0.19751187216312815
16p,16p_9755,2024-10-17 19:00:00,post_stress,control,9756,9757,Huddling_std_duration,0.30006586890880227
16p,16p_9755,2024-10-17 19:00:00,post_stress,control,9756,9757,Move_in_contact_active_count,0.04446973605993776
16p,16p_9755,2024-10-17 19:00:00,post_stress,control,9756,9757,Move_in_contact_passive_count,0.03033519979607302
16p,16p_9755,2024-10-17 19:00:00,post_stress,control,9756,9757,Move_in_contact_mean_duration,0.02885801741118388
16p,16p_9755,2024-10-17 19:00:00,post_stress,control,9756,9757,Move_in_contact_std_duration,0.011691990130735963
16p,16p_9755,2024-10-17 19:00:00,post_stress,control,9756,9757,Move_isolated_count,0.12269444129464535
16p,16p_9755,2024-10-17 19:00:00,post_stress,control,9756,9757,Move_isolated_mean_duration,-0.1994370186929204
16p,16p_9755,2024-10-17 19:00:00,post_stress,control,9756,9757,Move_isolated_std_duration,-0.9777256345864278
16p,16p_9755,2024-10-17 19:00:00,post_stress,control,9756,9757,Oral_genital_Contact_active_count,0.07156266614961293
16p,16p_9755,2024-10-17 19:00:00,post_stress,control,9756,9757,Oral_genital_Contact_passive_count,0.057751056620703345
16p,16p_9755,2024-10-17 19:00:00,post_stress,control,9756,9757,Oral_genital_Contact_mean_duration,-0.04516429544117728
16p,16p_9755,2024-10-17 19:00:00,post_stress,control,9756,9757,Oral_genital_Contact_std_duration,-0.15586115162947767
16p,16p_9755,2024-10-17 19:00:00,post_stress,control,9756,9757,Oral_oral_Contact_active_count,0.04599686626381949
16p,16p_9755,2024-10-17 19:00:00,post_stress,control,9756,9757,Oral_oral_Contact_passive_count,0.04599686626381949
16p,16p_9755,2024-10-17 19:00:00,post_stress,control,9756,9757,Oral_oral_Contact_mean_duration,-0.048350938933788834
16p,16p_9755,2024-10-17 19:00:00,post_stress,control,9756,9757,Oral_oral_Contact_std_duration,-0.08712247050546695
16p,16p_9755,2024-10-17 19:00:00,post_stress,control,9756,9757,Periphery_Zone_count,0.06899287148695166
16p,16p_9755,2024-10-17 19:00:00,post_stress,control,9756,9757,Periphery_Zone_mean_duration,-0.06381756868018496
16p,16p_9755,2024-10-17 19:00:00,post_stress,control,9756,9757,Periphery_Zone_std_duration,-0.10687058369433888
16p,16p_9755,2024-10-17 19:00:00,post_stress,control,9756,9757,Rear_at_periphery_count,-0.3618832890458705
16p,16p_9755,2024-10-17 19:00:00,post_stress,control,9756,9757,Rear_at_periphery_mean_duration,-0.024282611369665252
16p,16p_9755,2024-10-17 19:00:00,post_stress,control,9756,9757,Rear_at_periphery_std_duration,0.24475852449780522
16p,16p_9755,2024-10-17 19:00:00,post_stress,control,9756,9757,Rear_in_centerWindow_count,0.14310084364067333
16p,16p_9755,2024-10-17 19:00:00,post_stress,control,9756,9757,Rear_in_centerWindow_mean_duration,-0.05438011057375258
16p,16p_9755,2024-10-17 19:00:00,post_stress,control,9756,9757,Rear_in_centerWindow_std_duration,-0.1760745306028454
16p,16p_9755,2024-10-17 19:00:00,post_stress,control,9756,9757,Rear_in_contact_count,0.13173380091271625
16p,16p_9755,2024-10-17 19:00:00,post_stress,control,9756,9757,Rear_in_contact_mean_duration,-0.14713395519773442
16p,16p_9755,2024-10-17 19:00:00,post_stress,control,9756,9757,Rear_in_contact_std_duration,-0.4601260283615365
16p,16p_9755,2024-10-17 19:00:00,post_stress,control,9756,9757,Rear_isolated_count,-0.3159016242463002
16p,16p_9755,2024-10-17 19:00:00,post_stress,control,9756,9757,Rear_isolated_mean_duration,-0.041519998920796164
16p,16p_9755,2024-10-17 19:00:00,post_stress,control,9756,9757,Rear_isolated_std_duration,0.22249183624635993
16p,16p_9755,2024-10-17 19:00:00,post_stress,control,9756,9757,Rearing_count,-0.10791538872330708
16p,16p_9755,2024-10-17 19:00:00,post_stress,control,9756,9757,Rearing_mean_duration,0.14704516616957175
16p,16p_9755,2024-10-17 19:00:00,post_stress,control,9756,9757,Rearing_std_duration,0.05640140946970984
16p,16p_9755,2024-10-17 19:00:00,post_stress,control,9756,9757,SAP_count,0.05592078991959859
16p,16p_9755,2024-10-17 19:00:00,post_stress,control,9756,9757,SAP_mean_duration,0.49735783197907835
16p,16p_9755,2024-10-17 19:00:00,post_stress,control,9756,9757,SAP_std_duration,1.2434063570034342
16p,16p_9755,2024-10-17 19:00:00,post_stress,control,9756,9757,Side_by_side_Contact_active_count,0.0820217806819592
16p,16p_9755,2024-10-17 19:00:00,post_stress,control,9756,9757,Side_by_side_Contact_passive_count,0.0820217806819592
16p,16p_9755,2024-10-17 19:00:00,post_stress,control,9756,9757,Side_by_side_Contact_mean_duration,-0.11362621246858762
16p,16p_9755,2024-10-17 19:00:00,post_stress,control,9756,9757,Side_by_side_Contact_std_duration,-0.20814133043332061
16p,16p_9755,2024-10-17 19:00:00,post_stress,control,9756,9757,Side_by_side_Contact_opposite_way_active_count,0.06825676545444992
16p,16p_9755,2024-10-17 19:00:00,post_stress,control,9756,9757,Side_by_side_Contact_opposite_way_passive_count,0.06825676545444992
16p,16p_9755,2024-10-17 19:00:00,post_stress,control,9756,9757,Side_by_side_Contact_opposite_way_mean_duration,-0.09012198455207443
16p,16p_9755,2024-10-17 19:00:00,post_stress,control,9756,9757,Side_by_side_Contact_opposite_way_std_duration,-0.1809087794871782
16p,16p_9755,2024-10-17 19:00:00,post_stress,control,9756,9757,Social_approach_active_count,0.015325970478228257
16p,16p_9755,2024-10-17 19:00:00,post_stress,control,9756,9757,Social_approach_passive_count,-0.02312241742085419
16p,16p_9755,2024-10-17 19:00:00,post_stress,control,9756,9757,Social_approach_mean_duration,-0.04680873471240954
16p,16p_9755,2024-10-17 19:00:00,post_stress,control,9756,9757,Social_approach_std_duration,-0.0261407930788633
16p,16p_9755,2024-10-17 19:00:00,post_stress,control,9756,9757,Social_escape_active_count,-0.003825141276044164
16p,16p_9755,2024-10-17 19:00:00,post_stress,control,9756,9757,Social_escape_passive_count,-0.06641006570767516
16p,16p_9755,2024-10-17 19:00:00,post_stress,control,9756,9757,Social_escape_mean_duration,0.03580744477978692
16p,16p_9755,2024-10-17 19:00:00,post_stress,control,9756,9757,Social_escape_std_duration,0.01499499304377605
16p,16p_9755,2024-10-17 19:00:00,post_stress,control,9756,9757,Stop_count,0.1533283789832911
16p,16p_9755,2024-10-17 19:00:00,post_stress,control,9756,9757,Stop_mean_duration,-0.15671337160521936
16p,16p_9755,2024-10-17 19:00:00,post_stress,control,9756,9757,Stop_std_duration,-0.11191774243320207
16p,16p_9755,2024-10-17 19:00:00,post_stress,control,9756,9757,Stop_in_contact_active_count,0.02798890990223324
16p,16p_9755,2024-10-17 19:00:00,post_stress,control,9756,9757,Stop_in_contact_passive_count,0.05913763269485628
16p,16p_9755,2024-10-17 19:00:00,post_stress,control,9756,9757,Stop_in_contact_mean_duration,-0.11678186925467449
16p,16p_9755,2024-10-17 19:00:00,post_stress,control,9756,9757,Stop_in_contact_std_duration,-0.08237799084549646
16p,16p_9755,2024-10-17 19:00:00,post_stress,control,9756,9757,Stop_isolated_count,0.08564902780247419
16p,16p_9755,2024-10-17 19:00:00,post_stress,control,9756,9757,Stop_isolated_mean_duration,-0.03306097499959604
16p,16p_9755,2024-10-17 19:00:00,post_stress,control,9756,9757,Stop_isolated_std_duration,0.16387031694694532
16p,16p_9755,2024-10-17 19:00:00,post_stress,control,9756,9757,Train2_active_count,1.3156767939059373
16p,16p_9755,2024-10-17 19:00:00,post_stress,control,9756,9757,Train2_passive_count,0.32850406697203605
16p,16p_9755,2024-10-17 19:00:00,post_stress,control,9756,9757,Train2_mean_duration,-0.05587512142163126
16p,16p_9755,2024-10-17 19:00:00,post_stress,control,9756,9757,Train2_std_duration,-0.05070831740948384
16p,16p_9755,2024-10-17 19:00:00,post_stress,control,9756,9757,WallJump_count,-0.18232155679395468
16p,16p_9755,2024-10-17 19:00:00,post_stress,control,9756,9757,WallJump_mean_duration,0.08717519057014189
16p,16p_9755,2024-10-17 19:00:00,post_stress,control,9756,9757,WallJump_std_duration,0.2057485729349725
16p,16p_9755,2024-10-17 19:00:00,post_stress,control,9756,9757,isolated_count,-0.192535706227968
16p,16p_9755,2024-10-17 19:00:00,post_stress,control,9756,9757,isolated_mean_duration,0.3411397053799208
16p,16p_9755,2024-10-17 19:00:00,post_stress,control,9756,9757,isolated_std_duration,0.608528377607696
16p,16p_9755,2024-10-17 19:00:00,post_stress,control,9756,9757,seq_oral_geni___oral_oral_active_count,0.03559094510270189
16p,16p_9755,2024-10-17 19:00:00,post_stress,control,9756,9757,seq_oral_geni___oral_oral_passive_count,0.024897551621727132
16p,16p_9755,2024-10-17 19:00:00,post_stress,control,9756,9757,seq_oral_geni___oral_oral_mean_duration,-0.14112275830406373
16p,16p_9755,2024-10-17 19:00:00,post_stress,control,9756,9757,seq_oral_geni___oral_oral_std_duration,-0.17314659652813225
16p,16p_9755,2024-10-17 19:00:00,post_stress,control,9756,9757,seq_oral_oral___oral_genital_active_count,-0.0067796869853786745
16p,16p_9755,2024-10-17 19:00:00,post_stress,control,9756,9757,seq_oral_oral___oral_genital_passive_count,0.20067069546215066
16p,16p_9755,2024-10-17 19:00:00,post_stress,control,9756,9757,seq_oral_oral___oral_genital_mean_duration,-0.21975252026638548
16p,16p_9755,2024-10-17 19:00:00,post_stress,control,9756,9757,seq_oral_oral___oral_genital_std_duration,-0.690230056684755
16p,16p_9755,2024-10-18 19:00:00,post_stress,control,9756,9757,Approach_active_count,0.05405300794243928
16p,16p_9755,2024-10-18 19:00:00,post_stress,control,9756,9757,Approach_passive_count,-0.0730831981547837
16p,16p_9755,2024-10-18 19:00:00,post_stress,control,9756,9757,Approach_mean_duration,0.00338053981964892
16p,16p_9755,2024-10-18 19:00:00,post_stress,control,9756,9757,Approach_std_duration,0.07437594679212545
16p,16p_9755,2024-10-18 19:00:00,post_stress,control,9756,9757,Approach_contact_active_count,0.07076121854369344
16p,16p_9755,2024-10-18 19:00:00,post_stress,control,9756,9757,Approach_contact_passive_count,-0.14221798311541178
16p,16p_9755,2024-10-18 19:00:00,post_stress,control,9756,9757,Approach_contact_mean_duration,0.010201633286126333
16p,16p_9755,2024-10-18 19:00:00,post_stress,control,9756,9757,Approach_contact_std_duration,0.03035998276938856
16p,16p_9755,2024-10-18 19:00:00,post_stress,control,9756,9757,Approach_rear_active_count,-0.0271019297777908
16p,16p_9755,2024-10-18 19:00:00,post_stress,control,9756,9757,Approach_rear_passive_count,-0.05483607187654993
16p,16p_9755,2024-10-18 19:00:00,post_stress,control,9756,9757,Approach_rear_mean_duration,-0.0063903561906137885
16p,16p_9755,2024-10-18 19:00:00,post_stress,control,9756,9757,Approach_rear_std_duration,0.09092763309231011
16p,16p_9755,2024-10-18 19:00:00,post_stress,control,9756,9757,Break_contact_active_count,-0.06950023987033571
16p,16p_9755,2024-10-18 19:00:00,post_stress,control,9756,9757,Break_contact_passive_count,-0.04205938403911613
16p,16p_9755,2024-10-18 19:00:00,post_stress,control,9756,9757,Break_contact_mean_duration,-0.01278835457985028
16p,16p_9755,2024-10-18 19:00:00,post_stress,control,9756,9757,Break_contact_std_duration,-0.006597478651342414
16p,16p_9755,2024-10-18 19:00:00,post_stress,control,9756,9757,Center_Zone_count,0.09245711082191921
16p,16p_9755,2024-10-18 19:00:00,post_stress,control,9756,9757,Center_Zone_mean_duration,0.30751208254423634
16p,16p_9755,2024-10-18 19:00:00,post_stress,control,9756,9757,Center_Zone_std_duration,0.34742402154022045
16p,16p_9755,2024-10-18 19:00:00,post_stress,control,9756,9757,Contact_active_count,-0.03638439557171136
16p,16p_9755,2024-10-18 19:00:00,post_stress,control,9756,9757,Contact_passive_count,-0.03638439557171136
16p,16p_9755,2024-10-18 19:00:00,post_stress,control,9756,9757,Contact_mean_duration,-0.03222891796002614
16p,16p_9755,2024-10-18 19:00:00,post_stress,control,9756,9757,Contact_std_duration,-0.1393889430594113
16p,16p_9755,2024-10-18 19:00:00,post_stress,control,9756,9757,Get_away_active_count,-0.15860380861534829
16p,16p_9755,2024-10-18 19:00:00,post_stress,control,9756,9757,Get_away_passive_count,0.05499357613040701
16p,16p_9755,2024-10-18 19:00:00,post_stress,control,9756,9757,Get_away_mean_duration,0.0266409628699964
16p,16p_9755,2024-10-18 19:00:00,post_stress,control,9756,9757,Get_away_std_duration,0.05189402837398194
16p,16p_9755,2024-10-18 19:00:00,post_stress,control,9756,9757,Group_3_break_count,-0.0819171224678863
16p,16p_9755,2024-10-18 19:00:00,post_stress,control,9756,9757,Group_3_break_mean_duration,-0.025870238284473546
16p,16p_9755,2024-10-18 19:00:00,post_stress,control,9756,9757,Group_3_break_std_duration,-0.09690096172704571
16p,16p_9755,2024-10-18 19:00:00,post_stress,control,9756,9757,Group_3_make_count,0.061368946376291866
16p,16p_9755,2024-10-18 19:00:00,post_stress,control,9756,9757,Group_3_make_mean_duration,-0.009493384697987217
16p,16p_9755,2024-10-18 19:00:00,post_stress,control,9756,9757,Group_3_make_std_duration,-0.07399101213898168
16p,16p_9755,2024-10-18 19:00:00,post_stress,control,9756,9757,Group_4_break_count,0.6190392084062235
16p,16p_9755,2024-10-18 19:00:00,post_stress,control,9756,9757,Group_4_break_mean_duration,-0.2910776614529192
16p,16p_9755,2024-10-18 19:00:00,post_stress,control,9756,9757,Group_4_break_std_duration,-0.2977877387827934
16p,16p_9755,2024-10-18 19:00:00,post_stress,control,9756,9757,Group_4_make_count,0.16705408466316607
16p,16p_9755,2024-10-18 19:00:00,post_stress,control,9756,9757,Group_4_make_mean_duration,-0.2720461318740698
16p,16p_9755,2024-10-18 19:00:00,post_stress,control,9756,9757,Group_4_make_std_duration,-0.2839226001650012
16p,16p_9755,2024-10-18 19:00:00,post_stress,control,9756,9757,Group2_active_count,-0.03546005137887054
16p,16p_9755,2024-10-18 19:00:00,post_stress,control,9756,9757,Group2_passive_count,-0.03546005137887054
16p,16p_9755,2024-10-18 19:00:00,post_stress,control,9756,9757,Group2_mean_duration,-0.02815207796011876
16p,16p_9755,2024-10-18 19:00:00,post_stress,control,9756,9757,Group2_std_duration,-0.06957262411306075
16p,16p_9755,2024-10-18 19:00:00,post_stress,control,9756,9757,Huddling_count,0.6357031748288646
16p,16p_9755,2024-10-18 19:00:00,post_stress,control,9756,9757,Huddling_mean_duration,0.2093356097176633
16p,16p_9755,2024-10-18 19:00:00,post_stress,control,9756,9757,Huddling_std_duration,0.1373698428181045
16p,16p_9755,2024-10-18 19:00:00,post_stress,control,9756,9757,Move_in_contact_active_count,0.003306781909985901
16p,16p_9755,2024-10-18 19:00:00,post_stress,control,9756,9757,Move_in_contact_passive_count,-0.03239388074124605
16p,16p_9755,2024-10-18 19:00:00,post_stress,control,9756,9757,Move_in_contact_mean_duration,0.037466243231784935
16p,16p_9755,2024-10-18 19:00:00,post_stress,control,9756,9757,Move_in_contact_std_duration,0.05376150135443791
16p,16p_9755,2024-10-18 19:00:00,post_stress,control,9756,9757,Move_isolated_count,0.21637915122566742
16p,16p_9755,2024-10-18 19:00:00,post_stress,control,9756,9757,Move_isolated_mean_duration,0.05080765620771488
16p,16p_9755,2024-10-18 19:00:00,post_stress,control,9756,9757,Move_isolated_std_duration,0.1565284123196331
16p,16p_9755,2024-10-18 19:00:00,post_stress,control,9756,9757,Oral_genital_Contact_active_count,0.010050335853501124
16p,16p_9755,2024-10-18 19:00:00,post_stress,control,9756,9757,Oral_genital_Contact_passive_count,0.05320948150018889
16p,16p_9755,2024-10-18 19:00:00,post_stress,control,9756,9757,Oral_genital_Contact_mean_duration,-0.011056338398770627
16p,16p_9755,2024-10-18 19:00:00,post_stress,control,9756,9757,Oral_genital_Contact_std_duration,-0.04503626088200541
16p,16p_9755,2024-10-18 19:00:00,post_stress,control,9756,9757,Oral_oral_Contact_active_count,-0.060598372685935153
16p,16p_9755,2024-10-18 19:00:00,post_stress,control,9756,9757,Oral_oral_Contact_passive_count,-0.060598372685935153
16p,16p_9755,2024-10-18 19:00:00,post_stress,control,9756,9757,Oral_oral_Contact_mean_duration,-0.05148208689639788
16p,16p_9755,2024-10-18 19:00:00,post_stress,control,9756,9757,Oral_oral_Contact_std_duration,-0.08019977514675047
16p,16p_9755,2024-10-18 19:00:00,post_stress,control,9756,9757,Periphery_Zone_count,0.4101227783821457
16p,16p_9755,2024-10-18 19:00:00,post_stress,control,9756,9757,Periphery_Zone_mean_duration,-0.3856455351558026
16p,16p_9755,2024-10-18 19:00:00,post_stress,control,9756,9757,Periphery_Zone_std_duration,-0.34374795639596734
16p,16p_9755,2024-10-18 19:00:00,post_stress,control,9756,9757,Rear_at_periphery_count,0.03855527651156354
16p,16p_9755,2024-10-18 19:00:00,post_stress,control,9756,9757,Rear_at_periphery_mean_duration,0.03004933075591798
16p,16p_9755,2024-10-18 19:00:00,post_stress,control,9756,9757,Rear_at_periphery_std_duration,0.10573862512964904
16p,16p_9755,2024-10-18 19:00:00,post_stress,control,9756,9757,Rear_in_centerWindow_count,0.3856624808119844
16p,16p_9755,2024-10-18 19:00:00,post_stress,control,9756,9757,Rear_in_centerWindow_mean_duration,0.4551199225484285
16p,16p_9755,2024-10-18 19:00:00,post_stress,control,9756,9757,Rear_in_centerWindow_std_duration,1.0436734662029954
16p,16p_9755,2024-10-18 19:00:00,post_stress,control,9756,9757,Rear_in_contact_count,-0.03539032504608919
16p,16p_9755,2024-10-18 19:00:00,post_stress,control,9756,9757,Rear_in_contact_mean_duration,0.04740710673588677
16p,16p_9755,2024-10-18 19:00:00,post_stress,control,9756,9757,Rear_in_contact_std_duration,0.15768665330047682
16p,16p_9755,2024-10-18 19:00:00,post_stress,control,9756,9757,Rear_isolated_count,0.05264373348542151
16p,16p_9755,2024-10-18 19:00:00,post_stress,control,9756,9757,Rear_isolated_mean_duration,0.047487709229046104
16p,16p_9755,2024-10-18 19:00:00,post_stress,control,9756,9757,Rear_isolated_std_duration,0.21816507257864437
16p,16p_9755,2024-10-18 19:00:00,post_stress,control,9756,9757,Rearing_count,0.2226184791047192
16p,16p_9755,2024-10-18 19:00:00,post_stress,control,9756,9757,Rearing_mean_duration,-0.2172963183410035
16p,16p_9755,2024-10-18 19:00:00,post_stress,control,9756,9757,Rearing_std_duration,-0.09550733204115414
16p,16p_9755,2024-10-18 19:00:00,post_stress,control,9756,9757,SAP_count,0.2606011138491109
16p,16p_9755,2024-10-18 19:00:00,post_stress,control,9756,9757,SAP_mean_duration,-0.014255979226517113
16p,16p_9755,2024-10-18 19:00:00,post_stress,control,9756,9757,SAP_std_duration,-0.031277385472244124
16p,16p_9755,2024-10-18 19:00:00,post_stress,control,9756,9757,Side_by_side_Contact_active_count,-0.035884248792389606
16p,16p_9755,2024-10-18 19:00:00,post_stress,control,9756,9757,Side_by_side_Contact_passive_count,-0.035884248792389606
16p,16p_9755,2024-10-18 19:00:00,post_stress,control,9756,9757,Side_by_side_Contact_mean_duration,-0.06457879948314194
16p,16p_9755,2024-10-18 19:00:00,post_stress,control,9756,9757,Side_by_side_Contact_std_duration,-0.17304598770693858
16p,16p_9755,2024-10-18 19:00:00,post_stress,control,9756,9757,Side_by_side_Contact_opposite_way_active_count,0.04038913423461121
16p,16p_9755,2024-10-18 19:00:00,post_stress,control,9756,9757,Side_by_side_Contact_opposite_way_passive_count,0.04038913423461121
16p,16p_9755,2024-10-18 19:00:00,post_stress,control,9756,9757,Side_by_side_Contact_opposite_way_mean_duration,-0.018372477498780793
16p,16p_9755,2024-10-18 19:00:00,post_stress,control,9756,9757,Side_by_side_Contact_opposite_way_std_duration,-0.0858423753811528
16p,16p_9755,2024-10-18 19:00:00,post_stress,control,9756,9757,Social_approach_active_count,0.0070618200155365685
16p,16p_9755,2024-10-18 19:00:00,post_stress,control,9756,9757,Social_approach_passive_count,-0.1347258980422854
16p,16p_9755,2024-10-18 19:00:00,post_stress,control,9756,9757,Social_approach_mean_duration,-0.013158763153696462
16p,16p_9755,2024-10-18 19:00:00,post_stress,control,9756,9757,Social_approach_std_duration,0.0072304034727688204
16p,16p_9755,2024-10-18 19:00:00,post_stress,control,9756,9757,Social_escape_active_count,-0.1389732412081841
16p,16p_9755,2024-10-18 19:00:00,post_stress,control,9756,9757,Social_escape_passive_count,-0.017729111780502294
16p,16p_9755,2024-10-18 19:00:00,post_stress,control,9756,9757,Social_escape_mean_duration,0.02162142350158014
16p,16p_9755,2024-10-18 19:00:00,post_stress,control,9756,9757,Social_escape_std_duration,0.047956720484847226
16p,16p_9755,2024-10-18 19:00:00,post_stress,control,9756,9757,Stop_count,0.23880966805860915
16p,16p_9755,2024-10-18 19:00:00,post_stress,control,9756,9757,Stop_mean_duration,-0.21321846311098813
16p,16p_9755,2024-10-18 19:00:00,post_stress,control,9756,9757,Stop_std_duration,-0.11863816542126315
16p,16p_9755,2024-10-18 19:00:00,post_stress,control,9756,9757,Stop_in_contact_active_count,-0.040438043661247924
16p,16p_9755,2024-10-18 19:00:00,post_stress,control,9756,9757,Stop_in_contact_passive_count,-0.020755462051451623
16p,16p_9755,2024-10-18 19:00:00,post_stress,control,9756,9757,Stop_in_contact_mean_duration,-0.04125853887214426
16p,16p_9755,2024-10-18 19:00:00,post_stress,control,9756,9757,Stop_in_contact_std_duration,-0.17129055374662805
16p,16p_9755,2024-10-18 19:00:00,post_stress,control,9756,9757,Stop_isolated_count,0.051324641858595754
16p,16p_9755,2024-10-18 19:00:00,post_stress,control,9756,9757,Stop_isolated_mean_duration,0.03500235669405516
16p,16p_9755,2024-10-18 19:00:00,post_stress,control,9756,9757,Stop_isolated_std_duration,0.08243580315478383
16p,16p_9755,2024-10-18 19:00:00,post_stress,control,9756,9757,Train2_active_count,1.3862943611198906
16p,16p_9755,2024-10-18 19:00:00,post_stress,control,9756,9757,Train2_passive_count,0.0
16p,16p_9755,2024-10-18 19:00:00,post_stress,control,9756,9757,Train2_mean_duration,0.024421985331059992
16p,16p_9755,2024-10-18 19:00:00,post_stress,control,9756,9757,Train2_std_duration,-0.02281637157607269
16p,16p_9755,2024-10-18 19:00:00,post_stress,control,9756,9757,WallJump_count,-0.08004270767353638
16p,16p_9755,2024-10-18 19:00:00,post_stress,control,9756,9757,WallJump_mean_duration,-0.20377248555820998
16p,16p_9755,2024-10-18 19:00:00,post_stress,control,9756,9757,WallJump_std_duration,-0.07655457684127334
16p,16p_9755,2024-10-18 19:00:00,post_stress,control,9756,9757,isolated_count,0.2565852271482614
16p,16p_9755,2024-10-18 19:00:00,post_stress,control,9756,9757,isolated_mean_duration,0.046490179583990265
16p,16p_9755,2024-10-18 19:00:00,post_stress,control,9756,9757,isolated_std_duration,0.13400204337036525
16p,16p_9755,2024-10-18 19:00:00,post_stress,control,9756,9757,seq_oral_geni___oral_oral_active_count,-0.1466034741918758
16p,16p_9755,2024-10-18 19:00:00,post_stress,control,9756,9757,seq_oral_geni___oral_oral_passive_count,-0.018519047767237673
16p,16p_9755,2024-10-18 19:00:00,post_stress,control,9756,9757,seq_oral_geni___oral_oral_mean_duration,-0.11524900671696248
16p,16p_9755,2024-10-18 19:00:00,post_stress,control,9756,9757,seq_oral_geni___oral_oral_std_duration,-0.35558148787261756
16p,16p_9755,2024-10-18 19:00:00,post_stress,control,9756,9757,seq_oral_oral___oral_genital_active_count,-0.21825356602001822
16p,16p_9755,2024-10-18 19:00:00,post_stress,control,9756,9757,seq_oral_oral___oral_genital_passive_count,-0.015037877364540542
16p,16p_9755,2024-10-18 19:00:00,post_stress,control,9756,9757,seq_oral_oral___oral_genital_mean_duration,-0.05142176226142747
16p,16p_9755,2024-10-18 19:00:00,post_stress,control,9756,9757,seq_oral_oral___oral_genital_std_duration,0.03146701463853385
16p,16p_9755,2024-10-19 19:00:00,post_stress,control,9756,9757,Approach_active_count,0.014609267227415401
16p,16p_9755,2024-10-19 19:00:00,post_stress,control,9756,9757,Approach_passive_count,-0.040528481163290664
16p,16p_9755,2024-10-19 19:00:00,post_stress,control,9756,9757,Approach_mean_duration,-0.012851253423473041
16p,16p_9755,2024-10-19 19:00:00,post_stress,control,9756,9757,Approach_std_duration,0.016365228700073065
16p,16p_9755,2024-10-19 19:00:00,post_stress,control,9756,9757,Approach_contact_active_count,0.10846742396130615
16p,16p_9755,2024-10-19 19:00:00,post_stress,control,9756,9757,Approach_contact_passive_count,-0.03243527575315319
16p,16p_9755,2024-10-19 19:00:00,post_stress,control,9756,9757,Approach_contact_mean_duration,0.03065787663851316
16p,16p_9755,2024-10-19 19:00:00,post_stress,control,9756,9757,Approach_contact_std_duration,0.035317336168490865
16p,16p_9755,2024-10-19 19:00:00,post_stress,control,9756,9757,Approach_rear_active_count,-0.05210691679542556
16p,16p_9755,2024-10-19 19:00:00,post_stress,control,9756,9757,Approach_rear_passive_count,-0.1606855268143521
16p,16p_9755,2024-10-19 19:00:00,post_stress,control,9756,9757,Approach_rear_mean_duration,-0.07912457624065072
16p,16p_9755,2024-10-19 19:00:00,post_stress,control,9756,9757,Approach_rear_std_duration,-0.1120241605676151
16p,16p_9755,2024-10-19 19:00:00,post_stress,control,9756,9757,Break_contact_active_count,-0.042119853235855764
16p,16p_9755,2024-10-19 19:00:00,post_stress,control,9756,9757,Break_contact_passive_count,0.043607471646839535
16p,16p_9755,2024-10-19 19:00:00,post_stress,control,9756,9757,Break_contact_mean_duration,0.016916104084020556
16p,16p_9755,2024-10-19 19:00:00,post_stress,control,9756,9757,Break_contact_std_duration,0.13657816779952203
16p,16p_9755,2024-10-19 19:00:00,post_stress,control,9756,9757,Center_Zone_count,-0.286834255529441
16p,16p_9755,2024-10-19 19:00:00,post_stress,control,9756,9757,Center_Zone_mean_duration,0.3840464125132903
16p,16p_9755,2024-10-19 19:00:00,post_stress,control,9756,9757,Center_Zone_std_duration,0.2935372222716506
16p,16p_9755,2024-10-19 19:00:00,post_stress,control,9756,9757,Contact_active_count,0.0351270526014682
16p,16p_9755,2024-10-19 19:00:00,post_stress,control,9756,9757,Contact_passive_count,0.0351270526014682
16p,16p_9755,2024-10-19 19:00:00,post_stress,control,9756,9757,Contact_mean_duration,-0.13697318454849983
16p,16p_9755,2024-10-19 19:00:00,post_stress,control,9756,9757,Contact_std_duration,-0.19315618221181463
16p,16p_9755,2024-10-19 19:00:00,post_stress,control,9756,9757,Get_away_active_count,-0.07173467773787223
16p,16p_9755,2024-10-19 19:00:00,post_stress,control,9756,9757,Get_away_passive_count,0.011119746478996717
16p,16p_9755,2024-10-19 19:00:00,post_stress,control,9756,9757,Get_away_mean_duration,0.00020150437060140192
16p,16p_9755,2024-10-19 19:00:00,post_stress,control,9756,9757,Get_away_std_duration,-0.025878961300304093
16p,16p_9755,2024-10-19 19:00:00,post_stress,control,9756,9757,Group_3_break_count,0.07145896398214457
16p,16p_9755,2024-10-19 19:00:00,post_stress,control,9756,9757,Group_3_break_mean_duration,0.009647877098823643
16p,16p_9755,2024-10-19 19:00:00,post_stress,control,9756,9757,Group_3_break_std_duration,0.16181223099454178
16p,16p_9755,2024-10-19 19:00:00,post_stress,control,9756,9757,Group_3_make_count,0.10536051565782589
16p,16p_9755,2024-10-19 19:00:00,post_stress,control,9756,9757,Group_3_make_mean_duration,-0.027836396372464267
16p,16p_9755,2024-10-19 19:00:00,post_stress,control,9756,9757,Group_3_make_std_duration,0.06170308637121186
16p,16p_9755,2024-10-19 19:00:00,post_stress,control,9756,9757,Group_4_break_count,1.2992829841302609
16p,16p_9755,2024-10-19 19:00:00,post_stress,control,9756,9757,Group_4_break_mean_duration,0.2508918633052543
16p,16p_9755,2024-10-19 19:00:00,post_stress,control,9756,9757,Group_4_break_std_duration,0.30144310744904945
16p,16p_9755,2024-10-19 19:00:00,post_stress,control,9756,9757,Group_4_make_count,1.0986122886681098
16p,16p_9755,2024-10-19 19:00:00,post_stress,control,9756,9757,Group_4_make_mean_duration,0.14315292561771692
16p,16p_9755,2024-10-19 19:00:00,post_stress,control,9756,9757,Group_4_make_std_duration,0.43874720910152126
16p,16p_9755,2024-10-19 19:00:00,post_stress,control,9756,9757,Group2_active_count,0.01616493685335474
16p,16p_9755,2024-10-19 19:00:00,post_stress,control,9756,9757,Group2_passive_count,0.01616493685335474
16p,16p_9755,2024-10-19 19:00:00,post_stress,control,9756,9757,Group2_mean_duration,-0.08993307306381548
16p,16p_9755,2024-10-19 19:00:00,post_stress,control,9756,9757,Group2_std_duration,-0.23556487442761975
16p,16p_9755,2024-10-19 19:00:00,post_stress,control,9756,9757,Huddling_count,0.05709179824521282
16p,16p_9755,2024-10-19 19:00:00,post_stress,control,9756,9757,Huddling_mean_duration,0.20894028947833387
16p,16p_9755,2024-10-19 19:00:00,post_stress,control,9756,9757,Huddling_std_duration,0.3116379701453784
16p,16p_9755,2024-10-19 19:00:00,post_stress,control,9756,9757,Move_in_contact_active_count,-0.10766477956373244
16p,16p_9755,2024-10-19 19:00:00,post_stress,control,9756,9757,Move_in_contact_passive_count,-0.08521042226591113
16p,16p_9755,2024-10-19 19:00:00,post_stress,control,9756,9757,Move_in_contact_mean_duration,0.0036611410630966734
16p,16p_9755,2024-10-19 19:00:00,post_stress,control,9756,9757,Move_in_contact_std_duration,0.003159293597875923
16p,16p_9755,2024-10-19 19:00:00,post_stress,control,9756,9757,Move_isolated_count,0.02868396061058487
16p,16p_9755,2024-10-19 19:00:00,post_stress,control,9756,9757,Move_isolated_mean_duration,-0.029760331989970412
16p,16p_9755,2024-10-19 19:00:00,post_stress,control,9756,9757,Move_isolated_std_duration,-0.11548108054564055
16p,16p_9755,2024-10-19 19:00:00,post_stress,control,9756,9757,Oral_genital_Contact_active_count,-0.08639481614637301
16p,16p_9755,2024-10-19 19:00:00,post_stress,control,9756,9757,Oral_genital_Contact_passive_count,-0.16693729179518524
16p,16p_9755,2024-10-19 19:00:00,post_stress,control,9756,9757,Oral_genital_Contact_mean_duration,-0.043125826760861186
16p,16p_9755,2024-10-19 19:00:00,post_stress,control,9756,9757,Oral_genital_Contact_std_duration,0.11506719684168054
16p,16p_9755,2024-10-19 19:00:00,post_stress,control,9756,9757,Oral_oral_Contact_active_count,-0.12618436997397264
16p,16p_9755,2024-10-19 19:00:00,post_stress,control,9756,9757,Oral_oral_Contact_passive_count,-0.12618436997397264
16p,16p_9755,2024-10-19 19:00:00,post_stress,control,9756,9757,Oral_oral_Contact_mean_duration,-0.021602628732378282
16p,16p_9755,2024-10-19 19:00:00,post_stress,control,9756,9757,Oral_oral_Contact_std_duration,0.004207155548854535
16p,16p_9755,2024-10-19 19:00:00,post_stress,control,9756,9757,Periphery_Zone_count,-0.10882522245851689
16p,16p_9755,2024-10-19 19:00:00,post_stress,control,9756,9757,Periphery_Zone_mean_duration,-0.002916790894908594
16p,16p_9755,2024-10-19 19:00:00,post_stress,control,9756,9757,Periphery_Zone_std_duration,-0.16516897278731335
16p,16p_9755,2024-10-19 19:00:00,post_stress,control,9756,9757,Rear_at_periphery_count,-0.2677809181344859
16p,16p_9755,2024-10-19 19:00:00,post_stress,control,9756,9757,Rear_at_periphery_mean_duration,0.0012865873326474153
16p,16p_9755,2024-10-19 19:00:00,post_stress,control,9756,9757,Rear_at_periphery_std_duration,-0.06388291438336235
16p,16p_9755,2024-10-19 19:00:00,post_stress,control,9756,9757,Rear_in_centerWindow_count,-0.39390428570708824
16p,16p_9755,2024-10-19 19:00:00,post_stress,control,9756,9757,Rear_in_centerWindow_mean_duration,0.40895100667389217
16p,16p_9755,2024-10-19 19:00:00,post_stress,control,9756,9757,Rear_in_centerWindow_std_duration,0.5795341535030197
16p,16p_9755,2024-10-19 19:00:00,post_stress,control,9756,9757,Rear_in_contact_count,-0.1545808798769137
16p,16p_9755,2024-10-19 19:00:00,post_stress,control,9756,9757,Rear_in_contact_mean_duration,-0.08019523697766184
16p,16p_9755,2024-10-19 19:00:00,post_stress,control,9756,9757,Rear_in_contact_std_duration,-0.2072104685491727
16p,16p_9755,2024-10-19 19:00:00,post_stress,control,9756,9757,Rear_isolated_count,-0.2674312315153262
16p,16p_9755,2024-10-19 19:00:00,post_stress,control,9756,9757,Rear_isolated_mean_duration,0.014578132133803878
16p,16p_9755,2024-10-19 19:00:00,post_stress,control,9756,9757,Rear_isolated_std_duration,-0.054912069320020684
16p,16p_9755,2024-10-19 19:00:00,post_stress,control,9756,9757,Rearing_count,-0.09553242672156337
16p,16p_9755,2024-10-19 19:00:00,post_stress,control,9756,9757,Rearing_mean_duration,0.06434277564146029
16p,16p_9755,2024-10-19 19:00:00,post_stress,control,9756,9757,Rearing_std_duration,0.07484852414577237
16p,16p_9755,2024-10-19 19:00:00,post_stress,control,9756,9757,SAP_count,0.010485023971625651
16p,16p_9755,2024-10-19 19:00:00,post_stress,control,9756,9757,SAP_mean_duration,-0.08925577669609908
16p,16p_9755,2024-10-19 19:00:00,post_stress,control,9756,9757,SAP_std_duration,0.07497197001323075
16p,16p_9755,2024-10-19 19:00:00,post_stress,control,9756,9757,Side_by_side_Contact_active_count,-0.1740011759801865
16p,16p_9755,2024-10-19 19:00:00,post_stress,control,9756,9757,Side_by_side_Contact_passive_count,-0.1740011759801865
16p,16p_9755,2024-10-19 19:00:00,post_stress,control,9756,9757,Side_by_side_Contact_mean_duration,0.021963887048315422
16p,16p_9755,2024-10-19 19:00:00,post_stress,control,9756,9757,Side_by_side_Contact_std_duration,0.14856341252767669
16p,16p_9755,2024-10-19 19:00:00,post_stress,control,9756,9757,Side_by_side_Contact_opposite_way_active_count,-0.11438187129166177
16p,16p_9755,2024-10-19 19:00:00,post_stress,control,9756,9757,Side_by_side_Contact_opposite_way_passive_count,-0.11438187129166177
16p,16p_9755,2024-10-19 19:00:00,post_stress,control,9756,9757,Side_by_side_Contact_opposite_way_mean_duration,-0.09464427050539426
16p,16p_9755,2024-10-19 19:00:00,post_stress,control,9756,9757,Side_by_side_Contact_opposite_way_std_duration,-0.1720248082951974
16p,16p_9755,2024-10-19 19:00:00,post_stress,control,9756,9757,Social_approach_active_count,-0.003926192715281829
16p,16p_9755,2024-10-19 19:00:00,post_stress,control,9756,9757,Social_approach_passive_count,0.021092266245535285
16p,16p_9755,2024-10-19 19:00:00,post_stress,control,9756,9757,Social_approach_mean_duration,-0.1016720399997606
16p,16p_9755,2024-10-19 19:00:00,post_stress,control,9756,9757,Social_approach_std_duration,-0.07105285573606679
16p,16p_9755,2024-10-19 19:00:00,post_stress,control,9756,9757,Social_escape_active_count,-0.06159725427331253
16p,16p_9755,2024-10-19 19:00:00,post_stress,control,9756,9757,Social_escape_passive_count,-0.062094479504898104
16p,16p_9755,2024-10-19 19:00:00,post_stress,control,9756,9757,Social_escape_mean_duration,-0.05255298377090467
16p,16p_9755,2024-10-19 19:00:00,post_stress,control,9756,9757,Social_escape_std_duration,-0.12256342849312496
16p,16p_9755,2024-10-19 19:00:00,post_stress,control,9756,9757,Stop_count,-0.14939505659769026
16p,16p_9755,2024-10-19 19:00:00,post_stress,control,9756,9757,Stop_mean_duration,0.08199726850366318
16p,16p_9755,2024-10-19 19:00:00,post_stress,control,9756,9757,Stop_std_duration,-0.1677736546035291
16p,16p_9755,2024-10-19 19:00:00,post_stress,control,9756,9757,Stop_in_contact_active_count,0.05086286287331809
16p,16p_9755,2024-10-19 19:00:00,post_stress,control,9756,9757,Stop_in_contact_passive_count,0.04541435083349832
16p,16p_9755,2024-10-19 19:00:00,post_stress,control,9756,9757,Stop_in_contact_mean_duration,-0.15224471882513058
16p,16p_9755,2024-10-19 19:00:00,post_stress,control,9756,9757,Stop_in_contact_std_duration,-0.20724457307859412
16p,16p_9755,2024-10-19 19:00:00,post_stress,control,9756,9757,Stop_isolated_count,-0.040319776379624805
16p,16p_9755,2024-10-19 19:00:00,post_stress,control,9756,9757,Stop_isolated_mean_duration,0.03133668462516637
16p,16p_9755,2024-10-19 19:00:00,post_stress,control,9756,9757,Stop_isolated_std_duration,-0.09972518638955341
16p,16p_9755,2024-10-19 19:00:00,post_stress,control,9756,9757,Train2_active_count,1.8562979903656263
16p,16p_9755,2024-10-19 19:00:00,post_stress,control,9756,9757,Train2_passive_count,-0.3184537311185349
16p,16p_9755,2024-10-19 19:00:00,post_stress,control,9756,9757,Train2_mean_duration,-0.13945718078611935
16p,16p_9755,2024-10-19 19:00:00,post_stress,control,9756,9757,Train2_std_duration,-0.0481091888879685
16p,16p_9755,2024-10-19 19:00:00,post_stress,control,9756,9757,WallJump_count,-1.1786549963416462
16p,16p_9755,2024-10-19 19:00:00,post_stress,control,9756,9757,WallJump_mean_duration,0.47808054267138017
16p,16p_9755,2024-10-19 19:00:00,post_stress,control,9756,9757,WallJump_std_duration,0.30532967818887347
16p,16p_9755,2024-10-19 19:00:00,post_stress,control,9756,9757,isolated_count,-0.07365290957476578
16p,16p_9755,2024-10-19 19:00:00,post_stress,control,9756,9757,isolated_mean_duration,0.536723245631795
16p,16p_9755,2024-10-19 19:00:00,post_stress,control,9756,9757,isolated_std_duration,1.0652889693668843
16p,16p_9755,2024-10-19 19:00:00,post_stress,control,9756,9757,seq_oral_geni___oral_oral_active_count,-0.20649191772176767
16p,16p_9755,2024-10-19 19:00:00,post_stress,control,9756,9757,seq_oral_geni___oral_oral_passive_count,-0.09449084342092284
16p,16p_9755,2024-10-19 19:00:00,post_stress,control,9756,9757,seq_oral_geni___oral_oral_mean_duration,0.03230765321003881
16p,16p_9755,2024-10-19 19:00:00,post_stress,control,9756,9757,seq_oral_geni___oral_oral_std_duration,-0.004922891017627107
16p,16p_9755,2024-10-19 19:00:00,post_stress,control,9756,9757,seq_oral_oral___oral_genital_active_count,-0.09381875521765437
16p,16p_9755,2024-10-19 19:00:00,post_stress,control,9756,9757,seq_oral_oral___oral_genital_passive_count,-0.27820332849723695
16p,16p_9755,2024-10-19 19:00:00,post_stress,control,9756,9757,seq_oral_oral___oral_genital_mean_duration,-0.046024596924821415
16p,16p_9755,2024-10-19 19:00:00,post_stress,control,9756,9757,seq_oral_oral___oral_genital_std_duration,-0.3067024613660274
CD del,cddel_10276,2025-02-22 19:00:00,baseline,stressed,10276,10278,Approach_active_count,-0.011801735251433243
CD del,cddel_10276,2025-02-22 19:00:00,baseline,stressed,10276,10278,Approach_passive_count,-0.02510365596123343
CD del,cddel_10276,2025-02-22 19:00:00,baseline,stressed,10276,10278,Approach_mean_duration,-0.010491730938257948
CD del,cddel_10276,2025-02-22 19:00:00,baseline,stressed,10276,10278,Approach_std_duration,-0.012960444478888444
CD del,cddel_10276,2025-02-22 19:00:00,baseline,stressed,10276,10278,Approach_contact_active_count,0.11928631093142616
CD del,cddel_10276,2025-02-22 19:00:00,baseline,stressed,10276,10278,Approach_contact_passive_count,0.10825868657060234
CD del,cddel_10276,2025-02-22 19:00:00,baseline,stressed,10276,10278,Approach_contact_mean_duration,-0.015401716650399133
CD del,cddel_10276,2025-02-22 19:00:00,baseline,stressed,10276,10278,Approach_contact_std_duration,-0.008268698510876193
CD del,cddel_10276,2025-02-22 19:00:00,baseline,stressed,10276,10278,Approach_rear_active_count,0.11778303565638382
CD del,cddel_10276,2025-02-22 19:00:00,baseline,stressed,10276,10278,Approach_rear_passive_count,0.020262615657776983
CD del,cddel_10276,2025-02-22 19:00:00,baseline,stressed,10276,10278,Approach_rear_mean_duration,-0.003758402575509967
CD del,cddel_10276,2025-02-22 19:00:00,baseline,stressed,10276,10278,Approach_rear_std_duration,-0.0239362739499156
CD del,cddel_10276,2025-02-22 19:00:00,baseline,stressed,10276,10278,Break_contact_active_count,0.11692543095956154
CD del,cddel_10276,2025-02-22 19:00:00,baseline,stressed,10276,10278,Break_contact_passive_count,0.11633270907873694
CD del,cddel_10276,2025-02-22 19:00:00,baseline,stressed,10276,10278,Break_contact_mean_duration,-0.001326476048830738
CD del,cddel_10276,2025-02-22 19:00:00,baseline,stressed,10276,10278,Break_contact_std_duration,1.304908970656271e-06
CD del,cddel_10276,2025-02-22 19:00:00,baseline,stressed,10276,10278,Center_Zone_count,-0.03736914650796397
CD del,cddel_10276,2025-02-22 19:00:00,baseline,stressed,10276,10278,Center_Zone_mean_duration,0.07550724588629354
CD del,cddel_10276,2025-02-22 19:00:00,baseline,stressed,10276,10278,Center_Zone_std_duration,0.3396345197687727
CD del,cddel_10276,2025-02-22 19:00:00,baseline,stressed,10276,10278,Contact_active_count,0.12741698986035033
CD del,cddel_10276,2025-02-22 19:00:00,baseline,stressed,10276,10278,Contact_passive_count,0.12741698986035033
CD del,cddel_10276,2025-02-22 19:00:00,baseline,stressed,10276,10278,Contact_mean_duration,-0.011516151526208107
CD del,cddel_10276,2025-02-22 19:00:00,baseline,stressed,10276,10278,Contact_std_duration,0.01813706590079489
CD del,cddel_10276,2025-02-22 19:00:00,baseline,stressed,10276,10278,Get_away_active_count,0.038822525358401805
CD del,cddel_10276,2025-02-22 19:00:00,baseline,stressed,10276,10278,Get_away_passive_count,-0.04795288591873437
CD del,cddel_10276,2025-02-22 19:00:00,baseline,stressed,10276,10278,Get_away_mean_duration,0.003114598270442359
CD del,cddel_10276,2025-02-22 19:00:00,baseline,stressed,10276,10278,Get_away_std_duration,-0.031468375526531034
CD del,cddel_10276,2025-02-22 19:00:00,baseline,stressed,10276,10278,Group_3_break_count,0.11506932978478801
CD del,cddel_10276,2025-02-22 19:00:00,baseline,stressed,10276,10278,Group_3_break_mean_duration,0.09736336789866529
CD del,cddel_10276,2025-02-22 19:00:00,baseline,stressed,10276,10278,Group_3_break_std_duration,0.17824301366370354
CD del,cddel_10276,2025-02-22 19:00:00,baseline,stressed,10276,10278,Group_3_make_count,0.0969922659873097
CD del,cddel_10276,2025-02-22 19:00:00,baseline,stressed,10276,10278,Group_3_make_mean_duration,0.06398155114697546
CD del,cddel_10276,2025-02-22 19:00:00,baseline,stressed,10276,10278,Group_3_make_std_duration,0.13053953380430627
CD del,cddel_10276,2025-02-22 19:00:00,baseline,stressed,10276,10278,Group_4_break_count,-0.7884573603642702
CD del,cddel_10276,2025-02-22 19:00:00,baseline,stressed,10276,10278,Group_4_break_mean_duration,-0.02597548640326064
CD del,cddel_10276,2025-02-22 19:00:00,baseline,stressed,10276,10278,Group_4_break_std_duration,-0.02952739841423513
CD del,cddel_10276,2025-02-22 19:00:00,baseline,stressed,10276,10278,Group_4_make_count,-0.1112256351102241
CD del,cddel_10276,2025-02-22 19:00:00,baseline,stressed,10276,10278,Group_4_make_mean_duration,-0.0665915699728819
CD del,cddel_10276,2025-02-22 19:00:00,baseline,stressed,10276,10278,Group_4_make_std_duration,-0.02891670387027434
CD del,cddel_10276,2025-02-22 19:00:00,baseline,stressed,10276,10278,Group2_active_count,0.12557441172394057
CD del,cddel_10276,2025-02-22 19:00:00,baseline,stressed,10276,10278,Group2_passive_count,0.12557441172394057
CD del,cddel_10276,2025-02-22 19:00:00,baseline,stressed,10276,10278,Group2_mean_duration,-0.011097209473140968
CD del,cddel_10276,2025-02-22 19:00:00,baseline,stressed,10276,10278,Group2_std_duration,0.009102629705965981
CD del,cddel_10276,2025-02-22 19:00:00,baseline,stressed,10276,10278,Huddling_count,-0.014464420491566266
CD del,cddel_10276,2025-02-22 19:00:00,baseline,stressed,10276,10278,Huddling_mean_duration,-0.013385472019276312
CD del,cddel_10276,2025-02-22 19:00:00,baseline,stressed,10276,10278,Huddling_std_duration,-0.19743123377085303
CD del,cddel_10276,2025-02-22 19:00:00,baseline,stressed,10276,10278,Move_in_contact_active_count,0.12859311098393889
CD del,cddel_10276,2025-02-22 19:00:00,baseline,stressed,10276,10278,Move_in_contact_passive_count,0.10731173578908759
CD del,cddel_10276,2025-02-22 19:00:00,baseline,stressed,10276,10278,Move_in_contact_mean_duration,0.0022471994612303092
CD del,cddel_10276,2025-02-22 19:00:00,baseline,stressed,10276,10278,Move_in_contact_std_duration,-0.0032650252825890957
CD del,cddel_10276,2025-02-22 19:00:00,baseline,stressed,10276,10278,Move_isolated_count,0.026021785486084248
CD del,cddel_10276,2025-02-22 19:00:00,baseline,stressed,10276,10278,Move_isolated_mean_duration,-0.03335842715441495
CD del,cddel_10276,2025-02-22 19:00:00,baseline,stressed,10276,10278,Move_isolated_std_duration,-0.039571955327378006
CD del,cddel_10276,2025-02-22 19:00:00,baseline,stressed,10276,10278,Oral_genital_Contact_active_count,0.1300627800591192
CD del,cddel_10276,2025-02-22 19:00:00,baseline,stressed,10276,10278,Oral_genital_Contact_passive_count,0.13553996647799949
CD del,cddel_10276,2025-02-22 19:00:00,baseline,stressed,10276,10278,Oral_genital_Contact_mean_duration,0.0008642599545785057
CD del,cddel_10276,2025-02-22 19:00:00,baseline,stressed,10276,10278,Oral_genital_Contact_std_duration,-0.11265777627971185
CD del,cddel_10276,2025-02-22 19:00:00,baseline,stressed,10276,10278,Oral_oral_Contact_active_count,0.1068930830076038
CD del,cddel_10276,2025-02-22 19:00:00,baseline,stressed,10276,10278,Oral_oral_Contact_passive_count,0.1068930830076038
CD del,cddel_10276,2025-02-22 19:00:00,baseline,stressed,10276,10278,Oral_oral_Contact_mean_duration,-0.011683298762309557
CD del,cddel_10276,2025-02-22 19:00:00,baseline,stressed,10276,10278,Oral_oral_Contact_std_duration,-0.035226234227986764
CD del,cddel_10276,2025-02-22 19:00:00,baseline,stressed,10276,10278,Periphery_Zone_count,0.26226128315850783
CD del,cddel_10276,2025-02-22 19:00:00,baseline,stressed,10276,10278,Periphery_Zone_mean_duration,-0.334527600649436
CD del,cddel_10276,2025-02-22 19:00:00,baseline,stressed,10276,10278,Periphery_Zone_std_duration,-0.406973579138981
CD del,cddel_10276,2025-02-22 19:00:00,baseline,stressed,10276,10278,Rear_at_periphery_count,-0.4151004200918367
CD del,cddel_10276,2025-02-22 19:00:00,baseline,stressed,10276,10278,Rear_at_periphery_mean_duration,-0.01525523778721738
CD del,cddel_10276,2025-02-22 19:00:00,baseline,stressed,10276,10278,Rear_at_periphery_std_duration,0.048383779807632865
CD del,cddel_10276,2025-02-22 19:00:00,baseline,stressed,10276,10278,Rear_in_centerWindow_count,-0.8209805520698299
CD del,cddel_10276,2025-02-22 19:00:00,baseline,stressed,10276,10278,Rear_in_centerWindow_mean_duration,-0.3704059976318065
CD del,cddel_10276,2025-02-22 19:00:00,baseline,stressed,10276,10278,Rear_in_centerWindow_std_duration,-0.30506578730817857
CD del,cddel_10276,2025-02-22 19:00:00,baseline,stressed,10276,10278,Rear_in_contact_count,-0.06439516223832165
CD del,cddel_10276,2025-02-22 19:00:00,baseline,stressed,10276,10278,Rear_in_contact_mean_duration,-0.0001393157410198853
CD del,cddel_10276,2025-02-22 19:00:00,baseline,stressed,10276,10278,Rear_in_contact_std_duration,-0.020049719338665062
CD del,cddel_10276,2025-02-22 19:00:00,baseline,stressed,10276,10278,Rear_isolated_count,-0.4255865113075856
CD del,cddel_10276,2025-02-22 19:00:00,baseline,stressed,10276,10278,Rear_isolated_mean_duration,-0.024033529156507916
CD del,cddel_10276,2025-02-22 19:00:00,baseline,stressed,10276,10278,Rear_isolated_std_duration,0.04621958711105334
CD del,cddel_10276,2025-02-22 19:00:00,baseline,stressed,10276,10278,Rearing_count,0.27987389000396856
CD del,cddel_10276,2025-02-22 19:00:00,baseline,stressed,10276,10278,Rearing_mean_duration,-0.36465883161406243
CD del,cddel_10276,2025-02-22 19:00:00,baseline,stressed,10276,10278,Rearing_std_duration,-0.41020103966384625
CD del,cddel_10276,2025-02-22 19:00:00,baseline,stressed,10276,10278,SAP_count,0.19219528774999528
CD del,cddel_10276,2025-02-22 19:00:00,baseline,stressed,10276,10278,SAP_mean_duration,-0.09994401184395107
CD del,cddel_10276,2025-02-22 19:00:00,baseline,stressed,10276,10278,SAP_std_duration,-0.41852402026504487
CD del,cddel_10276,2025-02-22 19:00:00,baseline,stressed,10276,10278,Side_by_side_Contact_active_count,0.09587139336080774
CD del,cddel_10276,2025-02-22 19:00:00,baseline,stressed,10276,10278,Side_by_side_Contact_passive_count,0.09587139336080774
CD del,cddel_10276,2025-02-22 19:00:00,baseline,stressed,10276,10278,Side_by_side_Contact_mean_duration,-0.02141250798382366
CD del,cddel_10276,2025-02-22 19:00:00,baseline,stressed,10276,10278,Side_by_side_Contact_std_duration,-0.016809496790129774
CD del,cddel_10276,2025-02-22 19:00:00,baseline,stressed,10276,10278,Side_by_side_Contact_opposite_way_active_count,0.10689036820468534
CD del,cddel_10276,2025-02-22 19:00:00,baseline,stressed,10276,10278,Side_by_side_Contact_opposite_way_passive_count,0.10689036820468534
CD del,cddel_10276,2025-02-22 19:00:00,baseline,stressed,10276,10278,Side_by_side_Contact_opposite_way_mean_duration,-0.04620907162869736
CD del,cddel_10276,2025-02-22 19:00:00,baseline,stressed,10276,10278,Side_by_side_Contact_opposite_way_std_duration,-0.0559798185703706
CD del,cddel_10276,2025-02-22 19:00:00,baseline,stressed,10276,10278,Social_approach_active_count,0.1383933533241457
CD del,cddel_10276,2025-02-22 19:00:00,baseline,stressed,10276,10278,Social_approach_passive_count,0.09470795154161848
CD del,cddel_10276,2025-02-22 19:00:00,baseline,stressed,10276,10278,Social_approach_mean_duration,-0.009795594606133662
CD del,cddel_10276,2025-02-22 19:00:00,baseline,stressed,10276,10278,Social_approach_std_duration,0.014813001953407401
CD del,cddel_10276,2025-02-22 19:00:00,baseline,stressed,10276,10278,Social_escape_active_count,0.11843490684601932
CD del,cddel_10276,2025-02-22 19:00:00,baseline,stressed,10276,10278,Social_escape_passive_count,0.09245399375582686
CD del,cddel_10276,2025-02-22 19:00:00,baseline,stressed,10276,10278,Social_escape_mean_duration,-0.005470894230153567
CD del,cddel_10276,2025-02-22 19:00:00,baseline,stressed,10276,10278,Social_escape_std_duration,-0.0663699470013761
CD del,cddel_10276,2025-02-22 19:00:00,baseline,stressed,10276,10278,Stop_count,0.15142216517405505
CD del,cddel_10276,2025-02-22 19:00:00,baseline,stressed,10276,10278,Stop_mean_duration,-0.2346316121612122
CD del,cddel_10276,2025-02-22 19:00:00,baseline,stressed,10276,10278,Stop_std_duration,-0.5194118222615525
CD del,cddel_10276,2025-02-22 19:00:00,baseline,stressed,10276,10278,Stop_in_contact_active_count,0.12261421121437976
CD del,cddel_10276,2025-02-22 19:00:00,baseline,stressed,10276,10278,Stop_in_contact_passive_count,0.137112170448642
CD del,cddel_10276,2025-02-22 19:00:00,baseline,stressed,10276,10278,Stop_in_contact_mean_duration,-0.015888796648615422
CD del,cddel_10276,2025-02-22 19:00:00,baseline,stressed,10276,10278,Stop_in_contact_std_duration,-0.00735495947097764
CD del,cddel_10276,2025-02-22 19:00:00,baseline,stressed,10276,10278,Stop_isolated_count,0.06343696613909255
CD del,cddel_10276,2025-02-22 19:00:00,baseline,stressed,10276,10278,Stop_isolated_mean_duration,-0.29225725530408475
CD del,cddel_10276,2025-02-22 19:00:00,baseline,stressed,10276,10278,Stop_isolated_std_duration,-0.7960423668695653
CD del,cddel_10276,2025-02-22 19:00:00,baseline,stressed,10276,10278,Train2_active_count,0.0
CD del,cddel_10276,2025-02-22 19:00:00,baseline,stressed,10276,10278,Train2_passive_count,-0.47000362924573524
CD del,cddel_10276,2025-02-22 19:00:00,baseline,stressed,10276,10278,Train2_mean_duration,0.06637562604405722
CD del,cddel_10276,2025-02-22 19:00:00,baseline,stressed,10276,10278,Train2_std_duration,0.08897542831780514
CD del,cddel_10276,2025-02-22 19:00:00,baseline,stressed,10276,10278,WallJump_count,0.6931471805599454
CD del,cddel_10276,2025-02-22 19:00:00,baseline,stressed,10276,10278,WallJump_mean_duration,-0.05163511630166323
CD del,cddel_10276,2025-02-22 19:00:00,baseline,stressed,10276,10278,WallJump_std_duration,-0.004375385776042046
CD del,cddel_10276,2025-02-22 19:00:00,baseline,stressed,10276,10278,isolated_count,-0.4817061868727617
CD del,cddel_10276,2025-02-22 19:00:00,baseline,stressed,10276,10278,isolated_mean_duration,-0.10504618555282841
CD del,cddel_10276,2025-02-22 19:00:00,baseline,stressed,10276,10278,isolated_std_duration,-0.2622845594918777
CD del,cddel_10276,2025-02-22 19:00:00,baseline,stressed,10276,10278,seq_oral_geni___oral_oral_active_count,0.10289442316263298
CD del,cddel_10276,2025-02-22 19:00:00,baseline,stressed,10276,10278,seq_oral_geni___oral_oral_passive_count,0.3155168714452241
CD del,cddel_10276,2025-02-22 19:00:00,baseline,stressed,10276,10278,seq_oral_geni___oral_oral_mean_duration,-0.013106484196735657
CD del,cddel_10276,2025-02-22 19:00:00,baseline,stressed,10276,10278,seq_oral_geni___oral_oral_std_duration,-0.07997644721248331
CD del,cddel_10276,2025-02-22 19:00:00,baseline,stressed,10276,10278,seq_oral_oral___oral_genital_active_count,0.10772738066809229
CD del,cddel_10276,2025-02-22 19:00:00,baseline,stressed,10276,10278,seq_oral_oral___oral_genital_passive_count,0.13005312824819715
CD del,cddel_10276,2025-02-22 19:00:00,baseline,stressed,10276,10278,seq_oral_oral___oral_genital_mean_duration,-0.0023550979098665437
CD del,cddel_10276,2025-02-22 19:00:00,baseline,stressed,10276,10278,seq_oral_oral___oral_genital_std_duration,-0.006994648253906055
CD del,cddel_10276,2025-02-23 19:00:00,baseline,stressed,10276,10278,Approach_active_count,-0.005361258692976989
CD del,cddel_10276,2025-02-23 19:00:00,baseline,stressed,10276,10278,Approach_passive_count,-0.05125979298886385
CD del,cddel_10276,2025-02-23 19:00:00,baseline,stressed,10276,10278,Approach_mean_duration,0.03737095512418365
CD del,cddel_10276,2025-02-23 19:00:00,baseline,stressed,10276,10278,Approach_std_duration,0.058537818012315945
CD del,cddel_10276,2025-02-23 19:00:00,baseline,stressed,10276,10278,Approach_contact_active_count,-0.14604115743206858
CD del,cddel_10276,2025-02-23 19:00:00,baseline,stressed,10276,10278,Approach_contact_passive_count,-0.002256488358733044
CD del,cddel_10276,2025-02-23 19:00:00,baseline,stressed,10276,10278,Approach_contact_mean_duration,0.021860222040522403
CD del,cddel_10276,2025-02-23 19:00:00,baseline,stressed,10276,10278,Approach_contact_std_duration,0.013885026794435817
CD del,cddel_10276,2025-02-23 19:00:00,baseline,stressed,10276,10278,Approach_rear_active_count,-0.04904087927860967
CD del,cddel_10276,2025-02-23 19:00:00,baseline,stressed,10276,10278,Approach_rear_passive_count,-0.04860593424997184
CD del,cddel_10276,2025-02-23 19:00:00,baseline,stressed,10276,10278,Approach_rear_mean_duration,0.05544840495690795
CD del,cddel_10276,2025-02-23 19:00:00,baseline,stressed,10276,10278,Approach_rear_std_duration,0.09191017008032065
CD del,cddel_10276,2025-02-23 19:00:00,baseline,stressed,10276,10278,Break_contact_active_count,-0.08245983592219996
CD del,cddel_10276,2025-02-23 19:00:00,baseline,stressed,10276,10278,Break_contact_passive_count,-0.06340151135049599
CD del,cddel_10276,2025-02-23 19:00:00,baseline,stressed,10276,10278,Break_contact_mean_duration,0.003069823843620312
CD del,cddel_10276,2025-02-23 19:00:00,baseline,stressed,10276,10278,Break_contact_std_duration,-0.0045192777080067525
CD del,cddel_10276,2025-02-23 19:00:00,baseline,stressed,10276,10278,Center_Zone_count,-0.17976541152777603
CD del,cddel_10276,2025-02-23 19:00:00,baseline,stressed,10276,10278,Center_Zone_mean_duration,-0.18022187124689593
CD del,cddel_10276,2025-02-23 19:00:00,baseline,stressed,10276,10278,Center_Zone_std_duration,-0.7936874474094304
CD del,cddel_10276,2025-02-23 19:00:00,baseline,stressed,10276,10278,Contact_active_count,-0.01028060163436706
CD del,cddel_10276,2025-02-23 19:00:00,baseline,stressed,10276,10278,Contact_passive_count,-0.01028060163436706
CD del,cddel_10276,2025-02-23 19:00:00,baseline,stressed,10276,10278,Contact_mean_duration,0.04211063838265505
CD del,cddel_10276,2025-02-23 19:00:00,baseline,stressed,10276,10278,Contact_std_duration,0.06917631480899011
CD del,cddel_10276,2025-02-23 19:00:00,baseline,stressed,10276,10278,Get_away_active_count,-0.07091433769937261
CD del,cddel_10276,2025-02-23 19:00:00,baseline,stressed,10276,10278,Get_away_passive_count,0.022825812163919323
CD del,cddel_10276,2025-02-23 19:00:00,baseline,stressed,10276,10278,Get_away_mean_duration,0.009593848442047914
CD del,cddel_10276,2025-02-23 19:00:00,baseline,stressed,10276,10278,Get_away_std_duration,0.020365362737481574
CD del,cddel_10276,2025-02-23 19:00:00,baseline,stressed,10276,10278,Group_3_break_count,-0.2939126222024173
CD del,cddel_10276,2025-02-23 19:00:00,baseline,stressed,10276,10278,Group_3_break_mean_duration,-0.058356521779409865
CD del,cddel_10276,2025-02-23 19:00:00,baseline,stressed,10276,10278,Group_3_break_std_duration,-0.060405473882540583
CD del,cddel_10276,2025-02-23 19:00:00,baseline,stressed,10276,10278,Group_3_make_count,-0.20142172816737336
CD del,cddel_10276,2025-02-23 19:00:00,baseline,stressed,10276,10278,Group_3_make_mean_duration,-0.07956316012219589
CD del,cddel_10276,2025-02-23 19:00:00,baseline,stressed,10276,10278,Group_3_make_std_duration,-0.11226845060331897
CD del,cddel_10276,2025-02-23 19:00:00,baseline,stressed,10276,10278,Group_4_break_count,-0.5705448584676129
CD del,cddel_10276,2025-02-23 19:00:00,baseline,stressed,10276,10278,Group_4_break_mean_duration,-0.1413532556265693
CD del,cddel_10276,2025-02-23 19:00:00,baseline,stressed,10276,10278,Group_4_break_std_duration,-0.27200177235586587
CD del,cddel_10276,2025-02-23 19:00:00,baseline,stressed,10276,10278,Group_4_make_count,-0.5465437063680696
CD del,cddel_10276,2025-02-23 19:00:00,baseline,stressed,10276,10278,Group_4_make_mean_duration,-0.08352823552804622
CD del,cddel_10276,2025-02-23 19:00:00,baseline,stressed,10276,10278,Group_4_make_std_duration,-0.06418492572474821
CD del,cddel_10276,2025-02-23 19:00:00,baseline,stressed,10276,10278,Group2_active_count,-0.0020279869047410415
CD del,cddel_10276,2025-02-23 19:00:00,baseline,stressed,10276,10278,Group2_passive_count,-0.004461577062201627
CD del,cddel_10276,2025-02-23 19:00:00,baseline,stressed,10276,10278,Group2_mean_duration,0.06356341074754424
CD del,cddel_10276,2025-02-23 19:00:00,baseline,stressed,10276,10278,Group2_std_duration,0.0726621443045774
CD del,cddel_10276,2025-02-23 19:00:00,baseline,stressed,10276,10278,Huddling_count,0.2118748645450994
CD del,cddel_10276,2025-02-23 19:00:00,baseline,stressed,10276,10278,Huddling_mean_duration,-0.12898849275228774
CD del,cddel_10276,2025-02-23 19:00:00,baseline,stressed,10276,10278,Huddling_std_duration,-0.3174446446374335
CD del,cddel_10276,2025-02-23 19:00:00,baseline,stressed,10276,10278,Move_in_contact_active_count,0.008004616782613994
CD del,cddel_10276,2025-02-23 19:00:00,baseline,stressed,10276,10278,Move_in_contact_passive_count,-0.01591666162144456
CD del,cddel_10276,2025-02-23 19:00:00,baseline,stressed,10276,10278,Move_in_contact_mean_duration,-0.004302657280142674
CD del,cddel_10276,2025-02-23 19:00:00,baseline,stressed,10276,10278,Move_in_contact_std_duration,0.012642805601583706
CD del,cddel_10276,2025-02-23 19:00:00,baseline,stressed,10276,10278,Move_isolated_count,-0.18803177930483805
CD del,cddel_10276,2025-02-23 19:00:00,baseline,stressed,10276,10278,Move_isolated_mean_duration,-0.006841843660047586
CD del,cddel_10276,2025-02-23 19:00:00,baseline,stressed,10276,10278,Move_isolated_std_duration,-0.01094817339757237
CD del,cddel_10276,2025-02-23 19:00:00,baseline,stressed,10276,10278,Oral_genital_Contact_active_count,0.03937179464524654
CD del,cddel_10276,2025-02-23 19:00:00,baseline,stressed,10276,10278,Oral_genital_Contact_passive_count,0.0692551895053315
CD del,cddel_10276,2025-02-23 19:00:00,baseline,stressed,10276,10278,Oral_genital_Contact_mean_duration,0.013262150468940526
CD del,cddel_10276,2025-02-23 19:00:00,baseline,stressed,10276,10278,Oral_genital_Contact_std_duration,0.09501728439429713
CD del,cddel_10276,2025-02-23 19:00:00,baseline,stressed,10276,10278,Oral_oral_Contact_active_count,-0.033308932561466165
CD del,cddel_10276,2025-02-23 19:00:00,baseline,stressed,10276,10278,Oral_oral_Contact_passive_count,-0.033308932561466165
CD del,cddel_10276,2025-02-23 19:00:00,baseline,stressed,10276,10278,Oral_oral_Contact_mean_duration,-0.01133701850930513
CD del,cddel_10276,2025-02-23 19:00:00,baseline,stressed,10276,10278,Oral_oral_Contact_std_duration,-0.23288509357176235
CD del,cddel_10276,2025-02-23 19:00:00,baseline,stressed,10276,10278,Periphery_Zone_count,-0.048658246749545775
CD del,cddel_10276,2025-02-23 19:00:00,baseline,stressed,10276,10278,Periphery_Zone_mean_duration,0.07193824014634354
CD del,cddel_10276,2025-02-23 19:00:00,baseline,stressed,10276,10278,Periphery_Zone_std_duration,0.19605779394196343
CD del,cddel_10276,2025-02-23 19:00:00,baseline,stressed,10276,10278,Rear_at_periphery_count,-0.4060998272662557
CD del,cddel_10276,2025-02-23 19:00:00,baseline,stressed,10276,10278,Rear_at_periphery_mean_duration,0.032227184020078625
CD del,cddel_10276,2025-02-23 19:00:00,baseline,stressed,10276,10278,Rear_at_periphery_std_duration,0.07578247637804514
CD del,cddel_10276,2025-02-23 19:00:00,baseline,stressed,10276,10278,Rear_in_centerWindow_count,0.26236426446749084
CD del,cddel_10276,2025-02-23 19:00:00,baseline,stressed,10276,10278,Rear_in_centerWindow_mean_duration,-0.21054402450042797
CD del,cddel_10276,2025-02-23 19:00:00,baseline,stressed,10276,10278,Rear_in_centerWindow_std_duration,-0.0995713400403967
CD del,cddel_10276,2025-02-23 19:00:00,baseline,stressed,10276,10278,Rear_in_contact_count,-0.03187136007493052
CD del,cddel_10276,2025-02-23 19:00:00,baseline,stressed,10276,10278,Rear_in_contact_mean_duration,0.08591619951527718
CD del,cddel_10276,2025-02-23 19:00:00,baseline,stressed,10276,10278,Rear_in_contact_std_duration,0.030784987154292454
CD del,cddel_10276,2025-02-23 19:00:00,baseline,stressed,10276,10278,Rear_isolated_count,-0.39858793189420894
CD del,cddel_10276,2025-02-23 19:00:00,baseline,stressed,10276,10278,Rear_isolated_mean_duration,0.02909458384447472
CD del,cddel_10276,2025-02-23 19:00:00,baseline,stressed,10276,10278,Rear_isolated_std_duration,0.0716329578066105
CD del,cddel_10276,2025-02-23 19:00:00,baseline,stressed,10276,10278,Rearing_count,0.10915079183160703
CD del,cddel_10276,2025-02-23 19:00:00,baseline,stressed,10276,10278,Rearing_mean_duration,-0.09940563826403093
CD del,cddel_10276,2025-02-23 19:00:00,baseline,stressed,10276,10278,Rearing_std_duration,-0.19490075256052286
CD del,cddel_10276,2025-02-23 19:00:00,baseline,stressed,10276,10278,SAP_count,0.1202919629591479
CD del,cddel_10276,2025-02-23 19:00:00,baseline,stressed,10276,10278,SAP_mean_duration,0.0732928857794003
CD del,cddel_10276,2025-02-23 19:00:00,baseline,stressed,10276,10278,SAP_std_duration,0.26068262718436763
CD del,cddel_10276,2025-02-23 19:00:00,baseline,stressed,10276,10278,Side_by_side_Contact_active_count,0.022243396555492012
CD del,cddel_10276,2025-02-23 19:00:00,baseline,stressed,10276,10278,Side_by_side_Contact_passive_count,0.022243396555492012
CD del,cddel_10276,2025-02-23 19:00:00,baseline,stressed,10276,10278,Side_by_side_Contact_mean_duration,0.006801479014760803
CD del,cddel_10276,2025-02-23 19:00:00,baseline,stressed,10276,10278,Side_by_side_Contact_std_duration,-0.18449352477015535
CD del,cddel_10276,2025-02-23 19:00:00,baseline,stressed,10276,10278,Side_by_side_Contact_opposite_way_active_count,0.08075338924704845
CD del,cddel_10276,2025-02-23 19:00:00,baseline,stressed,10276,10278,Side_by_side_Contact_opposite_way_passive_count,0.08075338924704845
CD del,cddel_10276,2025-02-23 19:00:00,baseline,stressed,10276,10278,Side_by_side_Contact_opposite_way_mean_duration,0.023965942352397462
CD del,cddel_10276,2025-02-23 19:00:00,baseline,stressed,10276,10278,Side_by_side_Contact_opposite_way_std_duration,0.030926987461794786
CD del,cddel_10276,2025-02-23 19:00:00,baseline,stressed,10276,10278,Social_approach_active_count,0.002118440850034986
CD del,cddel_10276,2025-02-23 19:00:00,baseline,stressed,10276,10278,Social_approach_passive_count,-0.027653352059692438
CD del,cddel_10276,2025-02-23 19:00:00,baseline,stressed,10276,10278,Social_approach_mean_duration,0.04659917124601809
CD del,cddel_10276,2025-02-23 19:00:00,baseline,stressed,10276,10278,Social_approach_std_duration,0.014537738169397407
CD del,cddel_10276,2025-02-23 19:00:00,baseline,stressed,10276,10278,Social_escape_active_count,-0.003932790195900537
CD del,cddel_10276,2025-02-23 19:00:00,baseline,stressed,10276,10278,Social_escape_passive_count,-0.0015771491922453862
CD del,cddel_10276,2025-02-23 19:00:00,baseline,stressed,10276,10278,Social_escape_mean_duration,0.005125564259632398
CD del,cddel_10276,2025-02-23 19:00:00,baseline,stressed,10276,10278,Social_escape_std_duration,0.025606658566660334
CD del,cddel_10276,2025-02-23 19:00:00,baseline,stressed,10276,10278,Stop_count,-0.080839520464699
CD del,cddel_10276,2025-02-23 19:00:00,baseline,stressed,10276,10278,Stop_mean_duration,0.09437651570889649
CD del,cddel_10276,2025-02-23 19:00:00,baseline,stressed,10276,10278,Stop_std_duration,0.19036821601017007
CD del,cddel_10276,2025-02-23 19:00:00,baseline,stressed,10276,10278,Stop_in_contact_active_count,-0.024481026753742086
CD del,cddel_10276,2025-02-23 19:00:00,baseline,stressed,10276,10278,Stop_in_contact_passive_count,-0.017220597751670397
CD del,cddel_10276,2025-02-23 19:00:00,baseline,stressed,10276,10278,Stop_in_contact_mean_duration,0.0553836793660647
CD del,cddel_10276,2025-02-23 19:00:00,baseline,stressed,10276,10278,Stop_in_contact_std_duration,0.07978473848199341
CD del,cddel_10276,2025-02-23 19:00:00,baseline,stressed,10276,10278,Stop_isolated_count,-0.09317282593367882
CD del,cddel_10276,2025-02-23 19:00:00,baseline,stressed,10276,10278,Stop_isolated_mean_duration,0.07726230796352684
CD del,cddel_10276,2025-02-23 19:00:00,baseline,stressed,10276,10278,Stop_isolated_std_duration,0.14664286276063
CD del,cddel_10276,2025-02-23 19:00:00,baseline,stressed,10276,10278,Train2_active_count,0.0
CD del,cddel_10276,2025-02-23 19:00:00,baseline,stressed,10276,10278,Train2_passive_count,0.0
CD del,cddel_10276,2025-02-23 19:00:00,baseline,stressed,10276,10278,Train2_mean_duration,-0.09076589403543328
CD del,cddel_10276,2025-02-23 19:00:00,baseline,stressed,10276,10278,Train2_std_duration,-0.10521119961253572
CD del,cddel_10276,2025-02-23 19:00:00,baseline,stressed,10276,10278,WallJump_count,0.0
CD del,cddel_10276,2025-02-23 19:00:00,baseline,stressed,10276,10278,WallJump_mean_duration,-0.09426848448821856
CD del,cddel_10276,2025-02-23 19:00:00,baseline,stressed,10276,10278,WallJump_std_duration,-0.19953440189369331
CD del,cddel_10276,2025-02-23 19:00:00,baseline,stressed,10276,10278,isolated_count,0.11226730187108114
CD del,cddel_10276,2025-02-23 19:00:00,baseline,stressed,10276,10278,isolated_mean_duration,0.00998728379130176
CD del,cddel_10276,2025-02-23 19:00:00,baseline,stressed,10276,10278,isolated_std_duration,-0.16082739143957347
CD del,cddel_10276,2025-02-23 19:00:00,baseline,stressed,10276,10278,seq_oral_geni___oral_oral_active_count,0.08470669747216242
CD del,cddel_10276,2025-02-23 19:00:00,baseline,stressed,10276,10278,seq_oral_geni___oral_oral_passive_count,0.10714463745132807
CD del,cddel_10276,2025-02-23 19:00:00,baseline,stressed,10276,10278,seq_oral_geni___oral_oral_mean_duration,0.04682466651082473
CD del,cddel_10276,2025-02-23 19:00:00,baseline,stressed,10276,10278,seq_oral_geni___oral_oral_std_duration,-0.02264872570691434
CD del,cddel_10276,2025-02-23 19:00:00,baseline,stressed,10276,10278,seq_oral_oral___oral_genital_active_count,0.085264651654688
CD del,cddel_10276,2025-02-23 19:00:00,baseline,stressed,10276,10278,seq_oral_oral___oral_genital_passive_count,0.05209511188340166
CD del,cddel_10276,2025-02-23 19:00:00,baseline,stressed,10276,10278,seq_oral_oral___oral_genital_mean_duration,0.04357510685477628
CD del,cddel_10276,2025-02-23 19:00:00,baseline,stressed,10276,10278,seq_oral_oral___oral_genital_std_duration,0.05627047879649716
CD del,cddel_10276,2025-02-24 19:00:00,baseline,stressed,10276,10278,Approach_active_count,-0.016950139901350525
CD del,cddel_10276,2025-02-24 19:00:00,baseline,stressed,10276,10278,Approach_passive_count,-0.026829335893017614
CD del,cddel_10276,2025-02-24 19:00:00,baseline,stressed,10276,10278,Approach_mean_duration,0.02516744260684667
CD del,cddel_10276,2025-02-24 19:00:00,baseline,stressed,10276,10278,Approach_std_duration,0.05657569515494831
CD del,cddel_10276,2025-02-24 19:00:00,baseline,stressed,10276,10278,Approach_contact_active_count,0.005133857993851798
CD del,cddel_10276,2025-02-24 19:00:00,baseline,stressed,10276,10278,Approach_contact_passive_count,0.01769957709940062
CD del,cddel_10276,2025-02-24 19:00:00,baseline,stressed,10276,10278,Approach_contact_mean_duration,-0.00011788429155856761
CD del,cddel_10276,2025-02-24 19:00:00,baseline,stressed,10276,10278,Approach_contact_std_duration,-0.001696946675938893
CD del,cddel_10276,2025-02-24 19:00:00,baseline,stressed,10276,10278,Approach_rear_active_count,0.01927107125561367
CD del,cddel_10276,2025-02-24 19:00:00,baseline,stressed,10276,10278,Approach_rear_passive_count,-0.0003440564286476544
CD del,cddel_10276,2025-02-24 19:00:00,baseline,stressed,10276,10278,Approach_rear_mean_duration,0.03060733760444745
CD del,cddel_10276,2025-02-24 19:00:00,baseline,stressed,10276,10278,Approach_rear_std_duration,0.13437671061852385
CD del,cddel_10276,2025-02-24 19:00:00,baseline,stressed,10276,10278,Break_contact_active_count,0.07879491343331058
CD del,cddel_10276,2025-02-24 19:00:00,baseline,stressed,10276,10278,Break_contact_passive_count,-0.015815674822879267
CD del,cddel_10276,2025-02-24 19:00:00,baseline,stressed,10276,10278,Break_contact_mean_duration,0.002514684001736822
CD del,cddel_10276,2025-02-24 19:00:00,baseline,stressed,10276,10278,Break_contact_std_duration,-0.02589471789374931
CD del,cddel_10276,2025-02-24 19:00:00,baseline,stressed,10276,10278,Center_Zone_count,-0.22734523816790997
CD del,cddel_10276,2025-02-24 19:00:00,baseline,stressed,10276,10278,Center_Zone_mean_duration,0.0124275762203514
CD del,cddel_10276,2025-02-24 19:00:00,baseline,stressed,10276,10278,Center_Zone_std_duration,-0.2762112971267432
CD del,cddel_10276,2025-02-24 19:00:00,baseline,stressed,10276,10278,Contact_active_count,0.00560674276123585
CD del,cddel_10276,2025-02-24 19:00:00,baseline,stressed,10276,10278,Contact_passive_count,0.00560674276123585
CD del,cddel_10276,2025-02-24 19:00:00,baseline,stressed,10276,10278,Contact_mean_duration,0.053840111075991626
CD del,cddel_10276,2025-02-24 19:00:00,baseline,stressed,10276,10278,Contact_std_duration,0.11769223948487095
CD del,cddel_10276,2025-02-24 19:00:00,baseline,stressed,10276,10278,Get_away_active_count,-0.06525522872400202
CD del,cddel_10276,2025-02-24 19:00:00,baseline,stressed,10276,10278,Get_away_passive_count,0.023037526983982204
CD del,cddel_10276,2025-02-24 19:00:00,baseline,stressed,10276,10278,Get_away_mean_duration,0.010370750633137416
CD del,cddel_10276,2025-02-24 19:00:00,baseline,stressed,10276,10278,Get_away_std_duration,0.001961762260529021
CD del,cddel_10276,2025-02-24 19:00:00,baseline,stressed,10276,10278,Group_3_break_count,-0.14502577205025702
CD del,cddel_10276,2025-02-24 19:00:00,baseline,stressed,10276,10278,Group_3_break_mean_duration,-0.0010950393757183097
CD del,cddel_10276,2025-02-24 19:00:00,baseline,stressed,10276,10278,Group_3_break_std_duration,0.04791113660741997
CD del,cddel_10276,2025-02-24 19:00:00,baseline,stressed,10276,10278,Group_3_make_count,-0.23820201518841166
CD del,cddel_10276,2025-02-24 19:00:00,baseline,stressed,10276,10278,Group_3_make_mean_duration,-0.014466726086574067
CD del,cddel_10276,2025-02-24 19:00:00,baseline,stressed,10276,10278,Group_3_make_std_duration,0.009933561709865368
CD del,cddel_10276,2025-02-24 19:00:00,baseline,stressed,10276,10278,Group_4_break_count,-0.2231435513142097
CD del,cddel_10276,2025-02-24 19:00:00,baseline,stressed,10276,10278,Group_4_break_mean_duration,-0.046420526106909055
CD del,cddel_10276,2025-02-24 19:00:00,baseline,stressed,10276,10278,Group_4_break_std_duration,-0.05694277364263495
CD del,cddel_10276,2025-02-24 19:00:00,baseline,stressed,10276,10278,Group_4_make_count,-0.7503055943998937
CD del,cddel_10276,2025-02-24 19:00:00,baseline,stressed,10276,10278,Group_4_make_mean_duration,-0.08515021881233742
CD del,cddel_10276,2025-02-24 19:00:00,baseline,stressed,10276,10278,Group_4_make_std_duration,-0.24287592842350142
CD del,cddel_10276,2025-02-24 19:00:00,baseline,stressed,10276,10278,Group2_active_count,0.04346792552731582
CD del,cddel_10276,2025-02-24 19:00:00,baseline,stressed,10276,10278,Group2_passive_count,0.04346792552731582
CD del,cddel_10276,2025-02-24 19:00:00,baseline,stressed,10276,10278,Group2_mean_duration,0.026074594043367094
CD del,cddel_10276,2025-02-24 19:00:00,baseline,stressed,10276,10278,Group2_std_duration,0.09408303886156055
CD del,cddel_10276,2025-02-24 19:00:00,baseline,stressed,10276,10278,Huddling_count,0.18836863713759922
CD del,cddel_10276,2025-02-24 19:00:00,baseline,stressed,10276,10278,Huddling_mean_duration,0.1463071552193589
CD del,cddel_10276,2025-02-24 19:00:00,baseline,stressed,10276,10278,Huddling_std_duration,-0.42782071956708223
CD del,cddel_10276,2025-02-24 19:00:00,baseline,stressed,10276,10278,Move_in_contact_active_count,0.06606438604017129
CD del,cddel_10276,2025-02-24 19:00:00,baseline,stressed,10276,10278,Move_in_contact_passive_count,0.008232039004070657
CD del,cddel_10276,2025-02-24 19:00:00,baseline,stressed,10276,10278,Move_in_contact_mean_duration,-0.009331146774771648
CD del,cddel_10276,2025-02-24 19:00:00,baseline,stressed,10276,10278,Move_in_contact_std_duration,-0.008681496911301712
CD del,cddel_10276,2025-02-24 19:00:00,baseline,stressed,10276,10278,Move_isolated_count,-0.20715886909978387
CD del,cddel_10276,2025-02-24 19:00:00,baseline,stressed,10276,10278,Move_isolated_mean_duration,-0.032912981646826545
CD del,cddel_10276,2025-02-24 19:00:00,baseline,stressed,10276,10278,Move_isolated_std_duration,-0.014384146622265837
CD del,cddel_10276,2025-02-24 19:00:00,baseline,stressed,10276,10278,Oral_genital_Contact_active_count,-0.02491794126786573
CD del,cddel_10276,2025-02-24 19:00:00,baseline,stressed,10276,10278,Oral_genital_Contact_passive_count,0.1730902322860306
CD del,cddel_10276,2025-02-24 19:00:00,baseline,stressed,10276,10278,Oral_genital_Contact_mean_duration,0.02126106247220272
CD del,cddel_10276,2025-02-24 19:00:00,baseline,stressed,10276,10278,Oral_genital_Contact_std_duration,0.05181356265102677
CD del,cddel_10276,2025-02-24 19:00:00,baseline,stressed,10276,10278,Oral_oral_Contact_active_count,0.02778671181444814
CD del,cddel_10276,2025-02-24 19:00:00,baseline,stressed,10276,10278,Oral_oral_Contact_passive_count,0.02778671181444814
CD del,cddel_10276,2025-02-24 19:00:00,baseline,stressed,10276,10278,Oral_oral_Contact_mean_duration,0.019405640082614584
CD del,cddel_10276,2025-02-24 19:00:00,baseline,stressed,10276,10278,Oral_oral_Contact_std_duration,-0.05120212290323001
CD del,cddel_10276,2025-02-24 19:00:00,baseline,stressed,10276,10278,Periphery_Zone_count,-0.08790429113786491
CD del,cddel_10276,2025-02-24 19:00:00,baseline,stressed,10276,10278,Periphery_Zone_mean_duration,0.10060722716098924
CD del,cddel_10276,2025-02-24 19:00:00,baseline,stressed,10276,10278,Periphery_Zone_std_duration,0.2784981914154505
CD del,cddel_10276,2025-02-24 19:00:00,baseline,stressed,10276,10278,Rear_at_periphery_count,-0.5205717896531574
CD del,cddel_10276,2025-02-24 19:00:00,baseline,stressed,10276,10278,Rear_at_periphery_mean_duration,0.0909513607479272
CD del,cddel_10276,2025-02-24 19:00:00,baseline,stressed,10276,10278,Rear_at_periphery_std_duration,0.33306687592357387
CD del,cddel_10276,2025-02-24 19:00:00,baseline,stressed,10276,10278,Rear_in_centerWindow_count,-1.1786549963416462
CD del,cddel_10276,2025-02-24 19:00:00,baseline,stressed,10276,10278,Rear_in_centerWindow_mean_duration,-0.15080161291248906
CD del,cddel_10276,2025-02-24 19:00:00,baseline,stressed,10276,10278,Rear_in_centerWindow_std_duration,-0.2964243336119261
CD del,cddel_10276,2025-02-24 19:00:00,baseline,stressed,10276,10278,Rear_in_contact_count,-0.058773112307688
CD del,cddel_10276,2025-02-24 19:00:00,baseline,stressed,10276,10278,Rear_in_contact_mean_duration,0.10331782268217427
CD del,cddel_10276,2025-02-24 19:00:00,baseline,stressed,10276,10278,Rear_in_contact_std_duration,0.577986566225094
CD del,cddel_10276,2025-02-24 19:00:00,baseline,stressed,10276,10278,Rear_isolated_count,-0.5280674302004966
CD del,cddel_10276,2025-02-24 19:00:00,baseline,stressed,10276,10278,Rear_isolated_mean_duration,0.08912540003502689
CD del,cddel_10276,2025-02-24 19:00:00,baseline,stressed,10276,10278,Rear_isolated_std_duration,0.3334442230498933
CD del,cddel_10276,2025-02-24 19:00:00,baseline,stressed,10276,10278,Rearing_count,0.078142947365901
CD del,cddel_10276,2025-02-24 19:00:00,baseline,stressed,10276,10278,Rearing_mean_duration,-0.06161054244275643
CD del,cddel_10276,2025-02-24 19:00:00,baseline,stressed,10276,10278,Rearing_std_duration,-0.0677659770058261
CD del,cddel_10276,2025-02-24 19:00:00,baseline,stressed,10276,10278,SAP_count,0.16987237261738652
CD del,cddel_10276,2025-02-24 19:00:00,baseline,stressed,10276,10278,SAP_mean_duration,0.07031003932267788
CD del,cddel_10276,2025-02-24 19:00:00,baseline,stressed,10276,10278,SAP_std_duration,-0.21919120077681553
CD del,cddel_10276,2025-02-24 19:00:00,baseline,stressed,10276,10278,Side_by_side_Contact_active_count,0.051492967231938636
CD del,cddel_10276,2025-02-24 19:00:00,baseline,stressed,10276,10278,Side_by_side_Contact_passive_count,0.051492967231938636
CD del,cddel_10276,2025-02-24 19:00:00,baseline,stressed,10276,10278,Side_by_side_Contact_mean_duration,0.016289392515320245
CD del,cddel_10276,2025-02-24 19:00:00,baseline,stressed,10276,10278,Side_by_side_Contact_std_duration,0.008071868815643368
CD del,cddel_10276,2025-02-24 19:00:00,baseline,stressed,10276,10278,Side_by_side_Contact_opposite_way_active_count,0.09808610303857535
CD del,cddel_10276,2025-02-24 19:00:00,baseline,stressed,10276,10278,Side_by_side_Contact_opposite_way_passive_count,0.09808610303857535
CD del,cddel_10276,2025-02-24 19:00:00,baseline,stressed,10276,10278,Side_by_side_Contact_opposite_way_mean_duration,0.02700492029220891
CD del,cddel_10276,2025-02-24 19:00:00,baseline,stressed,10276,10278,Side_by_side_Contact_opposite_way_std_duration,-0.06756393223726209
CD del,cddel_10276,2025-02-24 19:00:00,baseline,stressed,10276,10278,Social_approach_active_count,-0.030398545519920717
CD del,cddel_10276,2025-02-24 19:00:00,baseline,stressed,10276,10278,Social_approach_passive_count,0.04986112620980698
CD del,cddel_10276,2025-02-24 19:00:00,baseline,stressed,10276,10278,Social_approach_mean_duration,0.02969573794881386
CD del,cddel_10276,2025-02-24 19:00:00,baseline,stressed,10276,10278,Social_approach_std_duration,0.08726196893390892
CD del,cddel_10276,2025-02-24 19:00:00,baseline,stressed,10276,10278,Social_escape_active_count,0.02809852530353396
CD del,cddel_10276,2025-02-24 19:00:00,baseline,stressed,10276,10278,Social_escape_passive_count,-0.0037155426560069316
CD del,cddel_10276,2025-02-24 19:00:00,baseline,stressed,10276,10278,Social_escape_mean_duration,0.00826756450971411
CD del,cddel_10276,2025-02-24 19:00:00,baseline,stressed,10276,10278,Social_escape_std_duration,0.02619067010059206
CD del,cddel_10276,2025-02-24 19:00:00,baseline,stressed,10276,10278,Stop_count,-0.12412606741381715
CD del,cddel_10276,2025-02-24 19:00:00,baseline,stressed,10276,10278,Stop_mean_duration,0.13148584545272435
CD del,cddel_10276,2025-02-24 19:00:00,baseline,stressed,10276,10278,Stop_std_duration,0.23853074273070662
CD del,cddel_10276,2025-02-24 19:00:00,baseline,stressed,10276,10278,Stop_in_contact_active_count,0.008116927681577124
CD del,cddel_10276,2025-02-24 19:00:00,baseline,stressed,10276,10278,Stop_in_contact_passive_count,0.011073712079694431
CD del,cddel_10276,2025-02-24 19:00:00,baseline,stressed,10276,10278,Stop_in_contact_mean_duration,0.05204790219961275
CD del,cddel_10276,2025-02-24 19:00:00,baseline,stressed,10276,10278,Stop_in_contact_std_duration,0.11172744054624362
CD del,cddel_10276,2025-02-24 19:00:00,baseline,stressed,10276,10278,Stop_isolated_count,-0.13538111709463596
CD del,cddel_10276,2025-02-24 19:00:00,baseline,stressed,10276,10278,Stop_isolated_mean_duration,0.0699354928066449
CD del,cddel_10276,2025-02-24 19:00:00,baseline,stressed,10276,10278,Stop_isolated_std_duration,0.27691477223684036
CD del,cddel_10276,2025-02-24 19:00:00,baseline,stressed,10276,10278,Train2_active_count,0.0
CD del,cddel_10276,2025-02-24 19:00:00,baseline,stressed,10276,10278,Train2_passive_count,-0.6466271649250523
CD del,cddel_10276,2025-02-24 19:00:00,baseline,stressed,10276,10278,Train2_mean_duration,-0.20155489164349255
CD del,cddel_10276,2025-02-24 19:00:00,baseline,stressed,10276,10278,Train2_std_duration,-0.19996396733530203
CD del,cddel_10276,2025-02-24 19:00:00,baseline,stressed,10276,10278,WallJump_count,-0.24116205681688774
CD del,cddel_10276,2025-02-24 19:00:00,baseline,stressed,10276,10278,WallJump_mean_duration,-0.08650037212396389
CD del,cddel_10276,2025-02-24 19:00:00,baseline,stressed,10276,10278,WallJump_std_duration,-0.23179604270324192
CD del,cddel_10276,2025-02-24 19:00:00,baseline,stressed,10276,10278,isolated_count,-0.19781391076077348
CD del,cddel_10276,2025-02-24 19:00:00,baseline,stressed,10276,10278,isolated_mean_duration,-0.10525518832030167
CD del,cddel_10276,2025-02-24 19:00:00,baseline,stressed,10276,10278,isolated_std_duration,-0.2746639230035197
CD del,cddel_10276,2025-02-24 19:00:00,baseline,stressed,10276,10278,seq_oral_geni___oral_oral_active_count,0.018265347977292734
CD del,cddel_10276,2025-02-24 19:00:00,baseline,stressed,10276,10278,seq_oral_geni___oral_oral_passive_count,0.07082605256861285
CD del,cddel_10276,2025-02-24 19:00:00,baseline,stressed,10276,10278,seq_oral_geni___oral_oral_mean_duration,0.027714715405864787
CD del,cddel_10276,2025-02-24 19:00:00,baseline,stressed,10276,10278,seq_oral_geni___oral_oral_std_duration,0.28720337845430155
CD del,cddel_10276,2025-02-24 19:00:00,baseline,stressed,10276,10278,seq_oral_oral___oral_genital_active_count,-0.026466573188162812
CD del,cddel_10276,2025-02-24 19:00:00,baseline,stressed,10276,10278,seq_oral_oral___oral_genital_passive_count,0.19035372849121845
CD del,cddel_10276,2025-02-24 19:00:00,baseline,stressed,10276,10278,seq_oral_oral___oral_genital_mean_duration,0.03227490610834627
CD del,cddel_10276,2025-02-24 19:00:00,baseline,stressed,10276,10278,seq_oral_oral___oral_genital_std_duration,0.3319012135299253
CD del,cddel_10276,2025-02-25 19:00:00,post_stress,stressed,10276,10278,Approach_active_count,-0.03292034769632224
CD del,cddel_10276,2025-02-25 19:00:00,post_stress,stressed,10276,10278,Approach_passive_count,-0.032066041100339504
CD del,cddel_10276,2025-02-25 19:00:00,post_stress,stressed,10276,10278,Approach_mean_duration,0.0034080938196050514
CD del,cddel_10276,2025-02-25 19:00:00,post_stress,stressed,10276,10278,Approach_std_duration,-0.04542854584216682
CD del,cddel_10276,2025-02-25 19:00:00,post_stress,stressed,10276,10278,Approach_contact_active_count,0.09025966401825603
CD del,cddel_10276,2025-02-25 19:00:00,post_stress,stressed,10276,10278,Approach_contact_passive_count,-0.011488377006760864
CD del,cddel_10276,2025-02-25 19:00:00,post_stress,stressed,10276,10278,Approach_contact_mean_duration,0.008316118849296728
CD del,cddel_10276,2025-02-25 19:00:00,post_stress,stressed,10276,10278,Approach_contact_std_duration,0.010803817560049889
CD del,cddel_10276,2025-02-25 19:00:00,post_stress,stressed,10276,10278,Approach_rear_active_count,0.07433384345321592
CD del,cddel_10276,2025-02-25 19:00:00,post_stress,stressed,10276,10278,Approach_rear_passive_count,0.021882711249507913
CD del,cddel_10276,2025-02-25 19:00:00,post_stress,stressed,10276,10278,Approach_rear_mean_duration,0.013447481458459754
CD del,cddel_10276,2025-02-25 19:00:00,post_stress,stressed,10276,10278,Approach_rear_std_duration,-0.04337930341018237
CD del,cddel_10276,2025-02-25 19:00:00,post_stress,stressed,10276,10278,Break_contact_active_count,0.0971380458075588
CD del,cddel_10276,2025-02-25 19:00:00,post_stress,stressed,10276,10278,Break_contact_passive_count,-0.06671217251870143
CD del,cddel_10276,2025-02-25 19:00:00,post_stress,stressed,10276,10278,Break_contact_mean_duration,0.011811669892739518
CD del,cddel_10276,2025-02-25 19:00:00,post_stress,stressed,10276,10278,Break_contact_std_duration,0.14206227829414664
CD del,cddel_10276,2025-02-25 19:00:00,post_stress,stressed,10276,10278,Center_Zone_count,0.09557063038529989
CD del,cddel_10276,2025-02-25 19:00:00,post_stress,stressed,10276,10278,Center_Zone_mean_duration,0.07096253114362439
CD del,cddel_10276,2025-02-25 19:00:00,post_stress,stressed,10276,10278,Center_Zone_std_duration,0.48450340405740944
CD del,cddel_10276,2025-02-25 19:00:00,post_stress,stressed,10276,10278,Contact_active_count,0.04947204729897425
CD del,cddel_10276,2025-02-25 19:00:00,post_stress,stressed,10276,10278,Contact_passive_count,0.04947204729897425
CD del,cddel_10276,2025-02-25 19:00:00,post_stress,stressed,10276,10278,Contact_mean_duration,-0.01780607822464697
CD del,cddel_10276,2025-02-25 19:00:00,post_stress,stressed,10276,10278,Contact_std_duration,-0.1310088923601942
CD del,cddel_10276,2025-02-25 19:00:00,post_stress,stressed,10276,10278,Get_away_active_count,-0.015304211308349025
CD del,cddel_10276,2025-02-25 19:00:00,post_stress,stressed,10276,10278,Get_away_passive_count,-0.01582297348503303
CD del,cddel_10276,2025-02-25 19:00:00,post_stress,stressed,10276,10278,Get_away_mean_duration,0.0019064500505800996
CD del,cddel_10276,2025-02-25 19:00:00,post_stress,stressed,10276,10278,Get_away_std_duration,0.006544742677917048
CD del,cddel_10276,2025-02-25 19:00:00,post_stress,stressed,10276,10278,Group_3_break_count,-0.21319322046104183
CD del,cddel_10276,2025-02-25 19:00:00,post_stress,stressed,10276,10278,Group_3_break_mean_duration,0.07305611243246957
CD del,cddel_10276,2025-02-25 19:00:00,post_stress,stressed,10276,10278,Group_3_break_std_duration,0.35217758362225593
CD del,cddel_10276,2025-02-25 19:00:00,post_stress,stressed,10276,10278,Group_3_make_count,-0.18419246472976614
CD del,cddel_10276,2025-02-25 19:00:00,post_stress,stressed,10276,10278,Group_3_make_mean_duration,0.04154290813019823
CD del,cddel_10276,2025-02-25 19:00:00,post_stress,stressed,10276,10278,Group_3_make_std_duration,0.3734913970429968
CD del,cddel_10276,2025-02-25 19:00:00,post_stress,stressed,10276,10278,Group_4_break_count,0.07410797215372167
CD del,cddel_10276,2025-02-25 19:00:00,post_stress,stressed,10276,10278,Group_4_break_mean_duration,0.023268780555072754
CD del,cddel_10276,2025-02-25 19:00:00,post_stress,stressed,10276,10278,Group_4_break_std_duration,-0.11686430136865922
CD del,cddel_10276,2025-02-25 19:00:00,post_stress,stressed,10276,10278,Group_4_make_count,-0.18232155679395445
CD del,cddel_10276,2025-02-25 19:00:00,post_stress,stressed,10276,10278,Group_4_make_mean_duration,0.10940410198285805
CD del,cddel_10276,2025-02-25 19:00:00,post_stress,stressed,10276,10278,Group_4_make_std_duration,-0.017999740635046557
CD del,cddel_10276,2025-02-25 19:00:00,post_stress,stressed,10276,10278,Group2_active_count,0.07166894655436362
CD del,cddel_10276,2025-02-25 19:00:00,post_stress,stressed,10276,10278,Group2_passive_count,0.07166894655436362
CD del,cddel_10276,2025-02-25 19:00:00,post_stress,stressed,10276,10278,Group2_mean_duration,-0.026218132294312912
CD del,cddel_10276,2025-02-25 19:00:00,post_stress,stressed,10276,10278,Group2_std_duration,-0.17534217947960062
CD del,cddel_10276,2025-02-25 19:00:00,post_stress,stressed,10276,10278,Huddling_count,-0.08640469129487016
CD del,cddel_10276,2025-02-25 19:00:00,post_stress,stressed,10276,10278,Huddling_mean_duration,0.10776106625785808
CD del,cddel_10276,2025-02-25 19:00:00,post_stress,stressed,10276,10278,Huddling_std_duration,0.18340087578453845
CD del,cddel_10276,2025-02-25 19:00:00,post_stress,stressed,10276,10278,Move_in_contact_active_count,0.10566086105729156
CD del,cddel_10276,2025-02-25 19:00:00,post_stress,stressed,10276,10278,Move_in_contact_passive_count,0.03321080995249304
CD del,cddel_10276,2025-02-25 19:00:00,post_stress,stressed,10276,10278,Move_in_contact_mean_duration,0.010315765669813404
CD del,cddel_10276,2025-02-25 19:00:00,post_stress,stressed,10276,10278,Move_in_contact_std_duration,-0.025900162070267796
CD del,cddel_10276,2025-02-25 19:00:00,post_stress,stressed,10276,10278,Move_isolated_count,-0.12610387679572632
CD del,cddel_10276,2025-02-25 19:00:00,post_stress,stressed,10276,10278,Move_isolated_mean_duration,0.00795696320353223
CD del,cddel_10276,2025-02-25 19:00:00,post_stress,stressed,10276,10278,Move_isolated_std_duration,0.020957144001975236
CD del,cddel_10276,2025-02-25 19:00:00,post_stress,stressed,10276,10278,Oral_genital_Contact_active_count,0.07958743791834788
CD del,cddel_10276,2025-02-25 19:00:00,post_stress,stressed,10276,10278,Oral_genital_Contact_passive_count,0.04280488851382547
CD del,cddel_10276,2025-02-25 19:00:00,post_stress,stressed,10276,10278,Oral_genital_Contact_mean_duration,-0.005969381422731512
CD del,cddel_10276,2025-02-25 19:00:00,post_stress,stressed,10276,10278,Oral_genital_Contact_std_duration,-0.039973179267746906
CD del,cddel_10276,2025-02-25 19:00:00,post_stress,stressed,10276,10278,Oral_oral_Contact_active_count,0.07027205298533179
CD del,cddel_10276,2025-02-25 19:00:00,post_stress,stressed,10276,10278,Oral_oral_Contact_passive_count,0.07027205298533179
CD del,cddel_10276,2025-02-25 19:00:00,post_stress,stressed,10276,10278,Oral_oral_Contact_mean_duration,-0.010868529743820243
CD del,cddel_10276,2025-02-25 19:00:00,post_stress,stressed,10276,10278,Oral_oral_Contact_std_duration,-0.08133386510486385
CD del,cddel_10276,2025-02-25 19:00:00,post_stress,stressed,10276,10278,Periphery_Zone_count,0.08776049680891607
CD del,cddel_10276,2025-02-25 19:00:00,post_stress,stressed,10276,10278,Periphery_Zone_mean_duration,-0.21149768212442988
CD del,cddel_10276,2025-02-25 19:00:00,post_stress,stressed,10276,10278,Periphery_Zone_std_duration,-0.30417372536706555
CD del,cddel_10276,2025-02-25 19:00:00,post_stress,stressed,10276,10278,Rear_at_periphery_count,-0.527185906871197
CD del,cddel_10276,2025-02-25 19:00:00,post_stress,stressed,10276,10278,Rear_at_periphery_mean_duration,-0.061879832503081045
CD del,cddel_10276,2025-02-25 19:00:00,post_stress,stressed,10276,10278,Rear_at_periphery_std_duration,-0.23935244486106466
CD del,cddel_10276,2025-02-25 19:00:00,post_stress,stressed,10276,10278,Rear_in_centerWindow_count,0.980829253011726
CD del,cddel_10276,2025-02-25 19:00:00,post_stress,stressed,10276,10278,Rear_in_centerWindow_mean_duration,-0.19763579176699708
CD del,cddel_10276,2025-02-25 19:00:00,post_stress,stressed,10276,10278,Rear_in_centerWindow_std_duration,-0.19319752557574377
CD del,cddel_10276,2025-02-25 19:00:00,post_stress,stressed,10276,10278,Rear_in_contact_count,0.06209822011829669
CD del,cddel_10276,2025-02-25 19:00:00,post_stress,stressed,10276,10278,Rear_in_contact_mean_duration,0.05577058686190817
CD del,cddel_10276,2025-02-25 19:00:00,post_stress,stressed,10276,10278,Rear_in_contact_std_duration,0.24986285765848915
CD del,cddel_10276,2025-02-25 19:00:00,post_stress,stressed,10276,10278,Rear_isolated_count,-0.5074642760632857
CD del,cddel_10276,2025-02-25 19:00:00,post_stress,stressed,10276,10278,Rear_isolated_mean_duration,-0.06497524166199498
CD del,cddel_10276,2025-02-25 19:00:00,post_stress,stressed,10276,10278,Rear_isolated_std_duration,-0.2438381401770996
CD del,cddel_10276,2025-02-25 19:00:00,post_stress,stressed,10276,10278,Rearing_count,0.12828954121292124
CD del,cddel_10276,2025-02-25 19:00:00,post_stress,stressed,10276,10278,Rearing_mean_duration,-0.26529829877464817
CD del,cddel_10276,2025-02-25 19:00:00,post_stress,stressed,10276,10278,Rearing_std_duration,-0.28422432663743624
CD del,cddel_10276,2025-02-25 19:00:00,post_stress,stressed,10276,10278,SAP_count,0.1679219142759063
CD del,cddel_10276,2025-02-25 19:00:00,post_stress,stressed,10276,10278,SAP_mean_duration,-0.37857179576322286
CD del,cddel_10276,2025-02-25 19:00:00,post_stress,stressed,10276,10278,SAP_std_duration,-0.7376556431309598
CD del,cddel_10276,2025-02-25 19:00:00,post_stress,stressed,10276,10278,Side_by_side_Contact_active_count,0.06249464343029043
CD del,cddel_10276,2025-02-25 19:00:00,post_stress,stressed,10276,10278,Side_by_side_Contact_passive_count,0.06249464343029043
CD del,cddel_10276,2025-02-25 19:00:00,post_stress,stressed,10276,10278,Side_by_side_Contact_mean_duration,0.05155757775317471
CD del,cddel_10276,2025-02-25 19:00:00,post_stress,stressed,10276,10278,Side_by_side_Contact_std_duration,0.12210596152357334
CD del,cddel_10276,2025-02-25 19:00:00,post_stress,stressed,10276,10278,Side_by_side_Contact_opposite_way_active_count,0.04525261425098748
CD del,cddel_10276,2025-02-25 19:00:00,post_stress,stressed,10276,10278,Side_by_side_Contact_opposite_way_passive_count,0.04525261425098748
CD del,cddel_10276,2025-02-25 19:00:00,post_stress,stressed,10276,10278,Side_by_side_Contact_opposite_way_mean_duration,-0.0446431700813128
CD del,cddel_10276,2025-02-25 19:00:00,post_stress,stressed,10276,10278,Side_by_side_Contact_opposite_way_std_duration,-0.13841935258211246
CD del,cddel_10276,2025-02-25 19:00:00,post_stress,stressed,10276,10278,Social_approach_active_count,0.043364214883434116
CD del,cddel_10276,2025-02-25 19:00:00,post_stress,stressed,10276,10278,Social_approach_passive_count,-0.0010992636041535775
CD del,cddel_10276,2025-02-25 19:00:00,post_stress,stressed,10276,10278,Social_approach_mean_duration,0.019049380863863652
CD del,cddel_10276,2025-02-25 19:00:00,post_stress,stressed,10276,10278,Social_approach_std_duration,-0.008321437790500319
CD del,cddel_10276,2025-02-25 19:00:00,post_stress,stressed,10276,10278,Social_escape_active_count,0.03829867315408997
CD del,cddel_10276,2025-02-25 19:00:00,post_stress,stressed,10276,10278,Social_escape_passive_count,0.04038553564957503
CD del,cddel_10276,2025-02-25 19:00:00,post_stress,stressed,10276,10278,Social_escape_mean_duration,0.013483180351741009
CD del,cddel_10276,2025-02-25 19:00:00,post_stress,stressed,10276,10278,Social_escape_std_duration,0.00751311717017944
CD del,cddel_10276,2025-02-25 19:00:00,post_stress,stressed,10276,10278,Stop_count,0.07138605908654938
CD del,cddel_10276,2025-02-25 19:00:00,post_stress,stressed,10276,10278,Stop_mean_duration,-0.18708063349465087
CD del,cddel_10276,2025-02-25 19:00:00,post_stress,stressed,10276,10278,Stop_std_duration,-0.33622755783908254
CD del,cddel_10276,2025-02-25 19:00:00,post_stress,stressed,10276,10278,Stop_in_contact_active_count,0.05616343388359368
CD del,cddel_10276,2025-02-25 19:00:00,post_stress,stressed,10276,10278,Stop_in_contact_passive_count,0.05604486593891167
CD del,cddel_10276,2025-02-25 19:00:00,post_stress,stressed,10276,10278,Stop_in_contact_mean_duration,-0.02476451333334051
CD del,cddel_10276,2025-02-25 19:00:00,post_stress,stressed,10276,10278,Stop_in_contact_std_duration,-0.13646182021158904
CD del,cddel_10276,2025-02-25 19:00:00,post_stress,stressed,10276,10278,Stop_isolated_count,-0.06190020192269863
CD del,cddel_10276,2025-02-25 19:00:00,post_stress,stressed,10276,10278,Stop_isolated_mean_duration,-0.21439791065110336
CD del,cddel_10276,2025-02-25 19:00:00,post_stress,stressed,10276,10278,Stop_isolated_std_duration,-0.5451466114757579
CD del,cddel_10276,2025-02-25 19:00:00,post_stress,stressed,10276,10278,Train2_active_count,-0.3184537311185349
CD del,cddel_10276,2025-02-25 19:00:00,post_stress,stressed,10276,10278,Train2_passive_count,0.13353139262452252
CD del,cddel_10276,2025-02-25 19:00:00,post_stress,stressed,10276,10278,Train2_mean_duration,0.11289399718887849
CD del,cddel_10276,2025-02-25 19:00:00,post_stress,stressed,10276,10278,Train2_std_duration,0.20820233633533386
CD del,cddel_10276,2025-02-25 19:00:00,post_stress,stressed,10276,10278,WallJump_count,0.5108256237659909
CD del,cddel_10276,2025-02-25 19:00:00,post_stress,stressed,10276,10278,WallJump_mean_duration,0.12433641711683197
CD del,cddel_10276,2025-02-25 19:00:00,post_stress,stressed,10276,10278,WallJump_std_duration,0.11979559429559439
CD del,cddel_10276,2025-02-25 19:00:00,post_stress,stressed,10276,10278,isolated_count,-0.19735943415849544
CD del,cddel_10276,2025-02-25 19:00:00,post_stress,stressed,10276,10278,isolated_mean_duration,0.01727643229873932
CD del,cddel_10276,2025-02-25 19:00:00,post_stress,stressed,10276,10278,isolated_std_duration,0.3605510599074364
CD del,cddel_10276,2025-02-25 19:00:00,post_stress,stressed,10276,10278,seq_oral_geni___oral_oral_active_count,0.13645110272785654
CD del,cddel_10276,2025-02-25 19:00:00,post_stress,stressed,10276,10278,seq_oral_geni___oral_oral_passive_count,-0.014388737452099676
CD del,cddel_10276,2025-02-25 19:00:00,post_stress,stressed,10276,10278,seq_oral_geni___oral_oral_mean_duration,-0.07911446211166684
CD del,cddel_10276,2025-02-25 19:00:00,post_stress,stressed,10276,10278,seq_oral_geni___oral_oral_std_duration,-0.11652526411843889
CD del,cddel_10276,2025-02-25 19:00:00,post_stress,stressed,10276,10278,seq_oral_oral___oral_genital_active_count,0.09669362480247123
CD del,cddel_10276,2025-02-25 19:00:00,post_stress,stressed,10276,10278,seq_oral_oral___oral_genital_passive_count,-0.061422812626406476
CD del,cddel_10276,2025-02-25 19:00:00,post_stress,stressed,10276,10278,seq_oral_oral___oral_genital_mean_duration,-0.07356341373269548
CD del,cddel_10276,2025-02-25 19:00:00,post_stress,stressed,10276,10278,seq_oral_oral___oral_genital_std_duration,-0.26360740327570764
CD del,cddel_10276,2025-02-26 19:00:00,post_stress,stressed,10276,10278,Approach_active_count,-0.014153747438093944
CD del,cddel_10276,2025-02-26 19:00:00,post_stress,stressed,10276,10278,Approach_passive_count,-0.03903384289796108
CD del,cddel_10276,2025-02-26 19:00:00,post_stress,stressed,10276,10278,Approach_mean_duration,0.007113231835839118
CD del,cddel_10276,2025-02-26 19:00:00,post_stress,stressed,10276,10278,Approach_std_duration,-0.053890381684631006
CD del,cddel_10276,2025-02-26 19:00:00,post_stress,stressed,10276,10278,Approach_contact_active_count,0.0492710490067827
CD del,cddel_10276,2025-02-26 19:00:00,post_stress,stressed,10276,10278,Approach_contact_passive_count,0.010979067282411492
CD del,cddel_10276,2025-02-26 19:00:00,post_stress,stressed,10276,10278,Approach_contact_mean_duration,-0.0013268803559747244
CD del,cddel_10276,2025-02-26 19:00:00,post_stress,stressed,10276,10278,Approach_contact_std_duration,0.0040966349179093475
CD del,cddel_10276,2025-02-26 19:00:00,post_stress,stressed,10276,10278,Approach_rear_active_count,0.09521797566429413
CD del,cddel_10276,2025-02-26 19:00:00,post_stress,stressed,10276,10278,Approach_rear_passive_count,0.0171025546260557
CD del,cddel_10276,2025-02-26 19:00:00,post_stress,stressed,10276,10278,Approach_rear_mean_duration,-0.006408454924633489
CD del,cddel_10276,2025-02-26 19:00:00,post_stress,stressed,10276,10278,Approach_rear_std_duration,-0.10747957349968629
CD del,cddel_10276,2025-02-26 19:00:00,post_stress,stressed,10276,10278,Break_contact_active_count,0.02160948433285448
CD del,cddel_10276,2025-02-26 19:00:00,post_stress,stressed,10276,10278,Break_contact_passive_count,0.04743972507155991
CD del,cddel_10276,2025-02-26 19:00:00,post_stress,stressed,10276,10278,Break_contact_mean_duration,-0.0009894484030837924
CD del,cddel_10276,2025-02-26 19:00:00,post_stress,stressed,10276,10278,Break_contact_std_duration,-0.0666147269871118
CD del,cddel_10276,2025-02-26 19:00:00,post_stress,stressed,10276,10278,Center_Zone_count,-0.13119221027135008
CD del,cddel_10276,2025-02-26 19:00:00,post_stress,stressed,10276,10278,Center_Zone_mean_duration,-0.11497639738865484
CD del,cddel_10276,2025-02-26 19:00:00,post_stress,stressed,10276,10278,Center_Zone_std_duration,-0.07011567958127074
CD del,cddel_10276,2025-02-26 19:00:00,post_stress,stressed,10276,10278,Contact_active_count,0.06831260733057665
CD del,cddel_10276,2025-02-26 19:00:00,post_stress,stressed,10276,10278,Contact_passive_count,0.06831260733057665
CD del,cddel_10276,2025-02-26 19:00:00,post_stress,stressed,10276,10278,Contact_mean_duration,-0.03987179453798939
CD del,cddel_10276,2025-02-26 19:00:00,post_stress,stressed,10276,10278,Contact_std_duration,-0.23491333834401473
CD del,cddel_10276,2025-02-26 19:00:00,post_stress,stressed,10276,10278,Get_away_active_count,-0.0420419739602913
CD del,cddel_10276,2025-02-26 19:00:00,post_stress,stressed,10276,10278,Get_away_passive_count,-0.0015835316056431736
CD del,cddel_10276,2025-02-26 19:00:00,post_stress,stressed,10276,10278,Get_away_mean_duration,-0.006581544389755889
CD del,cddel_10276,2025-02-26 19:00:00,post_stress,stressed,10276,10278,Get_away_std_duration,-0.054363451918279404
CD del,cddel_10276,2025-02-26 19:00:00,post_stress,stressed,10276,10278,Group_3_break_count,0.015873349156289684
CD del,cddel_10276,2025-02-26 19:00:00,post_stress,stressed,10276,10278,Group_3_break_mean_duration,-0.038583749406892576
CD del,cddel_10276,2025-02-26 19:00:00,post_stress,stressed,10276,10278,Group_3_break_std_duration,-0.207777437299123
CD del,cddel_10276,2025-02-26 19:00:00,post_stress,stressed,10276,10278,Group_3_make_count,-0.0085106896679088
CD del,cddel_10276,2025-02-26 19:00:00,post_stress,stressed,10276,10278,Group_3_make_mean_duration,-0.024018241610502367
CD del,cddel_10276,2025-02-26 19:00:00,post_stress,stressed,10276,10278,Group_3_make_std_duration,-0.2196410393965249
CD del,cddel_10276,2025-02-26 19:00:00,post_stress,stressed,10276,10278,Group_4_break_count,-0.762140052046897
CD del,cddel_10276,2025-02-26 19:00:00,post_stress,stressed,10276,10278,Group_4_break_mean_duration,-0.12871875636526514
CD del,cddel_10276,2025-02-26 19:00:00,post_stress,stressed,10276,10278,Group_4_break_std_duration,-0.15271752009136302
CD del,cddel_10276,2025-02-26 19:00:00,post_stress,stressed,10276,10278,Group_4_make_count,-1.0414538748281612
CD del,cddel_10276,2025-02-26 19:00:00,post_stress,stressed,10276,10278,Group_4_make_mean_duration,-0.013387080782459315
CD del,cddel_10276,2025-02-26 19:00:00,post_stress,stressed,10276,10278,Group_4_make_std_duration,0.05656681142502307
CD del,cddel_10276,2025-02-26 19:00:00,post_stress,stressed,10276,10278,Group2_active_count,0.08142597041756616
CD del,cddel_10276,2025-02-26 19:00:00,post_stress,stressed,10276,10278,Group2_passive_count,0.08142597041756616
CD del,cddel_10276,2025-02-26 19:00:00,post_stress,stressed,10276,10278,Group2_mean_duration,-0.07738095969400716
CD del,cddel_10276,2025-02-26 19:00:00,post_stress,stressed,10276,10278,Group2_std_duration,-0.25215724899202874
CD del,cddel_10276,2025-02-26 19:00:00,post_stress,stressed,10276,10278,Huddling_count,-0.01154599099706033
CD del,cddel_10276,2025-02-26 19:00:00,post_stress,stressed,10276,10278,Huddling_mean_duration,0.10453848208241734
CD del,cddel_10276,2025-02-26 19:00:00,post_stress,stressed,10276,10278,Huddling_std_duration,0.4080312487644435
CD del,cddel_10276,2025-02-26 19:00:00,post_stress,stressed,10276,10278,Move_in_contact_active_count,0.12814017375633036
CD del,cddel_10276,2025-02-26 19:00:00,post_stress,stressed,10276,10278,Move_in_contact_passive_count,0.06039085861748994
CD del,cddel_10276,2025-02-26 19:00:00,post_stress,stressed,10276,10278,Move_in_contact_mean_duration,0.005059619293216966
CD del,cddel_10276,2025-02-26 19:00:00,post_stress,stressed,10276,10278,Move_in_contact_std_duration,-0.0024954200856159847
CD del,cddel_10276,2025-02-26 19:00:00,post_stress,stressed,10276,10278,Move_isolated_count,-0.18653603271123487
CD del,cddel_10276,2025-02-26 19:00:00,post_stress,stressed,10276,10278,Move_isolated_mean_duration,-0.02856055877535746
CD del,cddel_10276,2025-02-26 19:00:00,post_stress,stressed,10276,10278,Move_isolated_std_duration,-0.03913100616407539
CD del,cddel_10276,2025-02-26 19:00:00,post_stress,stressed,10276,10278,Oral_genital_Contact_active_count,0.09107288532880986
CD del,cddel_10276,2025-02-26 19:00:00,post_stress,stressed,10276,10278,Oral_genital_Contact_passive_count,0.09999711022776925
CD del,cddel_10276,2025-02-26 19:00:00,post_stress,stressed,10276,10278,Oral_genital_Contact_mean_duration,-0.07161702924527347
CD del,cddel_10276,2025-02-26 19:00:00,post_stress,stressed,10276,10278,Oral_genital_Contact_std_duration,-0.28861469377752
CD del,cddel_10276,2025-02-26 19:00:00,post_stress,stressed,10276,10278,Oral_oral_Contact_active_count,0.04550310312675787
CD del,cddel_10276,2025-02-26 19:00:00,post_stress,stressed,10276,10278,Oral_oral_Contact_passive_count,0.04550310312675787
CD del,cddel_10276,2025-02-26 19:00:00,post_stress,stressed,10276,10278,Oral_oral_Contact_mean_duration,-0.0013974908782354856
CD del,cddel_10276,2025-02-26 19:00:00,post_stress,stressed,10276,10278,Oral_oral_Contact_std_duration,0.10379625911196166
CD del,cddel_10276,2025-02-26 19:00:00,post_stress,stressed,10276,10278,Periphery_Zone_count,0.0456881841714285
CD del,cddel_10276,2025-02-26 19:00:00,post_stress,stressed,10276,10278,Periphery_Zone_mean_duration,-0.14201946429068713
CD del,cddel_10276,2025-02-26 19:00:00,post_stress,stressed,10276,10278,Periphery_Zone_std_duration,-0.16064208575647854
CD del,cddel_10276,2025-02-26 19:00:00,post_stress,stressed,10276,10278,Rear_at_periphery_count,-0.5514698247041263
CD del,cddel_10276,2025-02-26 19:00:00,post_stress,stressed,10276,10278,Rear_at_periphery_mean_duration,-0.12992512243715448
CD del,cddel_10276,2025-02-26 19:00:00,post_stress,stressed,10276,10278,Rear_at_periphery_std_duration,0.14413974920970407
CD del,cddel_10276,2025-02-26 19:00:00,post_stress,stressed,10276,10278,Rear_in_centerWindow_count,-0.5389965007326871
CD del,cddel_10276,2025-02-26 19:00:00,post_stress,stressed,10276,10278,Rear_in_centerWindow_mean_duration,0.06803176162064806
CD del,cddel_10276,2025-02-26 19:00:00,post_stress,stressed,10276,10278,Rear_in_centerWindow_std_duration,-0.046611088279932655
CD del,cddel_10276,2025-02-26 19:00:00,post_stress,stressed,10276,10278,Rear_in_contact_count,-0.017885800307075428
CD del,cddel_10276,2025-02-26 19:00:00,post_stress,stressed,10276,10278,Rear_in_contact_mean_duration,-0.017846338769520464
CD del,cddel_10276,2025-02-26 19:00:00,post_stress,stressed,10276,10278,Rear_in_contact_std_duration,-0.026598463920723514
CD del,cddel_10276,2025-02-26 19:00:00,post_stress,stressed,10276,10278,Rear_isolated_count,-0.551920751713622
CD del,cddel_10276,2025-02-26 19:00:00,post_stress,stressed,10276,10278,Rear_isolated_mean_duration,-0.12726349041260487
CD del,cddel_10276,2025-02-26 19:00:00,post_stress,stressed,10276,10278,Rear_isolated_std_duration,0.14354100837073358
CD del,cddel_10276,2025-02-26 19:00:00,post_stress,stressed,10276,10278,Rearing_count,0.05910403935770425
CD del,cddel_10276,2025-02-26 19:00:00,post_stress,stressed,10276,10278,Rearing_mean_duration,-0.1472446251793489
CD del,cddel_10276,2025-02-26 19:00:00,post_stress,stressed,10276,10278,Rearing_std_duration,-0.2499112783852162
CD del,cddel_10276,2025-02-26 19:00:00,post_stress,stressed,10276,10278,SAP_count,0.13099439337793406
CD del,cddel_10276,2025-02-26 19:00:00,post_stress,stressed,10276,10278,SAP_mean_duration,-0.15910299680080686
CD del,cddel_10276,2025-02-26 19:00:00,post_stress,stressed,10276,10278,SAP_std_duration,-0.6718389600198718
CD del,cddel_10276,2025-02-26 19:00:00,post_stress,stressed,10276,10278,Side_by_side_Contact_active_count,0.06756641598639224
CD del,cddel_10276,2025-02-26 19:00:00,post_stress,stressed,10276,10278,Side_by_side_Contact_passive_count,0.06756641598639224
CD del,cddel_10276,2025-02-26 19:00:00,post_stress,stressed,10276,10278,Side_by_side_Contact_mean_duration,-0.018803468642460297
CD del,cddel_10276,2025-02-26 19:00:00,post_stress,stressed,10276,10278,Side_by_side_Contact_std_duration,0.2249956044477881
CD del,cddel_10276,2025-02-26 19:00:00,post_stress,stressed,10276,10278,Side_by_side_Contact_opposite_way_active_count,0.0985593974360306
CD del,cddel_10276,2025-02-26 19:00:00,post_stress,stressed,10276,10278,Side_by_side_Contact_opposite_way_passive_count,0.0985593974360306
CD del,cddel_10276,2025-02-26 19:00:00,post_stress,stressed,10276,10278,Side_by_side_Contact_opposite_way_mean_duration,-0.075459301773531
CD del,cddel_10276,2025-02-26 19:00:00,post_stress,stressed,10276,10278,Side_by_side_Contact_opposite_way_std_duration,-0.36209232226806143
CD del,cddel_10276,2025-02-26 19:00:00,post_stress,stressed,10276,10278,Social_approach_active_count,0.06405921680438631
CD del,cddel_10276,2025-02-26 19:00:00,post_stress,stressed,10276,10278,Social_approach_passive_count,0.07320340402329606
CD del,cddel_10276,2025-02-26 19:00:00,post_stress,stressed,10276,10278,Social_approach_mean_duration,-0.002593619156162852
CD del,cddel_10276,2025-02-26 19:00:00,post_stress,stressed,10276,10278,Social_approach_std_duration,-0.12593014381533063
CD del,cddel_10276,2025-02-26 19:00:00,post_stress,stressed,10276,10278,Social_escape_active_count,0.04904558838787487
CD del,cddel_10276,2025-02-26 19:00:00,post_stress,stressed,10276,10278,Social_escape_passive_count,0.06790112471699494
CD del,cddel_10276,2025-02-26 19:00:00,post_stress,stressed,10276,10278,Social_escape_mean_duration,-0.009215920202321426
CD del,cddel_10276,2025-02-26 19:00:00,post_stress,stressed,10276,10278,Social_escape_std_duration,-0.11205605655327933
CD del,cddel_10276,2025-02-26 19:00:00,post_stress,stressed,10276,10278,Stop_count,0.059051142747322594
CD del,cddel_10276,2025-02-26 19:00:00,post_stress,stressed,10276,10278,Stop_mean_duration,-0.1644243953916864
CD del,cddel_10276,2025-02-26 19:00:00,post_stress,stressed,10276,10278,Stop_std_duration,-0.38955074002473156
CD del,cddel_10276,2025-02-26 19:00:00,post_stress,stressed,10276,10278,Stop_in_contact_active_count,0.08993642477900199
CD del,cddel_10276,2025-02-26 19:00:00,post_stress,stressed,10276,10278,Stop_in_contact_passive_count,0.06813999297043338
CD del,cddel_10276,2025-02-26 19:00:00,post_stress,stressed,10276,10278,Stop_in_contact_mean_duration,-0.05030609157340038
CD del,cddel_10276,2025-02-26 19:00:00,post_stress,stressed,10276,10278,Stop_in_contact_std_duration,-0.26929150494953014
CD del,cddel_10276,2025-02-26 19:00:00,post_stress,stressed,10276,10278,Stop_isolated_count,0.00820096856710073
CD del,cddel_10276,2025-02-26 19:00:00,post_stress,stressed,10276,10278,Stop_isolated_mean_duration,-0.19563659857144344
CD del,cddel_10276,2025-02-26 19:00:00,post_stress,stressed,10276,10278,Stop_isolated_std_duration,-0.5365786755773856
CD del,cddel_10276,2025-02-26 19:00:00,post_stress,stressed,10276,10278,Train2_active_count,-0.3254224004346278
CD del,cddel_10276,2025-02-26 19:00:00,post_stress,stressed,10276,10278,Train2_passive_count,0.7472144018302207
CD del,cddel_10276,2025-02-26 19:00:00,post_stress,stressed,10276,10278,Train2_mean_duration,0.06506035921707254
CD del,cddel_10276,2025-02-26 19:00:00,post_stress,stressed,10276,10278,Train2_std_duration,0.06150556401142582
CD del,cddel_10276,2025-02-26 19:00:00,post_stress,stressed,10276,10278,WallJump_count,0.5108256237659909
CD del,cddel_10276,2025-02-26 19:00:00,post_stress,stressed,10276,10278,WallJump_mean_duration,0.1340523148482458
CD del,cddel_10276,2025-02-26 19:00:00,post_stress,stressed,10276,10278,WallJump_std_duration,0.07644284440457799
CD del,cddel_10276,2025-02-26 19:00:00,post_stress,stressed,10276,10278,isolated_count,-0.43559015542422586
CD del,cddel_10276,2025-02-26 19:00:00,post_stress,stressed,10276,10278,isolated_mean_duration,0.10270144433771078
CD del,cddel_10276,2025-02-26 19:00:00,post_stress,stressed,10276,10278,isolated_std_duration,0.5827776335193997
CD del,cddel_10276,2025-02-26 19:00:00,post_stress,stressed,10276,10278,seq_oral_geni___oral_oral_active_count,-0.17934092865581697
CD del,cddel_10276,2025-02-26 19:00:00,post_stress,stressed,10276,10278,seq_oral_geni___oral_oral_passive_count,0.04652001563489261
CD del,cddel_10276,2025-02-26 19:00:00,post_stress,stressed,10276,10278,seq_oral_geni___oral_oral_mean_duration,-0.11818303218348625
CD del,cddel_10276,2025-02-26 19:00:00,post_stress,stressed,10276,10278,seq_oral_geni___oral_oral_std_duration,-0.5712501234374099
CD del,cddel_10276,2025-02-26 19:00:00,post_stress,stressed,10276,10278,seq_oral_oral___oral_genital_active_count,-0.16871590473817655
CD del,cddel_10276,2025-02-26 19:00:00,post_stress,stressed,10276,10278,seq_oral_oral___oral_genital_passive_count,0.05455898425043504
CD del,cddel_10276,2025-02-26 19:00:00,post_stress,stressed,10276,10278,seq_oral_oral___oral_genital_mean_duration,-0.09969412403773292
CD del,cddel_10276,2025-02-26 19:00:00,post_stress,stressed,10276,10278,seq_oral_oral___oral_genital_std_duration,-0.4134821134644888
CD del,cddel_10276,2025-02-27 19:00:00,post_stress,stressed,10276,10278,Approach_active_count,-0.017582689124703066
CD del,cddel_10276,2025-02-27 19:00:00,post_stress,stressed,10276,10278,Approach_passive_count,-0.07558201343876547
CD del,cddel_10276,2025-02-27 19:00:00,post_stress,stressed,10276,10278,Approach_mean_duration,0.02152049059621075
CD del,cddel_10276,2025-02-27 19:00:00,post_stress,stressed,10276,10278,Approach_std_duration,0.013774365451373338
CD del,cddel_10276,2025-02-27 19:00:00,post_stress,stressed,10276,10278,Approach_contact_active_count,-0.12342128569422695
CD del,cddel_10276,2025-02-27 19:00:00,post_stress,stressed,10276,10278,Approach_contact_passive_count,-0.13682238486618825
CD del,cddel_10276,2025-02-27 19:00:00,post_stress,stressed,10276,10278,Approach_contact_mean_duration,0.02438711780138536
CD del,cddel_10276,2025-02-27 19:00:00,post_stress,stressed,10276,10278,Approach_contact_std_duration,0.011047503413226356
CD del,cddel_10276,2025-02-27 19:00:00,post_stress,stressed,10276,10278,Approach_rear_active_count,-0.05476033115593637
CD del,cddel_10276,2025-02-27 19:00:00,post_stress,stressed,10276,10278,Approach_rear_passive_count,-0.08440166463698251
CD del,cddel_10276,2025-02-27 19:00:00,post_stress,stressed,10276,10278,Approach_rear_mean_duration,-0.010663916380903249
CD del,cddel_10276,2025-02-27 19:00:00,post_stress,stressed,10276,10278,Approach_rear_std_duration,-0.0001387460365949167
CD del,cddel_10276,2025-02-27 19:00:00,post_stress,stressed,10276,10278,Break_contact_active_count,-0.10861540085490518
CD del,cddel_10276,2025-02-27 19:00:00,post_stress,stressed,10276,10278,Break_contact_passive_count,-0.09144597405749533
CD del,cddel_10276,2025-02-27 19:00:00,post_stress,stressed,10276,10278,Break_contact_mean_duration,-0.0010998597483594663
CD del,cddel_10276,2025-02-27 19:00:00,post_stress,stressed,10276,10278,Break_contact_std_duration,-0.07825307540396265
CD del,cddel_10276,2025-02-27 19:00:00,post_stress,stressed,10276,10278,Center_Zone_count,-0.10389959501815138
CD del,cddel_10276,2025-02-27 19:00:00,post_stress,stressed,10276,10278,Center_Zone_mean_duration,-0.21208106814401395
CD del,cddel_10276,2025-02-27 19:00:00,post_stress,stressed,10276,10278,Center_Zone_std_duration,-0.03991395647711382
CD del,cddel_10276,2025-02-27 19:00:00,post_stress,stressed,10276,10278,Contact_active_count,-0.10109611687136866
CD del,cddel_10276,2025-02-27 19:00:00,post_stress,stressed,10276,10278,Contact_passive_count,-0.10109611687136866
CD del,cddel_10276,2025-02-27 19:00:00,post_stress,stressed,10276,10278,Contact_mean_duration,0.049718645295175445
CD del,cddel_10276,2025-02-27 19:00:00,post_stress,stressed,10276,10278,Contact_std_duration,0.08918414446235712
CD del,cddel_10276,2025-02-27 19:00:00,post_stress,stressed,10276,10278,Get_away_active_count,-0.12333854855611648
CD del,cddel_10276,2025-02-27 19:00:00,post_stress,stressed,10276,10278,Get_away_passive_count,0.03292043532919031
CD del,cddel_10276,2025-02-27 19:00:00,post_stress,stressed,10276,10278,Get_away_mean_duration,0.009752728021039436
CD del,cddel_10276,2025-02-27 19:00:00,post_stress,stressed,10276,10278,Get_away_std_duration,0.013782173608858361
CD del,cddel_10276,2025-02-27 19:00:00,post_stress,stressed,10276,10278,Group_3_break_count,-0.2503561148390947
CD del,cddel_10276,2025-02-27 19:00:00,post_stress,stressed,10276,10278,Group_3_break_mean_duration,0.009230025161711897
CD del,cddel_10276,2025-02-27 19:00:00,post_stress,stressed,10276,10278,Group_3_break_std_duration,0.09635174535140872
CD del,cddel_10276,2025-02-27 19:00:00,post_stress,stressed,10276,10278,Group_3_make_count,-0.11778303565638382
CD del,cddel_10276,2025-02-27 19:00:00,post_stress,stressed,10276,10278,Group_3_make_mean_duration,-0.011717936570637577
CD del,cddel_10276,2025-02-27 19:00:00,post_stress,stressed,10276,10278,Group_3_make_std_duration,0.003038592112206029
CD del,cddel_10276,2025-02-27 19:00:00,post_stress,stressed,10276,10278,Group_4_break_count,-0.3856624808119844
CD del,cddel_10276,2025-02-27 19:00:00,post_stress,stressed,10276,10278,Group_4_break_mean_duration,-0.0034934533345599705
CD del,cddel_10276,2025-02-27 19:00:00,post_stress,stressed,10276,10278,Group_4_break_std_duration,-0.06179508152070623
CD del,cddel_10276,2025-02-27 19:00:00,post_stress,stressed,10276,10278,Group_4_make_count,-0.18232155679395445
CD del,cddel_10276,2025-02-27 19:00:00,post_stress,stressed,10276,10278,Group_4_make_mean_duration,-0.08136961308296153
CD del,cddel_10276,2025-02-27 19:00:00,post_stress,stressed,10276,10278,Group_4_make_std_duration,0.10586354168645462
CD del,cddel_10276,2025-02-27 19:00:00,post_stress,stressed,10276,10278,Group2_active_count,-0.08497557599356131
CD del,cddel_10276,2025-02-27 19:00:00,post_stress,stressed,10276,10278,Group2_passive_count,-0.08497557599356131
CD del,cddel_10276,2025-02-27 19:00:00,post_stress,stressed,10276,10278,Group2_mean_duration,0.04990620483164254
CD del,cddel_10276,2025-02-27 19:00:00,post_stress,stressed,10276,10278,Group2_std_duration,0.11611657627091754
CD del,cddel_10276,2025-02-27 19:00:00,post_stress,stressed,10276,10278,Huddling_count,0.04244669024725667
CD del,cddel_10276,2025-02-27 19:00:00,post_stress,stressed,10276,10278,Huddling_mean_duration,0.17465173504795106
CD del,cddel_10276,2025-02-27 19:00:00,post_stress,stressed,10276,10278,Huddling_std_duration,0.4708124546392962
CD del,cddel_10276,2025-02-27 19:00:00,post_stress,stressed,10276,10278,Move_in_contact_active_count,-0.06572602869904287
CD del,cddel_10276,2025-02-27 19:00:00,post_stress,stressed,10276,10278,Move_in_contact_passive_count,-0.08202510002002761
CD del,cddel_10276,2025-02-27 19:00:00,post_stress,stressed,10276,10278,Move_in_contact_mean_duration,0.004554552569210779
CD del,cddel_10276,2025-02-27 19:00:00,post_stress,stressed,10276,10278,Move_in_contact_std_duration,0.0593545053115343
CD del,cddel_10276,2025-02-27 19:00:00,post_stress,stressed,10276,10278,Move_isolated_count,-0.1665647880173191
CD del,cddel_10276,2025-02-27 19:00:00,post_stress,stressed,10276,10278,Move_isolated_mean_duration,-0.004277385040380444
CD del,cddel_10276,2025-02-27 19:00:00,post_stress,stressed,10276,10278,Move_isolated_std_duration,0.028407027154325526
CD del,cddel_10276,2025-02-27 19:00:00,post_stress,stressed,10276,10278,Oral_genital_Contact_active_count,-0.032060878078365995
CD del,cddel_10276,2025-02-27 19:00:00,post_stress,stressed,10276,10278,Oral_genital_Contact_passive_count,0.0
CD del,cddel_10276,2025-02-27 19:00:00,post_stress,stressed,10276,10278,Oral_genital_Contact_mean_duration,0.029678379676123634
CD del,cddel_10276,2025-02-27 19:00:00,post_stress,stressed,10276,10278,Oral_genital_Contact_std_duration,0.04771830741817373
CD del,cddel_10276,2025-02-27 19:00:00,post_stress,stressed,10276,10278,Oral_oral_Contact_active_count,-0.09131197211953612
CD del,cddel_10276,2025-02-27 19:00:00,post_stress,stressed,10276,10278,Oral_oral_Contact_passive_count,-0.09131197211953612
CD del,cddel_10276,2025-02-27 19:00:00,post_stress,stressed,10276,10278,Oral_oral_Contact_mean_duration,0.023136593622341772
CD del,cddel_10276,2025-02-27 19:00:00,post_stress,stressed,10276,10278,Oral_oral_Contact_std_duration,0.07034512619737288
CD del,cddel_10276,2025-02-27 19:00:00,post_stress,stressed,10276,10278,Periphery_Zone_count,0.0465200156348935
CD del,cddel_10276,2025-02-27 19:00:00,post_stress,stressed,10276,10278,Periphery_Zone_mean_duration,-0.10607593904953472
CD del,cddel_10276,2025-02-27 19:00:00,post_stress,stressed,10276,10278,Periphery_Zone_std_duration,0.10673221818683576
CD del,cddel_10276,2025-02-27 19:00:00,post_stress,stressed,10276,10278,Rear_at_periphery_count,-0.5165399250294298
CD del,cddel_10276,2025-02-27 19:00:00,post_stress,stressed,10276,10278,Rear_at_periphery_mean_duration,-0.13328364254379121
CD del,cddel_10276,2025-02-27 19:00:00,post_stress,stressed,10276,10278,Rear_at_periphery_std_duration,-0.4523712985847326
CD del,cddel_10276,2025-02-27 19:00:00,post_stress,stressed,10276,10278,Rear_in_centerWindow_count,0.0
CD del,cddel_10276,2025-02-27 19:00:00,post_stress,stressed,10276,10278,Rear_in_centerWindow_mean_duration,0.0894494115170601
CD del,cddel_10276,2025-02-27 19:00:00,post_stress,stressed,10276,10278,Rear_in_centerWindow_std_duration,0.24896687508610682
CD del,cddel_10276,2025-02-27 19:00:00,post_stress,stressed,10276,10278,Rear_in_contact_count,-0.04103587538942666
CD del,cddel_10276,2025-02-27 19:00:00,post_stress,stressed,10276,10278,Rear_in_contact_mean_duration,-0.10389071304533459
CD del,cddel_10276,2025-02-27 19:00:00,post_stress,stressed,10276,10278,Rear_in_contact_std_duration,-0.6728721830835132
CD del,cddel_10276,2025-02-27 19:00:00,post_stress,stressed,10276,10278,Rear_isolated_count,-0.5125191042723243
CD del,cddel_10276,2025-02-27 19:00:00,post_stress,stressed,10276,10278,Rear_isolated_mean_duration,-0.12941417946408362
CD del,cddel_10276,2025-02-27 19:00:00,post_stress,stressed,10276,10278,Rear_isolated_std_duration,-0.45285773199435075
CD del,cddel_10276,2025-02-27 19:00:00,post_stress,stressed,10276,10278,Rearing_count,0.046439986824478474
CD del,cddel_10276,2025-02-27 19:00:00,post_stress,stressed,10276,10278,Rearing_mean_duration,-0.09611797618327289
CD del,cddel_10276,2025-02-27 19:00:00,post_stress,stressed,10276,10278,Rearing_std_duration,-0.09446912977921063
CD del,cddel_10276,2025-02-27 19:00:00,post_stress,stressed,10276,10278,SAP_count,-0.046365920557925655
CD del,cddel_10276,2025-02-27 19:00:00,post_stress,stressed,10276,10278,SAP_mean_duration,-0.05599362193403801
CD del,cddel_10276,2025-02-27 19:00:00,post_stress,stressed,10276,10278,SAP_std_duration,-0.2677534887916728
CD del,cddel_10276,2025-02-27 19:00:00,post_stress,stressed,10276,10278,Side_by_side_Contact_active_count,-0.07697563978283384
CD del,cddel_10276,2025-02-27 19:00:00,post_stress,stressed,10276,10278,Side_by_side_Contact_passive_count,-0.07697563978283384
CD del,cddel_10276,2025-02-27 19:00:00,post_stress,stressed,10276,10278,Side_by_side_Contact_mean_duration,-0.01474450414802475
CD del,cddel_10276,2025-02-27 19:00:00,post_stress,stressed,10276,10278,Side_by_side_Contact_std_duration,-0.04704854916276591
CD del,cddel_10276,2025-02-27 19:00:00,post_stress,stressed,10276,10278,Side_by_side_Contact_opposite_way_active_count,0.006026707866860548
CD del,cddel_10276,2025-02-27 19:00:00,post_stress,stressed,10276,10278,Side_by_side_Contact_opposite_way_passive_count,0.006026707866860548
CD del,cddel_10276,2025-02-27 19:00:00,post_stress,stressed,10276,10278,Side_by_side_Contact_opposite_way_mean_duration,0.03829863399683231
CD del,cddel_10276,2025-02-27 19:00:00,post_stress,stressed,10276,10278,Side_by_side_Contact_opposite_way_std_duration,0.09182429892760191
CD del,cddel_10276,2025-02-27 19:00:00,post_stress,stressed,10276,10278,Social_approach_active_count,-0.06419315763906042
CD del,cddel_10276,2025-02-27 19:00:00,post_stress,stressed,10276,10278,Social_approach_passive_count,-0.07780108853365242
CD del,cddel_10276,2025-02-27 19:00:00,post_stress,stressed,10276,10278,Social_approach_mean_duration,0.0052166976082883565
CD del,cddel_10276,2025-02-27 19:00:00,post_stress,stressed,10276,10278,Social_approach_std_duration,-0.0391684172172071
CD del,cddel_10276,2025-02-27 19:00:00,post_stress,stressed,10276,10278,Social_escape_active_count,-0.08776896526018874
CD del,cddel_10276,2025-02-27 19:00:00,post_stress,stressed,10276,10278,Social_escape_passive_count,-0.07127840967994814
CD del,cddel_10276,2025-02-27 19:00:00,post_stress,stressed,10276,10278,Social_escape_mean_duration,0.01215709593713532
CD del,cddel_10276,2025-02-27 19:00:00,post_stress,stressed,10276,10278,Social_escape_std_duration,0.03532559808519742
CD del,cddel_10276,2025-02-27 19:00:00,post_stress,stressed,10276,10278,Stop_count,0.023232301493268714
CD del,cddel_10276,2025-02-27 19:00:00,post_stress,stressed,10276,10278,Stop_mean_duration,-0.07220378635075697
CD del,cddel_10276,2025-02-27 19:00:00,post_stress,stressed,10276,10278,Stop_std_duration,0.004295126887434719
CD del,cddel_10276,2025-02-27 19:00:00,post_stress,stressed,10276,10278,Stop_in_contact_active_count,-0.10122073134550114
CD del,cddel_10276,2025-02-27 19:00:00,post_stress,stressed,10276,10278,Stop_in_contact_passive_count,-0.08927569469106089
CD del,cddel_10276,2025-02-27 19:00:00,post_stress,stressed,10276,10278,Stop_in_contact_mean_duration,0.04557955380864476
CD del,cddel_10276,2025-02-27 19:00:00,post_stress,stressed,10276,10278,Stop_in_contact_std_duration,0.07779022944647096
CD del,cddel_10276,2025-02-27 19:00:00,post_stress,stressed,10276,10278,Stop_isolated_count,-0.13702922905523351
CD del,cddel_10276,2025-02-27 19:00:00,post_stress,stressed,10276,10278,Stop_isolated_mean_duration,0.06734331259899129
CD del,cddel_10276,2025-02-27 19:00:00,post_stress,stressed,10276,10278,Stop_isolated_std_duration,0.0351157518365639
CD del,cddel_10276,2025-02-27 19:00:00,post_stress,stressed,10276,10278,Train2_active_count,-1.0986122886681098
CD del,cddel_10276,2025-02-27 19:00:00,post_stress,stressed,10276,10278,Train2_passive_count,0.2876820724517808
CD del,cddel_10276,2025-02-27 19:00:00,post_stress,stressed,10276,10278,Train2_mean_duration,0.02199112650382934
CD del,cddel_10276,2025-02-27 19:00:00,post_stress,stressed,10276,10278,Train2_std_duration,-0.0332320961013457
CD del,cddel_10276,2025-02-27 19:00:00,post_stress,stressed,10276,10278,WallJump_count,-0.22314355131421015
CD del,cddel_10276,2025-02-27 19:00:00,post_stress,stressed,10276,10278,WallJump_mean_duration,-0.06448149396410768
CD del,cddel_10276,2025-02-27 19:00:00,post_stress,stressed,10276,10278,WallJump_std_duration,-0.04720282507800097
CD del,cddel_10276,2025-02-27 19:00:00,post_stress,stressed,10276,10278,isolated_count,0.2587788206306252
CD del,cddel_10276,2025-02-27 19:00:00,post_stress,stressed,10276,10278,isolated_mean_duration,-0.0008859835595060872
CD del,cddel_10276,2025-02-27 19:00:00,post_stress,stressed,10276,10278,isolated_std_duration,0.2931110023957735
CD del,cddel_10276,2025-02-27 19:00:00,post_stress,stressed,10276,10278,seq_oral_geni___oral_oral_active_count,0.014815085785140347
CD del,cddel_10276,2025-02-27 19:00:00,post_stress,stressed,10276,10278,seq_oral_geni___oral_oral_passive_count,-0.152676840208958
CD del,cddel_10276,2025-02-27 19:00:00,post_stress,stressed,10276,10278,seq_oral_geni___oral_oral_mean_duration,-0.046555376682995586
CD del,cddel_10276,2025-02-27 19:00:00,post_stress,stressed,10276,10278,seq_oral_geni___oral_oral_std_duration,-0.1996331785332266
CD del,cddel_10276,2025-02-27 19:00:00,post_stress,stressed,10276,10278,seq_oral_oral___oral_genital_active_count,-0.10100321028887116
CD del,cddel_10276,2025-02-27 19:00:00,post_stress,stressed,10276,10278,seq_oral_oral___oral_genital_passive_count,0.05012438718256895
CD del,cddel_10276,2025-02-27 19:00:00,post_stress,stressed,10276,10278,seq_oral_oral___oral_genital_mean_duration,-0.020219747910686037
CD del,cddel_10276,2025-02-27 19:00:00,post_stress,stressed,10276,10278,seq_oral_oral___oral_genital_std_duration,-0.023363850350992532
CD del,cddel_10276,2025-02-22 19:00:00,baseline,control,10277,10279,Approach_active_count,0.003511216300736919
CD del,cddel_10276,2025-02-22 19:00:00,baseline,control,10277,10279,Approach_passive_count,-0.04088131593718991
CD del,cddel_10276,2025-02-22 19:00:00,baseline,control,10277,10279,Approach_mean_duration,0.052125438836933435
CD del,cddel_10276,2025-02-22 19:00:00,baseline,control,10277,10279,Approach_std_duration,0.13383316444220617
CD del,cddel_10276,2025-02-22 19:00:00,baseline,control,10277,10279,Approach_contact_active_count,-0.2062127089024024
CD del,cddel_10276,2025-02-22 19:00:00,baseline,control,10277,10279,Approach_contact_passive_count,0.1180995414352557
CD del,cddel_10276,2025-02-22 19:00:00,baseline,control,10277,10279,Approach_contact_mean_duration,-0.012717110012304023
CD del,cddel_10276,2025-02-22 19:00:00,baseline,control,10277,10279,Approach_contact_std_duration,-0.005311585226105864
CD del,cddel_10276,2025-02-22 19:00:00,baseline,control,10277,10279,Approach_rear_active_count,0.03930519401841526
CD del,cddel_10276,2025-02-22 19:00:00,baseline,control,10277,10279,Approach_rear_passive_count,-0.08877006675657828
CD del,cddel_10276,2025-02-22 19:00:00,baseline,control,10277,10279,Approach_rear_mean_duration,0.0011617436198329
CD del,cddel_10276,2025-02-22 19:00:00,baseline,control,10277,10279,Approach_rear_std_duration,-0.005930963695758074
CD del,cddel_10276,2025-02-22 19:00:00,baseline,control,10277,10279,Break_contact_active_count,-0.11388439524072602
CD del,cddel_10276,2025-02-22 19:00:00,baseline,control,10277,10279,Break_contact_passive_count,0.1154132860792716
CD del,cddel_10276,2025-02-22 19:00:00,baseline,control,10277,10279,Break_contact_mean_duration,0.000665052151086587
CD del,cddel_10276,2025-02-22 19:00:00,baseline,control,10277,10279,Break_contact_std_duration,0.005966455916767255
CD del,cddel_10276,2025-02-22 19:00:00,baseline,control,10277,10279,Center_Zone_count,-0.5016490319610858
CD del,cddel_10276,2025-02-22 19:00:00,baseline,control,10277,10279,Center_Zone_mean_duration,0.08324817213969116
CD del,cddel_10276,2025-02-22 19:00:00,baseline,control,10277,10279,Center_Zone_std_duration,0.2610761991053627
CD del,cddel_10276,2025-02-22 19:00:00,baseline,control,10277,10279,Contact_active_count,-0.02656160722770018
CD del,cddel_10276,2025-02-22 19:00:00,baseline,control,10277,10279,Contact_passive_count,-0.02656160722770018
CD del,cddel_10276,2025-02-22 19:00:00,baseline,control,10277,10279,Contact_mean_duration,0.21957506229771173
CD del,cddel_10276,2025-02-22 19:00:00,baseline,control,10277,10279,Contact_std_duration,0.5503451489403561
CD del,cddel_10276,2025-02-22 19:00:00,baseline,control,10277,10279,Get_away_active_count,-0.17468582874318273
CD del,cddel_10276,2025-02-22 19:00:00,baseline,control,10277,10279,Get_away_passive_count,0.07960678787587483
CD del,cddel_10276,2025-02-22 19:00:00,baseline,control,10277,10279,Get_away_mean_duration,0.013617904265705638
CD del,cddel_10276,2025-02-22 19:00:00,baseline,control,10277,10279,Get_away_std_duration,0.053663777038037486
CD del,cddel_10276,2025-02-22 19:00:00,baseline,control,10277,10279,Group_3_break_count,0.007843177461025697
CD del,cddel_10276,2025-02-22 19:00:00,baseline,control,10277,10279,Group_3_break_mean_duration,-0.02034413835725246
CD del,cddel_10276,2025-02-22 19:00:00,baseline,control,10277,10279,Group_3_break_std_duration,0.02892098673332172
CD del,cddel_10276,2025-02-22 19:00:00,baseline,control,10277,10279,Group_3_make_count,0.182321556793954
CD del,cddel_10276,2025-02-22 19:00:00,baseline,control,10277,10279,Group_3_make_mean_duration,0.006809648716493921
CD del,cddel_10276,2025-02-22 19:00:00,baseline,control,10277,10279,Group_3_make_std_duration,0.10211245674080122
CD del,cddel_10276,2025-02-22 19:00:00,baseline,control,10277,10279,Group_4_break_count,0.09531017980432521
CD del,cddel_10276,2025-02-22 19:00:00,baseline,control,10277,10279,Group_4_break_mean_duration,-0.31341298712337984
CD del,cddel_10276,2025-02-22 19:00:00,baseline,control,10277,10279,Group_4_break_std_duration,-0.7171399956529685
CD del,cddel_10276,2025-02-22 19:00:00,baseline,control,10277,10279,Group_4_make_count,-0.3856624808119844
CD del,cddel_10276,2025-02-22 19:00:00,baseline,control,10277,10279,Group_4_make_mean_duration,-0.13035751747233804
CD del,cddel_10276,2025-02-22 19:00:00,baseline,control,10277,10279,Group_4_make_std_duration,-0.7727546827021502
CD del,cddel_10276,2025-02-22 19:00:00,baseline,control,10277,10279,Group2_active_count,-0.01748531434101963
CD del,cddel_10276,2025-02-22 19:00:00,baseline,control,10277,10279,Group2_passive_count,-0.01748531434101963
CD del,cddel_10276,2025-02-22 19:00:00,baseline,control,10277,10279,Group2_mean_duration,0.26244598865463065
CD del,cddel_10276,2025-02-22 19:00:00,baseline,control,10277,10279,Group2_std_duration,0.6976202556237641
CD del,cddel_10276,2025-02-22 19:00:00,baseline,control,10277,10279,Huddling_count,0.05875815822207198
CD del,cddel_10276,2025-02-22 19:00:00,baseline,control,10277,10279,Huddling_mean_duration,-0.01634275557998377
CD del,cddel_10276,2025-02-22 19:00:00,baseline,control,10277,10279,Huddling_std_duration,0.1290225759445427
CD del,cddel_10276,2025-02-22 19:00:00,baseline,control,10277,10279,Move_in_contact_active_count,0.007478417653144831
CD del,cddel_10276,2025-02-22 19:00:00,baseline,control,10277,10279,Move_in_contact_passive_count,0.07747026167599458
CD del,cddel_10276,2025-02-22 19:00:00,baseline,control,10277,10279,Move_in_contact_mean_duration,0.001856039121767683
CD del,cddel_10276,2025-02-22 19:00:00,baseline,control,10277,10279,Move_in_contact_std_duration,0.0024736561548229785
CD del,cddel_10276,2025-02-22 19:00:00,baseline,control,10277,10279,Move_isolated_count,-0.36373513093022947
CD del,cddel_10276,2025-02-22 19:00:00,baseline,control,10277,10279,Move_isolated_mean_duration,-0.0794706279250561
CD del,cddel_10276,2025-02-22 19:00:00,baseline,control,10277,10279,Move_isolated_std_duration,-0.06906448184758407
CD del,cddel_10276,2025-02-22 19:00:00,baseline,control,10277,10279,Oral_genital_Contact_active_count,0.11002822321870287
CD del,cddel_10276,2025-02-22 19:00:00,baseline,control,10277,10279,Oral_genital_Contact_passive_count,0.1893854682311087
CD del,cddel_10276,2025-02-22 19:00:00,baseline,control,10277,10279,Oral_genital_Contact_mean_duration,0.06027937644399717
CD del,cddel_10276,2025-02-22 19:00:00,baseline,control,10277,10279,Oral_genital_Contact_std_duration,0.3648454860414022
CD del,cddel_10276,2025-02-22 19:00:00,baseline,control,10277,10279,Oral_oral_Contact_active_count,0.05673982865175198
CD del,cddel_10276,2025-02-22 19:00:00,baseline,control,10277,10279,Oral_oral_Contact_passive_count,0.05673982865175198
CD del,cddel_10276,2025-02-22 19:00:00,baseline,control,10277,10279,Oral_oral_Contact_mean_duration,0.0628888927968343
CD del,cddel_10276,2025-02-22 19:00:00,baseline,control,10277,10279,Oral_oral_Contact_std_duration,0.10253701761521827
CD del,cddel_10276,2025-02-22 19:00:00,baseline,control,10277,10279,Periphery_Zone_count,-0.35793996624531843
CD del,cddel_10276,2025-02-22 19:00:00,baseline,control,10277,10279,Periphery_Zone_mean_duration,0.3628889925666394
CD del,cddel_10276,2025-02-22 19:00:00,baseline,control,10277,10279,Periphery_Zone_std_duration,0.38255745300908917
CD del,cddel_10276,2025-02-22 19:00:00,baseline,control,10277,10279,Rear_at_periphery_count,-0.6726813499676547
CD del,cddel_10276,2025-02-22 19:00:00,baseline,control,10277,10279,Rear_at_periphery_mean_duration,-0.013592954658660394
CD del,cddel_10276,2025-02-22 19:00:00,baseline,control,10277,10279,Rear_at_periphery_std_duration,-0.07710176006435354
CD del,cddel_10276,2025-02-22 19:00:00,baseline,control,10277,10279,Rear_in_centerWindow_count,-0.9162907318741553
CD del,cddel_10276,2025-02-22 19:00:00,baseline,control,10277,10279,Rear_in_centerWindow_mean_duration,0.06218834379261762
CD del,cddel_10276,2025-02-22 19:00:00,baseline,control,10277,10279,Rear_in_centerWindow_std_duration,-0.29843180384988444
CD del,cddel_10276,2025-02-22 19:00:00,baseline,control,10277,10279,Rear_in_contact_count,-0.2472020167278135
CD del,cddel_10276,2025-02-22 19:00:00,baseline,control,10277,10279,Rear_in_contact_mean_duration,0.041984457207718706
CD del,cddel_10276,2025-02-22 19:00:00,baseline,control,10277,10279,Rear_in_contact_std_duration,0.09384510118768474
CD del,cddel_10276,2025-02-22 19:00:00,baseline,control,10277,10279,Rear_isolated_count,-0.6755947668857933
CD del,cddel_10276,2025-02-22 19:00:00,baseline,control,10277,10279,Rear_isolated_mean_duration,-0.013585443835586908
CD del,cddel_10276,2025-02-22 19:00:00,baseline,control,10277,10279,Rear_isolated_std_duration,-0.07835882086889123
CD del,cddel_10276,2025-02-22 19:00:00,baseline,control,10277,10279,Rearing_count,-0.2916487575418856
CD del,cddel_10276,2025-02-22 19:00:00,baseline,control,10277,10279,Rearing_mean_duration,0.2845743753218861
CD del,cddel_10276,2025-02-22 19:00:00,baseline,control,10277,10279,Rearing_std_duration,0.22394438679398299
CD del,cddel_10276,2025-02-22 19:00:00,baseline,control,10277,10279,SAP_count,-0.09501782488337085
CD del,cddel_10276,2025-02-22 19:00:00,baseline,control,10277,10279,SAP_mean_duration,0.24193629695220442
CD del,cddel_10276,2025-02-22 19:00:00,baseline,control,10277,10279,SAP_std_duration,0.6593969140691343
CD del,cddel_10276,2025-02-22 19:00:00,baseline,control,10277,10279,Side_by_side_Contact_active_count,0.1522763783625667
CD del,cddel_10276,2025-02-22 19:00:00,baseline,control,10277,10279,Side_by_side_Contact_passive_count,0.1522763783625667
CD del,cddel_10276,2025-02-22 19:00:00,baseline,control,10277,10279,Side_by_side_Contact_mean_duration,0.12454213930729208
CD del,cddel_10276,2025-02-22 19:00:00,baseline,control,10277,10279,Side_by_side_Contact_std_duration,0.23583761107178547
CD del,cddel_10276,2025-02-22 19:00:00,baseline,control,10277,10279,Side_by_side_Contact_opposite_way_active_count,0.15716848716735488
CD del,cddel_10276,2025-02-22 19:00:00,baseline,control,10277,10279,Side_by_side_Contact_opposite_way_passive_count,0.15716848716735488
CD del,cddel_10276,2025-02-22 19:00:00,baseline,control,10277,10279,Side_by_side_Contact_opposite_way_mean_duration,0.1520117425728187
CD del,cddel_10276,2025-02-22 19:00:00,baseline,control,10277,10279,Side_by_side_Contact_opposite_way_std_duration,0.3758684040700475
CD del,cddel_10276,2025-02-22 19:00:00,baseline,control,10277,10279,Social_approach_active_count,0.028202240168253567
CD del,cddel_10276,2025-02-22 19:00:00,baseline,control,10277,10279,Social_approach_passive_count,0.040844734454992704
CD del,cddel_10276,2025-02-22 19:00:00,baseline,control,10277,10279,Social_approach_mean_duration,0.12099973793947072
CD del,cddel_10276,2025-02-22 19:00:00,baseline,control,10277,10279,Social_approach_std_duration,0.3029036670904508
CD del,cddel_10276,2025-02-22 19:00:00,baseline,control,10277,10279,Social_escape_active_count,-0.006099173738729036
CD del,cddel_10276,2025-02-22 19:00:00,baseline,control,10277,10279,Social_escape_passive_count,0.08702693574337417
CD del,cddel_10276,2025-02-22 19:00:00,baseline,control,10277,10279,Social_escape_mean_duration,0.04909088242277759
CD del,cddel_10276,2025-02-22 19:00:00,baseline,control,10277,10279,Social_escape_std_duration,0.11202674584621763
CD del,cddel_10276,2025-02-22 19:00:00,baseline,control,10277,10279,Stop_count,-0.4922046879344597
CD del,cddel_10276,2025-02-22 19:00:00,baseline,control,10277,10279,Stop_mean_duration,0.5096541049056378
CD del,cddel_10276,2025-02-22 19:00:00,baseline,control,10277,10279,Stop_std_duration,0.5804893612753235
CD del,cddel_10276,2025-02-22 19:00:00,baseline,control,10277,10279,Stop_in_contact_active_count,-0.007905179507112337
CD del,cddel_10276,2025-02-22 19:00:00,baseline,control,10277,10279,Stop_in_contact_passive_count,-0.014410336423988923
CD del,cddel_10276,2025-02-22 19:00:00,baseline,control,10277,10279,Stop_in_contact_mean_duration,0.2240179945312153
CD del,cddel_10276,2025-02-22 19:00:00,baseline,control,10277,10279,Stop_in_contact_std_duration,0.5296335415412483
CD del,cddel_10276,2025-02-22 19:00:00,baseline,control,10277,10279,Stop_isolated_count,-0.25951119548508395
CD del,cddel_10276,2025-02-22 19:00:00,baseline,control,10277,10279,Stop_isolated_mean_duration,0.12795620408621922
CD del,cddel_10276,2025-02-22 19:00:00,baseline,control,10277,10279,Stop_isolated_std_duration,0.18038156378402403
CD del,cddel_10276,2025-02-22 19:00:00,baseline,control,10277,10279,Train2_active_count,-0.5978370007556202
CD del,cddel_10276,2025-02-22 19:00:00,baseline,control,10277,10279,Train2_passive_count,-0.4054651081081646
CD del,cddel_10276,2025-02-22 19:00:00,baseline,control,10277,10279,Train2_mean_duration,-0.023375515979051797
CD del,cddel_10276,2025-02-22 19:00:00,baseline,control,10277,10279,Train2_std_duration,-0.03419511274355941
CD del,cddel_10276,2025-02-22 19:00:00,baseline,control,10277,10279,WallJump_count,0.07410797215372167
CD del,cddel_10276,2025-02-22 19:00:00,baseline,control,10277,10279,WallJump_mean_duration,0.015714000381119142
CD del,cddel_10276,2025-02-22 19:00:00,baseline,control,10277,10279,WallJump_std_duration,0.25371833209128386
CD del,cddel_10276,2025-02-22 19:00:00,baseline,control,10277,10279,isolated_count,-0.1996087773751034
CD del,cddel_10276,2025-02-22 19:00:00,baseline,control,10277,10279,isolated_mean_duration,-0.2357121686729955
CD del,cddel_10276,2025-02-22 19:00:00,baseline,control,10277,10279,isolated_std_duration,-0.137497707180382
CD del,cddel_10276,2025-02-22 19:00:00,baseline,control,10277,10279,seq_oral_geni___oral_oral_active_count,0.19955462391772993
CD del,cddel_10276,2025-02-22 19:00:00,baseline,control,10277,10279,seq_oral_geni___oral_oral_passive_count,0.1435122816222032
CD del,cddel_10276,2025-02-22 19:00:00,baseline,control,10277,10279,seq_oral_geni___oral_oral_mean_duration,-0.02224471377514936
CD del,cddel_10276,2025-02-22 19:00:00,baseline,control,10277,10279,seq_oral_geni___oral_oral_std_duration,-0.12832201503176233
CD del,cddel_10276,2025-02-22 19:00:00,baseline,control,10277,10279,seq_oral_oral___oral_genital_active_count,0.04700604237592998
CD del,cddel_10276,2025-02-22 19:00:00,baseline,control,10277,10279,seq_oral_oral___oral_genital_passive_count,0.24647180380511813
CD del,cddel_10276,2025-02-22 19:00:00,baseline,control,10277,10279,seq_oral_oral___oral_genital_mean_duration,-0.03887453151344045
CD del,cddel_10276,2025-02-22 19:00:00,baseline,control,10277,10279,seq_oral_oral___oral_genital_std_duration,-0.17626488743589663
CD del,cddel_10276,2025-02-23 19:00:00,baseline,control,10277,10279,Approach_active_count,0.04391366693741361
CD del,cddel_10276,2025-02-23 19:00:00,baseline,control,10277,10279,Approach_passive_count,-0.05232382227437604
CD del,cddel_10276,2025-02-23 19:00:00,baseline,control,10277,10279,Approach_mean_duration,0.026688123915101336
CD del,cddel_10276,2025-02-23 19:00:00,baseline,control,10277,10279,Approach_std_duration,0.11480624385002391
CD del,cddel_10276,2025-02-23 19:00:00,baseline,control,10277,10279,Approach_contact_active_count,-0.10615448155900253
CD del,cddel_10276,2025-02-23 19:00:00,baseline,control,10277,10279,Approach_contact_passive_count,0.01638038263136199
CD del,cddel_10276,2025-02-23 19:00:00,baseline,control,10277,10279,Approach_contact_mean_duration,0.016685588735396273
CD del,cddel_10276,2025-02-23 19:00:00,baseline,control,10277,10279,Approach_contact_std_duration,0.01239880796012982
CD del,cddel_10276,2025-02-23 19:00:00,baseline,control,10277,10279,Approach_rear_active_count,-0.048638660495178065
CD del,cddel_10276,2025-02-23 19:00:00,baseline,control,10277,10279,Approach_rear_passive_count,-0.05218575317057095
CD del,cddel_10276,2025-02-23 19:00:00,baseline,control,10277,10279,Approach_rear_mean_duration,0.023749932880340885
CD del,cddel_10276,2025-02-23 19:00:00,baseline,control,10277,10279,Approach_rear_std_duration,0.18994561533036347
CD del,cddel_10276,2025-02-23 19:00:00,baseline,control,10277,10279,Break_contact_active_count,-0.049347846254407024
CD del,cddel_10276,2025-02-23 19:00:00,baseline,control,10277,10279,Break_contact_passive_count,0.010033528989578322
CD del,cddel_10276,2025-02-23 19:00:00,baseline,control,10277,10279,Break_contact_mean_duration,0.0002387151694319689
CD del,cddel_10276,2025-02-23 19:00:00,baseline,control,10277,10279,Break_contact_std_duration,0.01469535504108832
CD del,cddel_10276,2025-02-23 19:00:00,baseline,control,10277,10279,Center_Zone_count,-0.30943936476704614
CD del,cddel_10276,2025-02-23 19:00:00,baseline,control,10277,10279,Center_Zone_mean_duration,0.20459941215141986
CD del,cddel_10276,2025-02-23 19:00:00,baseline,control,10277,10279,Center_Zone_std_duration,0.38113354327866333
CD del,cddel_10276,2025-02-23 19:00:00,baseline,control,10277,10279,Contact_active_count,-0.031776986991097544
CD del,cddel_10276,2025-02-23 19:00:00,baseline,control,10277,10279,Contact_passive_count,-0.031776986991097544
CD del,cddel_10276,2025-02-23 19:00:00,baseline,control,10277,10279,Contact_mean_duration,0.0994704731774505
CD del,cddel_10276,2025-02-23 19:00:00,baseline,control,10277,10279,Contact_std_duration,0.35514818996179587
CD del,cddel_10276,2025-02-23 19:00:00,baseline,control,10277,10279,Get_away_active_count,-0.19058784925177719
CD del,cddel_10276,2025-02-23 19:00:00,baseline,control,10277,10279,Get_away_passive_count,0.09265128339358597
CD del,cddel_10276,2025-02-23 19:00:00,baseline,control,10277,10279,Get_away_mean_duration,-0.0020358377988527465
CD del,cddel_10276,2025-02-23 19:00:00,baseline,control,10277,10279,Get_away_std_duration,0.008087583502188966
CD del,cddel_10276,2025-02-23 19:00:00,baseline,control,10277,10279,Group_3_break_count,-0.0840831172105414
CD del,cddel_10276,2025-02-23 19:00:00,baseline,control,10277,10279,Group_3_break_mean_duration,0.07698813915158731
CD del,cddel_10276,2025-02-23 19:00:00,baseline,control,10277,10279,Group_3_break_std_duration,0.18084066897448758
CD del,cddel_10276,2025-02-23 19:00:00,baseline,control,10277,10279,Group_3_make_count,0.10638040355857115
CD del,cddel_10276,2025-02-23 19:00:00,baseline,control,10277,10279,Group_3_make_mean_duration,0.03154589907986749
CD del,cddel_10276,2025-02-23 19:00:00,baseline,control,10277,10279,Group_3_make_std_duration,0.14061329127625388
CD del,cddel_10276,2025-02-23 19:00:00,baseline,control,10277,10279,Group_4_break_count,-0.2076393647782444
CD del,cddel_10276,2025-02-23 19:00:00,baseline,control,10277,10279,Group_4_break_mean_duration,0.396594989713975
CD del,cddel_10276,2025-02-23 19:00:00,baseline,control,10277,10279,Group_4_break_std_duration,0.5217021304839837
CD del,cddel_10276,2025-02-23 19:00:00,baseline,control,10277,10279,Group_4_make_count,0.0
CD del,cddel_10276,2025-02-23 19:00:00,baseline,control,10277,10279,Group_4_make_mean_duration,0.43775505588950425
CD del,cddel_10276,2025-02-23 19:00:00,baseline,control,10277,10279,Group_4_make_std_duration,0.6983885985279326
CD del,cddel_10276,2025-02-23 19:00:00,baseline,control,10277,10279,Group2_active_count,-0.01716429552128318
CD del,cddel_10276,2025-02-23 19:00:00,baseline,control,10277,10279,Group2_passive_count,-0.01716429552128318
CD del,cddel_10276,2025-02-23 19:00:00,baseline,control,10277,10279,Group2_mean_duration,0.15483478650487892
CD del,cddel_10276,2025-02-23 19:00:00,baseline,control,10277,10279,Group2_std_duration,0.5373942617816772
CD del,cddel_10276,2025-02-23 19:00:00,baseline,control,10277,10279,Huddling_count,0.2231435513142097
CD del,cddel_10276,2025-02-23 19:00:00,baseline,control,10277,10279,Huddling_mean_duration,-0.04091804530284704
CD del,cddel_10276,2025-02-23 19:00:00,baseline,control,10277,10279,Huddling_std_duration,0.23593890628609548
CD del,cddel_10276,2025-02-23 19:00:00,baseline,control,10277,10279,Move_in_contact_active_count,-0.03491507212406475
CD del,cddel_10276,2025-02-23 19:00:00,baseline,control,10277,10279,Move_in_contact_passive_count,-0.03633263813232901
CD del,cddel_10276,2025-02-23 19:00:00,baseline,control,10277,10279,Move_in_contact_mean_duration,-0.009463322331137003
CD del,cddel_10276,2025-02-23 19:00:00,baseline,control,10277,10279,Move_in_contact_std_duration,-0.01222731190150983
CD del,cddel_10276,2025-02-23 19:00:00,baseline,control,10277,10279,Move_isolated_count,-0.16714645275005857
CD del,cddel_10276,2025-02-23 19:00:00,baseline,control,10277,10279,Move_isolated_mean_duration,-0.08606847924759131
CD del,cddel_10276,2025-02-23 19:00:00,baseline,control,10277,10279,Move_isolated_std_duration,-0.14188011772462994
CD del,cddel_10276,2025-02-23 19:00:00,baseline,control,10277,10279,Oral_genital_Contact_active_count,-0.006997929187644303
CD del,cddel_10276,2025-02-23 19:00:00,baseline,control,10277,10279,Oral_genital_Contact_passive_count,0.0819781554229273
CD del,cddel_10276,2025-02-23 19:00:00,baseline,control,10277,10279,Oral_genital_Contact_mean_duration,0.04098950307390703
CD del,cddel_10276,2025-02-23 19:00:00,baseline,control,10277,10279,Oral_genital_Contact_std_duration,0.16847728661142924
CD del,cddel_10276,2025-02-23 19:00:00,baseline,control,10277,10279,Oral_oral_Contact_active_count,-0.06411755712377687
CD del,cddel_10276,2025-02-23 19:00:00,baseline,control,10277,10279,Oral_oral_Contact_passive_count,-0.06411755712377687
CD del,cddel_10276,2025-02-23 19:00:00,baseline,control,10277,10279,Oral_oral_Contact_mean_duration,0.013361558846471389
CD del,cddel_10276,2025-02-23 19:00:00,baseline,control,10277,10279,Oral_oral_Contact_std_duration,0.07573940019981817
CD del,cddel_10276,2025-02-23 19:00:00,baseline,control,10277,10279,Periphery_Zone_count,-0.18419246472976614
CD del,cddel_10276,2025-02-23 19:00:00,baseline,control,10277,10279,Periphery_Zone_mean_duration,0.19295323363362726
CD del,cddel_10276,2025-02-23 19:00:00,baseline,control,10277,10279,Periphery_Zone_std_duration,0.26383565315819
CD del,cddel_10276,2025-02-23 19:00:00,baseline,control,10277,10279,Rear_at_periphery_count,-0.28537526635386623
CD del,cddel_10276,2025-02-23 19:00:00,baseline,control,10277,10279,Rear_at_periphery_mean_duration,0.04327363527461858
CD del,cddel_10276,2025-02-23 19:00:00,baseline,control,10277,10279,Rear_at_periphery_std_duration,0.09862929366886886
CD del,cddel_10276,2025-02-23 19:00:00,baseline,control,10277,10279,Rear_in_centerWindow_count,0.0
CD del,cddel_10276,2025-02-23 19:00:00,baseline,control,10277,10279,Rear_in_centerWindow_mean_duration,0.20251075780740646
CD del,cddel_10276,2025-02-23 19:00:00,baseline,control,10277,10279,Rear_in_centerWindow_std_duration,0.1303523755552486
CD del,cddel_10276,2025-02-23 19:00:00,baseline,control,10277,10279,Rear_in_contact_count,-0.06964839428984249
CD del,cddel_10276,2025-02-23 19:00:00,baseline,control,10277,10279,Rear_in_contact_mean_duration,0.03283220606342008
CD del,cddel_10276,2025-02-23 19:00:00,baseline,control,10277,10279,Rear_in_contact_std_duration,0.22907972060695714
CD del,cddel_10276,2025-02-23 19:00:00,baseline,control,10277,10279,Rear_isolated_count,-0.2804370455271856
CD del,cddel_10276,2025-02-23 19:00:00,baseline,control,10277,10279,Rear_isolated_mean_duration,0.043470507877502396
CD del,cddel_10276,2025-02-23 19:00:00,baseline,control,10277,10279,Rear_isolated_std_duration,0.09777995685001573
CD del,cddel_10276,2025-02-23 19:00:00,baseline,control,10277,10279,Rearing_count,-0.16339018217654644
CD del,cddel_10276,2025-02-23 19:00:00,baseline,control,10277,10279,Rearing_mean_duration,0.13884578462751307
CD del,cddel_10276,2025-02-23 19:00:00,baseline,control,10277,10279,Rearing_std_duration,0.10912448137749298
CD del,cddel_10276,2025-02-23 19:00:00,baseline,control,10277,10279,SAP_count,-0.2246190823631311
CD del,cddel_10276,2025-02-23 19:00:00,baseline,control,10277,10279,SAP_mean_duration,0.1756515307964016
CD del,cddel_10276,2025-02-23 19:00:00,baseline,control,10277,10279,SAP_std_duration,0.5711189797120156
CD del,cddel_10276,2025-02-23 19:00:00,baseline,control,10277,10279,Side_by_side_Contact_active_count,0.018834457775029456
CD del,cddel_10276,2025-02-23 19:00:00,baseline,control,10277,10279,Side_by_side_Contact_passive_count,0.018834457775029456
CD del,cddel_10276,2025-02-23 19:00:00,baseline,control,10277,10279,Side_by_side_Contact_mean_duration,0.03372279232921738
CD del,cddel_10276,2025-02-23 19:00:00,baseline,control,10277,10279,Side_by_side_Contact_std_duration,0.10029118317114327
CD del,cddel_10276,2025-02-23 19:00:00,baseline,control,10277,10279,Side_by_side_Contact_opposite_way_active_count,0.06662503180546686
CD del,cddel_10276,2025-02-23 19:00:00,baseline,control,10277,10279,Side_by_side_Contact_opposite_way_passive_count,0.06662503180546686
CD del,cddel_10276,2025-02-23 19:00:00,baseline,control,10277,10279,Side_by_side_Contact_opposite_way_mean_duration,0.06964515060017551
CD del,cddel_10276,2025-02-23 19:00:00,baseline,control,10277,10279,Side_by_side_Contact_opposite_way_std_duration,0.30444238251970535
CD del,cddel_10276,2025-02-23 19:00:00,baseline,control,10277,10279,Social_approach_active_count,-0.031442022901996936
CD del,cddel_10276,2025-02-23 19:00:00,baseline,control,10277,10279,Social_approach_passive_count,-0.0008006405551803653
CD del,cddel_10276,2025-02-23 19:00:00,baseline,control,10277,10279,Social_approach_mean_duration,0.06564822418421001
CD del,cddel_10276,2025-02-23 19:00:00,baseline,control,10277,10279,Social_approach_std_duration,0.2556124362811665
CD del,cddel_10276,2025-02-23 19:00:00,baseline,control,10277,10279,Social_escape_active_count,-0.04672382690636212
CD del,cddel_10276,2025-02-23 19:00:00,baseline,control,10277,10279,Social_escape_passive_count,-0.014718477161778765
CD del,cddel_10276,2025-02-23 19:00:00,baseline,control,10277,10279,Social_escape_mean_duration,0.01022579300020987
CD del,cddel_10276,2025-02-23 19:00:00,baseline,control,10277,10279,Social_escape_std_duration,0.04335253879653256
CD del,cddel_10276,2025-02-23 19:00:00,baseline,control,10277,10279,Stop_count,-0.3052139121604469
CD del,cddel_10276,2025-02-23 19:00:00,baseline,control,10277,10279,Stop_mean_duration,0.3284605720192699
CD del,cddel_10276,2025-02-23 19:00:00,baseline,control,10277,10279,Stop_std_duration,0.46451859483236646
CD del,cddel_10276,2025-02-23 19:00:00,baseline,control,10277,10279,Stop_in_contact_active_count,-0.012810673556977292
CD del,cddel_10276,2025-02-23 19:00:00,baseline,control,10277,10279,Stop_in_contact_passive_count,-0.04197724947129444
CD del,cddel_10276,2025-02-23 19:00:00,baseline,control,10277,10279,Stop_in_contact_mean_duration,0.10536119011361622
CD del,cddel_10276,2025-02-23 19:00:00,baseline,control,10277,10279,Stop_in_contact_std_duration,0.3858382342970459
CD del,cddel_10276,2025-02-23 19:00:00,baseline,control,10277,10279,Stop_isolated_count,-0.17396683901472265
CD del,cddel_10276,2025-02-23 19:00:00,baseline,control,10277,10279,Stop_isolated_mean_duration,0.14985678128582824
CD del,cddel_10276,2025-02-23 19:00:00,baseline,control,10277,10279,Stop_isolated_std_duration,0.3627273961636477
CD del,cddel_10276,2025-02-23 19:00:00,baseline,control,10277,10279,Train2_active_count,-1.7047480922384255
CD del,cddel_10276,2025-02-23 19:00:00,baseline,control,10277,10279,Train2_passive_count,-0.3364722366212125
CD del,cddel_10276,2025-02-23 19:00:00,baseline,control,10277,10279,Train2_mean_duration,-0.05409562430940279
CD del,cddel_10276,2025-02-23 19:00:00,baseline,control,10277,10279,Train2_std_duration,-0.15826024675805608
CD del,cddel_10276,2025-02-23 19:00:00,baseline,control,10277,10279,WallJump_count,-0.44183275227903884
CD del,cddel_10276,2025-02-23 19:00:00,baseline,control,10277,10279,WallJump_mean_duration,-0.014501576675133299
CD del,cddel_10276,2025-02-23 19:00:00,baseline,control,10277,10279,WallJump_std_duration,-0.10152581194363436
CD del,cddel_10276,2025-02-23 19:00:00,baseline,control,10277,10279,isolated_count,0.014137841514958893
CD del,cddel_10276,2025-02-23 19:00:00,baseline,control,10277,10279,isolated_mean_duration,0.017520611568535793
CD del,cddel_10276,2025-02-23 19:00:00,baseline,control,10277,10279,isolated_std_duration,-0.12820879337454416
CD del,cddel_10276,2025-02-23 19:00:00,baseline,control,10277,10279,seq_oral_geni___oral_oral_active_count,-0.06213178110700657
CD del,cddel_10276,2025-02-23 19:00:00,baseline,control,10277,10279,seq_oral_geni___oral_oral_passive_count,0.2623642644674913
CD del,cddel_10276,2025-02-23 19:00:00,baseline,control,10277,10279,seq_oral_geni___oral_oral_mean_duration,0.035228236858223516
CD del,cddel_10276,2025-02-23 19:00:00,baseline,control,10277,10279,seq_oral_geni___oral_oral_std_duration,-0.02303814143137317
CD del,cddel_10276,2025-02-23 19:00:00,baseline,control,10277,10279,seq_oral_oral___oral_genital_active_count,-0.23780070911418338
CD del,cddel_10276,2025-02-23 19:00:00,baseline,control,10277,10279,seq_oral_oral___oral_genital_passive_count,0.09639184567506565
CD del,cddel_10276,2025-02-23 19:00:00,baseline,control,10277,10279,seq_oral_oral___oral_genital_mean_duration,0.07037115439010688
CD del,cddel_10276,2025-02-23 19:00:00,baseline,control,10277,10279,seq_oral_oral___oral_genital_std_duration,0.35548772607055035
CD del,cddel_10276,2025-02-24 19:00:00,baseline,control,10277,10279,Approach_active_count,-0.0030108138249840266
CD del,cddel_10276,2025-02-24 19:00:00,baseline,control,10277,10279,Approach_passive_count,-0.06431384669852847
CD del,cddel_10276,2025-02-24 19:00:00,baseline,control,10277,10279,Approach_mean_duration,0.02696189746330746
CD del,cddel_10276,2025-02-24 19:00:00,baseline,control,10277,10279,Approach_std_duration,0.06967530205317596
CD del,cddel_10276,2025-02-24 19:00:00,baseline,control,10277,10279,Approach_contact_active_count,-0.12394565293187387
CD del,cddel_10276,2025-02-24 19:00:00,baseline,control,10277,10279,Approach_contact_passive_count,-0.018719049101246554
CD del,cddel_10276,2025-02-24 19:00:00,baseline,control,10277,10279,Approach_contact_mean_duration,0.023248405797962612
CD del,cddel_10276,2025-02-24 19:00:00,baseline,control,10277,10279,Approach_contact_std_duration,0.02706106137666031
CD del,cddel_10276,2025-02-24 19:00:00,baseline,control,10277,10279,Approach_rear_active_count,-0.09659739924970179
CD del,cddel_10276,2025-02-24 19:00:00,baseline,control,10277,10279,Approach_rear_passive_count,-0.0877225815836864
CD del,cddel_10276,2025-02-24 19:00:00,baseline,control,10277,10279,Approach_rear_mean_duration,0.048598197240598884
CD del,cddel_10276,2025-02-24 19:00:00,baseline,control,10277,10279,Approach_rear_std_duration,0.4230806783029132
CD del,cddel_10276,2025-02-24 19:00:00,baseline,control,10277,10279,Break_contact_active_count,-0.1258313688392123
CD del,cddel_10276,2025-02-24 19:00:00,baseline,control,10277,10279,Break_contact_passive_count,-0.07052356212716493
CD del,cddel_10276,2025-02-24 19:00:00,baseline,control,10277,10279,Break_contact_mean_duration,0.011625650208339722
CD del,cddel_10276,2025-02-24 19:00:00,baseline,control,10277,10279,Break_contact_std_duration,0.04133113335265204
CD del,cddel_10276,2025-02-24 19:00:00,baseline,control,10277,10279,Center_Zone_count,-0.2156097244106565
CD del,cddel_10276,2025-02-24 19:00:00,baseline,control,10277,10279,Center_Zone_mean_duration,-0.2133258745641946
CD del,cddel_10276,2025-02-24 19:00:00,baseline,control,10277,10279,Center_Zone_std_duration,-0.7987463644861532
CD del,cddel_10276,2025-02-24 19:00:00,baseline,control,10277,10279,Contact_active_count,-0.0795493518789332
CD del,cddel_10276,2025-02-24 19:00:00,baseline,control,10277,10279,Contact_passive_count,-0.0795493518789332
CD del,cddel_10276,2025-02-24 19:00:00,baseline,control,10277,10279,Contact_mean_duration,0.058773785589504524
CD del,cddel_10276,2025-02-24 19:00:00,baseline,control,10277,10279,Contact_std_duration,0.29987048385841675
CD del,cddel_10276,2025-02-24 19:00:00,baseline,control,10277,10279,Get_away_active_count,-0.19978531865668536
CD del,cddel_10276,2025-02-24 19:00:00,baseline,control,10277,10279,Get_away_passive_count,0.0658927139962433
CD del,cddel_10276,2025-02-24 19:00:00,baseline,control,10277,10279,Get_away_mean_duration,0.001081136415629791
CD del,cddel_10276,2025-02-24 19:00:00,baseline,control,10277,10279,Get_away_std_duration,-0.011445604214980643
CD del,cddel_10276,2025-02-24 19:00:00,baseline,control,10277,10279,Group_3_break_count,-0.16750647100881366
CD del,cddel_10276,2025-02-24 19:00:00,baseline,control,10277,10279,Group_3_break_mean_duration,-0.034578723082050455
CD del,cddel_10276,2025-02-24 19:00:00,baseline,control,10277,10279,Group_3_break_std_duration,-0.04940723817943876
CD del,cddel_10276,2025-02-24 19:00:00,baseline,control,10277,10279,Group_3_make_count,-0.24574338323145106
CD del,cddel_10276,2025-02-24 19:00:00,baseline,control,10277,10279,Group_3_make_mean_duration,-0.04022702340938533
CD del,cddel_10276,2025-02-24 19:00:00,baseline,control,10277,10279,Group_3_make_std_duration,-0.06537103298850083
CD del,cddel_10276,2025-02-24 19:00:00,baseline,control,10277,10279,Group_4_break_count,0.03774032798284699
CD del,cddel_10276,2025-02-24 19:00:00,baseline,control,10277,10279,Group_4_break_mean_duration,0.27699978198283176
CD del,cddel_10276,2025-02-24 19:00:00,baseline,control,10277,10279,Group_4_break_std_duration,0.329740161128796
CD del,cddel_10276,2025-02-24 19:00:00,baseline,control,10277,10279,Group_4_make_count,0.07696104113612856
CD del,cddel_10276,2025-02-24 19:00:00,baseline,control,10277,10279,Group_4_make_mean_duration,0.21443440791107327
CD del,cddel_10276,2025-02-24 19:00:00,baseline,control,10277,10279,Group_4_make_std_duration,0.256811789511969
CD del,cddel_10276,2025-02-24 19:00:00,baseline,control,10277,10279,Group2_active_count,-0.10326627405471189
CD del,cddel_10276,2025-02-24 19:00:00,baseline,control,10277,10279,Group2_passive_count,-0.10326627405471189
CD del,cddel_10276,2025-02-24 19:00:00,baseline,control,10277,10279,Group2_mean_duration,0.08828807628147661
CD del,cddel_10276,2025-02-24 19:00:00,baseline,control,10277,10279,Group2_std_duration,0.2564384720155082
CD del,cddel_10276,2025-02-24 19:00:00,baseline,control,10277,10279,Huddling_count,0.04255961441879563
CD del,cddel_10276,2025-02-24 19:00:00,baseline,control,10277,10279,Huddling_mean_duration,0.10023659019350406
CD del,cddel_10276,2025-02-24 19:00:00,baseline,control,10277,10279,Huddling_std_duration,0.3368382320958496
CD del,cddel_10276,2025-02-24 19:00:00,baseline,control,10277,10279,Move_in_contact_active_count,-0.11050826716754436
CD del,cddel_10276,2025-02-24 19:00:00,baseline,control,10277,10279,Move_in_contact_passive_count,-0.10343676908087396
CD del,cddel_10276,2025-02-24 19:00:00,baseline,control,10277,10279,Move_in_contact_mean_duration,-0.012582333484410735
CD del,cddel_10276,2025-02-24 19:00:00,baseline,control,10277,10279,Move_in_contact_std_duration,-0.01610302224341431
CD del,cddel_10276,2025-02-24 19:00:00,baseline,control,10277,10279,Move_isolated_count,-0.16298807509519797
CD del,cddel_10276,2025-02-24 19:00:00,baseline,control,10277,10279,Move_isolated_mean_duration,-0.030762343734918818
CD del,cddel_10276,2025-02-24 19:00:00,baseline,control,10277,10279,Move_isolated_std_duration,-0.07712770815073156
CD del,cddel_10276,2025-02-24 19:00:00,baseline,control,10277,10279,Oral_genital_Contact_active_count,-0.06032172213216391
CD del,cddel_10276,2025-02-24 19:00:00,baseline,control,10277,10279,Oral_genital_Contact_passive_count,0.007380107297622729
CD del,cddel_10276,2025-02-24 19:00:00,baseline,control,10277,10279,Oral_genital_Contact_mean_duration,0.04954099316244165
CD del,cddel_10276,2025-02-24 19:00:00,baseline,control,10277,10279,Oral_genital_Contact_std_duration,0.31416996892457916
CD del,cddel_10276,2025-02-24 19:00:00,baseline,control,10277,10279,Oral_oral_Contact_active_count,-0.11553389420122961
CD del,cddel_10276,2025-02-24 19:00:00,baseline,control,10277,10279,Oral_oral_Contact_passive_count,-0.11553389420122961
CD del,cddel_10276,2025-02-24 19:00:00,baseline,control,10277,10279,Oral_oral_Contact_mean_duration,-0.017938770405281912
CD del,cddel_10276,2025-02-24 19:00:00,baseline,control,10277,10279,Oral_oral_Contact_std_duration,0.2350030887133574
CD del,cddel_10276,2025-02-24 19:00:00,baseline,control,10277,10279,Periphery_Zone_count,-0.19178447182747593
CD del,cddel_10276,2025-02-24 19:00:00,baseline,control,10277,10279,Periphery_Zone_mean_duration,0.1783492642697908
CD del,cddel_10276,2025-02-24 19:00:00,baseline,control,10277,10279,Periphery_Zone_std_duration,0.21741882558601677
CD del,cddel_10276,2025-02-24 19:00:00,baseline,control,10277,10279,Rear_at_periphery_count,-0.2415446366851013
CD del,cddel_10276,2025-02-24 19:00:00,baseline,control,10277,10279,Rear_at_periphery_mean_duration,-0.0111839895749124
CD del,cddel_10276,2025-02-24 19:00:00,baseline,control,10277,10279,Rear_at_periphery_std_duration,-0.1240373706104142
CD del,cddel_10276,2025-02-24 19:00:00,baseline,control,10277,10279,Rear_in_centerWindow_count,-1.0986122886681098
CD del,cddel_10276,2025-02-24 19:00:00,baseline,control,10277,10279,Rear_in_centerWindow_mean_duration,0.04897400459645951
CD del,cddel_10276,2025-02-24 19:00:00,baseline,control,10277,10279,Rear_in_centerWindow_std_duration,-0.7412977991247076
CD del,cddel_10276,2025-02-24 19:00:00,baseline,control,10277,10279,Rear_in_contact_count,-0.09324553998570018
CD del,cddel_10276,2025-02-24 19:00:00,baseline,control,10277,10279,Rear_in_contact_mean_duration,0.07840228695201756
CD del,cddel_10276,2025-02-24 19:00:00,baseline,control,10277,10279,Rear_in_contact_std_duration,0.23420116441167038
CD del,cddel_10276,2025-02-24 19:00:00,baseline,control,10277,10279,Rear_isolated_count,-0.2505232889991351
CD del,cddel_10276,2025-02-24 19:00:00,baseline,control,10277,10279,Rear_isolated_mean_duration,-0.01175044511291945
CD del,cddel_10276,2025-02-24 19:00:00,baseline,control,10277,10279,Rear_isolated_std_duration,-0.12816092664560697
CD del,cddel_10276,2025-02-24 19:00:00,baseline,control,10277,10279,Rearing_count,-0.2714358314803267
CD del,cddel_10276,2025-02-24 19:00:00,baseline,control,10277,10279,Rearing_mean_duration,0.24483426171889233
CD del,cddel_10276,2025-02-24 19:00:00,baseline,control,10277,10279,Rearing_std_duration,0.263747551792167
CD del,cddel_10276,2025-02-24 19:00:00,baseline,control,10277,10279,SAP_count,-0.2878686222144706
CD del,cddel_10276,2025-02-24 19:00:00,baseline,control,10277,10279,SAP_mean_duration,-0.03408562048661934
CD del,cddel_10276,2025-02-24 19:00:00,baseline,control,10277,10279,SAP_std_duration,0.009381693782621214
CD del,cddel_10276,2025-02-24 19:00:00,baseline,control,10277,10279,Side_by_side_Contact_active_count,-0.07113534686459921
CD del,cddel_10276,2025-02-24 19:00:00,baseline,control,10277,10279,Side_by_side_Contact_passive_count,-0.07113534686459921
CD del,cddel_10276,2025-02-24 19:00:00,baseline,control,10277,10279,Side_by_side_Contact_mean_duration,0.04083152876659657
CD del,cddel_10276,2025-02-24 19:00:00,baseline,control,10277,10279,Side_by_side_Contact_std_duration,0.1860934325284198
CD del,cddel_10276,2025-02-24 19:00:00,baseline,control,10277,10279,Side_by_side_Contact_opposite_way_active_count,-0.02782998724121999
CD del,cddel_10276,2025-02-24 19:00:00,baseline,control,10277,10279,Side_by_side_Contact_opposite_way_passive_count,-0.02782998724121999
CD del,cddel_10276,2025-02-24 19:00:00,baseline,control,10277,10279,Side_by_side_Contact_opposite_way_mean_duration,0.10553037527092779
CD del,cddel_10276,2025-02-24 19:00:00,baseline,control,10277,10279,Side_by_side_Contact_opposite_way_std_duration,0.5177688442432398
CD del,cddel_10276,2025-02-24 19:00:00,baseline,control,10277,10279,Social_approach_active_count,-0.09794027713108022
CD del,cddel_10276,2025-02-24 19:00:00,baseline,control,10277,10279,Social_approach_passive_count,-0.1007297839504453
CD del,cddel_10276,2025-02-24 19:00:00,baseline,control,10277,10279,Social_approach_mean_duration,0.07411571228254332
CD del,cddel_10276,2025-02-24 19:00:00,baseline,control,10277,10279,Social_approach_std_duration,0.2966451780398327
CD del,cddel_10276,2025-02-24 19:00:00,baseline,control,10277,10279,Social_escape_active_count,-0.10593131520037602
CD del,cddel_10276,2025-02-24 19:00:00,baseline,control,10277,10279,Social_escape_passive_count,-0.0817551231008018
CD del,cddel_10276,2025-02-24 19:00:00,baseline,control,10277,10279,Social_escape_mean_duration,0.008929598471922207
CD del,cddel_10276,2025-02-24 19:00:00,baseline,control,10277,10279,Social_escape_std_duration,0.03601828747058877
CD del,cddel_10276,2025-02-24 19:00:00,baseline,control,10277,10279,Stop_count,-0.17893745880971412
CD del,cddel_10276,2025-02-24 19:00:00,baseline,control,10277,10279,Stop_mean_duration,0.1573764449369377
CD del,cddel_10276,2025-02-24 19:00:00,baseline,control,10277,10279,Stop_std_duration,0.37278939153869084
CD del,cddel_10276,2025-02-24 19:00:00,baseline,control,10277,10279,Stop_in_contact_active_count,-0.10125585556124506
CD del,cddel_10276,2025-02-24 19:00:00,baseline,control,10277,10279,Stop_in_contact_passive_count,-0.1044402878365176
CD del,cddel_10276,2025-02-24 19:00:00,baseline,control,10277,10279,Stop_in_contact_mean_duration,0.0872303515135977
CD del,cddel_10276,2025-02-24 19:00:00,baseline,control,10277,10279,Stop_in_contact_std_duration,0.3316597360698901
CD del,cddel_10276,2025-02-24 19:00:00,baseline,control,10277,10279,Stop_isolated_count,-0.10375730890161083
CD del,cddel_10276,2025-02-24 19:00:00,baseline,control,10277,10279,Stop_isolated_mean_duration,0.06090077768332591
CD del,cddel_10276,2025-02-24 19:00:00,baseline,control,10277,10279,Stop_isolated_std_duration,0.21450163232750263
CD del,cddel_10276,2025-02-24 19:00:00,baseline,control,10277,10279,Train2_active_count,-0.8472978603872034
CD del,cddel_10276,2025-02-24 19:00:00,baseline,control,10277,10279,Train2_passive_count,-0.45198512374305744
CD del,cddel_10276,2025-02-24 19:00:00,baseline,control,10277,10279,Train2_mean_duration,-0.22066216046282439
CD del,cddel_10276,2025-02-24 19:00:00,baseline,control,10277,10279,Train2_std_duration,-0.13770603669034465
CD del,cddel_10276,2025-02-24 19:00:00,baseline,control,10277,10279,WallJump_count,-0.44183275227903884
CD del,cddel_10276,2025-02-24 19:00:00,baseline,control,10277,10279,WallJump_mean_duration,-0.007618230884888999
CD del,cddel_10276,2025-02-24 19:00:00,baseline,control,10277,10279,WallJump_std_duration,0.013106935668042163
CD del,cddel_10276,2025-02-24 19:00:00,baseline,control,10277,10279,isolated_count,0.19339433428521247
CD del,cddel_10276,2025-02-24 19:00:00,baseline,control,10277,10279,isolated_mean_duration,-0.11873940168617358
CD del,cddel_10276,2025-02-24 19:00:00,baseline,control,10277,10279,isolated_std_duration,-0.6129004445561068
CD del,cddel_10276,2025-02-24 19:00:00,baseline,control,10277,10279,seq_oral_geni___oral_oral_active_count,-0.1636294237818019
CD del,cddel_10276,2025-02-24 19:00:00,baseline,control,10277,10279,seq_oral_geni___oral_oral_passive_count,0.19105523676270852
CD del,cddel_10276,2025-02-24 19:00:00,baseline,control,10277,10279,seq_oral_geni___oral_oral_mean_duration,-0.03993667495984199
CD del,cddel_10276,2025-02-24 19:00:00,baseline,control,10277,10279,seq_oral_geni___oral_oral_std_duration,-0.3263005360114126
CD del,cddel_10276,2025-02-24 19:00:00,baseline,control,10277,10279,seq_oral_oral___oral_genital_active_count,-0.2318016140573249
CD del,cddel_10276,2025-02-24 19:00:00,baseline,control,10277,10279,seq_oral_oral___oral_genital_passive_count,-0.1472588537893369
CD del,cddel_10276,2025-02-24 19:00:00,baseline,control,10277,10279,seq_oral_oral___oral_genital_mean_duration,0.049858203303185133
CD del,cddel_10276,2025-02-24 19:00:00,baseline,control,10277,10279,seq_oral_oral___oral_genital_std_duration,0.4720982415806886
CD del,cddel_10276,2025-02-25 19:00:00,post_stress,control,10277,10279,Approach_active_count,0.031137897473596965
CD del,cddel_10276,2025-02-25 19:00:00,post_stress,control,10277,10279,Approach_passive_count,-0.005031661321833525
CD del,cddel_10276,2025-02-25 19:00:00,post_stress,control,10277,10279,Approach_mean_duration,0.008017907937831081
CD del,cddel_10276,2025-02-25 19:00:00,post_stress,control,10277,10279,Approach_std_duration,-0.004048704177153972
CD del,cddel_10276,2025-02-25 19:00:00,post_stress,control,10277,10279,Approach_contact_active_count,-0.2093370953945497
CD del,cddel_10276,2025-02-25 19:00:00,post_stress,control,10277,10279,Approach_contact_passive_count,0.21215442973861443
CD del,cddel_10276,2025-02-25 19:00:00,post_stress,control,10277,10279,Approach_contact_mean_duration,-0.0015298258290499245
CD del,cddel_10276,2025-02-25 19:00:00,post_stress,control,10277,10279,Approach_contact_std_duration,0.000834635772600345
CD del,cddel_10276,2025-02-25 19:00:00,post_stress,control,10277,10279,Approach_rear_active_count,-0.1435728757476209
CD del,cddel_10276,2025-02-25 19:00:00,post_stress,control,10277,10279,Approach_rear_passive_count,0.03774032798284743
CD del,cddel_10276,2025-02-25 19:00:00,post_stress,control,10277,10279,Approach_rear_mean_duration,-0.054811563878567116
CD del,cddel_10276,2025-02-25 19:00:00,post_stress,control,10277,10279,Approach_rear_std_duration,-0.2827664521013422
CD del,cddel_10276,2025-02-25 19:00:00,post_stress,control,10277,10279,Break_contact_active_count,-0.09374694672062667
CD del,cddel_10276,2025-02-25 19:00:00,post_stress,control,10277,10279,Break_contact_passive_count,0.10381747556328236
CD del,cddel_10276,2025-02-25 19:00:00,post_stress,control,10277,10279,Break_contact_mean_duration,0.024428442183989874
CD del,cddel_10276,2025-02-25 19:00:00,post_stress,control,10277,10279,Break_contact_std_duration,0.16577871775120612
CD del,cddel_10276,2025-02-25 19:00:00,post_stress,control,10277,10279,Center_Zone_count,-0.37217138000870076
CD del,cddel_10276,2025-02-25 19:00:00,post_stress,control,10277,10279,Center_Zone_mean_duration,0.28367631364415113
CD del,cddel_10276,2025-02-25 19:00:00,post_stress,control,10277,10279,Center_Zone_std_duration,0.09070995668072523
CD del,cddel_10276,2025-02-25 19:00:00,post_stress,control,10277,10279,Contact_active_count,-0.043046066731740495
CD del,cddel_10276,2025-02-25 19:00:00,post_stress,control,10277,10279,Contact_passive_count,-0.043046066731740495
CD del,cddel_10276,2025-02-25 19:00:00,post_stress,control,10277,10279,Contact_mean_duration,0.0199741363672441
CD del,cddel_10276,2025-02-25 19:00:00,post_stress,control,10277,10279,Contact_std_duration,0.013276458028469662
CD del,cddel_10276,2025-02-25 19:00:00,post_stress,control,10277,10279,Get_away_active_count,-0.09678124229223606
CD del,cddel_10276,2025-02-25 19:00:00,post_stress,control,10277,10279,Get_away_passive_count,0.06614211063806152
CD del,cddel_10276,2025-02-25 19:00:00,post_stress,control,10277,10279,Get_away_mean_duration,-0.011038872680233514
CD del,cddel_10276,2025-02-25 19:00:00,post_stress,control,10277,10279,Get_away_std_duration,-0.023260897766132826
CD del,cddel_10276,2025-02-25 19:00:00,post_stress,control,10277,10279,Group_3_break_count,0.1348192228089511
CD del,cddel_10276,2025-02-25 19:00:00,post_stress,control,10277,10279,Group_3_break_mean_duration,0.005200875905125413
CD del,cddel_10276,2025-02-25 19:00:00,post_stress,control,10277,10279,Group_3_break_std_duration,0.18687071371067343
CD del,cddel_10276,2025-02-25 19:00:00,post_stress,control,10277,10279,Group_3_make_count,0.022223136784710107
CD del,cddel_10276,2025-02-25 19:00:00,post_stress,control,10277,10279,Group_3_make_mean_duration,0.11662345558069409
CD del,cddel_10276,2025-02-25 19:00:00,post_stress,control,10277,10279,Group_3_make_std_duration,0.25705811275291635
CD del,cddel_10276,2025-02-25 19:00:00,post_stress,control,10277,10279,Group_4_break_count,0.13353139262452274
CD del,cddel_10276,2025-02-25 19:00:00,post_stress,control,10277,10279,Group_4_break_mean_duration,0.449990873491139
CD del,cddel_10276,2025-02-25 19:00:00,post_stress,control,10277,10279,Group_4_break_std_duration,0.4981937548947947
CD del,cddel_10276,2025-02-25 19:00:00,post_stress,control,10277,10279,Group_4_make_count,0.1251631429540061
CD del,cddel_10276,2025-02-25 19:00:00,post_stress,control,10277,10279,Group_4_make_mean_duration,0.055997126284386634
CD del,cddel_10276,2025-02-25 19:00:00,post_stress,control,10277,10279,Group_4_make_std_duration,0.27734270850383647
CD del,cddel_10276,2025-02-25 19:00:00,post_stress,control,10277,10279,Group2_active_count,-0.05490639118686769
CD del,cddel_10276,2025-02-25 19:00:00,post_stress,control,10277,10279,Group2_passive_count,-0.05490639118686769
CD del,cddel_10276,2025-02-25 19:00:00,post_stress,control,10277,10279,Group2_mean_duration,-0.008256073883238457
CD del,cddel_10276,2025-02-25 19:00:00,post_stress,control,10277,10279,Group2_std_duration,0.04902323593282043
CD del,cddel_10276,2025-02-25 19:00:00,post_stress,control,10277,10279,Huddling_count,-0.019663554908778025
CD del,cddel_10276,2025-02-25 19:00:00,post_stress,control,10277,10279,Huddling_mean_duration,-0.07487677458186548
CD del,cddel_10276,2025-02-25 19:00:00,post_stress,control,10277,10279,Huddling_std_duration,-0.49266138973962637
CD del,cddel_10276,2025-02-25 19:00:00,post_stress,control,10277,10279,Move_in_contact_active_count,-0.10821358464023234
CD del,cddel_10276,2025-02-25 19:00:00,post_stress,control,10277,10279,Move_in_contact_passive_count,-0.03658578950015823
CD del,cddel_10276,2025-02-25 19:00:00,post_stress,control,10277,10279,Move_in_contact_mean_duration,-0.011891031808293206
CD del,cddel_10276,2025-02-25 19:00:00,post_stress,control,10277,10279,Move_in_contact_std_duration,0.01897088849101869
CD del,cddel_10276,2025-02-25 19:00:00,post_stress,control,10277,10279,Move_isolated_count,-0.08098264570683256
CD del,cddel_10276,2025-02-25 19:00:00,post_stress,control,10277,10279,Move_isolated_mean_duration,-0.12247168356793658
CD del,cddel_10276,2025-02-25 19:00:00,post_stress,control,10277,10279,Move_isolated_std_duration,-0.19945992573843552
CD del,cddel_10276,2025-02-25 19:00:00,post_stress,control,10277,10279,Oral_genital_Contact_active_count,-0.07592829964103487
CD del,cddel_10276,2025-02-25 19:00:00,post_stress,control,10277,10279,Oral_genital_Contact_passive_count,0.031579014620004564
CD del,cddel_10276,2025-02-25 19:00:00,post_stress,control,10277,10279,Oral_genital_Contact_mean_duration,0.021600003650991906
CD del,cddel_10276,2025-02-25 19:00:00,post_stress,control,10277,10279,Oral_genital_Contact_std_duration,0.0844897992281124
CD del,cddel_10276,2025-02-25 19:00:00,post_stress,control,10277,10279,Oral_oral_Contact_active_count,-0.0502536851869424
CD del,cddel_10276,2025-02-25 19:00:00,post_stress,control,10277,10279,Oral_oral_Contact_passive_count,-0.0502536851869424
CD del,cddel_10276,2025-02-25 19:00:00,post_stress,control,10277,10279,Oral_oral_Contact_mean_duration,0.008014887899139733
CD del,cddel_10276,2025-02-25 19:00:00,post_stress,control,10277,10279,Oral_oral_Contact_std_duration,-0.04460658867238454
CD del,cddel_10276,2025-02-25 19:00:00,post_stress,control,10277,10279,Periphery_Zone_count,-0.25800062117971745
CD del,cddel_10276,2025-02-25 19:00:00,post_stress,control,10277,10279,Periphery_Zone_mean_duration,0.28186272049725236
CD del,cddel_10276,2025-02-25 19:00:00,post_stress,control,10277,10279,Periphery_Zone_std_duration,0.2897282003458441
CD del,cddel_10276,2025-02-25 19:00:00,post_stress,control,10277,10279,Rear_at_periphery_count,-0.3682515117677294
CD del,cddel_10276,2025-02-25 19:00:00,post_stress,control,10277,10279,Rear_at_periphery_mean_duration,-0.06307967883949994
CD del,cddel_10276,2025-02-25 19:00:00,post_stress,control,10277,10279,Rear_at_periphery_std_duration,0.263512588213757
CD del,cddel_10276,2025-02-25 19:00:00,post_stress,control,10277,10279,Rear_in_centerWindow_count,-1.2237754316221159
CD del,cddel_10276,2025-02-25 19:00:00,post_stress,control,10277,10279,Rear_in_centerWindow_mean_duration,0.13529661814909166
CD del,cddel_10276,2025-02-25 19:00:00,post_stress,control,10277,10279,Rear_in_centerWindow_std_duration,-0.04775384151773254
CD del,cddel_10276,2025-02-25 19:00:00,post_stress,control,10277,10279,Rear_in_contact_count,-0.0963606000689774
CD del,cddel_10276,2025-02-25 19:00:00,post_stress,control,10277,10279,Rear_in_contact_mean_duration,-0.06710441786656274
CD del,cddel_10276,2025-02-25 19:00:00,post_stress,control,10277,10279,Rear_in_contact_std_duration,0.13360472417044322
CD del,cddel_10276,2025-02-25 19:00:00,post_stress,control,10277,10279,Rear_isolated_count,-0.3841228346263925
CD del,cddel_10276,2025-02-25 19:00:00,post_stress,control,10277,10279,Rear_isolated_mean_duration,-0.05639200620594853
CD del,cddel_10276,2025-02-25 19:00:00,post_stress,control,10277,10279,Rear_isolated_std_duration,0.2670510189661035
CD del,cddel_10276,2025-02-25 19:00:00,post_stress,control,10277,10279,Rearing_count,-0.11847008480742183
CD del,cddel_10276,2025-02-25 19:00:00,post_stress,control,10277,10279,Rearing_mean_duration,0.15541567316506466
CD del,cddel_10276,2025-02-25 19:00:00,post_stress,control,10277,10279,Rearing_std_duration,0.18296776026629225
CD del,cddel_10276,2025-02-25 19:00:00,post_stress,control,10277,10279,SAP_count,0.15998560285189178
CD del,cddel_10276,2025-02-25 19:00:00,post_stress,control,10277,10279,SAP_mean_duration,0.060110321298673774
CD del,cddel_10276,2025-02-25 19:00:00,post_stress,control,10277,10279,SAP_std_duration,0.7013662436492722
CD del,cddel_10276,2025-02-25 19:00:00,post_stress,control,10277,10279,Side_by_side_Contact_active_count,0.019495522198015536
CD del,cddel_10276,2025-02-25 19:00:00,post_stress,control,10277,10279,Side_by_side_Contact_passive_count,0.019495522198015536
CD del,cddel_10276,2025-02-25 19:00:00,post_stress,control,10277,10279,Side_by_side_Contact_mean_duration,-0.008362154106662967
CD del,cddel_10276,2025-02-25 19:00:00,post_stress,control,10277,10279,Side_by_side_Contact_std_duration,-0.0005731344898074475
CD del,cddel_10276,2025-02-25 19:00:00,post_stress,control,10277,10279,Side_by_side_Contact_opposite_way_active_count,0.016929062100448533
CD del,cddel_10276,2025-02-25 19:00:00,post_stress,control,10277,10279,Side_by_side_Contact_opposite_way_passive_count,0.016929062100448533
CD del,cddel_10276,2025-02-25 19:00:00,post_stress,control,10277,10279,Side_by_side_Contact_opposite_way_mean_duration,0.055799507308073704
CD del,cddel_10276,2025-02-25 19:00:00,post_stress,control,10277,10279,Side_by_side_Contact_opposite_way_std_duration,0.13892197240265736
CD del,cddel_10276,2025-02-25 19:00:00,post_stress,control,10277,10279,Social_approach_active_count,-0.014388737452099676
CD del,cddel_10276,2025-02-25 19:00:00,post_stress,control,10277,10279,Social_approach_passive_count,-0.016830053833176706
CD del,cddel_10276,2025-02-25 19:00:00,post_stress,control,10277,10279,Social_approach_mean_duration,0.010767596689734926
CD del,cddel_10276,2025-02-25 19:00:00,post_stress,control,10277,10279,Social_approach_std_duration,-0.014598866800614285
CD del,cddel_10276,2025-02-25 19:00:00,post_stress,control,10277,10279,Social_escape_active_count,-0.05837093412499783
CD del,cddel_10276,2025-02-25 19:00:00,post_stress,control,10277,10279,Social_escape_passive_count,0.0012406949482350882
CD del,cddel_10276,2025-02-25 19:00:00,post_stress,control,10277,10279,Social_escape_mean_duration,-0.005117064299779317
CD del,cddel_10276,2025-02-25 19:00:00,post_stress,control,10277,10279,Social_escape_std_duration,-0.03495301822045649
CD del,cddel_10276,2025-02-25 19:00:00,post_stress,control,10277,10279,Stop_count,-0.3404554847969514
CD del,cddel_10276,2025-02-25 19:00:00,post_stress,control,10277,10279,Stop_mean_duration,0.375993415031346
CD del,cddel_10276,2025-02-25 19:00:00,post_stress,control,10277,10279,Stop_std_duration,0.2306414282184086
CD del,cddel_10276,2025-02-25 19:00:00,post_stress,control,10277,10279,Stop_in_contact_active_count,-0.013732041307364717
CD del,cddel_10276,2025-02-25 19:00:00,post_stress,control,10277,10279,Stop_in_contact_passive_count,-0.05587147152876071
CD del,cddel_10276,2025-02-25 19:00:00,post_stress,control,10277,10279,Stop_in_contact_mean_duration,0.016552477152564915
CD del,cddel_10276,2025-02-25 19:00:00,post_stress,control,10277,10279,Stop_in_contact_std_duration,0.004120105631808091
CD del,cddel_10276,2025-02-25 19:00:00,post_stress,control,10277,10279,Stop_isolated_count,-0.16269212466028993
CD del,cddel_10276,2025-02-25 19:00:00,post_stress,control,10277,10279,Stop_isolated_mean_duration,0.24301661993653711
CD del,cddel_10276,2025-02-25 19:00:00,post_stress,control,10277,10279,Stop_isolated_std_duration,0.14647105824586326
CD del,cddel_10276,2025-02-25 19:00:00,post_stress,control,10277,10279,Train2_active_count,-0.5389965007326871
CD del,cddel_10276,2025-02-25 19:00:00,post_stress,control,10277,10279,Train2_passive_count,-0.44183275227903884
CD del,cddel_10276,2025-02-25 19:00:00,post_stress,control,10277,10279,Train2_mean_duration,0.010280296142142042
CD del,cddel_10276,2025-02-25 19:00:00,post_stress,control,10277,10279,Train2_std_duration,0.03453933617830873
CD del,cddel_10276,2025-02-25 19:00:00,post_stress,control,10277,10279,WallJump_count,-0.6931471805599456
CD del,cddel_10276,2025-02-25 19:00:00,post_stress,control,10277,10279,WallJump_mean_duration,0.08733136967824179
CD del,cddel_10276,2025-02-25 19:00:00,post_stress,control,10277,10279,WallJump_std_duration,-0.1564952116636835
CD del,cddel_10276,2025-02-25 19:00:00,post_stress,control,10277,10279,isolated_count,0.0
CD del,cddel_10276,2025-02-25 19:00:00,post_stress,control,10277,10279,isolated_mean_duration,-0.08620391654110104
CD del,cddel_10276,2025-02-25 19:00:00,post_stress,control,10277,10279,isolated_std_duration,0.01410247160982303
CD del,cddel_10276,2025-02-25 19:00:00,post_stress,control,10277,10279,seq_oral_geni___oral_oral_active_count,-0.03509131981127034
CD del,cddel_10276,2025-02-25 19:00:00,post_stress,control,10277,10279,seq_oral_geni___oral_oral_passive_count,0.0974983644848777
CD del,cddel_10276,2025-02-25 19:00:00,post_stress,control,10277,10279,seq_oral_geni___oral_oral_mean_duration,0.11651083775063187
CD del,cddel_10276,2025-02-25 19:00:00,post_stress,control,10277,10279,seq_oral_geni___oral_oral_std_duration,0.09980150071005212
CD del,cddel_10276,2025-02-25 19:00:00,post_stress,control,10277,10279,seq_oral_oral___oral_genital_active_count,-0.09829334843473347
CD del,cddel_10276,2025-02-25 19:00:00,post_stress,control,10277,10279,seq_oral_oral___oral_genital_passive_count,0.07885857491231985
CD del,cddel_10276,2025-02-25 19:00:00,post_stress,control,10277,10279,seq_oral_oral___oral_genital_mean_duration,0.15649107574724908
CD del,cddel_10276,2025-02-25 19:00:00,post_stress,control,10277,10279,seq_oral_oral___oral_genital_std_duration,0.5014268640296773
CD del,cddel_10276,2025-02-26 19:00:00,post_stress,control,10277,10279,Approach_active_count,0.01601847624469599
CD del,cddel_10276,2025-02-26 19:00:00,post_stress,control,10277,10279,Approach_passive_count,-0.049252957809054365
CD del,cddel_10276,2025-02-26 19:00:00,post_stress,control,10277,10279,Approach_mean_duration,0.023024449156554327
CD del,cddel_10276,2025-02-26 19:00:00,post_stress,control,10277,10279,Approach_std_duration,0.08620240474560514
CD del,cddel_10276,2025-02-26 19:00:00,post_stress,control,10277,10279,Approach_contact_active_count,-0.2216703320642779
CD del,cddel_10276,2025-02-26 19:00:00,post_stress,control,10277,10279,Approach_contact_passive_count,0.050464793925909746
CD del,cddel_10276,2025-02-26 19:00:00,post_stress,control,10277,10279,Approach_contact_mean_duration,-0.013217438580401697
CD del,cddel_10276,2025-02-26 19:00:00,post_stress,control,10277,10279,Approach_contact_std_duration,0.0063172629516637935
CD del,cddel_10276,2025-02-26 19:00:00,post_stress,control,10277,10279,Approach_rear_active_count,-0.10853094202180102
CD del,cddel_10276,2025-02-26 19:00:00,post_stress,control,10277,10279,Approach_rear_passive_count,-0.26791231968994467
CD del,cddel_10276,2025-02-26 19:00:00,post_stress,control,10277,10279,Approach_rear_mean_duration,-0.010905907537912762
CD del,cddel_10276,2025-02-26 19:00:00,post_stress,control,10277,10279,Approach_rear_std_duration,-0.0754297406010438
CD del,cddel_10276,2025-02-26 19:00:00,post_stress,control,10277,10279,Break_contact_active_count,-0.1422784751732742
CD del,cddel_10276,2025-02-26 19:00:00,post_stress,control,10277,10279,Break_contact_passive_count,-0.039005553994440056
CD del,cddel_10276,2025-02-26 19:00:00,post_stress,control,10277,10279,Break_contact_mean_duration,0.007995261031257583
CD del,cddel_10276,2025-02-26 19:00:00,post_stress,control,10277,10279,Break_contact_std_duration,0.06371818011367114
CD del,cddel_10276,2025-02-26 19:00:00,post_stress,control,10277,10279,Center_Zone_count,-0.5353863885085879
CD del,cddel_10276,2025-02-26 19:00:00,post_stress,control,10277,10279,Center_Zone_mean_duration,0.43629495205324864
CD del,cddel_10276,2025-02-26 19:00:00,post_stress,control,10277,10279,Center_Zone_std_duration,0.47659982207585205
CD del,cddel_10276,2025-02-26 19:00:00,post_stress,control,10277,10279,Contact_active_count,-0.08070848665951313
CD del,cddel_10276,2025-02-26 19:00:00,post_stress,control,10277,10279,Contact_passive_count,-0.08070848665951313
CD del,cddel_10276,2025-02-26 19:00:00,post_stress,control,10277,10279,Contact_mean_duration,-0.009243856436451647
CD del,cddel_10276,2025-02-26 19:00:00,post_stress,control,10277,10279,Contact_std_duration,-0.017071386434607927
CD del,cddel_10276,2025-02-26 19:00:00,post_stress,control,10277,10279,Get_away_active_count,-0.1543652517885743
CD del,cddel_10276,2025-02-26 19:00:00,post_stress,control,10277,10279,Get_away_passive_count,0.04993820092493806
CD del,cddel_10276,2025-02-26 19:00:00,post_stress,control,10277,10279,Get_away_mean_duration,-0.002397903345823238
CD del,cddel_10276,2025-02-26 19:00:00,post_stress,control,10277,10279,Get_away_std_duration,-0.009563999473656493
CD del,cddel_10276,2025-02-26 19:00:00,post_stress,control,10277,10279,Group_3_break_count,-0.3184537311185345
CD del,cddel_10276,2025-02-26 19:00:00,post_stress,control,10277,10279,Group_3_break_mean_duration,-0.029863060390712515
CD del,cddel_10276,2025-02-26 19:00:00,post_stress,control,10277,10279,Group_3_break_std_duration,-0.19566607276914555
CD del,cddel_10276,2025-02-26 19:00:00,post_stress,control,10277,10279,Group_3_make_count,-0.20701416938432526
CD del,cddel_10276,2025-02-26 19:00:00,post_stress,control,10277,10279,Group_3_make_mean_duration,-0.05804867228427013
CD del,cddel_10276,2025-02-26 19:00:00,post_stress,control,10277,10279,Group_3_make_std_duration,-0.25204771457936853
CD del,cddel_10276,2025-02-26 19:00:00,post_stress,control,10277,10279,Group_4_break_count,0.4700036292457357
CD del,cddel_10276,2025-02-26 19:00:00,post_stress,control,10277,10279,Group_4_break_mean_duration,0.07861140715207426
CD del,cddel_10276,2025-02-26 19:00:00,post_stress,control,10277,10279,Group_4_break_std_duration,0.11887726924520339
CD del,cddel_10276,2025-02-26 19:00:00,post_stress,control,10277,10279,Group_4_make_count,0.7339691750802002
CD del,cddel_10276,2025-02-26 19:00:00,post_stress,control,10277,10279,Group_4_make_mean_duration,0.02946668653845841
CD del,cddel_10276,2025-02-26 19:00:00,post_stress,control,10277,10279,Group_4_make_std_duration,0.07450082994418156
CD del,cddel_10276,2025-02-26 19:00:00,post_stress,control,10277,10279,Group2_active_count,-0.08089840114302138
CD del,cddel_10276,2025-02-26 19:00:00,post_stress,control,10277,10279,Group2_passive_count,-0.08089840114302138
CD del,cddel_10276,2025-02-26 19:00:00,post_stress,control,10277,10279,Group2_mean_duration,-0.020758615397709512
CD del,cddel_10276,2025-02-26 19:00:00,post_stress,control,10277,10279,Group2_std_duration,-0.08277413783857179
CD del,cddel_10276,2025-02-26 19:00:00,post_stress,control,10277,10279,Huddling_count,0.2595967350257897
CD del,cddel_10276,2025-02-26 19:00:00,post_stress,control,10277,10279,Huddling_mean_duration,0.24310000085502081
CD del,cddel_10276,2025-02-26 19:00:00,post_stress,control,10277,10279,Huddling_std_duration,0.6100483448794694
CD del,cddel_10276,2025-02-26 19:00:00,post_stress,control,10277,10279,Move_in_contact_active_count,-0.14352305989843295
CD del,cddel_10276,2025-02-26 19:00:00,post_stress,control,10277,10279,Move_in_contact_passive_count,-0.11217725144278035
CD del,cddel_10276,2025-02-26 19:00:00,post_stress,control,10277,10279,Move_in_contact_mean_duration,-0.005333063982628006
CD del,cddel_10276,2025-02-26 19:00:00,post_stress,control,10277,10279,Move_in_contact_std_duration,-0.011307621590884165
CD del,cddel_10276,2025-02-26 19:00:00,post_stress,control,10277,10279,Move_isolated_count,-0.09087558273645957
CD del,cddel_10276,2025-02-26 19:00:00,post_stress,control,10277,10279,Move_isolated_mean_duration,-0.04812352794434949
CD del,cddel_10276,2025-02-26 19:00:00,post_stress,control,10277,10279,Move_isolated_std_duration,-0.06169914580374969
CD del,cddel_10276,2025-02-26 19:00:00,post_stress,control,10277,10279,Oral_genital_Contact_active_count,-0.14206971639844657
CD del,cddel_10276,2025-02-26 19:00:00,post_stress,control,10277,10279,Oral_genital_Contact_passive_count,-0.04680029375886363
CD del,cddel_10276,2025-02-26 19:00:00,post_stress,control,10277,10279,Oral_genital_Contact_mean_duration,0.04375205886178335
CD del,cddel_10276,2025-02-26 19:00:00,post_stress,control,10277,10279,Oral_genital_Contact_std_duration,0.05064076464762368
CD del,cddel_10276,2025-02-26 19:00:00,post_stress,control,10277,10279,Oral_oral_Contact_active_count,-0.11805510748502446
CD del,cddel_10276,2025-02-26 19:00:00,post_stress,control,10277,10279,Oral_oral_Contact_passive_count,-0.11805510748502446
CD del,cddel_10276,2025-02-26 19:00:00,post_stress,control,10277,10279,Oral_oral_Contact_mean_duration,-0.006957837576805348
CD del,cddel_10276,2025-02-26 19:00:00,post_stress,control,10277,10279,Oral_oral_Contact_std_duration,-0.04064445037344222
CD del,cddel_10276,2025-02-26 19:00:00,post_stress,control,10277,10279,Periphery_Zone_count,-0.1533340199207025
CD del,cddel_10276,2025-02-26 19:00:00,post_stress,control,10277,10279,Periphery_Zone_mean_duration,0.19861180333814943
CD del,cddel_10276,2025-02-26 19:00:00,post_stress,control,10277,10279,Periphery_Zone_std_duration,0.16505490940822654
CD del,cddel_10276,2025-02-26 19:00:00,post_stress,control,10277,10279,Rear_at_periphery_count,-0.3110724647829368
CD del,cddel_10276,2025-02-26 19:00:00,post_stress,control,10277,10279,Rear_at_periphery_mean_duration,-0.07147451178830477
CD del,cddel_10276,2025-02-26 19:00:00,post_stress,control,10277,10279,Rear_at_periphery_std_duration,-0.07708123785887677
CD del,cddel_10276,2025-02-26 19:00:00,post_stress,control,10277,10279,Rear_in_centerWindow_count,-1.5639755383573428
CD del,cddel_10276,2025-02-26 19:00:00,post_stress,control,10277,10279,Rear_in_centerWindow_mean_duration,-0.07096657143686724
CD del,cddel_10276,2025-02-26 19:00:00,post_stress,control,10277,10279,Rear_in_centerWindow_std_duration,0.17246625744228516
CD del,cddel_10276,2025-02-26 19:00:00,post_stress,control,10277,10279,Rear_in_contact_count,-0.2908376446505905
CD del,cddel_10276,2025-02-26 19:00:00,post_stress,control,10277,10279,Rear_in_contact_mean_duration,-0.04901430979712251
CD del,cddel_10276,2025-02-26 19:00:00,post_stress,control,10277,10279,Rear_in_contact_std_duration,-0.26723181441406596
CD del,cddel_10276,2025-02-26 19:00:00,post_stress,control,10277,10279,Rear_isolated_count,-0.3357443462578855
CD del,cddel_10276,2025-02-26 19:00:00,post_stress,control,10277,10279,Rear_isolated_mean_duration,-0.07585633709104711
CD del,cddel_10276,2025-02-26 19:00:00,post_stress,control,10277,10279,Rear_isolated_std_duration,-0.07750811473181207
CD del,cddel_10276,2025-02-26 19:00:00,post_stress,control,10277,10279,Rearing_count,-0.08784270133711658
CD del,cddel_10276,2025-02-26 19:00:00,post_stress,control,10277,10279,Rearing_mean_duration,0.10916301585144161
CD del,cddel_10276,2025-02-26 19:00:00,post_stress,control,10277,10279,Rearing_std_duration,0.13192117289335048
CD del,cddel_10276,2025-02-26 19:00:00,post_stress,control,10277,10279,SAP_count,0.06056632127713879
CD del,cddel_10276,2025-02-26 19:00:00,post_stress,control,10277,10279,SAP_mean_duration,-0.002278301149210682
CD del,cddel_10276,2025-02-26 19:00:00,post_stress,control,10277,10279,SAP_std_duration,0.23471779567967777
CD del,cddel_10276,2025-02-26 19:00:00,post_stress,control,10277,10279,Side_by_side_Contact_active_count,-0.12156601677315582
CD del,cddel_10276,2025-02-26 19:00:00,post_stress,control,10277,10279,Side_by_side_Contact_passive_count,-0.12156601677315582
CD del,cddel_10276,2025-02-26 19:00:00,post_stress,control,10277,10279,Side_by_side_Contact_mean_duration,-0.01099546867029666
CD del,cddel_10276,2025-02-26 19:00:00,post_stress,control,10277,10279,Side_by_side_Contact_std_duration,0.17632825947781794
CD del,cddel_10276,2025-02-26 19:00:00,post_stress,control,10277,10279,Side_by_side_Contact_opposite_way_active_count,-0.11789560390100018
CD del,cddel_10276,2025-02-26 19:00:00,post_stress,control,10277,10279,Side_by_side_Contact_opposite_way_passive_count,-0.11789560390100018
CD del,cddel_10276,2025-02-26 19:00:00,post_stress,control,10277,10279,Side_by_side_Contact_opposite_way_mean_duration,0.07987128717298941
CD del,cddel_10276,2025-02-26 19:00:00,post_stress,control,10277,10279,Side_by_side_Contact_opposite_way_std_duration,0.21788105758064913
CD del,cddel_10276,2025-02-26 19:00:00,post_stress,control,10277,10279,Social_approach_active_count,-0.05230232585847361
CD del,cddel_10276,2025-02-26 19:00:00,post_stress,control,10277,10279,Social_approach_passive_count,-0.07326728273892869
CD del,cddel_10276,2025-02-26 19:00:00,post_stress,control,10277,10279,Social_approach_mean_duration,0.021812808006200335
CD del,cddel_10276,2025-02-26 19:00:00,post_stress,control,10277,10279,Social_approach_std_duration,0.04276052133644104
CD del,cddel_10276,2025-02-26 19:00:00,post_stress,control,10277,10279,Social_escape_active_count,-0.12894902800344
CD del,cddel_10276,2025-02-26 19:00:00,post_stress,control,10277,10279,Social_escape_passive_count,-0.08117399259912084
CD del,cddel_10276,2025-02-26 19:00:00,post_stress,control,10277,10279,Social_escape_mean_duration,-0.021130384041475825
CD del,cddel_10276,2025-02-26 19:00:00,post_stress,control,10277,10279,Social_escape_std_duration,-0.08970503244024775
CD del,cddel_10276,2025-02-26 19:00:00,post_stress,control,10277,10279,Stop_count,-0.3047196755205208
CD del,cddel_10276,2025-02-26 19:00:00,post_stress,control,10277,10279,Stop_mean_duration,0.3653679231931335
CD del,cddel_10276,2025-02-26 19:00:00,post_stress,control,10277,10279,Stop_std_duration,0.2616126147120452
CD del,cddel_10276,2025-02-26 19:00:00,post_stress,control,10277,10279,Stop_in_contact_active_count,-0.07946417135424699
CD del,cddel_10276,2025-02-26 19:00:00,post_stress,control,10277,10279,Stop_in_contact_passive_count,-0.09520776101380157
CD del,cddel_10276,2025-02-26 19:00:00,post_stress,control,10277,10279,Stop_in_contact_mean_duration,-0.001617182052118693
CD del,cddel_10276,2025-02-26 19:00:00,post_stress,control,10277,10279,Stop_in_contact_std_duration,-0.012655614292791384
CD del,cddel_10276,2025-02-26 19:00:00,post_stress,control,10277,10279,Stop_isolated_count,-0.13346764760458107
CD del,cddel_10276,2025-02-26 19:00:00,post_stress,control,10277,10279,Stop_isolated_mean_duration,0.28563350148221467
CD del,cddel_10276,2025-02-26 19:00:00,post_stress,control,10277,10279,Stop_isolated_std_duration,0.47849848344291246
CD del,cddel_10276,2025-02-26 19:00:00,post_stress,control,10277,10279,Train2_active_count,-0.3794896217049035
CD del,cddel_10276,2025-02-26 19:00:00,post_stress,control,10277,10279,Train2_passive_count,0.17185025692665912
CD del,cddel_10276,2025-02-26 19:00:00,post_stress,control,10277,10279,Train2_mean_duration,-0.019973428398711524
CD del,cddel_10276,2025-02-26 19:00:00,post_stress,control,10277,10279,Train2_std_duration,0.015089877858912748
CD del,cddel_10276,2025-02-26 19:00:00,post_stress,control,10277,10279,WallJump_count,-0.6190392084062235
CD del,cddel_10276,2025-02-26 19:00:00,post_stress,control,10277,10279,WallJump_mean_duration,0.13733127053429733
CD del,cddel_10276,2025-02-26 19:00:00,post_stress,control,10277,10279,WallJump_std_duration,0.2973500289979717
CD del,cddel_10276,2025-02-26 19:00:00,post_stress,control,10277,10279,isolated_count,0.2172116896012266
CD del,cddel_10276,2025-02-26 19:00:00,post_stress,control,10277,10279,isolated_mean_duration,0.034452496053670956
CD del,cddel_10276,2025-02-26 19:00:00,post_stress,control,10277,10279,isolated_std_duration,0.1881921097526451
CD del,cddel_10276,2025-02-26 19:00:00,post_stress,control,10277,10279,seq_oral_geni___oral_oral_active_count,-0.016807118316381597
CD del,cddel_10276,2025-02-26 19:00:00,post_stress,control,10277,10279,seq_oral_geni___oral_oral_passive_count,-0.07673379423138904
CD del,cddel_10276,2025-02-26 19:00:00,post_stress,control,10277,10279,seq_oral_geni___oral_oral_mean_duration,0.07585202864753704
CD del,cddel_10276,2025-02-26 19:00:00,post_stress,control,10277,10279,seq_oral_geni___oral_oral_std_duration,0.4618723841849479
CD del,cddel_10276,2025-02-26 19:00:00,post_stress,control,10277,10279,seq_oral_oral___oral_genital_active_count,-0.010204170174241689
CD del,cddel_10276,2025-02-26 19:00:00,post_stress,control,10277,10279,seq_oral_oral___oral_genital_passive_count,-0.044951387862266046
CD del,cddel_10276,2025-02-26 19:00:00,post_stress,control,10277,10279,seq_oral_oral___oral_genital_mean_duration,0.017977318280399945
CD del,cddel_10276,2025-02-26 19:00:00,post_stress,control,10277,10279,seq_oral_oral___oral_genital_std_duration,0.20431034013484894
CD del,cddel_10276,2025-02-27 19:00:00,post_stress,control,10277,10279,Approach_active_count,0.014950648151298651
CD del,cddel_10276,2025-02-27 19:00:00,post_stress,control,10277,10279,Approach_passive_count,-0.05931657715641947
CD del,cddel_10276,2025-02-27 19:00:00,post_stress,control,10277,10279,Approach_mean_duration,0.018938235267520254
CD del,cddel_10276,2025-02-27 19:00:00,post_stress,control,10277,10279,Approach_std_duration,-0.00929035972103387
CD del,cddel_10276,2025-02-27 19:00:00,post_stress,control,10277,10279,Approach_contact_active_count,-0.20354343515683482
CD del,cddel_10276,2025-02-27 19:00:00,post_stress,control,10277,10279,Approach_contact_passive_count,0.006396610296691918
CD del,cddel_10276,2025-02-27 19:00:00,post_stress,control,10277,10279,Approach_contact_mean_duration,3.0437140480454872e-05
CD del,cddel_10276,2025-02-27 19:00:00,post_stress,control,10277,10279,Approach_contact_std_duration,-0.022471373768065406
CD del,cddel_10276,2025-02-27 19:00:00,post_stress,control,10277,10279,Approach_rear_active_count,-0.10171443539018199
CD del,cddel_10276,2025-02-27 19:00:00,post_stress,control,10277,10279,Approach_rear_passive_count,-0.0894583462104599
CD del,cddel_10276,2025-02-27 19:00:00,post_stress,control,10277,10279,Approach_rear_mean_duration,0.04251118570977086
CD del,cddel_10276,2025-02-27 19:00:00,post_stress,control,10277,10279,Approach_rear_std_duration,0.11672723073534308
CD del,cddel_10276,2025-02-27 19:00:00,post_stress,control,10277,10279,Break_contact_active_count,-0.19691724550977074
CD del,cddel_10276,2025-02-27 19:00:00,post_stress,control,10277,10279,Break_contact_passive_count,-0.032750768713517786
CD del,cddel_10276,2025-02-27 19:00:00,post_stress,control,10277,10279,Break_contact_mean_duration,-0.0008147086816086002
CD del,cddel_10276,2025-02-27 19:00:00,post_stress,control,10277,10279,Break_contact_std_duration,-0.050902616747584006
CD del,cddel_10276,2025-02-27 19:00:00,post_stress,control,10277,10279,Center_Zone_count,-0.25576085623804
CD del,cddel_10276,2025-02-27 19:00:00,post_stress,control,10277,10279,Center_Zone_mean_duration,0.06637989986576742
CD del,cddel_10276,2025-02-27 19:00:00,post_stress,control,10277,10279,Center_Zone_std_duration,0.009475021523277727
CD del,cddel_10276,2025-02-27 19:00:00,post_stress,control,10277,10279,Contact_active_count,-0.09581191797920585
CD del,cddel_10276,2025-02-27 19:00:00,post_stress,control,10277,10279,Contact_passive_count,-0.09581191797920585
CD del,cddel_10276,2025-02-27 19:00:00,post_stress,control,10277,10279,Contact_mean_duration,0.07413146078188859
CD del,cddel_10276,2025-02-27 19:00:00,post_stress,control,10277,10279,Contact_std_duration,0.046863766561182185
CD del,cddel_10276,2025-02-27 19:00:00,post_stress,control,10277,10279,Get_away_active_count,-0.20367651263945596
CD del,cddel_10276,2025-02-27 19:00:00,post_stress,control,10277,10279,Get_away_passive_count,0.08150506552045123
CD del,cddel_10276,2025-02-27 19:00:00,post_stress,control,10277,10279,Get_away_mean_duration,0.00024213406797035653
CD del,cddel_10276,2025-02-27 19:00:00,post_stress,control,10277,10279,Get_away_std_duration,-0.017226524927923537
CD del,cddel_10276,2025-02-27 19:00:00,post_stress,control,10277,10279,Group_3_break_count,-0.03663413317978037
CD del,cddel_10276,2025-02-27 19:00:00,post_stress,control,10277,10279,Group_3_break_mean_duration,-0.03954042779833533
CD del,cddel_10276,2025-02-27 19:00:00,post_stress,control,10277,10279,Group_3_break_std_duration,-0.16168548512468434
CD del,cddel_10276,2025-02-27 19:00:00,post_stress,control,10277,10279,Group_3_make_count,-0.033616610798985036
CD del,cddel_10276,2025-02-27 19:00:00,post_stress,control,10277,10279,Group_3_make_mean_duration,-0.0910587309469667
CD del,cddel_10276,2025-02-27 19:00:00,post_stress,control,10277,10279,Group_3_make_std_duration,-0.15504001181875998
CD del,cddel_10276,2025-02-27 19:00:00,post_stress,control,10277,10279,Group_4_break_count,0.27193371548364187
CD del,cddel_10276,2025-02-27 19:00:00,post_stress,control,10277,10279,Group_4_break_mean_duration,0.015721547464641605
CD del,cddel_10276,2025-02-27 19:00:00,post_stress,control,10277,10279,Group_4_break_std_duration,0.07312805733228012
CD del,cddel_10276,2025-02-27 19:00:00,post_stress,control,10277,10279,Group_4_make_count,0.1625189294977747
CD del,cddel_10276,2025-02-27 19:00:00,post_stress,control,10277,10279,Group_4_make_mean_duration,-0.0785662417586005
CD del,cddel_10276,2025-02-27 19:00:00,post_stress,control,10277,10279,Group_4_make_std_duration,0.010237071407755649
CD del,cddel_10276,2025-02-27 19:00:00,post_stress,control,10277,10279,Group2_active_count,-0.10589800559283002
CD del,cddel_10276,2025-02-27 19:00:00,post_stress,control,10277,10279,Group2_passive_count,-0.10589800559283002
CD del,cddel_10276,2025-02-27 19:00:00,post_stress,control,10277,10279,Group2_mean_duration,0.06085173223739382
CD del,cddel_10276,2025-02-27 19:00:00,post_stress,control,10277,10279,Group2_std_duration,0.22836722069305493
CD del,cddel_10276,2025-02-27 19:00:00,post_stress,control,10277,10279,Huddling_count,0.21808878065258508
CD del,cddel_10276,2025-02-27 19:00:00,post_stress,control,10277,10279,Huddling_mean_duration,0.047580113794162715
CD del,cddel_10276,2025-02-27 19:00:00,post_stress,control,10277,10279,Huddling_std_duration,0.38894655429291314
CD del,cddel_10276,2025-02-27 19:00:00,post_stress,control,10277,10279,Move_in_contact_active_count,-0.06153551587780193
CD del,cddel_10276,2025-02-27 19:00:00,post_stress,control,10277,10279,Move_in_contact_passive_count,-0.07935618410371958
CD del,cddel_10276,2025-02-27 19:00:00,post_stress,control,10277,10279,Move_in_contact_mean_duration,-0.002739595049692123
CD del,cddel_10276,2025-02-27 19:00:00,post_stress,control,10277,10279,Move_in_contact_std_duration,0.027645830726056975
CD del,cddel_10276,2025-02-27 19:00:00,post_stress,control,10277,10279,Move_isolated_count,-0.19209373282739417
CD del,cddel_10276,2025-02-27 19:00:00,post_stress,control,10277,10279,Move_isolated_mean_duration,-0.03360831265625186
CD del,cddel_10276,2025-02-27 19:00:00,post_stress,control,10277,10279,Move_isolated_std_duration,0.005596857594153626
CD del,cddel_10276,2025-02-27 19:00:00,post_stress,control,10277,10279,Oral_genital_Contact_active_count,0.051807014064261026
CD del,cddel_10276,2025-02-27 19:00:00,post_stress,control,10277,10279,Oral_genital_Contact_passive_count,0.09586047930812658
CD del,cddel_10276,2025-02-27 19:00:00,post_stress,control,10277,10279,Oral_genital_Contact_mean_duration,0.030756131777213258
CD del,cddel_10276,2025-02-27 19:00:00,post_stress,control,10277,10279,Oral_genital_Contact_std_duration,-0.04524440661271578
CD del,cddel_10276,2025-02-27 19:00:00,post_stress,control,10277,10279,Oral_oral_Contact_active_count,-0.07316768059407952
CD del,cddel_10276,2025-02-27 19:00:00,post_stress,control,10277,10279,Oral_oral_Contact_passive_count,-0.07316768059407952
CD del,cddel_10276,2025-02-27 19:00:00,post_stress,control,10277,10279,Oral_oral_Contact_mean_duration,-0.02526195011035348
CD del,cddel_10276,2025-02-27 19:00:00,post_stress,control,10277,10279,Oral_oral_Contact_std_duration,0.03917163412167568
CD del,cddel_10276,2025-02-27 19:00:00,post_stress,control,10277,10279,Periphery_Zone_count,-0.05490229438769756
CD del,cddel_10276,2025-02-27 19:00:00,post_stress,control,10277,10279,Periphery_Zone_mean_duration,0.05943177026392199
CD del,cddel_10276,2025-02-27 19:00:00,post_stress,control,10277,10279,Periphery_Zone_std_duration,0.16836936358196386
CD del,cddel_10276,2025-02-27 19:00:00,post_stress,control,10277,10279,Rear_at_periphery_count,-0.9234400027183787
CD del,cddel_10276,2025-02-27 19:00:00,post_stress,control,10277,10279,Rear_at_periphery_mean_duration,-0.25749727874604955
CD del,cddel_10276,2025-02-27 19:00:00,post_stress,control,10277,10279,Rear_at_periphery_std_duration,-0.35035272401758066
CD del,cddel_10276,2025-02-27 19:00:00,post_stress,control,10277,10279,Rear_in_centerWindow_count,-1.4469189829363256
CD del,cddel_10276,2025-02-27 19:00:00,post_stress,control,10277,10279,Rear_in_centerWindow_mean_duration,0.30794542993913954
CD del,cddel_10276,2025-02-27 19:00:00,post_stress,control,10277,10279,Rear_in_centerWindow_std_duration,0.18096345515779555
CD del,cddel_10276,2025-02-27 19:00:00,post_stress,control,10277,10279,Rear_in_contact_count,-0.11189648663761176
CD del,cddel_10276,2025-02-27 19:00:00,post_stress,control,10277,10279,Rear_in_contact_mean_duration,0.05838526879531025
CD del,cddel_10276,2025-02-27 19:00:00,post_stress,control,10277,10279,Rear_in_contact_std_duration,0.25169128885541014
CD del,cddel_10276,2025-02-27 19:00:00,post_stress,control,10277,10279,Rear_isolated_count,-0.9300047269440217
CD del,cddel_10276,2025-02-27 19:00:00,post_stress,control,10277,10279,Rear_isolated_mean_duration,-0.2522729619374867
CD del,cddel_10276,2025-02-27 19:00:00,post_stress,control,10277,10279,Rear_isolated_std_duration,-0.34799883851396274
CD del,cddel_10276,2025-02-27 19:00:00,post_stress,control,10277,10279,Rearing_count,-0.3681771664709652
CD del,cddel_10276,2025-02-27 19:00:00,post_stress,control,10277,10279,Rearing_mean_duration,0.357278803203668
CD del,cddel_10276,2025-02-27 19:00:00,post_stress,control,10277,10279,Rearing_std_duration,0.24441548054543283
CD del,cddel_10276,2025-02-27 19:00:00,post_stress,control,10277,10279,SAP_count,-0.23403599248063323
CD del,cddel_10276,2025-02-27 19:00:00,post_stress,control,10277,10279,SAP_mean_duration,-0.26386870833972154
CD del,cddel_10276,2025-02-27 19:00:00,post_stress,control,10277,10279,SAP_std_duration,-0.17373439935031088
CD del,cddel_10276,2025-02-27 19:00:00,post_stress,control,10277,10279,Side_by_side_Contact_active_count,-0.004192878260036004
CD del,cddel_10276,2025-02-27 19:00:00,post_stress,control,10277,10279,Side_by_side_Contact_passive_count,-0.004192878260036004
CD del,cddel_10276,2025-02-27 19:00:00,post_stress,control,10277,10279,Side_by_side_Contact_mean_duration,8.347756300963738e-05
CD del,cddel_10276,2025-02-27 19:00:00,post_stress,control,10277,10279,Side_by_side_Contact_std_duration,-0.04291817536347886
CD del,cddel_10276,2025-02-27 19:00:00,post_stress,control,10277,10279,Side_by_side_Contact_opposite_way_active_count,0.10226584445824649
CD del,cddel_10276,2025-02-27 19:00:00,post_stress,control,10277,10279,Side_by_side_Contact_opposite_way_passive_count,0.10226584445824649
CD del,cddel_10276,2025-02-27 19:00:00,post_stress,control,10277,10279,Side_by_side_Contact_opposite_way_mean_duration,0.04777759565714357
CD del,cddel_10276,2025-02-27 19:00:00,post_stress,control,10277,10279,Side_by_side_Contact_opposite_way_std_duration,-0.10130175668296881
CD del,cddel_10276,2025-02-27 19:00:00,post_stress,control,10277,10279,Social_approach_active_count,-0.10838836714193611
CD del,cddel_10276,2025-02-27 19:00:00,post_stress,control,10277,10279,Social_approach_passive_count,-0.0828183344217166
CD del,cddel_10276,2025-02-27 19:00:00,post_stress,control,10277,10279,Social_approach_mean_duration,0.051734521897904395
CD del,cddel_10276,2025-02-27 19:00:00,post_stress,control,10277,10279,Social_approach_std_duration,-0.04761013699523531
CD del,cddel_10276,2025-02-27 19:00:00,post_stress,control,10277,10279,Social_escape_active_count,-0.1207673264694833
CD del,cddel_10276,2025-02-27 19:00:00,post_stress,control,10277,10279,Social_escape_passive_count,-0.07405223234712466
CD del,cddel_10276,2025-02-27 19:00:00,post_stress,control,10277,10279,Social_escape_mean_duration,0.020253831216674678
CD del,cddel_10276,2025-02-27 19:00:00,post_stress,control,10277,10279,Social_escape_std_duration,-0.0029688124686562123
CD del,cddel_10276,2025-02-27 19:00:00,post_stress,control,10277,10279,Stop_count,-0.21152071148621676
CD del,cddel_10276,2025-02-27 19:00:00,post_stress,control,10277,10279,Stop_mean_duration,0.24074958764034626
CD del,cddel_10276,2025-02-27 19:00:00,post_stress,control,10277,10279,Stop_std_duration,0.3606093461994022
CD del,cddel_10276,2025-02-27 19:00:00,post_stress,control,10277,10279,Stop_in_contact_active_count,-0.07663649034108033
CD del,cddel_10276,2025-02-27 19:00:00,post_stress,control,10277,10279,Stop_in_contact_passive_count,-0.1090884978480462
CD del,cddel_10276,2025-02-27 19:00:00,post_stress,control,10277,10279,Stop_in_contact_mean_duration,0.07750588294068139
CD del,cddel_10276,2025-02-27 19:00:00,post_stress,control,10277,10279,Stop_in_contact_std_duration,0.052603155814734404
CD del,cddel_10276,2025-02-27 19:00:00,post_stress,control,10277,10279,Stop_isolated_count,-0.14892670007060982
CD del,cddel_10276,2025-02-27 19:00:00,post_stress,control,10277,10279,Stop_isolated_mean_duration,0.1814467783635627
CD del,cddel_10276,2025-02-27 19:00:00,post_stress,control,10277,10279,Stop_isolated_std_duration,0.2679975289385186
CD del,cddel_10276,2025-02-27 19:00:00,post_stress,control,10277,10279,Train2_active_count,-0.22314355131421015
CD del,cddel_10276,2025-02-27 19:00:00,post_stress,control,10277,10279,Train2_passive_count,-0.5108256237659909
CD del,cddel_10276,2025-02-27 19:00:00,post_stress,control,10277,10279,Train2_mean_duration,0.024931523891093377
CD del,cddel_10276,2025-02-27 19:00:00,post_stress,control,10277,10279,Train2_std_duration,-0.004362558253268312
CD del,cddel_10276,2025-02-27 19:00:00,post_stress,control,10277,10279,WallJump_count,0.25131442828090633
CD del,cddel_10276,2025-02-27 19:00:00,post_stress,control,10277,10279,WallJump_mean_duration,-0.12916918209079625
CD del,cddel_10276,2025-02-27 19:00:00,post_stress,control,10277,10279,WallJump_std_duration,-0.2918303920225844
CD del,cddel_10276,2025-02-27 19:00:00,post_stress,control,10277,10279,isolated_count,0.39823812712542583
CD del,cddel_10276,2025-02-27 19:00:00,post_stress,control,10277,10279,isolated_mean_duration,-0.30966467394685204
CD del,cddel_10276,2025-02-27 19:00:00,post_stress,control,10277,10279,isolated_std_duration,-0.12399556426533209
CD del,cddel_10276,2025-02-27 19:00:00,post_stress,control,10277,10279,seq_oral_geni___oral_oral_active_count,-0.09827022143280129
CD del,cddel_10276,2025-02-27 19:00:00,post_stress,control,10277,10279,seq_oral_geni___oral_oral_passive_count,-0.02150620522096336
CD del,cddel_10276,2025-02-27 19:00:00,post_stress,control,10277,10279,seq_oral_geni___oral_oral_mean_duration,0.004098659028497709
CD del,cddel_10276,2025-02-27 19:00:00,post_stress,control,10277,10279,seq_oral_geni___oral_oral_std_duration,-0.05297775921649395
CD del,cddel_10276,2025-02-27 19:00:00,post_stress,control,10277,10279,seq_oral_oral___oral_genital_active_count,-0.02457126073050553
CD del,cddel_10276,2025-02-27 19:00:00,post_stress,control,10277,10279,seq_oral_oral___oral_genital_passive_count,0.019802627296179764
CD del,cddel_10276,2025-02-27 19:00:00,post_stress,control,10277,10279,seq_oral_oral___oral_genital_mean_duration,-0.00520787725658578
CD del,cddel_10276,2025-02-27 19:00:00,post_stress,control,10277,10279,seq_oral_oral___oral_genital_std_duration,0.04293391380952283
