component,feature,loading,eigenvalue
id_1,Approach_active_count,-0.43330595065384697,21071.387776845353
id_1,Approach_passive_count,-0.6005472119802304,21071.387776845353
id_1,Approach_mean_duration,0.4586110593049091,21071.387776845353
id_1,Approach_std_duration,-0.2017535856576689,21071.387776845353
id_1,Approach_contact_active_count,-0.614308663969212,21071.387776845353
id_1,Approach_contact_passive_count,-0.3989480657045999,21071.387776845353
id_1,Approach_contact_mean_duration,-0.5841957251462564,21071.387776845353
id_1,Approach_contact_std_duration,-1.270302247452,21071.387776845353
id_1,Approach_rear_active_count,-0.023204714403386718,21071.387776845353
id_1,Approach_rear_passive_count,-0.015241011193173675,21071.387776845353
id_1,Approach_rear_mean_duration,1.3881304099161909,21071.387776845353
id_1,Approach_rear_std_duration,-0.02937403954740743,21071.387776845353
id_1,Break_contact_active_count,0.09927158239596122,21071.387776845353
id_1,Break_contact_passive_count,-0.13919964981676736,21071.387776845353
id_1,Break_contact_mean_duration,0.01206084998570466,21071.387776845353
id_1,Break_contact_std_duration,-0.16152902750649137,21071.387776845353
id_1,Center_Zone_count,-0.03983561844126689,21071.387776845353
id_1,Center_Zone_mean_duration,1.1269210712652507,21071.387776845353
id_1,Center_Zone_std_duration,-0.5707033178377819,21071.387776845353
id_1,Contact_active_count,0.40588197884548466,21071.387776845353
id_1,Contact_passive_count,0.4032561443528749,21071.387776845353
id_1,Contact_mean_duration,0.1671326368351978,21071.387776845353
id_1,Contact_std_duration,0.40778033324993146,21071.387776845353
id_1,Get_away_active_count,-0.7294007216971322,21071.387776845353
id_1,Get_away_passive_count,-0.6433971913881081,21071.387776845353
id_1,Get_away_mean_duration,-0.49711242888934754,21071.387776845353
id_1,Get_away_std_duration,0.5761194258957189,21071.387776845353
id_1,Group_3_break_count,0.900127991137969,21071.387776845353
id_1,Group_3_break_mean_duration,-0.6534551464156304,21071.387776845353
id_1,Group_3_break_std_duration,-0.08581841352279225,21071.387776845353
id_1,Group_3_make_count,2.1072204194276467,21071.387776845353
id_1,Group_3_make_mean_duration,-0.12093552924300979,21071.387776845353
id_1,Group_3_make_std_duration,0.47952874356381436,21071.387776845353
id_1,Group_4_break_count,-0.5854485036965322,21071.387776845353
id_1,Group_4_break_mean_duration,-0.47512560881611754,21071.387776845353
id_1,Group_4_break_std_duration,0.6616017085599926,21071.387776845353
id_1,Group_4_make_count,-0.7307644026825313,21071.387776845353
id_1,Group_4_make_mean_duration,-0.24254199691979103,21071.387776845353
id_1,Group_4_make_std_duration,-0.04555877673544034,21071.387776845353
id_1,Group2_active_count,-0.568997584742351,21071.387776845353
id_1,Group2_passive_count,-0.5673929129998778,21071.387776845353
id_1,Group2_mean_duration,0.6212748876168185,21071.387776845353
id_1,Group2_std_duration,-0.2474149137516929,21071.387776845353
id_1,Huddling_count,-1.1519047464821535,21071.387776845353
id_1,Huddling_mean_duration,0.7241556915363769,21071.387776845353
id_1,Huddling_std_duration,-0.2638329101742948,21071.387776845353
id_1,Move_in_contact_active_count,3.808908406752684,21071.387776845353
id_1,Move_in_contact_passive_count,-0.39453401106340635,21071.387776845353
id_1,Move_in_contact_mean_duration,-0.15979215391706106,21071.387776845353
id_1,Move_in_contact_std_duration,0.5605755051846947,21071.387776845353
id_1,Move_isolated_count,3.4664257882949308,21071.387776845353
id_1,Move_isolated_mean_duration,1.2040775815726974,21071.387776845353
id_1,Move_isolated_std_duration,0.000511960135720107,21071.387776845353
id_1,Oral_genital_Contact_active_count,-0.2402102593117098,21071.387776845353
id_1,Oral_genital_Contact_passive_count,-0.2331345484388268,21071.387776845353
id_1,Oral_genital_Contact_mean_duration,1.1792457495974986,21071.387776845353
id_1,Oral_genital_Contact_std_duration,-0.2369591849642255,21071.387776845353
id_1,Oral_oral_Contact_active_count,-0.5148417986873672,21071.387776845353
id_1,Oral_oral_Contact_passive_count,-0.5148417986873677,21071.387776845353
id_1,Oral_oral_Contact_mean_duration,-1.4916710688936174,21071.387776845353
id_1,Oral_oral_Contact_std_duration,0.06919701725423175,21071.387776845353
id_1,Periphery_Zone_count,-0.721964456451747,21071.387776845353
id_1,Periphery_Zone_mean_duration,-0.5711116904570931,21071.387776845353
id_1,Periphery_Zone_std_duration,-0.396290831550297,21071.387776845353
id_1,Rear_at_periphery_count,-1.1018819386295804,21071.387776845353
id_1,Rear_at_periphery_mean_duration,-0.14223569502610808,21071.387776845353
id_1,Rear_at_periphery_std_duration,-0.3048371061071638,21071.387776845353
id_1,Rear_in_centerWindow_count,0.07458975993294326,21071.387776845353
id_1,Rear_in_centerWindow_mean_duration,-0.4565558532716732,21071.387776845353
id_1,Rear_in_centerWindow_std_duration,0.3780521757894198,21071.387776845353
id_1,Rear_in_contact_count,0.42463895635575943,21071.387776845353
id_1,Rear_in_contact_mean_duration,0.01255206052156202,21071.387776845353
id_1,Rear_in_contact_std_duration,-0.46054657297974283,21071.387776845353
id_1,Rear_isolated_count,-0.9839964394772136,21071.387776845353
id_1,Rear_isolated_mean_duration,0.12173438149799404,21071.387776845353
id_1,Rear_isolated_std_duration,0.2979597419342367,21071.387776845353
id_1,Rearing_count,-0.3386063985158483,21071.387776845353
id_1,Rearing_mean_duration,-0.1387442946408305,21071.387776845353
id_1,Rearing_std_duration,-0.4999071358964973,21071.387776845353
id_1,SAP_count,-1.313719442704723,21071.387776845353
id_1,SAP_mean_duration,0.3247557993402247,21071.387776845353
id_1,SAP_std_duration,-0.37008467216787,21071.387776845353
id_1,Side_by_side_Contact_active_count,-0.24665637087216827,21071.387776845353
id_1,Side_by_side_Contact_passive_count,-0.24665637087216827,21071.387776845353
id_1,Side_by_side_Contact_mean_duration,-0.5076612552270406,21071.387776845353
id_1,Side_by_side_Contact_std_duration,0.5531586706010898,21071.387776845353
id_1,Side_by_side_Contact_opposite_way_active_count,-0.18479067277279612,21071.387776845353
id_1,Side_by_side_Contact_opposite_way_passive_count,-0.18479067277279626,21071.387776845353
id_1,Side_by_side_Contact_opposite_way_mean_duration,-0.09489057074736919,21071.387776845353
id_1,Side_by_side_Contact_opposite_way_std_duration,0.48511899708213535,21071.387776845353
id_1,Social_approach_active_count,-0.2161993619962471,21071.387776845353
id_1,Social_approach_passive_count,-0.19423442445429726,21071.387776845353
id_1,Social_approach_mean_duration,-0.011606053164882243,21071.387776845353
id_1,Social_approach_std_duration,-0.40595457699567483,21071.387776845353
id_1,Social_escape_active_count,-0.16642323048874486,21071.387776845353
id_1,Social_escape_passive_count,-0.24867265328047877,21071.387776845353
id_1,Social_escape_mean_duration,0.11868422982253803,21071.387776845353
id_1,Social_escape_std_duration,0.9707850654650556,21071.387776845353
id_1,Stop_count,-0.5753317862242883,21071.387776845353
id_1,Stop_mean_duration,0.35591836323625825,21071.387776845353
id_1,Stop_std_duration,-0.08019699807539916,21071.387776845353
id_1,Stop_in_contact_active_count,3.7422132180861873,21071.387776845353
id_1,Stop_in_contact_passive_count,-0.3409407406719831,21071.387776845353
id_1,Stop_in_contact_mean_duration,-0.24306087762855905,21071.387776845353
id_1,Stop_in_contact_std_duration,-0.49133581289487005,21071.387776845353
id_1,Stop_isolated_count,3.715918388386072,21071.387776845353
id_1,Stop_isolated_mean_duration,2.3198304989515313,21071.387776845353
id_1,Stop_isolated_std_duration,0.17448129634879095,21071.387776845353
id_1,Train2_active_count,-0.3030168318508368,21071.387776845353
id_1,Train2_passive_count,-0.07389313308291666,21071.387776845353
id_1,Train2_mean_duration,-0.20125399210086364,21071.387776845353
id_1,Train2_std_duration,0.11946011773545041,21071.387776845353
id_1,WallJump_count,-0.30368907982212473,21071.387776845353
id_1,WallJump_mean_duration,-0.10944748217296042,21071.387776845353
id_1,WallJump_std_duration,0.15133917835325356,21071.387776845353
id_1,isolated_count,-0.15614846106304558,21071.387776845353
id_1,isolated_mean_duration,-0.0030756591630056946,21071.387776845353
id_1,isolated_std_duration,0.07213664002810498,21071.387776845353
id_1,seq_oral_geni___oral_oral_active_count,0.47302468835400807,21071.387776845353
id_1,seq_oral_geni___oral_oral_passive_count,-0.7981713151582318,21071.387776845353
id_1,seq_oral_geni___oral_oral_mean_duration,0.023923218868103016,21071.387776845353
id_1,seq_oral_geni___oral_oral_std_duration,-0.03985245726584838,21071.387776845353
id_1,seq_oral_oral___oral_genital_active_count,-0.570174589727499,21071.387776845353
id_1,seq_oral_oral___oral_genital_passive_count,-1.328026101673347,21071.387776845353
id_1,seq_oral_oral___oral_genital_mean_duration,0.10944577928180454,21071.387776845353
id_1,seq_oral_oral___oral_genital_std_duration,-0.07656360915488987,21071.387776845353
id_2,Approach_active_count,0.8411828820353646,11027.563197208012
id_2,Approach_passive_count,1.152540603729993,11027.563197208012
id_2,Approach_mean_duration,-1.0250922615150042,11027.563197208012
id_2,Approach_std_duration,-0.33197221795650755,11027.563197208012
id_2,Approach_contact_active_count,-0.0003179950967227054,11027.563197208012
id_2,Approach_contact_passive_count,0.21987871120192798,11027.563197208012
id_2,Approach_contact_mean_duration,-0.24168064356803284,11027.563197208012
id_2,Approach_contact_std_duration,0.8273944713696536,11027.563197208012
id_2,Approach_rear_active_count,-1.264803758448242,11027.563197208012
id_2,Approach_rear_passive_count,-0.38781302289779157,11027.563197208012
id_2,Approach_rear_mean_duration,-1.7628431792342,11027.563197208012
id_2,Approach_rear_std_duration,0.2026477086992143,11027.563197208012
id_2,Break_contact_active_count,0.16251420782329126,11027.563197208012
id_2,Break_contact_passive_count,-0.22410781923384676,11027.563197208012
id_2,Break_contact_mean_duration,-0.014551654039030524,11027.563197208012
id_2,Break_contact_std_duration,-0.2960822680770985,11027.563197208012
id_2,Center_Zone_count,-2.2791989417734047,11027.563197208012
id_2,Center_Zone_mean_duration,-1.2742035315264568,11027.563197208012
id_2,Center_Zone_std_duration,0.30943043355372285,11027.563197208012
id_2,Contact_active_count,-0.8329905746497103,11027.563197208012
id_2,Contact_passive_count,-0.8280586291011821,11027.563197208012
id_2,Contact_mean_duration,-0.31908175787070814,11027.563197208012
id_2,Contact_std_duration,-0.9435457771763616,11027.563197208012
id_2,Get_away_active_count,-0.30822013815656246,11027.563197208012
id_2,Get_away_passive_count,0.2488379821349158,11027.563197208012
id_2,Get_away_mean_duration,0.6804808013665703,11027.563197208012
id_2,Get_away_std_duration,0.18568163837322976,11027.563197208012
id_2,Group_3_break_count,-0.6256519157444878,11027.563197208012
id_2,Group_3_break_mean_duration,0.9319391338538852,11027.563197208012
id_2,Group_3_break_std_duration,-0.3797353672484874,11027.563197208012
id_2,Group_3_make_count,-0.9776746695055085,11027.563197208012
id_2,Group_3_make_mean_duration,-0.09518138494122765,11027.563197208012
id_2,Group_3_make_std_duration,-0.41755900564314735,11027.563197208012
id_2,Group_4_break_count,1.0033776032818142,11027.563197208012
id_2,Group_4_break_mean_duration,0.6833385695460295,11027.563197208012
id_2,Group_4_break_std_duration,-0.48282235531806766,11027.563197208012
id_2,Group_4_make_count,1.8620169031860885,11027.563197208012
id_2,Group_4_make_mean_duration,1.1980879974191974,11027.563197208012
id_2,Group_4_make_std_duration,-0.5890501541333267,11027.563197208012
id_2,Group2_active_count,-0.3999303227530848,11027.563197208012
id_2,Group2_passive_count,-0.40573622343999943,11027.563197208012
id_2,Group2_mean_duration,0.053135221962035815,11027.563197208012
id_2,Group2_std_duration,0.03422607663903701,11027.563197208012
id_2,Huddling_count,1.5888856361684085,11027.563197208012
id_2,Huddling_mean_duration,-0.8821125036797531,11027.563197208012
id_2,Huddling_std_duration,0.44721850816820685,11027.563197208012
id_2,Move_in_contact_active_count,1.9424115093889873,11027.563197208012
id_2,Move_in_contact_passive_count,-0.24366663595411714,11027.563197208012
id_2,Move_in_contact_mean_duration,-0.8548946939520697,11027.563197208012
id_2,Move_in_contact_std_duration,-0.7863146235498358,11027.563197208012
id_2,Move_isolated_count,1.906661949850958,11027.563197208012
id_2,Move_isolated_mean_duration,1.426116487419539,11027.563197208012
id_2,Move_isolated_std_duration,-0.16120907070851534,11027.563197208012
id_2,Oral_genital_Contact_active_count,0.12916835037417415,11027.563197208012
id_2,Oral_genital_Contact_passive_count,0.03334465020812755,11027.563197208012
id_2,Oral_genital_Contact_mean_duration,-0.7894957658975683,11027.563197208012
id_2,Oral_genital_Contact_std_duration,0.48419096271017886,11027.563197208012
id_2,Oral_oral_Contact_active_count,0.21483805199463657,11027.563197208012
id_2,Oral_oral_Contact_passive_count,0.21483805199463776,11027.563197208012
id_2,Oral_oral_Contact_mean_duration,1.3007154534335437,11027.563197208012
id_2,Oral_oral_Contact_std_duration,0.5287136139620444,11027.563197208012
id_2,Periphery_Zone_count,-0.33429032321418467,11027.563197208012
id_2,Periphery_Zone_mean_duration,-0.15160404677113584,11027.563197208012
id_2,Periphery_Zone_std_duration,-0.8014916154285116,11027.563197208012
id_2,Rear_at_periphery_count,0.11300639894882492,11027.563197208012
id_2,Rear_at_periphery_mean_duration,-0.19053983147796086,11027.563197208012
id_2,Rear_at_periphery_std_duration,1.3375297384717135,11027.563197208012
id_2,Rear_in_centerWindow_count,0.017170558416679124,11027.563197208012
id_2,Rear_in_centerWindow_mean_duration,0.1876214370000972,11027.563197208012
id_2,Rear_in_centerWindow_std_duration,0.32481746556089813,11027.563197208012
id_2,Rear_in_contact_count,-0.29105570646217516,11027.563197208012
id_2,Rear_in_contact_mean_duration,-0.5535042665820933,11027.563197208012
id_2,Rear_in_contact_std_duration,0.5183251743674974,11027.563197208012
id_2,Rear_isolated_count,-0.13956558941053504,11027.563197208012
id_2,Rear_isolated_mean_duration,-1.4716858968560467,11027.563197208012
id_2,Rear_isolated_std_duration,-1.0891327352829256,11027.563197208012
id_2,Rearing_count,1.1955065931910909,11027.563197208012
id_2,Rearing_mean_duration,0.2711056978617205,11027.563197208012
id_2,Rearing_std_duration,0.7796410886834277,11027.563197208012
id_2,SAP_count,0.1868261073069344,11027.563197208012
id_2,SAP_mean_duration,-1.1823171277624471,11027.563197208012
id_2,SAP_std_duration,0.9970827613774064,11027.563197208012
id_2,Side_by_side_Contact_active_count,0.44813258791595345,11027.563197208012
id_2,Side_by_side_Contact_passive_count,0.44813258791595406,11027.563197208012
id_2,Side_by_side_Contact_mean_duration,1.573588801902906,11027.563197208012
id_2,Side_by_side_Contact_std_duration,-0.9594093416118036,11027.563197208012
id_2,Side_by_side_Contact_opposite_way_active_count,0.5204836122070378,11027.563197208012
id_2,Side_by_side_Contact_opposite_way_passive_count,0.5204836122070362,11027.563197208012
id_2,Side_by_side_Contact_opposite_way_mean_duration,1.0479591145560245,11027.563197208012
id_2,Side_by_side_Contact_opposite_way_std_duration,-1.072547343662929,11027.563197208012
id_2,Social_approach_active_count,-2.069455424851956,11027.563197208012
id_2,Social_approach_passive_count,-2.0037590108041536,11027.563197208012
id_2,Social_approach_mean_duration,-0.10988052344984554,11027.563197208012
id_2,Social_approach_std_duration,0.36260515932216686,11027.563197208012
id_2,Social_escape_active_count,-1.6601454369301087,11027.563197208012
id_2,Social_escape_passive_count,-1.2503447967265342,11027.563197208012
id_2,Social_escape_mean_duration,-0.19393225626598232,11027.563197208012
id_2,Social_escape_std_duration,-0.7817657451170539,11027.563197208012
id_2,Stop_count,0.9339981404898644,11027.563197208012
id_2,Stop_mean_duration,-0.6642804890166228,11027.563197208012
id_2,Stop_std_duration,-0.0757438755242697,11027.563197208012
id_2,Stop_in_contact_active_count,1.6793596972265965,11027.563197208012
id_2,Stop_in_contact_passive_count,-0.8604574291581266,11027.563197208012
id_2,Stop_in_contact_mean_duration,0.9564095128847089,11027.563197208012
id_2,Stop_in_contact_std_duration,1.3414431836392406,11027.563197208012
id_2,Stop_isolated_count,1.3553882025458437,11027.563197208012
id_2,Stop_isolated_mean_duration,0.9628724667610212,11027.563197208012
id_2,Stop_isolated_std_duration,-0.41123607978827154,11027.563197208012
id_2,Train2_active_count,0.2898544615000682,11027.563197208012
id_2,Train2_passive_count,-0.5481760033913695,11027.563197208012
id_2,Train2_mean_duration,-0.08469798825617944,11027.563197208012
id_2,Train2_std_duration,0.09716168429494952,11027.563197208012
id_2,WallJump_count,0.32134503080972293,11027.563197208012
id_2,WallJump_mean_duration,0.24336247753431156,11027.563197208012
id_2,WallJump_std_duration,-0.32136216622358044,11027.563197208012
id_2,isolated_count,0.2696747543554275,11027.563197208012
id_2,isolated_mean_duration,0.5038727514190269,11027.563197208012
id_2,isolated_std_duration,0.05981321648985971,11027.563197208012
id_2,seq_oral_geni___oral_oral_active_count,0.25846500242740705,11027.563197208012
id_2,seq_oral_geni___oral_oral_passive_count,-0.28840465466843607,11027.563197208012
id_2,seq_oral_geni___oral_oral_mean_duration,-0.8473009915847958,11027.563197208012
id_2,seq_oral_geni___oral_oral_std_duration,0.3889407186391938,11027.563197208012
id_2,seq_oral_oral___oral_genital_active_count,1.2990338531105947,11027.563197208012
id_2,seq_oral_oral___oral_genital_passive_count,1.9968706239526535,11027.563197208012
id_2,seq_oral_oral___oral_genital_mean_duration,-1.328060098667398,11027.563197208012
id_2,seq_oral_oral___oral_genital_std_duration,0.18769358001448533,11027.563197208012
id_3,Approach_active_count,-0.19859004936542515,6324.517278653285
id_3,Approach_passive_count,-0.06724564594752017,6324.517278653285
id_3,Approach_mean_duration,0.03804918467417545,6324.517278653285
id_3,Approach_std_duration,0.24851046658699957,6324.517278653285
id_3,Approach_contact_active_count,0.42610610447674185,6324.517278653285
id_3,Approach_contact_passive_count,0.3949848411632725,6324.517278653285
id_3,Approach_contact_mean_duration,0.36879581104330533,6324.517278653285
id_3,Approach_contact_std_duration,1.176527260927766,6324.517278653285
id_3,Approach_rear_active_count,0.4861870730923653,6324.517278653285
id_3,Approach_rear_passive_count,1.2982866420090673,6324.517278653285
id_3,Approach_rear_mean_duration,-2.474385462549255,6324.517278653285
id_3,Approach_rear_std_duration,0.36720189762302957,6324.517278653285
id_3,Break_contact_active_count,-0.20221654813837558,6324.517278653285
id_3,Break_contact_passive_count,0.38138251898505326,6324.517278653285
id_3,Break_contact_mean_duration,0.2512384292317136,6324.517278653285
id_3,Break_contact_std_duration,-0.5145126680182786,6324.517278653285
id_3,Center_Zone_count,-1.0795962554815932,6324.517278653285
id_3,Center_Zone_mean_duration,-1.0598778055463767,6324.517278653285
id_3,Center_Zone_std_duration,-0.4285193693635659,6324.517278653285
id_3,Contact_active_count,0.8314797196615783,6324.517278653285
id_3,Contact_passive_count,0.8301616772980535,6324.517278653285
id_3,Contact_mean_duration,-0.75874341755947,6324.517278653285
id_3,Contact_std_duration,0.21991967565685058,6324.517278653285
id_3,Get_away_active_count,-0.6758794059129561,6324.517278653285
id_3,Get_away_passive_count,-0.5229214848923027,6324.517278653285
id_3,Get_away_mean_duration,-0.7246168236890858,6324.517278653285
id_3,Get_away_std_duration,-0.38491516354319866,6324.517278653285
id_3,Group_3_break_count,-1.3000976690747845,6324.517278653285
id_3,Group_3_break_mean_duration,1.083181144679144,6324.517278653285
id_3,Group_3_break_std_duration,-0.5918002972038838,6324.517278653285
id_3,Group_3_make_count,-2.5840938799114572,6324.517278653285
id_3,Group_3_make_mean_duration,1.239053063824865,6324.517278653285
id_3,Group_3_make_std_duration,-0.21219124740497924,6324.517278653285
id_3,Group_4_break_count,-0.6605941994816689,6324.517278653285
id_3,Group_4_break_mean_duration,-1.2455460835751349,6324.517278653285
id_3,Group_4_break_std_duration,0.01983452218201096,6324.517278653285
id_3,Group_4_make_count,-1.2565308981120458,6324.517278653285
id_3,Group_4_make_mean_duration,-2.468267645849878,6324.517278653285
id_3,Group_4_make_std_duration,1.8126036438328839,6324.517278653285
id_3,Group2_active_count,0.36629145514370237,6324.517278653285
id_3,Group2_passive_count,0.3702016121096403,6324.517278653285
id_3,Group2_mean_duration,-1.7537500485355957,6324.517278653285
id_3,Group2_std_duration,0.7230150668030392,6324.517278653285
id_3,Huddling_count,-1.9408960754267839,6324.517278653285
id_3,Huddling_mean_duration,-1.0626140486908189,6324.517278653285
id_3,Huddling_std_duration,0.5677117435488772,6324.517278653285
id_3,Move_in_contact_active_count,0.9283434000413144,6324.517278653285
id_3,Move_in_contact_passive_count,-0.13002441015847854,6324.517278653285
id_3,Move_in_contact_mean_duration,-0.28996851126392115,6324.517278653285
id_3,Move_in_contact_std_duration,1.1871338946741568,6324.517278653285
id_3,Move_isolated_count,0.32337574975243494,6324.517278653285
id_3,Move_isolated_mean_duration,-0.3336039205895381,6324.517278653285
id_3,Move_isolated_std_duration,0.027692176495581276,6324.517278653285
id_3,Oral_genital_Contact_active_count,-0.5216189556429581,6324.517278653285
id_3,Oral_genital_Contact_passive_count,-0.2132234171134744,6324.517278653285
id_3,Oral_genital_Contact_mean_duration,0.24265706867238965,6324.517278653285
id_3,Oral_genital_Contact_std_duration,-0.09757114270250011,6324.517278653285
id_3,Oral_oral_Contact_active_count,0.38782490181178153,6324.517278653285
id_3,Oral_oral_Contact_passive_count,0.38782490181178053,6324.517278653285
id_3,Oral_oral_Contact_mean_duration,0.4454165509443806,6324.517278653285
id_3,Oral_oral_Contact_std_duration,0.23322443148689978,6324.517278653285
id_3,Periphery_Zone_count,-1.0473802790317899,6324.517278653285
id_3,Periphery_Zone_mean_duration,0.5981377751624947,6324.517278653285
id_3,Periphery_Zone_std_duration,-1.344290460175083,6324.517278653285
id_3,Rear_at_periphery_count,-0.8353100734158685,6324.517278653285
id_3,Rear_at_periphery_mean_duration,1.015044410470874,6324.517278653285
id_3,Rear_at_periphery_std_duration,-0.07717647026416968,6324.517278653285
id_3,Rear_in_centerWindow_count,-0.1423526776865934,6324.517278653285
id_3,Rear_in_centerWindow_mean_duration,0.6729802742974552,6324.517278653285
id_3,Rear_in_centerWindow_std_duration,-0.34564488689946893,6324.517278653285
id_3,Rear_in_contact_count,0.2649924042150597,6324.517278653285
id_3,Rear_in_contact_mean_duration,0.22275133774923672,6324.517278653285
id_3,Rear_in_contact_std_duration,0.3597270060607403,6324.517278653285
id_3,Rear_isolated_count,-0.606752111110724,6324.517278653285
id_3,Rear_isolated_mean_duration,0.16035026970061825,6324.517278653285
id_3,Rear_isolated_std_duration,-0.20476929031496707,6324.517278653285
id_3,Rearing_count,1.3700762747433346,6324.517278653285
id_3,Rearing_mean_duration,1.5193318242287641,6324.517278653285
id_3,Rearing_std_duration,0.12366538597918399,6324.517278653285
id_3,SAP_count,-1.3796072334859322,6324.517278653285
id_3,SAP_mean_duration,0.3375140101987955,6324.517278653285
id_3,SAP_std_duration,0.10167476825719783,6324.517278653285
id_3,Side_by_side_Contact_active_count,-0.2823470527039767,6324.517278653285
id_3,Side_by_side_Contact_passive_count,-0.28234705270397614,6324.517278653285
id_3,Side_by_side_Contact_mean_duration,1.6559486749307855,6324.517278653285
id_3,Side_by_side_Contact_std_duration,-0.45627988258567964,6324.517278653285
id_3,Side_by_side_Contact_opposite_way_active_count,-0.6065473936750619,6324.517278653285
id_3,Side_by_side_Contact_opposite_way_passive_count,-0.6065473936750623,6324.517278653285
id_3,Side_by_side_Contact_opposite_way_mean_duration,0.15040759661054445,6324.517278653285
id_3,Side_by_side_Contact_opposite_way_std_duration,-0.43282881396925305,6324.517278653285
id_3,Social_approach_active_count,1.8496242475764957,6324.517278653285
id_3,Social_approach_passive_count,1.9150133906732847,6324.517278653285
id_3,Social_approach_mean_duration,-0.1143717425292712,6324.517278653285
id_3,Social_approach_std_duration,0.18260791281209826,6324.517278653285
id_3,Social_escape_active_count,1.5480821927188195,6324.517278653285
id_3,Social_escape_passive_count,1.299573605024622,6324.517278653285
id_3,Social_escape_mean_duration,-0.07567613839910946,6324.517278653285
id_3,Social_escape_std_duration,-1.1349297857564835,6324.517278653285
id_3,Stop_count,-0.855434823570017,6324.517278653285
id_3,Stop_mean_duration,0.9259737116300913,6324.517278653285
id_3,Stop_std_duration,-1.2805819456986784,6324.517278653285
id_3,Stop_in_contact_active_count,0.9701825974467997,6324.517278653285
id_3,Stop_in_contact_passive_count,-0.1024697835351434,6324.517278653285
id_3,Stop_in_contact_mean_duration,-1.3181344273968143,6324.517278653285
id_3,Stop_in_contact_std_duration,-0.6792584466636578,6324.517278653285
id_3,Stop_isolated_count,0.5866917051159869,6324.517278653285
id_3,Stop_isolated_mean_duration,-0.06056403318763062,6324.517278653285
id_3,Stop_isolated_std_duration,0.8824827142249512,6324.517278653285
id_3,Train2_active_count,-0.015658102864993962,6324.517278653285
id_3,Train2_passive_count,-0.1494813851916872,6324.517278653285
id_3,Train2_mean_duration,-0.24753978690428471,6324.517278653285
id_3,Train2_std_duration,0.30826059226858227,6324.517278653285
id_3,WallJump_count,-0.05968553817365466,6324.517278653285
id_3,WallJump_mean_duration,0.2845948379927526,6324.517278653285
id_3,WallJump_std_duration,-0.2051195688929154,6324.517278653285
id_3,isolated_count,0.16036725730657173,6324.517278653285
id_3,isolated_mean_duration,0.3763051074984627,6324.517278653285
id_3,isolated_std_duration,-0.638390774860826,6324.517278653285
id_3,seq_oral_geni___oral_oral_active_count,0.752753149258711,6324.517278653285
id_3,seq_oral_geni___oral_oral_passive_count,-0.5713132222392149,6324.517278653285
id_3,seq_oral_geni___oral_oral_mean_duration,-0.1551470198393381,6324.517278653285
id_3,seq_oral_geni___oral_oral_std_duration,0.3446970998404103,6324.517278653285
id_3,seq_oral_oral___oral_genital_active_count,1.4727026242184074,6324.517278653285
id_3,seq_oral_oral___oral_genital_passive_count,0.9773716689657742,6324.517278653285
id_3,seq_oral_oral___oral_genital_mean_duration,-0.08009051733072338,6324.517278653285
id_3,seq_oral_oral___oral_genital_std_duration,0.0806806008826106,6324.517278653285
id_4,Approach_active_count,-0.3809487221287966,4083.442346108087
id_4,Approach_passive_count,0.8204943675553826,4083.442346108087
id_4,Approach_mean_duration,0.485121042658777,4083.442346108087
id_4,Approach_std_duration,0.45917281920853187,4083.442346108087
id_4,Approach_contact_active_count,-0.17439534376589694,4083.442346108087
id_4,Approach_contact_passive_count,-0.588063679915797,4083.442346108087
id_4,Approach_contact_mean_duration,-0.6491795339649538,4083.442346108087
id_4,Approach_contact_std_duration,1.2268478163941443,4083.442346108087
id_4,Approach_rear_active_count,0.020565955287419075,4083.442346108087
id_4,Approach_rear_passive_count,-0.5093317854538622,4083.442346108087
id_4,Approach_rear_mean_duration,-0.015478529576503905,4083.442346108087
id_4,Approach_rear_std_duration,0.028070385784872528,4083.442346108087
id_4,Break_contact_active_count,0.073773847395095,4083.442346108087
id_4,Break_contact_passive_count,0.8081841458895549,4083.442346108087
id_4,Break_contact_mean_duration,0.6195279730778309,4083.442346108087
id_4,Break_contact_std_duration,0.030655383309770256,4083.442346108087
id_4,Center_Zone_count,1.388760327065385,4083.442346108087
id_4,Center_Zone_mean_duration,-1.3891737618457058,4083.442346108087
id_4,Center_Zone_std_duration,1.014260760083508,4083.442346108087
id_4,Contact_active_count,-0.30603710447012217,4083.442346108087
id_4,Contact_passive_count,-0.30563983048500026,4083.442346108087
id_4,Contact_mean_duration,1.0313157293866848,4083.442346108087
id_4,Contact_std_duration,-0.1366908050736006,4083.442346108087
id_4,Get_away_active_count,0.5680921430493097,4083.442346108087
id_4,Get_away_passive_count,0.303345820661022,4083.442346108087
id_4,Get_away_mean_duration,0.6951514848900662,4083.442346108087
id_4,Get_away_std_duration,-0.05518136397512839,4083.442346108087
id_4,Group_3_break_count,-2.257002413311811,4083.442346108087
id_4,Group_3_break_mean_duration,0.2918258104738731,4083.442346108087
id_4,Group_3_break_std_duration,1.1274404464461616,4083.442346108087
id_4,Group_3_make_count,-3.456593690299762,4083.442346108087
id_4,Group_3_make_mean_duration,0.3042352515684117,4083.442346108087
id_4,Group_3_make_std_duration,-0.8156256963186259,4083.442346108087
id_4,Group_4_break_count,-0.370210493167321,4083.442346108087
id_4,Group_4_break_mean_duration,0.19406652093161755,4083.442346108087
id_4,Group_4_break_std_duration,-1.0760234715236907,4083.442346108087
id_4,Group_4_make_count,1.6894499264336198,4083.442346108087
id_4,Group_4_make_mean_duration,-0.024443609172189667,4083.442346108087
id_4,Group_4_make_std_duration,0.6727084009406755,4083.442346108087
id_4,Group2_active_count,-0.08374234935709166,4083.442346108087
id_4,Group2_passive_count,-0.08371146235154857,4083.442346108087
id_4,Group2_mean_duration,1.5787007888582614,4083.442346108087
id_4,Group2_std_duration,-0.6682230527876551,4083.442346108087
id_4,Huddling_count,0.20570366590334277,4083.442346108087
id_4,Huddling_mean_duration,-0.8897607342465059,4083.442346108087
id_4,Huddling_std_duration,0.34863127837336294,4083.442346108087
id_4,Move_in_contact_active_count,0.8418806724084993,4083.442346108087
id_4,Move_in_contact_passive_count,-0.8813476570578909,4083.442346108087
id_4,Move_in_contact_mean_duration,0.6357419049354084,4083.442346108087
id_4,Move_in_contact_std_duration,-0.8212104452165149,4083.442346108087
id_4,Move_isolated_count,1.1778355962402374,4083.442346108087
id_4,Move_isolated_mean_duration,0.941906789933285,4083.442346108087
id_4,Move_isolated_std_duration,-0.630523415872567,4083.442346108087
id_4,Oral_genital_Contact_active_count,-0.23663561281704315,4083.442346108087
id_4,Oral_genital_Contact_passive_count,-0.622382110233198,4083.442346108087
id_4,Oral_genital_Contact_mean_duration,-0.7029722725098085,4083.442346108087
id_4,Oral_genital_Contact_std_duration,0.3024413610882133,4083.442346108087
id_4,Oral_oral_Contact_active_count,-0.06327944919525287,4083.442346108087
id_4,Oral_oral_Contact_passive_count,-0.06327944919525197,4083.442346108087
id_4,Oral_oral_Contact_mean_duration,-0.14332493361786436,4083.442346108087
id_4,Oral_oral_Contact_std_duration,-0.45763529870790054,4083.442346108087
id_4,Periphery_Zone_count,1.8166734538011355,4083.442346108087
id_4,Periphery_Zone_mean_duration,-1.7390468821559322,4083.442346108087
id_4,Periphery_Zone_std_duration,0.5098237662331981,4083.442346108087
id_4,Rear_at_periphery_count,-0.19001330949193082,4083.442346108087
id_4,Rear_at_periphery_mean_duration,1.2128027775682473,4083.442346108087
id_4,Rear_at_periphery_std_duration,0.15989709770626742,4083.442346108087
id_4,Rear_in_centerWindow_count,-1.419389799566894,4083.442346108087
id_4,Rear_in_centerWindow_mean_duration,0.3044195275074515,4083.442346108087
id_4,Rear_in_centerWindow_std_duration,0.10144951168732426,4083.442346108087
id_4,Rear_in_contact_count,-1.070215110532382,4083.442346108087
id_4,Rear_in_contact_mean_duration,-0.05730695691817864,4083.442346108087
id_4,Rear_in_contact_std_duration,0.4323016820655405,4083.442346108087
id_4,Rear_isolated_count,-0.6281279705349505,4083.442346108087
id_4,Rear_isolated_mean_duration,1.5209123377324167,4083.442346108087
id_4,Rear_isolated_std_duration,-1.0767583796837732,4083.442346108087
id_4,Rearing_count,-1.9393071928630825,4083.442346108087
id_4,Rearing_mean_duration,-0.5257398069876991,4083.442346108087
id_4,Rearing_std_duration,0.1759162510460387,4083.442346108087
id_4,SAP_count,1.0627296939472382,4083.442346108087
id_4,SAP_mean_duration,-0.3899327282840906,4083.442346108087
id_4,SAP_std_duration,0.14312941817535035,4083.442346108087
id_4,Side_by_side_Contact_active_count,-0.6368488494907266,4083.442346108087
id_4,Side_by_side_Contact_passive_count,-0.6368488494907268,4083.442346108087
id_4,Side_by_side_Contact_mean_duration,-0.6423530796753905,4083.442346108087
id_4,Side_by_side_Contact_std_duration,0.5205371508016241,4083.442346108087
id_4,Side_by_side_Contact_opposite_way_active_count,-0.6204771180949196,4083.442346108087
id_4,Side_by_side_Contact_opposite_way_passive_count,-0.6204771180949188,4083.442346108087
id_4,Side_by_side_Contact_opposite_way_mean_duration,-2.0898678842159577,4083.442346108087
id_4,Side_by_side_Contact_opposite_way_std_duration,0.7653431143645419,4083.442346108087
id_4,Social_approach_active_count,0.718156620070744,4083.442346108087
id_4,Social_approach_passive_count,0.6950689191681009,4083.442346108087
id_4,Social_approach_mean_duration,0.33610418907406586,4083.442346108087
id_4,Social_approach_std_duration,-0.6640671254860845,4083.442346108087
id_4,Social_escape_active_count,0.5314860167152768,4083.442346108087
id_4,Social_escape_passive_count,0.6640549548350273,4083.442346108087
id_4,Social_escape_mean_duration,0.5833927906790458,4083.442346108087
id_4,Social_escape_std_duration,0.7758657920678302,4083.442346108087
id_4,Stop_count,-0.6619895915179251,4083.442346108087
id_4,Stop_mean_duration,0.536729150660246,4083.442346108087
id_4,Stop_std_duration,0.1058844760456088,4083.442346108087
id_4,Stop_in_contact_active_count,1.4283366539224116,4083.442346108087
id_4,Stop_in_contact_passive_count,-0.2999937590362507,4083.442346108087
id_4,Stop_in_contact_mean_duration,-0.04178557473004113,4083.442346108087
id_4,Stop_in_contact_std_duration,-0.6361908873941025,4083.442346108087
id_4,Stop_isolated_count,1.3063853059076012,4083.442346108087
id_4,Stop_isolated_mean_duration,-0.030470222539442926,4083.442346108087
id_4,Stop_isolated_std_duration,0.4127620033109175,4083.442346108087
id_4,Train2_active_count,0.11525102479919398,4083.442346108087
id_4,Train2_passive_count,0.7009671720727733,4083.442346108087
id_4,Train2_mean_duration,0.3599622306768108,4083.442346108087
id_4,Train2_std_duration,-0.22442923992861988,4083.442346108087
id_4,WallJump_count,0.03136410624229109,4083.442346108087
id_4,WallJump_mean_duration,0.007355228416720064,4083.442346108087
id_4,WallJump_std_duration,-0.07420135032187841,4083.442346108087
id_4,isolated_count,-0.8103457991104986,4083.442346108087
id_4,isolated_mean_duration,-2.122057524465917,4083.442346108087
id_4,isolated_std_duration,0.39385698007306874,4083.442346108087
id_4,seq_oral_geni___oral_oral_active_count,-0.7046415071709388,4083.442346108087
id_4,seq_oral_geni___oral_oral_passive_count,1.6116354477325627,4083.442346108087
id_4,seq_oral_geni___oral_oral_mean_duration,-0.15598690196351928,4083.442346108087
id_4,seq_oral_geni___oral_oral_std_duration,-0.3761498747469993,4083.442346108087
id_4,seq_oral_oral___oral_genital_active_count,-1.5954680725132182,4083.442346108087
id_4,seq_oral_oral___oral_genital_passive_count,0.868166401983773,4083.442346108087
id_4,seq_oral_oral___oral_genital_mean_duration,1.2512547716322626,4083.442346108087
id_4,seq_oral_oral___oral_genital_std_duration,-0.15755732031100406,4083.442346108087
id_5,Approach_active_count,0.3461385389462531,3036.046556098106
id_5,Approach_passive_count,-1.246242943573664,3036.046556098106
id_5,Approach_mean_duration,-0.7829279432034014,3036.046556098106
id_5,Approach_std_duration,-0.07760563897251535,3036.046556098106
id_5,Approach_contact_active_count,0.5242947495873251,3036.046556098106
id_5,Approach_contact_passive_count,-0.06813855021390296,3036.046556098106
id_5,Approach_contact_mean_duration,-1.6761329519380563,3036.046556098106
id_5,Approach_contact_std_duration,-0.3861920986534267,3036.046556098106
id_5,Approach_rear_active_count,0.7082892126026282,3036.046556098106
id_5,Approach_rear_passive_count,0.828745476287271,3036.046556098106
id_5,Approach_rear_mean_duration,-0.6493515008687635,3036.046556098106
id_5,Approach_rear_std_duration,0.44002213688622144,3036.046556098106
id_5,Break_contact_active_count,1.139857553070704,3036.046556098106
id_5,Break_contact_passive_count,0.10368334645060873,3036.046556098106
id_5,Break_contact_mean_duration,0.30382357131211307,3036.046556098106
id_5,Break_contact_std_duration,0.4477214164749626,3036.046556098106
id_5,Center_Zone_count,-0.11903215941699015,3036.046556098106
id_5,Center_Zone_mean_duration,0.7381991650972842,3036.046556098106
id_5,Center_Zone_std_duration,-0.28194389148970445,3036.046556098106
id_5,Contact_active_count,-0.1438317014845868,3036.046556098106
id_5,Contact_passive_count,-0.12803889984136999,3036.046556098106
id_5,Contact_mean_duration,-0.2080496415404821,3036.046556098106
id_5,Contact_std_duration,-1.8411216803300372,3036.046556098106
id_5,Get_away_active_count,0.25999020630512104,3036.046556098106
id_5,Get_away_passive_count,-0.3661671252027654,3036.046556098106
id_5,Get_away_mean_duration,-0.027292239300336977,3036.046556098106
id_5,Get_away_std_duration,1.1760537387193406,3036.046556098106
id_5,Group_3_break_count,-1.6104211771928152,3036.046556098106
id_5,Group_3_break_mean_duration,-0.1676137823598424,3036.046556098106
id_5,Group_3_break_std_duration,0.51465502571319,3036.046556098106
id_5,Group_3_make_count,-0.6516378932614341,3036.046556098106
id_5,Group_3_make_mean_duration,-0.2375224584128091,3036.046556098106
id_5,Group_3_make_std_duration,0.18239914792636563,3036.046556098106
id_5,Group_4_break_count,0.6673446119029677,3036.046556098106
id_5,Group_4_break_mean_duration,-1.6423748126237647,3036.046556098106
id_5,Group_4_break_std_duration,0.2652785092284506,3036.046556098106
id_5,Group_4_make_count,-0.10676338269334747,3036.046556098106
id_5,Group_4_make_mean_duration,0.9432734867925668,3036.046556098106
id_5,Group_4_make_std_duration,-0.17014892595932618,3036.046556098106
id_5,Group2_active_count,0.3504985428994231,3036.046556098106
id_5,Group2_passive_count,0.34728451267943306,3036.046556098106
id_5,Group2_mean_duration,-0.15918954378456646,3036.046556098106
id_5,Group2_std_duration,1.3126785883579521,3036.046556098106
id_5,Huddling_count,2.3391373876664896,3036.046556098106
id_5,Huddling_mean_duration,0.09396973598089708,3036.046556098106
id_5,Huddling_std_duration,-0.11434125987353644,3036.046556098106
id_5,Move_in_contact_active_count,0.06843571932229241,3036.046556098106
id_5,Move_in_contact_passive_count,-0.04999762490985092,3036.046556098106
id_5,Move_in_contact_mean_duration,-0.15398947079148653,3036.046556098106
id_5,Move_in_contact_std_duration,-1.8016696140391038,3036.046556098106
id_5,Move_isolated_count,0.608867695998809,3036.046556098106
id_5,Move_isolated_mean_duration,-1.5504743374850893,3036.046556098106
id_5,Move_isolated_std_duration,0.219785239543699,3036.046556098106
id_5,Oral_genital_Contact_active_count,0.1154686234446936,3036.046556098106
id_5,Oral_genital_Contact_passive_count,0.2002306052004899,3036.046556098106
id_5,Oral_genital_Contact_mean_duration,0.7368039308473766,3036.046556098106
id_5,Oral_genital_Contact_std_duration,0.1695835023860634,3036.046556098106
id_5,Oral_oral_Contact_active_count,-0.18285309528645333,3036.046556098106
id_5,Oral_oral_Contact_passive_count,-0.18285309528645347,3036.046556098106
id_5,Oral_oral_Contact_mean_duration,0.809114457738546,3036.046556098106
id_5,Oral_oral_Contact_std_duration,-0.46907904976247,3036.046556098106
id_5,Periphery_Zone_count,-0.7805731824783462,3036.046556098106
id_5,Periphery_Zone_mean_duration,0.931757597110358,3036.046556098106
id_5,Periphery_Zone_std_duration,-1.1550179019044722,3036.046556098106
id_5,Rear_at_periphery_count,1.0247982151069317,3036.046556098106
id_5,Rear_at_periphery_mean_duration,-1.006241210236524,3036.046556098106
id_5,Rear_at_periphery_std_duration,0.5202050370195899,3036.046556098106
id_5,Rear_in_centerWindow_count,1.5880458749026263,3036.046556098106
id_5,Rear_in_centerWindow_mean_duration,-0.314474732430289,3036.046556098106
id_5,Rear_in_centerWindow_std_duration,0.1954926549873342,3036.046556098106
id_5,Rear_in_contact_count,1.5406205900290584,3036.046556098106
id_5,Rear_in_contact_mean_duration,1.0223713333046176,3036.046556098106
id_5,Rear_in_contact_std_duration,-0.004852023320891524,3036.046556098106
id_5,Rear_isolated_count,1.428140258994209,3036.046556098106
id_5,Rear_isolated_mean_duration,-0.38091792715658895,3036.046556098106
id_5,Rear_isolated_std_duration,0.200121194509584,3036.046556098106
id_5,Rearing_count,-0.15417085547319398,3036.046556098106
id_5,Rearing_mean_duration,-0.7941869275046313,3036.046556098106
id_5,Rearing_std_duration,0.6239653720587355,3036.046556098106
id_5,SAP_count,-0.2322411644391796,3036.046556098106
id_5,SAP_mean_duration,-0.4189773731286967,3036.046556098106
id_5,SAP_std_duration,-0.14341054522463417,3036.046556098106
id_5,Side_by_side_Contact_active_count,-1.8207423502199584,3036.046556098106
id_5,Side_by_side_Contact_passive_count,-1.8207423502199587,3036.046556098106
id_5,Side_by_side_Contact_mean_duration,-2.5840568249251867,3036.046556098106
id_5,Side_by_side_Contact_std_duration,0.310845997123066,3036.046556098106
id_5,Side_by_side_Contact_opposite_way_active_count,-1.607865453504799,3036.046556098106
id_5,Side_by_side_Contact_opposite_way_passive_count,-1.607865453504799,3036.046556098106
id_5,Side_by_side_Contact_opposite_way_mean_duration,-0.12699058381288506,3036.046556098106
id_5,Side_by_side_Contact_opposite_way_std_duration,0.5770308372794978,3036.046556098106
id_5,Social_approach_active_count,0.3705817706351257,3036.046556098106
id_5,Social_approach_passive_count,-0.006902830113763565,3036.046556098106
id_5,Social_approach_mean_duration,-0.48262420685947977,3036.046556098106
id_5,Social_approach_std_duration,0.8465182314895238,3036.046556098106
id_5,Social_escape_active_count,-0.0536953560888199,3036.046556098106
id_5,Social_escape_passive_count,-0.7159519421614806,3036.046556098106
id_5,Social_escape_mean_duration,-2.20346143446695,3036.046556098106
id_5,Social_escape_std_duration,1.048994395587232,3036.046556098106
id_5,Stop_count,-0.9697534496497316,3036.046556098106
id_5,Stop_mean_duration,0.3654195825954228,3036.046556098106
id_5,Stop_std_duration,0.1789294541057462,3036.046556098106
id_5,Stop_in_contact_active_count,0.4872578806455926,3036.046556098106
id_5,Stop_in_contact_passive_count,0.5224598913471948,3036.046556098106
id_5,Stop_in_contact_mean_duration,-0.3683591429461489,3036.046556098106
id_5,Stop_in_contact_std_duration,0.4583133710465953,3036.046556098106
id_5,Stop_isolated_count,0.6158311171051178,3036.046556098106
id_5,Stop_isolated_mean_duration,-0.5624702451479808,3036.046556098106
id_5,Stop_isolated_std_duration,0.9881199704138858,3036.046556098106
id_5,Train2_active_count,0.8387423924291894,3036.046556098106
id_5,Train2_passive_count,-0.25007051200075364,3036.046556098106
id_5,Train2_mean_duration,-0.5144038446574641,3036.046556098106
id_5,Train2_std_duration,0.5885853545166554,3036.046556098106
id_5,WallJump_count,0.18401512333244238,3036.046556098106
id_5,WallJump_mean_duration,-0.7903677129093963,3036.046556098106
id_5,WallJump_std_duration,0.5398508289178083,3036.046556098106
id_5,isolated_count,-2.0758006888547547,3036.046556098106
id_5,isolated_mean_duration,0.3157474231351596,3036.046556098106
id_5,isolated_std_duration,-0.5192119350887563,3036.046556098106
id_5,seq_oral_geni___oral_oral_active_count,0.7369907390405566,3036.046556098106
id_5,seq_oral_geni___oral_oral_passive_count,1.0714856388488407,3036.046556098106
id_5,seq_oral_geni___oral_oral_mean_duration,0.3236689321654862,3036.046556098106
id_5,seq_oral_geni___oral_oral_std_duration,-0.011842726773620584,3036.046556098106
id_5,seq_oral_oral___oral_genital_active_count,0.9665335478143875,3036.046556098106
id_5,seq_oral_oral___oral_genital_passive_count,0.47506514440128816,3036.046556098106
id_5,seq_oral_oral___oral_genital_mean_duration,0.7288538656049015,3036.046556098106
id_5,seq_oral_oral___oral_genital_std_duration,0.23582916053647615,3036.046556098106
id_6,Approach_active_count,-1.1117526288892903,1550.3748708519865
id_6,Approach_passive_count,-1.1157066021901685,1550.3748708519865
id_6,Approach_mean_duration,0.5983968177365832,1550.3748708519865
id_6,Approach_std_duration,1.2930755516844006,1550.3748708519865
id_6,Approach_contact_active_count,1.5235887714530594,1550.3748708519865
id_6,Approach_contact_passive_count,0.7545126471312055,1550.3748708519865
id_6,Approach_contact_mean_duration,-0.13741173219738237,1550.3748708519865
id_6,Approach_contact_std_duration,0.6605049160362787,1550.3748708519865
id_6,Approach_rear_active_count,-1.1870355670685864,1550.3748708519865
id_6,Approach_rear_passive_count,-0.306444472356548,1550.3748708519865
id_6,Approach_rear_mean_duration,0.38383502171466327,1550.3748708519865
id_6,Approach_rear_std_duration,-0.03852259080735321,1550.3748708519865
id_6,Break_contact_active_count,-0.6360133344106266,1550.3748708519865
id_6,Break_contact_passive_count,0.610210947494808,1550.3748708519865
id_6,Break_contact_mean_duration,-0.04539188486216987,1550.3748708519865
id_6,Break_contact_std_duration,-0.007672622396241562,1550.3748708519865
id_6,Center_Zone_count,-0.4831316433415264,1550.3748708519865
id_6,Center_Zone_mean_duration,2.086042187100062,1550.3748708519865
id_6,Center_Zone_std_duration,-0.23316552313022829,1550.3748708519865
id_6,Contact_active_count,-0.024443917917382235,1550.3748708519865
id_6,Contact_passive_count,-0.03909125299168859,1550.3748708519865
id_6,Contact_mean_duration,-1.3071884254636306,1550.3748708519865
id_6,Contact_std_duration,-0.10898542957260825,1550.3748708519865
id_6,Get_away_active_count,0.12834029965617327,1550.3748708519865
id_6,Get_away_passive_count,0.495713240636632,1550.3748708519865
id_6,Get_away_mean_duration,1.08497494159523,1550.3748708519865
id_6,Get_away_std_duration,1.4789829906651892,1550.3748708519865
id_6,Group_3_break_count,0.8705023344687349,1550.3748708519865
id_6,Group_3_break_mean_duration,0.25096921988289284,1550.3748708519865
id_6,Group_3_break_std_duration,0.23841822558415116,1550.3748708519865
id_6,Group_3_make_count,-0.23015455325077627,1550.3748708519865
id_6,Group_3_make_mean_duration,-1.089453233379314,1550.3748708519865
id_6,Group_3_make_std_duration,0.042719179471908446,1550.3748708519865
id_6,Group_4_break_count,-1.014424579057945,1550.3748708519865
id_6,Group_4_break_mean_duration,0.3964519950171693,1550.3748708519865
id_6,Group_4_break_std_duration,-0.12899793205857998,1550.3748708519865
id_6,Group_4_make_count,0.10546855359332856,1550.3748708519865
id_6,Group_4_make_mean_duration,0.23211125771409785,1550.3748708519865
id_6,Group_4_make_std_duration,0.04147476385930428,1550.3748708519865
id_6,Group2_active_count,0.7725814546683061,1550.3748708519865
id_6,Group2_passive_count,0.7712141829487297,1550.3748708519865
id_6,Group2_mean_duration,-0.49721848889192816,1550.3748708519865
id_6,Group2_std_duration,1.5062402325223978,1550.3748708519865
id_6,Huddling_count,1.6425695273655239,1550.3748708519865
id_6,Huddling_mean_duration,-1.8208555028924809,1550.3748708519865
id_6,Huddling_std_duration,1.0018948938528323,1550.3748708519865
id_6,Move_in_contact_active_count,-0.17496217263558622,1550.3748708519865
id_6,Move_in_contact_passive_count,0.42937501510683684,1550.3748708519865
id_6,Move_in_contact_mean_duration,-1.513540333094652,1550.3748708519865
id_6,Move_in_contact_std_duration,0.08296778387056049,1550.3748708519865
id_6,Move_isolated_count,0.0404123682828248,1550.3748708519865
id_6,Move_isolated_mean_duration,0.5636994758049869,1550.3748708519865
id_6,Move_isolated_std_duration,-0.18578345253495163,1550.3748708519865
id_6,Oral_genital_Contact_active_count,-0.6397286567065789,1550.3748708519865
id_6,Oral_genital_Contact_passive_count,-0.02766948002448819,1550.3748708519865
id_6,Oral_genital_Contact_mean_duration,0.9529320840274526,1550.3748708519865
id_6,Oral_genital_Contact_std_duration,0.19942219592886498,1550.3748708519865
id_6,Oral_oral_Contact_active_count,0.6450270592201188,1550.3748708519865
id_6,Oral_oral_Contact_passive_count,0.6450270592201147,1550.3748708519865
id_6,Oral_oral_Contact_mean_duration,0.18043674190430734,1550.3748708519865
id_6,Oral_oral_Contact_std_duration,0.27764934494640514,1550.3748708519865
id_6,Periphery_Zone_count,-0.2907540494711946,1550.3748708519865
id_6,Periphery_Zone_mean_duration,0.13405188369746118,1550.3748708519865
id_6,Periphery_Zone_std_duration,0.34640434263903114,1550.3748708519865
id_6,Rear_at_periphery_count,0.37758106522749757,1550.3748708519865
id_6,Rear_at_periphery_mean_duration,1.0757817259528448,1550.3748708519865
id_6,Rear_at_periphery_std_duration,-0.3411283291669498,1550.3748708519865
id_6,Rear_in_centerWindow_count,-2.761155957126516,1550.3748708519865
id_6,Rear_in_centerWindow_mean_duration,0.7143298129745559,1550.3748708519865
id_6,Rear_in_centerWindow_std_duration,-0.49659145202368316,1550.3748708519865
id_6,Rear_in_contact_count,1.083943251087489,1550.3748708519865
id_6,Rear_in_contact_mean_duration,-0.5316027747754056,1550.3748708519865
id_6,Rear_in_contact_std_duration,-0.37466548546453116,1550.3748708519865
id_6,Rear_isolated_count,0.06996737786334659,1550.3748708519865
id_6,Rear_isolated_mean_duration,-0.15713330360523556,1550.3748708519865
id_6,Rear_isolated_std_duration,-0.13683948609367422,1550.3748708519865
id_6,Rearing_count,1.2842947572916883,1550.3748708519865
id_6,Rearing_mean_duration,0.5834299390322412,1550.3748708519865
id_6,Rearing_std_duration,0.10066528743775877,1550.3748708519865
id_6,SAP_count,0.6166026609198942,1550.3748708519865
id_6,SAP_mean_duration,0.4040393865141402,1550.3748708519865
id_6,SAP_std_duration,-0.9335961449266362,1550.3748708519865
id_6,Side_by_side_Contact_active_count,-0.10465706951817734,1550.3748708519865
id_6,Side_by_side_Contact_passive_count,-0.10465706951817695,1550.3748708519865
id_6,Side_by_side_Contact_mean_duration,0.5795728421899666,1550.3748708519865
id_6,Side_by_side_Contact_std_duration,0.11080304478417283,1550.3748708519865
id_6,Side_by_side_Contact_opposite_way_active_count,-0.7834422246561545,1550.3748708519865
id_6,Side_by_side_Contact_opposite_way_passive_count,-0.7834422246561539,1550.3748708519865
id_6,Side_by_side_Contact_opposite_way_mean_duration,-0.7071143784254112,1550.3748708519865
id_6,Side_by_side_Contact_opposite_way_std_duration,0.6960704177081768,1550.3748708519865
id_6,Social_approach_active_count,-0.6098496675606503,1550.3748708519865
id_6,Social_approach_passive_count,-0.5490048171202951,1550.3748708519865
id_6,Social_approach_mean_duration,-2.1084430616630976,1550.3748708519865
id_6,Social_approach_std_duration,-4.118484830633544,1550.3748708519865
id_6,Social_escape_active_count,-0.34796846499978773,1550.3748708519865
id_6,Social_escape_passive_count,-0.45498278666078606,1550.3748708519865
id_6,Social_escape_mean_duration,-0.010134704394523335,1550.3748708519865
id_6,Social_escape_std_duration,0.6903512424771291,1550.3748708519865
id_6,Stop_count,-0.558024742545577,1550.3748708519865
id_6,Stop_mean_duration,0.21580310655195453,1550.3748708519865
id_6,Stop_std_duration,0.08603892816896658,1550.3748708519865
id_6,Stop_in_contact_active_count,-0.41268321246294376,1550.3748708519865
id_6,Stop_in_contact_passive_count,0.2990797063585635,1550.3748708519865
id_6,Stop_in_contact_mean_duration,-1.3738560862862321,1550.3748708519865
id_6,Stop_in_contact_std_duration,0.12386437900318532,1550.3748708519865
id_6,Stop_isolated_count,-0.6256069939300363,1550.3748708519865
id_6,Stop_isolated_mean_duration,1.296740920749473,1550.3748708519865
id_6,Stop_isolated_std_duration,-0.40324583292554583,1550.3748708519865
id_6,Train2_active_count,0.49048233357472715,1550.3748708519865
id_6,Train2_passive_count,0.7750986235986771,1550.3748708519865
id_6,Train2_mean_duration,0.5826403525934218,1550.3748708519865
id_6,Train2_std_duration,-0.359482617956862,1550.3748708519865
id_6,WallJump_count,-0.43349171230060507,1550.3748708519865
id_6,WallJump_mean_duration,0.6718256596756437,1550.3748708519865
id_6,WallJump_std_duration,-0.3835843105079214,1550.3748708519865
id_6,isolated_count,-0.1948660020546481,1550.3748708519865
id_6,isolated_mean_duration,-1.224520638145982,1550.3748708519865
id_6,isolated_std_duration,0.05130988354262561,1550.3748708519865
id_6,seq_oral_geni___oral_oral_active_count,0.27126588428770015,1550.3748708519865
id_6,seq_oral_geni___oral_oral_passive_count,0.9934629058851783,1550.3748708519865
id_6,seq_oral_geni___oral_oral_mean_duration,0.8680568162389923,1550.3748708519865
id_6,seq_oral_geni___oral_oral_std_duration,-0.38447798945021194,1550.3748708519865
id_6,seq_oral_oral___oral_genital_active_count,0.0884421624049468,1550.3748708519865
id_6,seq_oral_oral___oral_genital_passive_count,-0.7778631875300345,1550.3748708519865
id_6,seq_oral_oral___oral_genital_mean_duration,-1.822037621247859,1550.3748708519865
id_6,seq_oral_oral___oral_genital_std_duration,0.32811960701526854,1550.3748708519865
id_7,Approach_active_count,1.8424019768191702,1385.3688095892908
id_7,Approach_passive_count,0.5741474184925075,1385.3688095892908
id_7,Approach_mean_duration,-1.2170768284297164,1385.3688095892908
id_7,Approach_std_duration,-0.0444845898526279,1385.3688095892908
id_7,Approach_contact_active_count,-1.808498291554171,1385.3688095892908
id_7,Approach_contact_passive_count,-0.6265426736294025,1385.3688095892908
id_7,Approach_contact_mean_duration,-0.5446942762164407,1385.3688095892908
id_7,Approach_contact_std_duration,1.8139901910825278,1385.3688095892908
id_7,Approach_rear_active_count,0.8013936139630347,1385.3688095892908
id_7,Approach_rear_passive_count,0.9660171515834904,1385.3688095892908
id_7,Approach_rear_mean_duration,2.1535759667709296,1385.3688095892908
id_7,Approach_rear_std_duration,-0.5227267518152862,1385.3688095892908
id_7,Break_contact_active_count,-1.1465404496406513,1385.3688095892908
id_7,Break_contact_passive_count,-0.48770139008937574,1385.3688095892908
id_7,Break_contact_mean_duration,-0.019687812845160156,1385.3688095892908
id_7,Break_contact_std_duration,-0.08518938563558144,1385.3688095892908
id_7,Center_Zone_count,-0.7175288697135063,1385.3688095892908
id_7,Center_Zone_mean_duration,-1.2539199669752432,1385.3688095892908
id_7,Center_Zone_std_duration,0.4085478499402906,1385.3688095892908
id_7,Contact_active_count,0.27703628978755435,1385.3688095892908
id_7,Contact_passive_count,0.26552984055192236,1385.3688095892908
id_7,Contact_mean_duration,0.6849373929207048,1385.3688095892908
id_7,Contact_std_duration,0.5978363958623198,1385.3688095892908
id_7,Get_away_active_count,-0.4782079100810896,1385.3688095892908
id_7,Get_away_passive_count,-0.27340953156673375,1385.3688095892908
id_7,Get_away_mean_duration,-0.3865289304919537,1385.3688095892908
id_7,Get_away_std_duration,-0.05236901646375459,1385.3688095892908
id_7,Group_3_break_count,1.6518352295481296,1385.3688095892908
id_7,Group_3_break_mean_duration,-0.5291483234764748,1385.3688095892908
id_7,Group_3_break_std_duration,0.47420136718370687,1385.3688095892908
id_7,Group_3_make_count,0.5786359596050942,1385.3688095892908
id_7,Group_3_make_mean_duration,-0.08775710889131362,1385.3688095892908
id_7,Group_3_make_std_duration,-0.5723291348145096,1385.3688095892908
id_7,Group_4_break_count,0.5614969123547734,1385.3688095892908
id_7,Group_4_break_mean_duration,1.5794287152854918,1385.3688095892908
id_7,Group_4_break_std_duration,-0.3676387961384566,1385.3688095892908
id_7,Group_4_make_count,-0.8120240136233424,1385.3688095892908
id_7,Group_4_make_mean_duration,0.04002708732314793,1385.3688095892908
id_7,Group_4_make_std_duration,-0.044611606870536315,1385.3688095892908
id_7,Group2_active_count,-0.14391471625514946,1385.3688095892908
id_7,Group2_passive_count,-0.13533171517860565,1385.3688095892908
id_7,Group2_mean_duration,0.9999220108600786,1385.3688095892908
id_7,Group2_std_duration,0.07699501601594824,1385.3688095892908
id_7,Huddling_count,-0.9775388656720999,1385.3688095892908
id_7,Huddling_mean_duration,0.5947063280485839,1385.3688095892908
id_7,Huddling_std_duration,-0.2390978503531751,1385.3688095892908
id_7,Move_in_contact_active_count,-0.41184541738694497,1385.3688095892908
id_7,Move_in_contact_passive_count,-0.15880404749701252,1385.3688095892908
id_7,Move_in_contact_mean_duration,0.20750731384914042,1385.3688095892908
id_7,Move_in_contact_std_duration,-0.7781250570421046,1385.3688095892908
id_7,Move_isolated_count,0.6142716072094576,1385.3688095892908
id_7,Move_isolated_mean_duration,-1.5518190408500647,1385.3688095892908
id_7,Move_isolated_std_duration,0.23855112923621907,1385.3688095892908
id_7,Oral_genital_Contact_active_count,-1.2242075866820206,1385.3688095892908
id_7,Oral_genital_Contact_passive_count,0.4987146801899805,1385.3688095892908
id_7,Oral_genital_Contact_mean_duration,-0.42608538804282037,1385.3688095892908
id_7,Oral_genital_Contact_std_duration,0.30512124166375004,1385.3688095892908
id_7,Oral_oral_Contact_active_count,0.1914460413199497,1385.3688095892908
id_7,Oral_oral_Contact_passive_count,0.1914460413199469,1385.3688095892908
id_7,Oral_oral_Contact_mean_duration,3.0851493676890382,1385.3688095892908
id_7,Oral_oral_Contact_std_duration,-0.8998852899337891,1385.3688095892908
id_7,Periphery_Zone_count,-0.7275720454191005,1385.3688095892908
id_7,Periphery_Zone_mean_duration,-0.2031072435557542,1385.3688095892908
id_7,Periphery_Zone_std_duration,0.5189726540864151,1385.3688095892908
id_7,Rear_at_periphery_count,0.7563678017132855,1385.3688095892908
id_7,Rear_at_periphery_mean_duration,0.7622404686593467,1385.3688095892908
id_7,Rear_at_periphery_std_duration,-0.9441724116079733,1385.3688095892908
id_7,Rear_in_centerWindow_count,-0.12289362758517568,1385.3688095892908
id_7,Rear_in_centerWindow_mean_duration,-0.5996624597988016,1385.3688095892908
id_7,Rear_in_centerWindow_std_duration,0.055666085103829914,1385.3688095892908
id_7,Rear_in_contact_count,1.417344552702716,1385.3688095892908
id_7,Rear_in_contact_mean_duration,-0.657793189504978,1385.3688095892908
id_7,Rear_in_contact_std_duration,-0.10966256546122193,1385.3688095892908
id_7,Rear_isolated_count,1.1832313341957577,1385.3688095892908
id_7,Rear_isolated_mean_duration,-1.2211682354458964,1385.3688095892908
id_7,Rear_isolated_std_duration,1.0690827590404537,1385.3688095892908
id_7,Rearing_count,0.17459292123256445,1385.3688095892908
id_7,Rearing_mean_duration,-1.0584120339188252,1385.3688095892908
id_7,Rearing_std_duration,0.9029952259867459,1385.3688095892908
id_7,SAP_count,0.4028267612757593,1385.3688095892908
id_7,SAP_mean_duration,-0.2214855809103892,1385.3688095892908
id_7,SAP_std_duration,0.09183068396814316,1385.3688095892908
id_7,Side_by_side_Contact_active_count,-1.0172339733285354,1385.3688095892908
id_7,Side_by_side_Contact_passive_count,-1.0172339733285358,1385.3688095892908
id_7,Side_by_side_Contact_mean_duration,0.8947038214076527,1385.3688095892908
id_7,Side_by_side_Contact_std_duration,0.13349950586390366,1385.3688095892908
id_7,Side_by_side_Contact_opposite_way_active_count,-1.3531183132602407,1385.3688095892908
id_7,Side_by_side_Contact_opposite_way_passive_count,-1.3531183132602391,1385.3688095892908
id_7,Side_by_side_Contact_opposite_way_mean_duration,0.24862558393581288,1385.3688095892908
id_7,Side_by_side_Contact_opposite_way_std_duration,-0.23914493931582215,1385.3688095892908
id_7,Social_approach_active_count,-0.11488535046714546,1385.3688095892908
id_7,Social_approach_passive_count,0.16743165276708002,1385.3688095892908
id_7,Social_approach_mean_duration,0.794536818519362,1385.3688095892908
id_7,Social_approach_std_duration,-0.5758453241974136,1385.3688095892908
id_7,Social_escape_active_count,-0.3420291531519452,1385.3688095892908
id_7,Social_escape_passive_count,-0.2830554758293824,1385.3688095892908
id_7,Social_escape_mean_duration,2.5785865208383987,1385.3688095892908
id_7,Social_escape_std_duration,-0.27691528134662574,1385.3688095892908
id_7,Stop_count,-0.09685076792827206,1385.3688095892908
id_7,Stop_mean_duration,0.7230449423406518,1385.3688095892908
id_7,Stop_std_duration,-0.26182207442405764,1385.3688095892908
id_7,Stop_in_contact_active_count,1.0811052635140466,1385.3688095892908
id_7,Stop_in_contact_passive_count,0.49658301247078,1385.3688095892908
id_7,Stop_in_contact_mean_duration,-1.6858418376526028,1385.3688095892908
id_7,Stop_in_contact_std_duration,-0.9188279926335012,1385.3688095892908
id_7,Stop_isolated_count,0.35699988866657106,1385.3688095892908
id_7,Stop_isolated_mean_duration,-0.25988065614869826,1385.3688095892908
id_7,Stop_isolated_std_duration,-0.15993577565047476,1385.3688095892908
id_7,Train2_active_count,0.4381893900294056,1385.3688095892908
id_7,Train2_passive_count,0.1986277052806703,1385.3688095892908
id_7,Train2_mean_duration,0.056949218183297526,1385.3688095892908
id_7,Train2_std_duration,0.10068077553659979,1385.3688095892908
id_7,WallJump_count,0.18661192718766306,1385.3688095892908
id_7,WallJump_mean_duration,-0.11430949985200878,1385.3688095892908
id_7,WallJump_std_duration,0.1770088983735483,1385.3688095892908
id_7,isolated_count,-0.2006698129997084,1385.3688095892908
id_7,isolated_mean_duration,0.2712092578536815,1385.3688095892908
id_7,isolated_std_duration,-0.1284444050073784,1385.3688095892908
id_7,seq_oral_geni___oral_oral_active_count,-1.3551067102929857,1385.3688095892908
id_7,seq_oral_geni___oral_oral_passive_count,0.9978535973421885,1385.3688095892908
id_7,seq_oral_geni___oral_oral_mean_duration,-0.25828403404220873,1385.3688095892908
id_7,seq_oral_geni___oral_oral_std_duration,0.2144697469008965,1385.3688095892908
id_7,seq_oral_oral___oral_genital_active_count,0.5323315873819575,1385.3688095892908
id_7,seq_oral_oral___oral_genital_passive_count,0.8398871152485652,1385.3688095892908
id_7,seq_oral_oral___oral_genital_mean_duration,-1.466259897978016,1385.3688095892908
id_7,seq_oral_oral___oral_genital_std_duration,0.5304021649664005,1385.3688095892908
id_8,Approach_active_count,-1.6028612441372645,896.4822197615661
id_8,Approach_passive_count,1.0207007093667102,896.4822197615661
id_8,Approach_mean_duration,0.6411672851834515,896.4822197615661
id_8,Approach_std_duration,-0.3271394750860724,896.4822197615661
id_8,Approach_contact_active_count,-0.17204188011934163,896.4822197615661
id_8,Approach_contact_passive_count,0.4103085892989868,896.4822197615661
id_8,Approach_contact_mean_duration,1.1136376393204073,896.4822197615661
id_8,Approach_contact_std_duration,-0.9106633664287587,896.4822197615661
id_8,Approach_rear_active_count,-0.2888073459182556,896.4822197615661
id_8,Approach_rear_passive_count,0.9202126317900855,896.4822197615661
id_8,Approach_rear_mean_duration,1.7709248214422277,896.4822197615661
id_8,Approach_rear_std_duration,-0.8285720472312403,896.4822197615661
id_8,Break_contact_active_count,-2.2143192406313,896.4822197615661
id_8,Break_contact_passive_count,0.971637421936739,896.4822197615661
id_8,Break_contact_mean_duration,0.029881724642340804,896.4822197615661
id_8,Break_contact_std_duration,0.07475960567898465,896.4822197615661
id_8,Center_Zone_count,-0.8053303094125666,896.4822197615661
id_8,Center_Zone_mean_duration,0.018388482555809865,896.4822197615661
id_8,Center_Zone_std_duration,0.3996417086226688,896.4822197615661
id_8,Contact_active_count,1.4131974685606645,896.4822197615661
id_8,Contact_passive_count,1.4104941256428754,896.4822197615661
id_8,Contact_mean_duration,-1.135992937760611,896.4822197615661
id_8,Contact_std_duration,-0.03566635583082693,896.4822197615661
id_8,Get_away_active_count,-0.9225945704082571,896.4822197615661
id_8,Get_away_passive_count,-1.0824828895964322,896.4822197615661
id_8,Get_away_mean_duration,-0.3710299751204492,896.4822197615661
id_8,Get_away_std_duration,-0.5083205399658145,896.4822197615661
id_8,Group_3_break_count,-0.3450013461556176,896.4822197615661
id_8,Group_3_break_mean_duration,0.023482317080568513,896.4822197615661
id_8,Group_3_break_std_duration,1.2846119796680406,896.4822197615661
id_8,Group_3_make_count,-0.8470341374729825,896.4822197615661
id_8,Group_3_make_mean_duration,-0.1275057207061991,896.4822197615661
id_8,Group_3_make_std_duration,-0.7078615582002196,896.4822197615661
id_8,Group_4_break_count,0.03476570707928199,896.4822197615661
id_8,Group_4_break_mean_duration,-0.3595514278714111,896.4822197615661
id_8,Group_4_break_std_duration,1.173156247691226,896.4822197615661
id_8,Group_4_make_count,-0.44094669279605087,896.4822197615661
id_8,Group_4_make_mean_duration,-0.17008617178661598,896.4822197615661
id_8,Group_4_make_std_duration,-0.568095609716419,896.4822197615661
id_8,Group2_active_count,-0.11330849674314093,896.4822197615661
id_8,Group2_passive_count,-0.1013958357995562,896.4822197615661
id_8,Group2_mean_duration,-0.7359651438131951,896.4822197615661
id_8,Group2_std_duration,0.09976825508148403,896.4822197615661
id_8,Huddling_count,-1.3328644236315705,896.4822197615661
id_8,Huddling_mean_duration,-0.1963163382486399,896.4822197615661
id_8,Huddling_std_duration,0.023755234753115584,896.4822197615661
id_8,Move_in_contact_active_count,0.15786623736686137,896.4822197615661
id_8,Move_in_contact_passive_count,-0.565314192777257,896.4822197615661
id_8,Move_in_contact_mean_duration,0.18344405068113273,896.4822197615661
id_8,Move_in_contact_std_duration,-0.3756288026104925,896.4822197615661
id_8,Move_isolated_count,-0.6400398134830453,896.4822197615661
id_8,Move_isolated_mean_duration,2.3010494607312255,896.4822197615661
id_8,Move_isolated_std_duration,-0.36089716756776896,896.4822197615661
id_8,Oral_genital_Contact_active_count,0.08789509592903844,896.4822197615661
id_8,Oral_genital_Contact_passive_count,-0.12987484837431584,896.4822197615661
id_8,Oral_genital_Contact_mean_duration,1.3005091260539778,896.4822197615661
id_8,Oral_genital_Contact_std_duration,-0.7866670183682933,896.4822197615661
id_8,Oral_oral_Contact_active_count,-0.9439225592879597,896.4822197615661
id_8,Oral_oral_Contact_passive_count,-0.9439225592879538,896.4822197615661
id_8,Oral_oral_Contact_mean_duration,0.7537945961978573,896.4822197615661
id_8,Oral_oral_Contact_std_duration,0.02905444423855633,896.4822197615661
id_8,Periphery_Zone_count,-1.5490322996168946,896.4822197615661
id_8,Periphery_Zone_mean_duration,2.159359914762704,896.4822197615661
id_8,Periphery_Zone_std_duration,1.3171483884643205,896.4822197615661
id_8,Rear_at_periphery_count,0.829863571726294,896.4822197615661
id_8,Rear_at_periphery_mean_duration,0.06419098444415162,896.4822197615661
id_8,Rear_at_periphery_std_duration,1.0371872111963034,896.4822197615661
id_8,Rear_in_centerWindow_count,0.11855527601263985,896.4822197615661
id_8,Rear_in_centerWindow_mean_duration,-0.3750009243503262,896.4822197615661
id_8,Rear_in_centerWindow_std_duration,0.13721354401715138,896.4822197615661
id_8,Rear_in_contact_count,1.2720723804000413,896.4822197615661
id_8,Rear_in_contact_mean_duration,1.9683213916601419,896.4822197615661
id_8,Rear_in_contact_std_duration,-0.5628987478672637,896.4822197615661
id_8,Rear_isolated_count,0.3536019241184632,896.4822197615661
id_8,Rear_isolated_mean_duration,0.5423295578285856,896.4822197615661
id_8,Rear_isolated_std_duration,-1.6905437609498943,896.4822197615661
id_8,Rearing_count,-0.23385774818861255,896.4822197615661
id_8,Rearing_mean_duration,-0.22406524698348748,896.4822197615661
id_8,Rearing_std_duration,0.557283208196276,896.4822197615661
id_8,SAP_count,-1.1226225706323705,896.4822197615661
id_8,SAP_mean_duration,0.15619713356782033,896.4822197615661
id_8,SAP_std_duration,-0.027568688682050698,896.4822197615661
id_8,Side_by_side_Contact_active_count,-0.11266197851960208,896.4822197615661
id_8,Side_by_side_Contact_passive_count,-0.11266197851960301,896.4822197615661
id_8,Side_by_side_Contact_mean_duration,-0.12976126212742076,896.4822197615661
id_8,Side_by_side_Contact_std_duration,-0.08573462418895246,896.4822197615661
id_8,Side_by_side_Contact_opposite_way_active_count,1.1679025747284775,896.4822197615661
id_8,Side_by_side_Contact_opposite_way_passive_count,1.1679025747284766,896.4822197615661
id_8,Side_by_side_Contact_opposite_way_mean_duration,-0.786782987636135,896.4822197615661
id_8,Side_by_side_Contact_opposite_way_std_duration,0.1361704238180345,896.4822197615661
id_8,Social_approach_active_count,-0.9975317965725361,896.4822197615661
id_8,Social_approach_passive_count,-0.20089058580996175,896.4822197615661
id_8,Social_approach_mean_duration,0.28651233306621815,896.4822197615661
id_8,Social_approach_std_duration,0.6931016383563816,896.4822197615661
id_8,Social_escape_active_count,-0.6075199059292277,896.4822197615661
id_8,Social_escape_passive_count,-0.8515302312046552,896.4822197615661
id_8,Social_escape_mean_duration,0.28586543269605147,896.4822197615661
id_8,Social_escape_std_duration,0.668751994724408,896.4822197615661
id_8,Stop_count,0.15184161878721797,896.4822197615661
id_8,Stop_mean_duration,0.08804274201086083,896.4822197615661
id_8,Stop_std_duration,-0.9966613726810853,896.4822197615661
id_8,Stop_in_contact_active_count,0.1503387604436077,896.4822197615661
id_8,Stop_in_contact_passive_count,-0.33733921426376673,896.4822197615661
id_8,Stop_in_contact_mean_duration,0.3152826306195678,896.4822197615661
id_8,Stop_in_contact_std_duration,1.3708830115544002,896.4822197615661
id_8,Stop_isolated_count,-0.4810251245871204,896.4822197615661
id_8,Stop_isolated_mean_duration,-1.390459379500724,896.4822197615661
id_8,Stop_isolated_std_duration,0.8100632613186188,896.4822197615661
id_8,Train2_active_count,0.4067753100301226,896.4822197615661
id_8,Train2_passive_count,0.6332306396152506,896.4822197615661
id_8,Train2_mean_duration,0.2108554610347167,896.4822197615661
id_8,Train2_std_duration,0.31494919682310124,896.4822197615661
id_8,WallJump_count,-0.7821407989776622,896.4822197615661
id_8,WallJump_mean_duration,0.24845904951861966,896.4822197615661
id_8,WallJump_std_duration,-0.1411052297133476,896.4822197615661
id_8,isolated_count,-1.6130446772098077,896.4822197615661
id_8,isolated_mean_duration,-0.2703499959103188,896.4822197615661
id_8,isolated_std_duration,0.22768822741017436,896.4822197615661
id_8,seq_oral_geni___oral_oral_active_count,-0.2427406227487519,896.4822197615661
id_8,seq_oral_geni___oral_oral_passive_count,1.3944454966604962,896.4822197615661
id_8,seq_oral_geni___oral_oral_mean_duration,0.14252811647434213,896.4822197615661
id_8,seq_oral_geni___oral_oral_std_duration,-0.2677134192547331,896.4822197615661
id_8,seq_oral_oral___oral_genital_active_count,-1.815059372506969,896.4822197615661
id_8,seq_oral_oral___oral_genital_passive_count,2.043197645087621,896.4822197615661
id_8,seq_oral_oral___oral_genital_mean_duration,-1.1308302085434763,896.4822197615661
id_8,seq_oral_oral___oral_genital_std_duration,0.6089973371216467,896.4822197615661
id_9,Approach_active_count,-1.363893098900265,762.3122612166427
id_9,Approach_passive_count,0.09954269831899412,762.3122612166427
id_9,Approach_mean_duration,0.9567868806240938,762.3122612166427
id_9,Approach_std_duration,-1.7364955794507653,762.3122612166427
id_9,Approach_contact_active_count,-1.5661990773597583,762.3122612166427
id_9,Approach_contact_passive_count,1.2147707446073286,762.3122612166427
id_9,Approach_contact_mean_duration,-0.359223475261176,762.3122612166427
id_9,Approach_contact_std_duration,-0.09688641596479194,762.3122612166427
id_9,Approach_rear_active_count,-0.7318452748507744,762.3122612166427
id_9,Approach_rear_passive_count,0.594172821257187,762.3122612166427
id_9,Approach_rear_mean_duration,-1.6512896451363523,762.3122612166427
id_9,Approach_rear_std_duration,0.32136203408380265,762.3122612166427
id_9,Break_contact_active_count,-2.008963467025339,762.3122612166427
id_9,Break_contact_passive_count,1.9158744665221326,762.3122612166427
id_9,Break_contact_mean_duration,1.1617560534348594,762.3122612166427
id_9,Break_contact_std_duration,-0.15574433600368273,762.3122612166427
id_9,Center_Zone_count,0.28674201201214705,762.3122612166427
id_9,Center_Zone_mean_duration,-2.376044421808956,762.3122612166427
id_9,Center_Zone_std_duration,0.09856055101170304,762.3122612166427
id_9,Contact_active_count,0.7521671054812366,762.3122612166427
id_9,Contact_passive_count,0.7558289476316903,762.3122612166427
id_9,Contact_mean_duration,0.5738845134702877,762.3122612166427
id_9,Contact_std_duration,1.0817845221340154,762.3122612166427
id_9,Get_away_active_count,0.2702058977129085,762.3122612166427
id_9,Get_away_passive_count,-0.029875177771732188,762.3122612166427
id_9,Get_away_mean_duration,0.20153086797742772,762.3122612166427
id_9,Get_away_std_duration,0.9291593881826358,762.3122612166427
id_9,Group_3_break_count,-0.28463601126994603,762.3122612166427
id_9,Group_3_break_mean_duration,-0.23214752842623568,762.3122612166427
id_9,Group_3_break_std_duration,0.9231621581054766,762.3122612166427
id_9,Group_3_make_count,0.7962944820042421,762.3122612166427
id_9,Group_3_make_mean_duration,0.7639496051441663,762.3122612166427
id_9,Group_3_make_std_duration,-0.6474136833423633,762.3122612166427
id_9,Group_4_break_count,0.09795911514851177,762.3122612166427
id_9,Group_4_break_mean_duration,-0.20081001945995577,762.3122612166427
id_9,Group_4_break_std_duration,1.0161791515516094,762.3122612166427
id_9,Group_4_make_count,-0.7825626260388255,762.3122612166427
id_9,Group_4_make_mean_duration,0.3752479986098193,762.3122612166427
id_9,Group_4_make_std_duration,-0.6802625477211636,762.3122612166427
id_9,Group2_active_count,0.5463382362718043,762.3122612166427
id_9,Group2_passive_count,0.5452407924660478,762.3122612166427
id_9,Group2_mean_duration,0.14666812358646042,762.3122612166427
id_9,Group2_std_duration,-0.21561196160922008,762.3122612166427
id_9,Huddling_count,3.6758202422842974,762.3122612166427
id_9,Huddling_mean_duration,0.9201167182669974,762.3122612166427
id_9,Huddling_std_duration,-0.10297075238704331,762.3122612166427
id_9,Move_in_contact_active_count,-0.18852641992525052,762.3122612166427
id_9,Move_in_contact_passive_count,0.1705567151367694,762.3122612166427
id_9,Move_in_contact_mean_duration,-0.6879742282920751,762.3122612166427
id_9,Move_in_contact_std_duration,1.0771458650915147,762.3122612166427
id_9,Move_isolated_count,0.1815379610158711,762.3122612166427
id_9,Move_isolated_mean_duration,-0.5725800453506888,762.3122612166427
id_9,Move_isolated_std_duration,-0.6608556472806205,762.3122612166427
id_9,Oral_genital_Contact_active_count,-0.04118233229333224,762.3122612166427
id_9,Oral_genital_Contact_passive_count,0.6413774720079248,762.3122612166427
id_9,Oral_genital_Contact_mean_duration,1.0087605827115353,762.3122612166427
id_9,Oral_genital_Contact_std_duration,-0.2995321140720506,762.3122612166427
id_9,Oral_oral_Contact_active_count,-0.00683881782777421,762.3122612166427
id_9,Oral_oral_Contact_passive_count,-0.006838817827777517,762.3122612166427
id_9,Oral_oral_Contact_mean_duration,-0.0032763507466153268,762.3122612166427
id_9,Oral_oral_Contact_std_duration,-0.7631239562433271,762.3122612166427
id_9,Periphery_Zone_count,0.6485181509376473,762.3122612166427
id_9,Periphery_Zone_mean_duration,-0.704081339930857,762.3122612166427
id_9,Periphery_Zone_std_duration,-0.6213861417919737,762.3122612166427
id_9,Rear_at_periphery_count,-0.3544010132527021,762.3122612166427
id_9,Rear_at_periphery_mean_duration,-0.6343805993606408,762.3122612166427
id_9,Rear_at_periphery_std_duration,-1.9975558202507766,762.3122612166427
id_9,Rear_in_centerWindow_count,0.778347662618608,762.3122612166427
id_9,Rear_in_centerWindow_mean_duration,0.013505130074098783,762.3122612166427
id_9,Rear_in_centerWindow_std_duration,-0.5237211450196276,762.3122612166427
id_9,Rear_in_contact_count,-0.13350178067198337,762.3122612166427
id_9,Rear_in_contact_mean_duration,-0.9287095263520271,762.3122612166427
id_9,Rear_in_contact_std_duration,0.15531061655145,762.3122612166427
id_9,Rear_isolated_count,-0.45953204757645927,762.3122612166427
id_9,Rear_isolated_mean_duration,1.4388998281106085,762.3122612166427
id_9,Rear_isolated_std_duration,2.2552514889181587,762.3122612166427
id_9,Rearing_count,0.07420325186565518,762.3122612166427
id_9,Rearing_mean_duration,0.1438675793123569,762.3122612166427
id_9,Rearing_std_duration,0.22394762501393678,762.3122612166427
id_9,SAP_count,0.2050337272113501,762.3122612166427
id_9,SAP_mean_duration,0.08634719426295946,762.3122612166427
id_9,SAP_std_duration,0.1111171265458983,762.3122612166427
id_9,Side_by_side_Contact_active_count,0.08764837133652724,762.3122612166427
id_9,Side_by_side_Contact_passive_count,0.08764837133652711,762.3122612166427
id_9,Side_by_side_Contact_mean_duration,1.5726699587550428,762.3122612166427
id_9,Side_by_side_Contact_std_duration,-0.066417899085042,762.3122612166427
id_9,Side_by_side_Contact_opposite_way_active_count,0.2914204908411101,762.3122612166427
id_9,Side_by_side_Contact_opposite_way_passive_count,0.29142049084111005,762.3122612166427
id_9,Side_by_side_Contact_opposite_way_mean_duration,-2.3291843928569125,762.3122612166427
id_9,Side_by_side_Contact_opposite_way_std_duration,0.6250241496469015,762.3122612166427
id_9,Social_approach_active_count,-0.9901496831529254,762.3122612166427
id_9,Social_approach_passive_count,-0.5897234209326476,762.3122612166427
id_9,Social_approach_mean_duration,-0.0029401738101549895,762.3122612166427
id_9,Social_approach_std_duration,0.6367586202580979,762.3122612166427
id_9,Social_escape_active_count,-0.469173476597425,762.3122612166427
id_9,Social_escape_passive_count,-0.5111081434800713,762.3122612166427
id_9,Social_escape_mean_duration,-1.525127154748539,762.3122612166427
id_9,Social_escape_std_duration,-1.0640433443545427,762.3122612166427
id_9,Stop_count,-0.6524242951650125,762.3122612166427
id_9,Stop_mean_duration,0.4276547128532322,762.3122612166427
id_9,Stop_std_duration,-0.2768250076773136,762.3122612166427
id_9,Stop_in_contact_active_count,0.1902692450337508,762.3122612166427
id_9,Stop_in_contact_passive_count,0.2095244649590306,762.3122612166427
id_9,Stop_in_contact_mean_duration,-0.16048090240380933,762.3122612166427
id_9,Stop_in_contact_std_duration,-0.0199278098840194,762.3122612166427
id_9,Stop_isolated_count,0.26359097836710793,762.3122612166427
id_9,Stop_isolated_mean_duration,-0.33546842321702314,762.3122612166427
id_9,Stop_isolated_std_duration,0.34643011940964,762.3122612166427
id_9,Train2_active_count,-0.2973638780389416,762.3122612166427
id_9,Train2_passive_count,1.0038648562161139,762.3122612166427
id_9,Train2_mean_duration,0.06704530080348563,762.3122612166427
id_9,Train2_std_duration,-0.14752586884084506,762.3122612166427
id_9,WallJump_count,0.26953353967291327,762.3122612166427
id_9,WallJump_mean_duration,-0.29039183501147714,762.3122612166427
id_9,WallJump_std_duration,0.07413997780240059,762.3122612166427
id_9,isolated_count,0.15541272360829436,762.3122612166427
id_9,isolated_mean_duration,0.02570751837536053,762.3122612166427
id_9,isolated_std_duration,-0.0437439096487059,762.3122612166427
id_9,seq_oral_geni___oral_oral_active_count,-0.7239059578737063,762.3122612166427
id_9,seq_oral_geni___oral_oral_passive_count,-1.3153240206720993,762.3122612166427
id_9,seq_oral_geni___oral_oral_mean_duration,1.2231835601074015,762.3122612166427
id_9,seq_oral_geni___oral_oral_std_duration,-0.34328641453239206,762.3122612166427
id_9,seq_oral_oral___oral_genital_active_count,-0.6993594745770441,762.3122612166427
id_9,seq_oral_oral___oral_genital_passive_count,0.4962827995601422,762.3122612166427
id_9,seq_oral_oral___oral_genital_mean_duration,-0.9916372835106333,762.3122612166427
id_9,seq_oral_oral___oral_genital_std_duration,0.3932859162171497,762.3122612166427
id_10,Approach_active_count,-1.5472419236962909,539.4671196082694
id_10,Approach_passive_count,0.22606456455309645,539.4671196082694
id_10,Approach_mean_duration,1.7034036545567766,539.4671196082694
id_10,Approach_std_duration,0.4399401576107232,539.4671196082694
id_10,Approach_contact_active_count,-0.25155607346813835,539.4671196082694
id_10,Approach_contact_passive_count,1.0470268130855704,539.4671196082694
id_10,Approach_contact_mean_duration,-0.9766954687798924,539.4671196082694
id_10,Approach_contact_std_duration,-0.9484110276553289,539.4671196082694
id_10,Approach_rear_active_count,0.5113608395022338,539.4671196082694
id_10,Approach_rear_passive_count,1.154125493628898,539.4671196082694
id_10,Approach_rear_mean_duration,-0.301618633746912,539.4671196082694
id_10,Approach_rear_std_duration,-0.6098727550566349,539.4671196082694
id_10,Break_contact_active_count,0.6007501424754504,539.4671196082694
id_10,Break_contact_passive_count,-0.13932635110561736,539.4671196082694
id_10,Break_contact_mean_duration,0.7937081609661409,539.4671196082694
id_10,Break_contact_std_duration,0.20952316361342513,539.4671196082694
id_10,Center_Zone_count,0.1421940881953424,539.4671196082694
id_10,Center_Zone_mean_duration,-1.133390497870007,539.4671196082694
id_10,Center_Zone_std_duration,0.34841078616436594,539.4671196082694
id_10,Contact_active_count,-0.2925469839680101,539.4671196082694
id_10,Contact_passive_count,-0.2891258816879296,539.4671196082694
id_10,Contact_mean_duration,-1.333572418221081,539.4671196082694
id_10,Contact_std_duration,-0.24804379829944628,539.4671196082694
id_10,Get_away_active_count,-0.5744372064640731,539.4671196082694
id_10,Get_away_passive_count,-0.30302626807070737,539.4671196082694
id_10,Get_away_mean_duration,0.6212137413964467,539.4671196082694
id_10,Get_away_std_duration,-2.1481378450301003,539.4671196082694
id_10,Group_3_break_count,-2.124895151330608,539.4671196082694
id_10,Group_3_break_mean_duration,0.4422523317500655,539.4671196082694
id_10,Group_3_break_std_duration,-1.113913109189444,539.4671196082694
id_10,Group_3_make_count,2.1269493934873935,539.4671196082694
id_10,Group_3_make_mean_duration,-0.14385856092929306,539.4671196082694
id_10,Group_3_make_std_duration,0.6785057115593335,539.4671196082694
id_10,Group_4_break_count,-0.6838519540241341,539.4671196082694
id_10,Group_4_break_mean_duration,1.9708820160594906,539.4671196082694
id_10,Group_4_break_std_duration,-1.3414785936935623,539.4671196082694
id_10,Group_4_make_count,0.25884972395772166,539.4671196082694
id_10,Group_4_make_mean_duration,0.4189120495068829,539.4671196082694
id_10,Group_4_make_std_duration,0.1221385859906617,539.4671196082694
id_10,Group2_active_count,-0.2893723427937719,539.4671196082694
id_10,Group2_passive_count,-0.2815374075353605,539.4671196082694
id_10,Group2_mean_duration,-1.264213734804217,539.4671196082694
id_10,Group2_std_duration,0.3816046532562642,539.4671196082694
id_10,Huddling_count,0.29545450992640215,539.4671196082694
id_10,Huddling_mean_duration,-0.3024730167880824,539.4671196082694
id_10,Huddling_std_duration,-0.08187510632739133,539.4671196082694
id_10,Move_in_contact_active_count,-0.36683369711695585,539.4671196082694
id_10,Move_in_contact_passive_count,-0.18220546748816477,539.4671196082694
id_10,Move_in_contact_mean_duration,1.1286625553645666,539.4671196082694
id_10,Move_in_contact_std_duration,0.00848535337283226,539.4671196082694
id_10,Move_isolated_count,0.7438269955856712,539.4671196082694
id_10,Move_isolated_mean_duration,-1.5893998680992123,539.4671196082694
id_10,Move_isolated_std_duration,-0.23694845692696667,539.4671196082694
id_10,Oral_genital_Contact_active_count,-0.32106778142435943,539.4671196082694
id_10,Oral_genital_Contact_passive_count,0.04465917658237716,539.4671196082694
id_10,Oral_genital_Contact_mean_duration,0.5101481530934951,539.4671196082694
id_10,Oral_genital_Contact_std_duration,0.24039431722641352,539.4671196082694
id_10,Oral_oral_Contact_active_count,-0.49555791020817996,539.4671196082694
id_10,Oral_oral_Contact_passive_count,-0.49555791020818263,539.4671196082694
id_10,Oral_oral_Contact_mean_duration,-0.11345972668809537,539.4671196082694
id_10,Oral_oral_Contact_std_duration,-0.6158384285299084,539.4671196082694
id_10,Periphery_Zone_count,-0.040025246883558185,539.4671196082694
id_10,Periphery_Zone_mean_duration,0.0242091824242621,539.4671196082694
id_10,Periphery_Zone_std_duration,0.8862997164875275,539.4671196082694
id_10,Rear_at_periphery_count,0.16185831827957828,539.4671196082694
id_10,Rear_at_periphery_mean_duration,-1.2408976295973275,539.4671196082694
id_10,Rear_at_periphery_std_duration,-0.16081751482338,539.4671196082694
id_10,Rear_in_centerWindow_count,0.2634924567617073,539.4671196082694
id_10,Rear_in_centerWindow_mean_duration,1.6301215113436787,539.4671196082694
id_10,Rear_in_centerWindow_std_duration,-1.6790885585947937,539.4671196082694
id_10,Rear_in_contact_count,0.26750224972717135,539.4671196082694
id_10,Rear_in_contact_mean_duration,-0.6337519454708354,539.4671196082694
id_10,Rear_in_contact_std_duration,0.18063084637854143,539.4671196082694
id_10,Rear_isolated_count,-0.013789541039706548,539.4671196082694
id_10,Rear_isolated_mean_duration,0.3718816243770972,539.4671196082694
id_10,Rear_isolated_std_duration,1.2584156720362707,539.4671196082694
id_10,Rearing_count,0.04414977708506738,539.4671196082694
id_10,Rearing_mean_duration,1.0917663876611392,539.4671196082694
id_10,Rearing_std_duration,-0.4596133028990479,539.4671196082694
id_10,SAP_count,-0.32588289278380816,539.4671196082694
id_10,SAP_mean_duration,0.9030814217447086,539.4671196082694
id_10,SAP_std_duration,-0.7207281778682681,539.4671196082694
id_10,Side_by_side_Contact_active_count,-0.8489332660229612,539.4671196082694
id_10,Side_by_side_Contact_passive_count,-0.8489332660229603,539.4671196082694
id_10,Side_by_side_Contact_mean_duration,-0.9962852061461894,539.4671196082694
id_10,Side_by_side_Contact_std_duration,0.31722737356010944,539.4671196082694
id_10,Side_by_side_Contact_opposite_way_active_count,-0.5676854745283647,539.4671196082694
id_10,Side_by_side_Contact_opposite_way_passive_count,-0.5676854745283638,539.4671196082694
id_10,Side_by_side_Contact_opposite_way_mean_duration,-0.2170234624751168,539.4671196082694
id_10,Side_by_side_Contact_opposite_way_std_duration,-0.22193476060015085,539.4671196082694
id_10,Social_approach_active_count,0.2993205818022084,539.4671196082694
id_10,Social_approach_passive_count,0.679483719369396,539.4671196082694
id_10,Social_approach_mean_duration,0.8796620090714001,539.4671196082694
id_10,Social_approach_std_duration,-0.8194338859064862,539.4671196082694
id_10,Social_escape_active_count,0.20464338550470243,539.4671196082694
id_10,Social_escape_passive_count,0.21310280498135756,539.4671196082694
id_10,Social_escape_mean_duration,1.0628000499509984,539.4671196082694
id_10,Social_escape_std_duration,-0.26974582630318256,539.4671196082694
id_10,Stop_count,2.5559727296126074,539.4671196082694
id_10,Stop_mean_duration,-1.4371492845394802,539.4671196082694
id_10,Stop_std_duration,0.7779271320117224,539.4671196082694
id_10,Stop_in_contact_active_count,0.5008476288714285,539.4671196082694
id_10,Stop_in_contact_passive_count,-0.09836937150317947,539.4671196082694
id_10,Stop_in_contact_mean_duration,0.3916241002696628,539.4671196082694
id_10,Stop_in_contact_std_duration,2.0451636257831667,539.4671196082694
id_10,Stop_isolated_count,-0.21714094897914796,539.4671196082694
id_10,Stop_isolated_mean_duration,1.4258764322644983,539.4671196082694
id_10,Stop_isolated_std_duration,-0.5064927164532689,539.4671196082694
id_10,Train2_active_count,0.45605448635853596,539.4671196082694
id_10,Train2_passive_count,1.0395566467081043,539.4671196082694
id_10,Train2_mean_duration,0.9019449072619821,539.4671196082694
id_10,Train2_std_duration,-0.24602394578027997,539.4671196082694
id_10,WallJump_count,-0.039171486801602755,539.4671196082694
id_10,WallJump_mean_duration,-0.07994524306122258,539.4671196082694
id_10,WallJump_std_duration,-0.06621945278375618,539.4671196082694
id_10,isolated_count,0.38673456516484295,539.4671196082694
id_10,isolated_mean_duration,-0.4234515655885713,539.4671196082694
id_10,isolated_std_duration,0.3160925813532399,539.4671196082694
id_10,seq_oral_geni___oral_oral_active_count,1.5564376260851602,539.4671196082694
id_10,seq_oral_geni___oral_oral_passive_count,0.34336267578725055,539.4671196082694
id_10,seq_oral_geni___oral_oral_mean_duration,-2.0491583102687754,539.4671196082694
id_10,seq_oral_geni___oral_oral_std_duration,0.30233784848836087,539.4671196082694
id_10,seq_oral_oral___oral_genital_active_count,-0.7663684659394512,539.4671196082694
id_10,seq_oral_oral___oral_genital_passive_count,1.61460052344289,539.4671196082694
id_10,seq_oral_oral___oral_genital_mean_duration,-0.17392872640246057,539.4671196082694
id_10,seq_oral_oral___oral_genital_std_duration,0.056330856341817684,539.4671196082694
id_11,Approach_active_count,1.9810277536360807,455.2698502671553
id_11,Approach_passive_count,-3.0519275930280614,455.2698502671553
id_11,Approach_mean_duration,-1.7960940291158192,455.2698502671553
id_11,Approach_std_duration,-1.2720614055609505,455.2698502671553
id_11,Approach_contact_active_count,-0.17651171064291538,455.2698502671553
id_11,Approach_contact_passive_count,0.15330541917216858,455.2698502671553
id_11,Approach_contact_mean_duration,0.9384735218931086,455.2698502671553
id_11,Approach_contact_std_duration,0.8280286562587311,455.2698502671553
id_11,Approach_rear_active_count,0.750552231692258,455.2698502671553
id_11,Approach_rear_passive_count,-0.3996236080912319,455.2698502671553
id_11,Approach_rear_mean_duration,0.475420502100279,455.2698502671553
id_11,Approach_rear_std_duration,0.2599785070014506,455.2698502671553
id_11,Break_contact_active_count,0.9418907456650889,455.2698502671553
id_11,Break_contact_passive_count,0.09994953015305162,455.2698502671553
id_11,Break_contact_mean_duration,0.13094391992762738,455.2698502671553
id_11,Break_contact_std_duration,0.03056068287882214,455.2698502671553
id_11,Center_Zone_count,0.25358269217604584,455.2698502671553
id_11,Center_Zone_mean_duration,-0.7231591071686073,455.2698502671553
id_11,Center_Zone_std_duration,0.6900776560562107,455.2698502671553
id_11,Contact_active_count,0.5365103842762761,455.2698502671553
id_11,Contact_passive_count,0.534119346843019,455.2698502671553
id_11,Contact_mean_duration,0.766532129402301,455.2698502671553
id_11,Contact_std_duration,0.5942080974012116,455.2698502671553
id_11,Get_away_active_count,-0.4126721961442764,455.2698502671553
id_11,Get_away_passive_count,-0.050266043553437,455.2698502671553
id_11,Get_away_mean_duration,-0.5602019566687559,455.2698502671553
id_11,Get_away_std_duration,-1.5021365135422255,455.2698502671553
id_11,Group_3_break_count,0.3903698510735861,455.2698502671553
id_11,Group_3_break_mean_duration,-0.7547060292106078,455.2698502671553
id_11,Group_3_break_std_duration,0.9363150487223032,455.2698502671553
id_11,Group_3_make_count,1.4433401842709273,455.2698502671553
id_11,Group_3_make_mean_duration,-0.6880569017815468,455.2698502671553
id_11,Group_3_make_std_duration,-0.09004255302072407,455.2698502671553
id_11,Group_4_break_count,-1.2422670801618576,455.2698502671553
id_11,Group_4_break_mean_duration,0.3333079183585878,455.2698502671553
id_11,Group_4_break_std_duration,-0.49823727719451144,455.2698502671553
id_11,Group_4_make_count,2.411398283525893,455.2698502671553
id_11,Group_4_make_mean_duration,-1.205522711450947,455.2698502671553
id_11,Group_4_make_std_duration,0.31599185982474826,455.2698502671553
id_11,Group2_active_count,-0.06726221427712731,455.2698502671553
id_11,Group2_passive_count,-0.05810251084042966,455.2698502671553
id_11,Group2_mean_duration,0.3700706202579222,455.2698502671553
id_11,Group2_std_duration,1.478812188492891,455.2698502671553
id_11,Huddling_count,-0.4275471826586651,455.2698502671553
id_11,Huddling_mean_duration,-0.6127816639058979,455.2698502671553
id_11,Huddling_std_duration,0.8062990474694739,455.2698502671553
id_11,Move_in_contact_active_count,-0.026878234731577844,455.2698502671553
id_11,Move_in_contact_passive_count,-0.0618614589691099,455.2698502671553
id_11,Move_in_contact_mean_duration,0.20577200941226972,455.2698502671553
id_11,Move_in_contact_std_duration,0.7083248849442876,455.2698502671553
id_11,Move_isolated_count,-0.25054003388731466,455.2698502671553
id_11,Move_isolated_mean_duration,1.8087665156129615,455.2698502671553
id_11,Move_isolated_std_duration,-0.3772470839006791,455.2698502671553
id_11,Oral_genital_Contact_active_count,0.15799227014952305,455.2698502671553
id_11,Oral_genital_Contact_passive_count,-0.32803674664833465,455.2698502671553
id_11,Oral_genital_Contact_mean_duration,1.7446875809982545,455.2698502671553
id_11,Oral_genital_Contact_std_duration,-1.4282924088135065,455.2698502671553
id_11,Oral_oral_Contact_active_count,0.35670822607269115,455.2698502671553
id_11,Oral_oral_Contact_passive_count,0.3567082260726986,455.2698502671553
id_11,Oral_oral_Contact_mean_duration,1.5265374920991344,455.2698502671553
id_11,Oral_oral_Contact_std_duration,-0.7829146253725632,455.2698502671553
id_11,Periphery_Zone_count,0.5496392834334102,455.2698502671553
id_11,Periphery_Zone_mean_duration,-0.46379877173280687,455.2698502671553
id_11,Periphery_Zone_std_duration,-0.16966237367536696,455.2698502671553
id_11,Rear_at_periphery_count,-0.9519774612269024,455.2698502671553
id_11,Rear_at_periphery_mean_duration,0.34215271323800295,455.2698502671553
id_11,Rear_at_periphery_std_duration,-0.4995945299152562,455.2698502671553
id_11,Rear_in_centerWindow_count,0.0015072417808704524,455.2698502671553
id_11,Rear_in_centerWindow_mean_duration,0.9905690569034509,455.2698502671553
id_11,Rear_in_centerWindow_std_duration,-1.5103981838024536,455.2698502671553
id_11,Rear_in_contact_count,-0.05520558363413751,455.2698502671553
id_11,Rear_in_contact_mean_duration,1.3884289901682116,455.2698502671553
id_11,Rear_in_contact_std_duration,0.059140350950075596,455.2698502671553
id_11,Rear_isolated_count,-1.1450014897008731,455.2698502671553
id_11,Rear_isolated_mean_duration,0.9964784074582003,455.2698502671553
id_11,Rear_isolated_std_duration,0.4319823185609791,455.2698502671553
id_11,Rearing_count,0.6128810805454042,455.2698502671553
id_11,Rearing_mean_duration,0.7503000523687466,455.2698502671553
id_11,Rearing_std_duration,0.17525396588560652,455.2698502671553
id_11,SAP_count,-1.052282373965468,455.2698502671553
id_11,SAP_mean_duration,-1.453422567134488,455.2698502671553
id_11,SAP_std_duration,0.6452094986571474,455.2698502671553
id_11,Side_by_side_Contact_active_count,-0.13174324460343828,455.2698502671553
id_11,Side_by_side_Contact_passive_count,-0.131743244603436,455.2698502671553
id_11,Side_by_side_Contact_mean_duration,-1.402938262364791,455.2698502671553
id_11,Side_by_side_Contact_std_duration,-0.17399571519477328,455.2698502671553
id_11,Side_by_side_Contact_opposite_way_active_count,-0.38699160744278077,455.2698502671553
id_11,Side_by_side_Contact_opposite_way_passive_count,-0.3869916074427798,455.2698502671553
id_11,Side_by_side_Contact_opposite_way_mean_duration,-0.9194917661527962,455.2698502671553
id_11,Side_by_side_Contact_opposite_way_std_duration,0.7024561554719174,455.2698502671553
id_11,Social_approach_active_count,0.1374508584575453,455.2698502671553
id_11,Social_approach_passive_count,-0.5291698308899595,455.2698502671553
id_11,Social_approach_mean_duration,-0.14374835135667727,455.2698502671553
id_11,Social_approach_std_duration,1.3330294934244227,455.2698502671553
id_11,Social_escape_active_count,0.05530207703693612,455.2698502671553
id_11,Social_escape_passive_count,-0.014911552196645719,455.2698502671553
id_11,Social_escape_mean_duration,-0.8656670824920629,455.2698502671553
id_11,Social_escape_std_duration,-1.4625147172000124,455.2698502671553
id_11,Stop_count,0.02109476617058429,455.2698502671553
id_11,Stop_mean_duration,0.2886265975605346,455.2698502671553
id_11,Stop_std_duration,1.5584535829167208,455.2698502671553
id_11,Stop_in_contact_active_count,-0.5294348615641079,455.2698502671553
id_11,Stop_in_contact_passive_count,-0.31945546276694475,455.2698502671553
id_11,Stop_in_contact_mean_duration,0.7734253415997283,455.2698502671553
id_11,Stop_in_contact_std_duration,0.6706766603181339,455.2698502671553
id_11,Stop_isolated_count,-0.4617878844363943,455.2698502671553
id_11,Stop_isolated_mean_duration,1.1433871310897237,455.2698502671553
id_11,Stop_isolated_std_duration,-1.6140779634133902,455.2698502671553
id_11,Train2_active_count,-0.35027482932495047,455.2698502671553
id_11,Train2_passive_count,-0.20255396616927185,455.2698502671553
id_11,Train2_mean_duration,-0.07292626531173163,455.2698502671553
id_11,Train2_std_duration,-0.1889025007722942,455.2698502671553
id_11,WallJump_count,-0.18484592731251848,455.2698502671553
id_11,WallJump_mean_duration,0.6962582026314461,455.2698502671553
id_11,WallJump_std_duration,-0.572151423643378,455.2698502671553
id_11,isolated_count,-1.323681032397407,455.2698502671553
id_11,isolated_mean_duration,-0.4909806396716964,455.2698502671553
id_11,isolated_std_duration,-0.19819469542993545,455.2698502671553
id_11,seq_oral_geni___oral_oral_active_count,-0.37620744041900156,455.2698502671553
id_11,seq_oral_geni___oral_oral_passive_count,0.7935409177147493,455.2698502671553
id_11,seq_oral_geni___oral_oral_mean_duration,0.8966725971379527,455.2698502671553
id_11,seq_oral_geni___oral_oral_std_duration,-0.2838072995646505,455.2698502671553
id_11,seq_oral_oral___oral_genital_active_count,1.454159601148107,455.2698502671553
id_11,seq_oral_oral___oral_genital_passive_count,0.5394813631158683,455.2698502671553
id_11,seq_oral_oral___oral_genital_mean_duration,-0.3742303469747836,455.2698502671553
id_11,seq_oral_oral___oral_genital_std_duration,0.05641842384035614,455.2698502671553
id_12,Approach_active_count,-1.1080593173300706,451.21676064314335
id_12,Approach_passive_count,0.7621112693194848,451.21676064314335
id_12,Approach_mean_duration,-0.8218218558249027,451.21676064314335
id_12,Approach_std_duration,0.45844443097244747,451.21676064314335
id_12,Approach_contact_active_count,-0.9658261407264266,451.21676064314335
id_12,Approach_contact_passive_count,1.160764433337638,451.21676064314335
id_12,Approach_contact_mean_duration,-1.4914345546254195,451.21676064314335
id_12,Approach_contact_std_duration,-2.3879098080036707,451.21676064314335
id_12,Approach_rear_active_count,0.10593879280382933,451.21676064314335
id_12,Approach_rear_passive_count,1.2116861060919204,451.21676064314335
id_12,Approach_rear_mean_duration,-0.3515300294704696,451.21676064314335
id_12,Approach_rear_std_duration,-1.3118634934272815,451.21676064314335
id_12,Break_contact_active_count,-0.22417712407283544,451.21676064314335
id_12,Break_contact_passive_count,-0.251650384056892,451.21676064314335
id_12,Break_contact_mean_duration,0.37331293553939354,451.21676064314335
id_12,Break_contact_std_duration,-0.6611634919891638,451.21676064314335
id_12,Center_Zone_count,-1.0938204075923013,451.21676064314335
id_12,Center_Zone_mean_duration,0.11738663652383148,451.21676064314335
id_12,Center_Zone_std_duration,-0.3197025886288272,451.21676064314335
id_12,Contact_active_count,0.8824316009530419,451.21676064314335
id_12,Contact_passive_count,0.8860306579029407,451.21676064314335
id_12,Contact_mean_duration,-0.5121846640122169,451.21676064314335
id_12,Contact_std_duration,-0.37838640190872225,451.21676064314335
id_12,Get_away_active_count,-0.005177169116025079,451.21676064314335
id_12,Get_away_passive_count,0.08558740424128167,451.21676064314335
id_12,Get_away_mean_duration,-1.5872923435961765,451.21676064314335
id_12,Get_away_std_duration,-0.9099385757569678,451.21676064314335
id_12,Group_3_break_count,0.47505529578225786,451.21676064314335
id_12,Group_3_break_mean_duration,0.07667714813965995,451.21676064314335
id_12,Group_3_break_std_duration,0.804905868596567,451.21676064314335
id_12,Group_3_make_count,-0.33981120754995636,451.21676064314335
id_12,Group_3_make_mean_duration,0.790101925022482,451.21676064314335
id_12,Group_3_make_std_duration,-0.8523602547546629,451.21676064314335
id_12,Group_4_break_count,-0.8524203707701221,451.21676064314335
id_12,Group_4_break_mean_duration,-0.00037150391677683774,451.21676064314335
id_12,Group_4_break_std_duration,-1.1448328366994338,451.21676064314335
id_12,Group_4_make_count,2.3379364160720915,451.21676064314335
id_12,Group_4_make_mean_duration,-1.0591394394299511,451.21676064314335
id_12,Group_4_make_std_duration,1.3334501926897346,451.21676064314335
id_12,Group2_active_count,-0.05336064695767427,451.21676064314335
id_12,Group2_passive_count,-0.059825307642997094,451.21676064314335
id_12,Group2_mean_duration,2.056435820831521,451.21676064314335
id_12,Group2_std_duration,1.154864090116738,451.21676064314335
id_12,Huddling_count,-1.3287054764443826,451.21676064314335
id_12,Huddling_mean_duration,-0.05819667062108463,451.21676064314335
id_12,Huddling_std_duration,0.41973044960595157,451.21676064314335
id_12,Move_in_contact_active_count,0.16132505686830112,451.21676064314335
id_12,Move_in_contact_passive_count,0.17617429799086293,451.21676064314335
id_12,Move_in_contact_mean_duration,-1.8758790055101047,451.21676064314335
id_12,Move_in_contact_std_duration,0.7589343749077792,451.21676064314335
id_12,Move_isolated_count,-0.520855642823407,451.21676064314335
id_12,Move_isolated_mean_duration,-0.7772885043571992,451.21676064314335
id_12,Move_isolated_std_duration,0.44529795586454857,451.21676064314335
id_12,Oral_genital_Contact_active_count,0.364331544966982,451.21676064314335
id_12,Oral_genital_Contact_passive_count,0.0856942424491715,451.21676064314335
id_12,Oral_genital_Contact_mean_duration,-0.9752274266575679,451.21676064314335
id_12,Oral_genital_Contact_std_duration,-0.2902410954485479,451.21676064314335
id_12,Oral_oral_Contact_active_count,-0.08490030470271007,451.21676064314335
id_12,Oral_oral_Contact_passive_count,-0.08490030470270037,451.21676064314335
id_12,Oral_oral_Contact_mean_duration,-1.2504449078887547,451.21676064314335
id_12,Oral_oral_Contact_std_duration,1.0276605711784312,451.21676064314335
id_12,Periphery_Zone_count,0.8179760805917654,451.21676064314335
id_12,Periphery_Zone_mean_duration,-1.4982907633900022,451.21676064314335
id_12,Periphery_Zone_std_duration,-0.8099589697017596,451.21676064314335
id_12,Rear_at_periphery_count,2.2740798309558174,451.21676064314335
id_12,Rear_at_periphery_mean_duration,-0.7095377634425738,451.21676064314335
id_12,Rear_at_periphery_std_duration,-0.8659849378766535,451.21676064314335
id_12,Rear_in_centerWindow_count,-0.4545630100038276,451.21676064314335
id_12,Rear_in_centerWindow_mean_duration,-0.2837091778318205,451.21676064314335
id_12,Rear_in_centerWindow_std_duration,-0.06487984836667196,451.21676064314335
id_12,Rear_in_contact_count,1.5681485672072972,451.21676064314335
id_12,Rear_in_contact_mean_duration,1.4826920424069154,451.21676064314335
id_12,Rear_in_contact_std_duration,0.4225547524152809,451.21676064314335
id_12,Rear_isolated_count,1.8649826042489768,451.21676064314335
id_12,Rear_isolated_mean_duration,-0.8048873433574353,451.21676064314335
id_12,Rear_isolated_std_duration,1.3217499813086155,451.21676064314335
id_12,Rearing_count,-0.16145865196390752,451.21676064314335
id_12,Rearing_mean_duration,0.43385649685657596,451.21676064314335
id_12,Rearing_std_duration,0.596240672157786,451.21676064314335
id_12,SAP_count,1.3902370643495192,451.21676064314335
id_12,SAP_mean_duration,-0.20006673215227866,451.21676064314335
id_12,SAP_std_duration,0.4313819918945928,451.21676064314335
id_12,Side_by_side_Contact_active_count,0.069823763602228,451.21676064314335
id_12,Side_by_side_Contact_passive_count,0.06982376360222889,451.21676064314335
id_12,Side_by_side_Contact_mean_duration,0.2960029639045777,451.21676064314335
id_12,Side_by_side_Contact_std_duration,-0.5133153984792238,451.21676064314335
id_12,Side_by_side_Contact_opposite_way_active_count,0.21770481939845074,451.21676064314335
id_12,Side_by_side_Contact_opposite_way_passive_count,0.217704819398449,451.21676064314335
id_12,Side_by_side_Contact_opposite_way_mean_duration,-1.2120258916256474,451.21676064314335
id_12,Side_by_side_Contact_opposite_way_std_duration,-0.14495206921798134,451.21676064314335
id_12,Social_approach_active_count,-0.3866106198195181,451.21676064314335
id_12,Social_approach_passive_count,-0.31921613733889115,451.21676064314335
id_12,Social_approach_mean_duration,0.19182599318258992,451.21676064314335
id_12,Social_approach_std_duration,-0.26572931147622203,451.21676064314335
id_12,Social_escape_active_count,-0.1282226604073782,451.21676064314335
id_12,Social_escape_passive_count,-0.10569150426532328,451.21676064314335
id_12,Social_escape_mean_duration,0.431417789554734,451.21676064314335
id_12,Social_escape_std_duration,1.7370133248819812,451.21676064314335
id_12,Stop_count,-0.04944743732042907,451.21676064314335
id_12,Stop_mean_duration,0.8180284482249248,451.21676064314335
id_12,Stop_std_duration,-0.26701761552836656,451.21676064314335
id_12,Stop_in_contact_active_count,-0.300681504047747,451.21676064314335
id_12,Stop_in_contact_passive_count,-0.442673755535509,451.21676064314335
id_12,Stop_in_contact_mean_duration,1.203787990683419,451.21676064314335
id_12,Stop_in_contact_std_duration,1.3923298457698372,451.21676064314335
id_12,Stop_isolated_count,-0.17329070117431725,451.21676064314335
id_12,Stop_isolated_mean_duration,0.8746220100836388,451.21676064314335
id_12,Stop_isolated_std_duration,-0.04341145693617277,451.21676064314335
id_12,Train2_active_count,-0.35355346685096456,451.21676064314335
id_12,Train2_passive_count,-0.5735122832368359,451.21676064314335
id_12,Train2_mean_duration,-1.0065778984181117,451.21676064314335
id_12,Train2_std_duration,0.48173978210418644,451.21676064314335
id_12,WallJump_count,-1.154350578938209,451.21676064314335
id_12,WallJump_mean_duration,0.39576516459393063,451.21676064314335
id_12,WallJump_std_duration,-0.12596875424181425,451.21676064314335
id_12,isolated_count,0.6349033497522587,451.21676064314335
id_12,isolated_mean_duration,0.3136527832208022,451.21676064314335
id_12,isolated_std_duration,-0.5721935082587186,451.21676064314335
id_12,seq_oral_geni___oral_oral_active_count,-0.7508831361933697,451.21676064314335
id_12,seq_oral_geni___oral_oral_passive_count,-0.045109638754070695,451.21676064314335
id_12,seq_oral_geni___oral_oral_mean_duration,0.6353614417028872,451.21676064314335
id_12,seq_oral_geni___oral_oral_std_duration,-0.26312972278201324,451.21676064314335
id_12,seq_oral_oral___oral_genital_active_count,0.9886944002682884,451.21676064314335
id_12,seq_oral_oral___oral_genital_passive_count,-0.5231029067338827,451.21676064314335
id_12,seq_oral_oral___oral_genital_mean_duration,1.1305998922734657,451.21676064314335
id_12,seq_oral_oral___oral_genital_std_duration,-0.40592328735749605,451.21676064314335
id_13,Approach_active_count,-0.35334211920461045,323.73129308219234
id_13,Approach_passive_count,0.4854380268772633,323.73129308219234
id_13,Approach_mean_duration,-0.2525015306867069,323.73129308219234
id_13,Approach_std_duration,0.24853215906056755,323.73129308219234
id_13,Approach_contact_active_count,-0.882312434503756,323.73129308219234
id_13,Approach_contact_passive_count,1.0884715385863806,323.73129308219234
id_13,Approach_contact_mean_duration,-0.9871776268185252,323.73129308219234
id_13,Approach_contact_std_duration,0.2250953833972922,323.73129308219234
id_13,Approach_rear_active_count,-0.61583070288939,323.73129308219234
id_13,Approach_rear_passive_count,-0.15894735888956546,323.73129308219234
id_13,Approach_rear_mean_duration,-0.1751693287506288,323.73129308219234
id_13,Approach_rear_std_duration,0.7214719433099982,323.73129308219234
id_13,Break_contact_active_count,0.9766881048739369,323.73129308219234
id_13,Break_contact_passive_count,-0.735627588465713,323.73129308219234
id_13,Break_contact_mean_duration,0.1378476734709445,323.73129308219234
id_13,Break_contact_std_duration,-0.4791970504405288,323.73129308219234
id_13,Center_Zone_count,2.2437882287140214,323.73129308219234
id_13,Center_Zone_mean_duration,-1.2435249606462506,323.73129308219234
id_13,Center_Zone_std_duration,1.299645941802894,323.73129308219234
id_13,Contact_active_count,-0.9329827005740381,323.73129308219234
id_13,Contact_passive_count,-0.9165183030138457,323.73129308219234
id_13,Contact_mean_duration,-0.7342739507332753,323.73129308219234
id_13,Contact_std_duration,-0.1930739836443253,323.73129308219234
id_13,Get_away_active_count,0.11102398643820674,323.73129308219234
id_13,Get_away_passive_count,-0.3298577344282535,323.73129308219234
id_13,Get_away_mean_duration,-1.096415940889952,323.73129308219234
id_13,Get_away_std_duration,-0.05034783437106878,323.73129308219234
id_13,Group_3_break_count,-0.4410055273773567,323.73129308219234
id_13,Group_3_break_mean_duration,-0.5040695440410243,323.73129308219234
id_13,Group_3_break_std_duration,0.12678996473738804,323.73129308219234
id_13,Group_3_make_count,0.7450236793082521,323.73129308219234
id_13,Group_3_make_mean_duration,0.9989929537848896,323.73129308219234
id_13,Group_3_make_std_duration,-0.5324476876335296,323.73129308219234
id_13,Group_4_break_count,-0.4350363599838198,323.73129308219234
id_13,Group_4_break_mean_duration,0.47318758564206875,323.73129308219234
id_13,Group_4_break_std_duration,-0.48364353209106403,323.73129308219234
id_13,Group_4_make_count,0.5400630871106398,323.73129308219234
id_13,Group_4_make_mean_duration,-1.0765139821415437,323.73129308219234
id_13,Group_4_make_std_duration,0.46746426472668595,323.73129308219234
id_13,Group2_active_count,-1.1100381508568626,323.73129308219234
id_13,Group2_passive_count,-1.1087223865985285,323.73129308219234
id_13,Group2_mean_duration,0.923868364283913,323.73129308219234
id_13,Group2_std_duration,-0.31183867255527464,323.73129308219234
id_13,Huddling_count,-0.08405189637472596,323.73129308219234
id_13,Huddling_mean_duration,-0.1002693928523372,323.73129308219234
id_13,Huddling_std_duration,-0.009201521913186596,323.73129308219234
id_13,Move_in_contact_active_count,-1.050626311488499,323.73129308219234
id_13,Move_in_contact_passive_count,0.26746666311661293,323.73129308219234
id_13,Move_in_contact_mean_duration,0.8368903432799929,323.73129308219234
id_13,Move_in_contact_std_duration,0.33646060000254585,323.73129308219234
id_13,Move_isolated_count,0.009318168804930147,323.73129308219234
id_13,Move_isolated_mean_duration,0.48941109949139383,323.73129308219234
id_13,Move_isolated_std_duration,0.34396353236046684,323.73129308219234
id_13,Oral_genital_Contact_active_count,0.7382088731351719,323.73129308219234
id_13,Oral_genital_Contact_passive_count,0.595896760366869,323.73129308219234
id_13,Oral_genital_Contact_mean_duration,0.579500920661563,323.73129308219234
id_13,Oral_genital_Contact_std_duration,0.4050350586414078,323.73129308219234
id_13,Oral_oral_Contact_active_count,0.2851212625929367,323.73129308219234
id_13,Oral_oral_Contact_passive_count,0.28512126259293474,323.73129308219234
id_13,Oral_oral_Contact_mean_duration,-0.27739276777861216,323.73129308219234
id_13,Oral_oral_Contact_std_duration,0.20688222653003782,323.73129308219234
id_13,Periphery_Zone_count,-2.363961709727841,323.73129308219234
id_13,Periphery_Zone_mean_duration,1.4955217403108696,323.73129308219234
id_13,Periphery_Zone_std_duration,-1.9277479554776484,323.73129308219234
id_13,Rear_at_periphery_count,0.26568914767681007,323.73129308219234
id_13,Rear_at_periphery_mean_duration,1.5781787539662504,323.73129308219234
id_13,Rear_at_periphery_std_duration,0.17654661151772236,323.73129308219234
id_13,Rear_in_centerWindow_count,-0.2138632692644062,323.73129308219234
id_13,Rear_in_centerWindow_mean_duration,-0.7243448867717894,323.73129308219234
id_13,Rear_in_centerWindow_std_duration,1.2613885993948142,323.73129308219234
id_13,Rear_in_contact_count,-1.5347208935846481,323.73129308219234
id_13,Rear_in_contact_mean_duration,-1.1855490309371732,323.73129308219234
id_13,Rear_in_contact_std_duration,-0.04683822381957643,323.73129308219234
id_13,Rear_isolated_count,0.8415648713094654,323.73129308219234
id_13,Rear_isolated_mean_duration,-0.03149343168574248,323.73129308219234
id_13,Rear_isolated_std_duration,-0.7728529651913698,323.73129308219234
id_13,Rearing_count,-0.5083717323118615,323.73129308219234
id_13,Rearing_mean_duration,-0.5662170137111759,323.73129308219234
id_13,Rearing_std_duration,0.8362452756096863,323.73129308219234
id_13,SAP_count,-0.908504049691908,323.73129308219234
id_13,SAP_mean_duration,0.0747710240490071,323.73129308219234
id_13,SAP_std_duration,-0.03962431047963296,323.73129308219234
id_13,Side_by_side_Contact_active_count,0.48477349539589554,323.73129308219234
id_13,Side_by_side_Contact_passive_count,0.48477349539589504,323.73129308219234
id_13,Side_by_side_Contact_mean_duration,-0.7974629172317431,323.73129308219234
id_13,Side_by_side_Contact_std_duration,0.5746980700249277,323.73129308219234
id_13,Side_by_side_Contact_opposite_way_active_count,-0.1566378047006458,323.73129308219234
id_13,Side_by_side_Contact_opposite_way_passive_count,-0.15663780470064623,323.73129308219234
id_13,Side_by_side_Contact_opposite_way_mean_duration,-0.13001799627865193,323.73129308219234
id_13,Side_by_side_Contact_opposite_way_std_duration,0.22738694738301318,323.73129308219234
id_13,Social_approach_active_count,-0.028632634059571435,323.73129308219234
id_13,Social_approach_passive_count,-0.03702555666878414,323.73129308219234
id_13,Social_approach_mean_duration,-1.2881456051552773,323.73129308219234
id_13,Social_approach_std_duration,-0.1159497015475585,323.73129308219234
id_13,Social_escape_active_count,-0.09767190245179953,323.73129308219234
id_13,Social_escape_passive_count,-0.19547356079349623,323.73129308219234
id_13,Social_escape_mean_duration,-1.4908240672679434,323.73129308219234
id_13,Social_escape_std_duration,1.46615729949569,323.73129308219234
id_13,Stop_count,1.1194774280705446,323.73129308219234
id_13,Stop_mean_duration,1.4370050570045574,323.73129308219234
id_13,Stop_std_duration,-0.20336983720420748,323.73129308219234
id_13,Stop_in_contact_active_count,-0.31714972280865084,323.73129308219234
id_13,Stop_in_contact_passive_count,0.06561580974365155,323.73129308219234
id_13,Stop_in_contact_mean_duration,-0.4710991965589396,323.73129308219234
id_13,Stop_in_contact_std_duration,0.6255382119575681,323.73129308219234
id_13,Stop_isolated_count,0.37471793268133363,323.73129308219234
id_13,Stop_isolated_mean_duration,-0.6090358626849482,323.73129308219234
id_13,Stop_isolated_std_duration,0.5115292211528161,323.73129308219234
id_13,Train2_active_count,-0.17232702457280633,323.73129308219234
id_13,Train2_passive_count,-0.5774484482014741,323.73129308219234
id_13,Train2_mean_duration,-0.11261800512954775,323.73129308219234
id_13,Train2_std_duration,0.3998345024120675,323.73129308219234
id_13,WallJump_count,-0.3506586540873391,323.73129308219234
id_13,WallJump_mean_duration,0.5644284382704579,323.73129308219234
id_13,WallJump_std_duration,-0.16068090994787926,323.73129308219234
id_13,isolated_count,2.401777344136298,323.73129308219234
id_13,isolated_mean_duration,-0.9418888481776355,323.73129308219234
id_13,isolated_std_duration,0.1816900761014383,323.73129308219234
id_13,seq_oral_geni___oral_oral_active_count,1.5462294514464954,323.73129308219234
id_13,seq_oral_geni___oral_oral_passive_count,0.8144219197688807,323.73129308219234
id_13,seq_oral_geni___oral_oral_mean_duration,1.6790436603775265,323.73129308219234
id_13,seq_oral_geni___oral_oral_std_duration,-0.5614748637142609,323.73129308219234
id_13,seq_oral_oral___oral_genital_active_count,0.07595467683413513,323.73129308219234
id_13,seq_oral_oral___oral_genital_passive_count,-0.10967413564413667,323.73129308219234
id_13,seq_oral_oral___oral_genital_mean_duration,-2.4904125439581963,323.73129308219234
id_13,seq_oral_oral___oral_genital_std_duration,0.5031386987913766,323.73129308219234
id_14,Approach_active_count,-0.9723709834589405,283.0564384236523
id_14,Approach_passive_count,0.015436725326697962,283.0564384236523
id_14,Approach_mean_duration,-1.5149945986290536,283.0564384236523
id_14,Approach_std_duration,0.8391525455214242,283.0564384236523
id_14,Approach_contact_active_count,-1.1242401614818196,283.0564384236523
id_14,Approach_contact_passive_count,-0.2869167596458231,283.0564384236523
id_14,Approach_contact_mean_duration,-0.41449875521155266,283.0564384236523
id_14,Approach_contact_std_duration,-2.2012105350549565,283.0564384236523
id_14,Approach_rear_active_count,-0.1422221933985585,283.0564384236523
id_14,Approach_rear_passive_count,0.9947224523953538,283.0564384236523
id_14,Approach_rear_mean_duration,1.693664760944212,283.0564384236523
id_14,Approach_rear_std_duration,-0.6030080729042996,283.0564384236523
id_14,Break_contact_active_count,0.18496748124766463,283.0564384236523
id_14,Break_contact_passive_count,0.4108728319550806,283.0564384236523
id_14,Break_contact_mean_duration,-0.24903745381241932,283.0564384236523
id_14,Break_contact_std_duration,0.47272225198161116,283.0564384236523
id_14,Center_Zone_count,0.6951166635469044,283.0564384236523
id_14,Center_Zone_mean_duration,-1.5582607476185093,283.0564384236523
id_14,Center_Zone_std_duration,0.33399517257332245,283.0564384236523
id_14,Contact_active_count,-0.7160707555974315,283.0564384236523
id_14,Contact_passive_count,-0.7149057556327145,283.0564384236523
id_14,Contact_mean_duration,2.3070054010178103,283.0564384236523
id_14,Contact_std_duration,-0.7056873519832012,283.0564384236523
id_14,Get_away_active_count,0.3338857152983764,283.0564384236523
id_14,Get_away_passive_count,0.33957282856169985,283.0564384236523
id_14,Get_away_mean_duration,-0.7111879864505083,283.0564384236523
id_14,Get_away_std_duration,-0.22286265784776652,283.0564384236523
id_14,Group_3_break_count,0.43560642078460005,283.0564384236523
id_14,Group_3_break_mean_duration,-0.057091700792309505,283.0564384236523
id_14,Group_3_break_std_duration,-1.262435748092656,283.0564384236523
id_14,Group_3_make_count,-0.29948526608269876,283.0564384236523
id_14,Group_3_make_mean_duration,-0.6213258274680336,283.0564384236523
id_14,Group_3_make_std_duration,0.8964211116576254,283.0564384236523
id_14,Group_4_break_count,0.6094195569118989,283.0564384236523
id_14,Group_4_break_mean_duration,1.1925167335810516,283.0564384236523
id_14,Group_4_break_std_duration,-0.11784353441981367,283.0564384236523
id_14,Group_4_make_count,-1.328528632398055,283.0564384236523
id_14,Group_4_make_mean_duration,-0.7023052209466221,283.0564384236523
id_14,Group_4_make_std_duration,0.16587772642878226,283.0564384236523
id_14,Group2_active_count,-0.28931637368733404,283.0564384236523
id_14,Group2_passive_count,-0.28826985685219253,283.0564384236523
id_14,Group2_mean_duration,0.26019292627880586,283.0564384236523
id_14,Group2_std_duration,-1.1575465807208611,283.0564384236523
id_14,Huddling_count,1.073556976957472,283.0564384236523
id_14,Huddling_mean_duration,-1.061380005940735,283.0564384236523
id_14,Huddling_std_duration,0.326436442776769,283.0564384236523
id_14,Move_in_contact_active_count,0.5392503946400811,283.0564384236523
id_14,Move_in_contact_passive_count,0.9403070354458771,283.0564384236523
id_14,Move_in_contact_mean_duration,-2.6544825114543777,283.0564384236523
id_14,Move_in_contact_std_duration,2.1344766859949384,283.0564384236523
id_14,Move_isolated_count,-0.845784332176989,283.0564384236523
id_14,Move_isolated_mean_duration,1.2569038986489451,283.0564384236523
id_14,Move_isolated_std_duration,-0.49264759027183874,283.0564384236523
id_14,Oral_genital_Contact_active_count,-0.08300503282949745,283.0564384236523
id_14,Oral_genital_Contact_passive_count,0.27648147715552157,283.0564384236523
id_14,Oral_genital_Contact_mean_duration,-0.8733819815211319,283.0564384236523
id_14,Oral_genital_Contact_std_duration,-0.1296149829903888,283.0564384236523
id_14,Oral_oral_Contact_active_count,0.10748602737220656,283.0564384236523
id_14,Oral_oral_Contact_passive_count,0.10748602737219448,283.0564384236523
id_14,Oral_oral_Contact_mean_duration,0.8117145140485301,283.0564384236523
id_14,Oral_oral_Contact_std_duration,-0.531954596171043,283.0564384236523
id_14,Periphery_Zone_count,0.06170450936611264,283.0564384236523
id_14,Periphery_Zone_mean_duration,-0.12525661990828799,283.0564384236523
id_14,Periphery_Zone_std_duration,-0.5434770782925935,283.0564384236523
id_14,Rear_at_periphery_count,0.9890400415360838,283.0564384236523
id_14,Rear_at_periphery_mean_duration,0.7838414238688514,283.0564384236523
id_14,Rear_at_periphery_std_duration,1.5579773413919742,283.0564384236523
id_14,Rear_in_centerWindow_count,-0.9030765366370265,283.0564384236523
id_14,Rear_in_centerWindow_mean_duration,0.3026324537935891,283.0564384236523
id_14,Rear_in_centerWindow_std_duration,-0.23133760256074198,283.0564384236523
id_14,Rear_in_contact_count,1.9094701740663567,283.0564384236523
id_14,Rear_in_contact_mean_duration,-1.297714339522854,283.0564384236523
id_14,Rear_in_contact_std_duration,-0.00848425340719156,283.0564384236523
id_14,Rear_isolated_count,0.7053787046367258,283.0564384236523
id_14,Rear_isolated_mean_duration,0.5454960352389789,283.0564384236523
id_14,Rear_isolated_std_duration,-2.068092932286863,283.0564384236523
id_14,Rearing_count,0.2827345025806564,283.0564384236523
id_14,Rearing_mean_duration,0.7010947280487837,283.0564384236523
id_14,Rearing_std_duration,-0.3449710409685879,283.0564384236523
id_14,SAP_count,-0.6596219949085674,283.0564384236523
id_14,SAP_mean_duration,1.011623559393577,283.0564384236523
id_14,SAP_std_duration,-1.01786673829679,283.0564384236523
id_14,Side_by_side_Contact_active_count,-0.25231620305210833,283.0564384236523
id_14,Side_by_side_Contact_passive_count,-0.25231620305210667,283.0564384236523
id_14,Side_by_side_Contact_mean_duration,-1.3808831914855013,283.0564384236523
id_14,Side_by_side_Contact_std_duration,0.894000495183951,283.0564384236523
id_14,Side_by_side_Contact_opposite_way_active_count,-0.12284707401530703,283.0564384236523
id_14,Side_by_side_Contact_opposite_way_passive_count,-0.12284707401530745,283.0564384236523
id_14,Side_by_side_Contact_opposite_way_mean_duration,-0.2453641816059764,283.0564384236523
id_14,Side_by_side_Contact_opposite_way_std_duration,0.33148158527950977,283.0564384236523
id_14,Social_approach_active_count,-0.46785155485568364,283.0564384236523
id_14,Social_approach_passive_count,0.06414865375219155,283.0564384236523
id_14,Social_approach_mean_duration,0.5056060499978243,283.0564384236523
id_14,Social_approach_std_duration,0.796036602511444,283.0564384236523
id_14,Social_escape_active_count,0.10048109137394952,283.0564384236523
id_14,Social_escape_passive_count,0.486749989339282,283.0564384236523
id_14,Social_escape_mean_duration,-0.967974082740366,283.0564384236523
id_14,Social_escape_std_duration,-1.455005847987569,283.0564384236523
id_14,Stop_count,-0.6695381695782219,283.0564384236523
id_14,Stop_mean_duration,-0.23473338946478053,283.0564384236523
id_14,Stop_std_duration,-0.3788877540021121,283.0564384236523
id_14,Stop_in_contact_active_count,-0.521484659312999,283.0564384236523
id_14,Stop_in_contact_passive_count,-0.3706883459344278,283.0564384236523
id_14,Stop_in_contact_mean_duration,1.2350718690470723,283.0564384236523
id_14,Stop_in_contact_std_duration,-1.237936952765165,283.0564384236523
id_14,Stop_isolated_count,-0.3654894421008136,283.0564384236523
id_14,Stop_isolated_mean_duration,0.6987858980750795,283.0564384236523
id_14,Stop_isolated_std_duration,0.8542503483535817,283.0564384236523
id_14,Train2_active_count,0.10860358973951253,283.0564384236523
id_14,Train2_passive_count,0.468218345719488,283.0564384236523
id_14,Train2_mean_duration,0.736386093681911,283.0564384236523
id_14,Train2_std_duration,-0.29915339915806705,283.0564384236523
id_14,WallJump_count,0.0031218444456591206,283.0564384236523
id_14,WallJump_mean_duration,0.31804408341036405,283.0564384236523
id_14,WallJump_std_duration,-0.0120473188125812,283.0564384236523
id_14,isolated_count,0.12385229301095271,283.0564384236523
id_14,isolated_mean_duration,-0.368145195243928,283.0564384236523
id_14,isolated_std_duration,0.3792780550778262,283.0564384236523
id_14,seq_oral_geni___oral_oral_active_count,1.1680349983981424,283.0564384236523
id_14,seq_oral_geni___oral_oral_passive_count,-0.21714397536024788,283.0564384236523
id_14,seq_oral_geni___oral_oral_mean_duration,-1.3075330410795432,283.0564384236523
id_14,seq_oral_geni___oral_oral_std_duration,0.37027593579769935,283.0564384236523
id_14,seq_oral_oral___oral_genital_active_count,0.9609765401214566,283.0564384236523
id_14,seq_oral_oral___oral_genital_passive_count,0.65346806297857,283.0564384236523
id_14,seq_oral_oral___oral_genital_mean_duration,0.5065130174720662,283.0564384236523
id_14,seq_oral_oral___oral_genital_std_duration,0.015779478759859366,283.0564384236523
id_15,Approach_active_count,-0.543766798929239,254.4682115471585
id_15,Approach_passive_count,0.046612543625829186,254.4682115471585
id_15,Approach_mean_duration,1.6042869548298597,254.4682115471585
id_15,Approach_std_duration,-0.6698385115897972,254.4682115471585
id_15,Approach_contact_active_count,-0.698594621016157,254.4682115471585
id_15,Approach_contact_passive_count,0.052306984076770605,254.4682115471585
id_15,Approach_contact_mean_duration,1.6664332383200684,254.4682115471585
id_15,Approach_contact_std_duration,0.8190203161107897,254.4682115471585
id_15,Approach_rear_active_count,0.6756383405495895,254.4682115471585
id_15,Approach_rear_passive_count,0.7237251172214278,254.4682115471585
id_15,Approach_rear_mean_duration,-1.9387710553853792,254.4682115471585
id_15,Approach_rear_std_duration,-0.520247704401579,254.4682115471585
id_15,Break_contact_active_count,-1.1596595399134046,254.4682115471585
id_15,Break_contact_passive_count,0.05445837191041797,254.4682115471585
id_15,Break_contact_mean_duration,-0.7114086410053192,254.4682115471585
id_15,Break_contact_std_duration,0.3297316065682016,254.4682115471585
id_15,Center_Zone_count,-0.5205308618331235,254.4682115471585
id_15,Center_Zone_mean_duration,0.4237169462687597,254.4682115471585
id_15,Center_Zone_std_duration,0.07729825429912829,254.4682115471585
id_15,Contact_active_count,0.2546807240999897,254.4682115471585
id_15,Contact_passive_count,0.2723896058683241,254.4682115471585
id_15,Contact_mean_duration,2.129317757281901,254.4682115471585
id_15,Contact_std_duration,-0.7504793229959689,254.4682115471585
id_15,Get_away_active_count,-0.1823763868038005,254.4682115471585
id_15,Get_away_passive_count,-0.5119053802206648,254.4682115471585
id_15,Get_away_mean_duration,1.881048047603029,254.4682115471585
id_15,Get_away_std_duration,2.2530621376544233,254.4682115471585
id_15,Group_3_break_count,-0.378899361686111,254.4682115471585
id_15,Group_3_break_mean_duration,-0.0018353917608011808,254.4682115471585
id_15,Group_3_break_std_duration,1.406000778493947,254.4682115471585
id_15,Group_3_make_count,0.36745377525977163,254.4682115471585
id_15,Group_3_make_mean_duration,0.28723315730620347,254.4682115471585
id_15,Group_3_make_std_duration,-0.9155667490831115,254.4682115471585
id_15,Group_4_break_count,0.5822217029409323,254.4682115471585
id_15,Group_4_break_mean_duration,0.15973516223421583,254.4682115471585
id_15,Group_4_break_std_duration,0.24196230341022187,254.4682115471585
id_15,Group_4_make_count,-1.1123866064192574,254.4682115471585
id_15,Group_4_make_mean_duration,1.7013368822034567,254.4682115471585
id_15,Group_4_make_std_duration,-1.1095330575240339,254.4682115471585
id_15,Group2_active_count,-0.31667050687470183,254.4682115471585
id_15,Group2_passive_count,-0.31275702197909844,254.4682115471585
id_15,Group2_mean_duration,1.3377873436742072,254.4682115471585
id_15,Group2_std_duration,-0.5798467994138242,254.4682115471585
id_15,Huddling_count,-3.093775694605685,254.4682115471585
id_15,Huddling_mean_duration,0.5674387305648937,254.4682115471585
id_15,Huddling_std_duration,-0.27396806459139844,254.4682115471585
id_15,Move_in_contact_active_count,0.15906724490066187,254.4682115471585
id_15,Move_in_contact_passive_count,0.972889147931669,254.4682115471585
id_15,Move_in_contact_mean_duration,0.5608032706627776,254.4682115471585
id_15,Move_in_contact_std_duration,-0.6241539511663443,254.4682115471585
id_15,Move_isolated_count,-0.912332045268107,254.4682115471585
id_15,Move_isolated_mean_duration,1.7377097940894173,254.4682115471585
id_15,Move_isolated_std_duration,-0.16994090208718873,254.4682115471585
id_15,Oral_genital_Contact_active_count,-0.46461571363229903,254.4682115471585
id_15,Oral_genital_Contact_passive_count,0.11912720643140794,254.4682115471585
id_15,Oral_genital_Contact_mean_duration,-0.8884702737328889,254.4682115471585
id_15,Oral_genital_Contact_std_duration,-0.36181796902547547,254.4682115471585
id_15,Oral_oral_Contact_active_count,0.6745145414249081,254.4682115471585
id_15,Oral_oral_Contact_passive_count,0.674514541424889,254.4682115471585
id_15,Oral_oral_Contact_mean_duration,-0.3836761050310747,254.4682115471585
id_15,Oral_oral_Contact_std_duration,0.4413875817247649,254.4682115471585
id_15,Periphery_Zone_count,0.4187355420588414,254.4682115471585
id_15,Periphery_Zone_mean_duration,-0.8734080972982541,254.4682115471585
id_15,Periphery_Zone_std_duration,0.059784212774127835,254.4682115471585
id_15,Rear_at_periphery_count,0.8675418166583756,254.4682115471585
id_15,Rear_at_periphery_mean_duration,-0.4476241247217704,254.4682115471585
id_15,Rear_at_periphery_std_duration,0.18807384166933047,254.4682115471585
id_15,Rear_in_centerWindow_count,0.21547018540853322,254.4682115471585
id_15,Rear_in_centerWindow_mean_duration,-0.9243941137646089,254.4682115471585
id_15,Rear_in_centerWindow_std_duration,0.9562690105748997,254.4682115471585
id_15,Rear_in_contact_count,0.28217015241289567,254.4682115471585
id_15,Rear_in_contact_mean_duration,-0.15711378411440227,254.4682115471585
id_15,Rear_in_contact_std_duration,0.6491716844820911,254.4682115471585
id_15,Rear_isolated_count,1.1385759614051791,254.4682115471585
id_15,Rear_isolated_mean_duration,0.36780586142037086,254.4682115471585
id_15,Rear_isolated_std_duration,-0.5525602435709985,254.4682115471585
id_15,Rearing_count,1.7843033596180051,254.4682115471585
id_15,Rearing_mean_duration,1.3873751047091902,254.4682115471585
id_15,Rearing_std_duration,0.20208375303370002,254.4682115471585
id_15,SAP_count,-0.7575179232202952,254.4682115471585
id_15,SAP_mean_duration,-0.3235394196303307,254.4682115471585
id_15,SAP_std_duration,0.417533892124036,254.4682115471585
id_15,Side_by_side_Contact_active_count,-0.693222097766921,254.4682115471585
id_15,Side_by_side_Contact_passive_count,-0.6932220977669203,254.4682115471585
id_15,Side_by_side_Contact_mean_duration,-0.6364742694139119,254.4682115471585
id_15,Side_by_side_Contact_std_duration,-0.026199225736977957,254.4682115471585
id_15,Side_by_side_Contact_opposite_way_active_count,-1.0197777663138359,254.4682115471585
id_15,Side_by_side_Contact_opposite_way_passive_count,-1.0197777663138339,254.4682115471585
id_15,Side_by_side_Contact_opposite_way_mean_duration,-1.4031137420696815,254.4682115471585
id_15,Side_by_side_Contact_opposite_way_std_duration,0.27824084338701016,254.4682115471585
id_15,Social_approach_active_count,0.302272927737161,254.4682115471585
id_15,Social_approach_passive_count,0.35410996958409874,254.4682115471585
id_15,Social_approach_mean_duration,-0.24771337393755627,254.4682115471585
id_15,Social_approach_std_duration,-0.14307152421715583,254.4682115471585
id_15,Social_escape_active_count,0.48281386337647597,254.4682115471585
id_15,Social_escape_passive_count,0.06247271565295009,254.4682115471585
id_15,Social_escape_mean_duration,-1.063676076892038,254.4682115471585
id_15,Social_escape_std_duration,-0.3420670497806941,254.4682115471585
id_15,Stop_count,1.8842644341919348,254.4682115471585
id_15,Stop_mean_duration,-0.3889296187691671,254.4682115471585
id_15,Stop_std_duration,0.7743101165945586,254.4682115471585
id_15,Stop_in_contact_active_count,-0.17221970220183286,254.4682115471585
id_15,Stop_in_contact_passive_count,0.13470748871522434,254.4682115471585
id_15,Stop_in_contact_mean_duration,1.0519547522671324,254.4682115471585
id_15,Stop_in_contact_std_duration,0.4279020735009666,254.4682115471585
id_15,Stop_isolated_count,-0.32119308148017944,254.4682115471585
id_15,Stop_isolated_mean_duration,0.9869334457817645,254.4682115471585
id_15,Stop_isolated_std_duration,-1.324450993296017,254.4682115471585
id_15,Train2_active_count,0.14800533393120985,254.4682115471585
id_15,Train2_passive_count,0.18181454694659083,254.4682115471585
id_15,Train2_mean_duration,-0.30069074257077305,254.4682115471585
id_15,Train2_std_duration,-0.08099888951538996,254.4682115471585
id_15,WallJump_count,-0.4066127692713358,254.4682115471585
id_15,WallJump_mean_duration,-0.1771302118643722,254.4682115471585
id_15,WallJump_std_duration,0.19480738242309528,254.4682115471585
id_15,isolated_count,1.219835867611482,254.4682115471585
id_15,isolated_mean_duration,-1.1516633772586178,254.4682115471585
id_15,isolated_std_duration,0.5269582509269936,254.4682115471585
id_15,seq_oral_geni___oral_oral_active_count,0.7127698280273126,254.4682115471585
id_15,seq_oral_geni___oral_oral_passive_count,0.5088147210699739,254.4682115471585
id_15,seq_oral_geni___oral_oral_mean_duration,-0.45960726335752833,254.4682115471585
id_15,seq_oral_geni___oral_oral_std_duration,0.14362717980974304,254.4682115471585
id_15,seq_oral_oral___oral_genital_active_count,1.0071460780838604,254.4682115471585
id_15,seq_oral_oral___oral_genital_passive_count,-1.2334521692140337,254.4682115471585
id_15,seq_oral_oral___oral_genital_mean_duration,-0.4339254796725109,254.4682115471585
id_15,seq_oral_oral___oral_genital_std_duration,0.22777091956764856,254.4682115471585
id_16,Approach_active_count,-0.6343992207638061,217.04527859460362
id_16,Approach_passive_count,1.0827851869871095,217.04527859460362
id_16,Approach_mean_duration,-0.7329959209808701,217.04527859460362
id_16,Approach_std_duration,1.5775911742494355,217.04527859460362
id_16,Approach_contact_active_count,0.32957200209087967,217.04527859460362
id_16,Approach_contact_passive_count,-0.827507508155442,217.04527859460362
id_16,Approach_contact_mean_duration,0.41439036121817285,217.04527859460362
id_16,Approach_contact_std_duration,-0.2404167886227147,217.04527859460362
id_16,Approach_rear_active_count,-0.9625009532198373,217.04527859460362
id_16,Approach_rear_passive_count,-0.19104539357561234,217.04527859460362
id_16,Approach_rear_mean_duration,-0.5145626856905632,217.04527859460362
id_16,Approach_rear_std_duration,-1.0344657097545802,217.04527859460362
id_16,Break_contact_active_count,-0.1092183431701279,217.04527859460362
id_16,Break_contact_passive_count,0.56276997162778,217.04527859460362
id_16,Break_contact_mean_duration,-0.6590938359247432,217.04527859460362
id_16,Break_contact_std_duration,1.1666492813245233,217.04527859460362
id_16,Center_Zone_count,-1.5746908686747942,217.04527859460362
id_16,Center_Zone_mean_duration,-0.2684163878524005,217.04527859460362
id_16,Center_Zone_std_duration,0.4525455865410887,217.04527859460362
id_16,Contact_active_count,-0.34753841582938905,217.04527859460362
id_16,Contact_passive_count,-0.31865353411702946,217.04527859460362
id_16,Contact_mean_duration,0.8496999091598775,217.04527859460362
id_16,Contact_std_duration,-1.1673061686518993,217.04527859460362
id_16,Get_away_active_count,0.2612039277398766,217.04527859460362
id_16,Get_away_passive_count,-0.06260195616953239,217.04527859460362
id_16,Get_away_mean_duration,-0.41636535265300717,217.04527859460362
id_16,Get_away_std_duration,0.3962855385695549,217.04527859460362
id_16,Group_3_break_count,0.46356227874983336,217.04527859460362
id_16,Group_3_break_mean_duration,-0.46941038625838477,217.04527859460362
id_16,Group_3_break_std_duration,0.6610918059903845,217.04527859460362
id_16,Group_3_make_count,0.9177741362300308,217.04527859460362
id_16,Group_3_make_mean_duration,-0.48263536099751325,217.04527859460362
id_16,Group_3_make_std_duration,-0.6223794701447095,217.04527859460362
id_16,Group_4_break_count,0.8709768093791257,217.04527859460362
id_16,Group_4_break_mean_duration,0.10364036898917502,217.04527859460362
id_16,Group_4_break_std_duration,-1.008346531097555,217.04527859460362
id_16,Group_4_make_count,0.0782044126781531,217.04527859460362
id_16,Group_4_make_mean_duration,-0.5141100511485205,217.04527859460362
id_16,Group_4_make_std_duration,0.7448000709011171,217.04527859460362
id_16,Group2_active_count,-0.007937017020270465,217.04527859460362
id_16,Group2_passive_count,-0.02539606022087216,217.04527859460362
id_16,Group2_mean_duration,-1.0581924746265863,217.04527859460362
id_16,Group2_std_duration,0.6442831963481701,217.04527859460362
id_16,Huddling_count,-0.3006631251734444,217.04527859460362
id_16,Huddling_mean_duration,-0.8591910715776687,217.04527859460362
id_16,Huddling_std_duration,0.6264312386772627,217.04527859460362
id_16,Move_in_contact_active_count,0.38949439089909293,217.04527859460362
id_16,Move_in_contact_passive_count,0.28597723204624614,217.04527859460362
id_16,Move_in_contact_mean_duration,1.6591827900885656,217.04527859460362
id_16,Move_in_contact_std_duration,0.29026854188964507,217.04527859460362
id_16,Move_isolated_count,1.066354079154081,217.04527859460362
id_16,Move_isolated_mean_duration,-0.07633874873942638,217.04527859460362
id_16,Move_isolated_std_duration,-0.4925238538332224,217.04527859460362
id_16,Oral_genital_Contact_active_count,-0.07612913815948529,217.04527859460362
id_16,Oral_genital_Contact_passive_count,0.342544577878017,217.04527859460362
id_16,Oral_genital_Contact_mean_duration,-2.0496819499373062,217.04527859460362
id_16,Oral_genital_Contact_std_duration,0.3784070438426717,217.04527859460362
id_16,Oral_oral_Contact_active_count,-0.16576831668285566,217.04527859460362
id_16,Oral_oral_Contact_passive_count,-0.16576831668285072,217.04527859460362
id_16,Oral_oral_Contact_mean_duration,2.38406642487752,217.04527859460362
id_16,Oral_oral_Contact_std_duration,-0.3764267214952383,217.04527859460362
id_16,Periphery_Zone_count,-0.1774982435529471,217.04527859460362
id_16,Periphery_Zone_mean_duration,0.550259969154836,217.04527859460362
id_16,Periphery_Zone_std_duration,-1.764930320787403,217.04527859460362
id_16,Rear_at_periphery_count,1.0315993116604185,217.04527859460362
id_16,Rear_at_periphery_mean_duration,-0.3135782061502821,217.04527859460362
id_16,Rear_at_periphery_std_duration,-0.9222810763457735,217.04527859460362
id_16,Rear_in_centerWindow_count,-0.6175108525548547,217.04527859460362
id_16,Rear_in_centerWindow_mean_duration,0.6988952757393357,217.04527859460362
id_16,Rear_in_centerWindow_std_duration,-1.1363990263177586,217.04527859460362
id_16,Rear_in_contact_count,-0.27829389922956677,217.04527859460362
id_16,Rear_in_contact_mean_duration,0.7923887205371494,217.04527859460362
id_16,Rear_in_contact_std_duration,0.6679324657774696,217.04527859460362
id_16,Rear_isolated_count,0.8878222356708941,217.04527859460362
id_16,Rear_isolated_mean_duration,1.2503816908709615,217.04527859460362
id_16,Rear_isolated_std_duration,1.4959343835715955,217.04527859460362
id_16,Rearing_count,-1.1812443828109382,217.04527859460362
id_16,Rearing_mean_duration,-0.7017554437862645,217.04527859460362
id_16,Rearing_std_duration,-0.3722810315596262,217.04527859460362
id_16,SAP_count,-2.8893985804827294,217.04527859460362
id_16,SAP_mean_duration,1.0152977333536173,217.04527859460362
id_16,SAP_std_duration,-0.9091535950561009,217.04527859460362
id_16,Side_by_side_Contact_active_count,0.7066118578884606,217.04527859460362
id_16,Side_by_side_Contact_passive_count,0.7066118578884609,217.04527859460362
id_16,Side_by_side_Contact_mean_duration,1.031036887798518,217.04527859460362
id_16,Side_by_side_Contact_std_duration,0.06254091538626495,217.04527859460362
id_16,Side_by_side_Contact_opposite_way_active_count,0.6174171949473607,217.04527859460362
id_16,Side_by_side_Contact_opposite_way_passive_count,0.6174171949473628,217.04527859460362
id_16,Side_by_side_Contact_opposite_way_mean_duration,0.03781167938619751,217.04527859460362
id_16,Side_by_side_Contact_opposite_way_std_duration,0.031489066456592316,217.04527859460362
id_16,Social_approach_active_count,0.40318732267781004,217.04527859460362
id_16,Social_approach_passive_count,0.03639193746438099,217.04527859460362
id_16,Social_approach_mean_duration,-0.8321508947292864,217.04527859460362
id_16,Social_approach_std_duration,0.2793450471306722,217.04527859460362
id_16,Social_escape_active_count,-0.08892412058069708,217.04527859460362
id_16,Social_escape_passive_count,-0.12622153663915353,217.04527859460362
id_16,Social_escape_mean_duration,-0.1164088571459599,217.04527859460362
id_16,Social_escape_std_duration,-0.9981762676644983,217.04527859460362
id_16,Stop_count,0.5219697407613417,217.04527859460362
id_16,Stop_mean_duration,-1.1126808301757298,217.04527859460362
id_16,Stop_std_duration,1.7561878848747372,217.04527859460362
id_16,Stop_in_contact_active_count,0.3738531226204318,217.04527859460362
id_16,Stop_in_contact_passive_count,-0.02255123941387197,217.04527859460362
id_16,Stop_in_contact_mean_duration,0.20788419834467145,217.04527859460362
id_16,Stop_in_contact_std_duration,0.03920790674220992,217.04527859460362
id_16,Stop_isolated_count,0.7671795181647673,217.04527859460362
id_16,Stop_isolated_mean_duration,-1.4186606024841162,217.04527859460362
id_16,Stop_isolated_std_duration,-0.6281808458528518,217.04527859460362
id_16,Train2_active_count,-0.3200970576642102,217.04527859460362
id_16,Train2_passive_count,0.05312749485353077,217.04527859460362
id_16,Train2_mean_duration,0.16816534860108623,217.04527859460362
id_16,Train2_std_duration,-0.33892005416188176,217.04527859460362
id_16,WallJump_count,0.1746054003642307,217.04527859460362
id_16,WallJump_mean_duration,0.7806185527801132,217.04527859460362
id_16,WallJump_std_duration,-0.4797084356822993,217.04527859460362
id_16,isolated_count,-0.5023366328184762,217.04527859460362
id_16,isolated_mean_duration,0.12911690118411048,217.04527859460362
id_16,isolated_std_duration,-0.6366321896702951,217.04527859460362
id_16,seq_oral_geni___oral_oral_active_count,1.012773327293948,217.04527859460362
id_16,seq_oral_geni___oral_oral_passive_count,0.9471851950735521,217.04527859460362
id_16,seq_oral_geni___oral_oral_mean_duration,2.0519165600508744,217.04527859460362
id_16,seq_oral_geni___oral_oral_std_duration,-0.8216859622794859,217.04527859460362
id_16,seq_oral_oral___oral_genital_active_count,-1.672795802360036,217.04527859460362
id_16,seq_oral_oral___oral_genital_passive_count,-2.2927174337777676,217.04527859460362
id_16,seq_oral_oral___oral_genital_mean_duration,0.8162201321900641,217.04527859460362
id_16,seq_oral_oral___oral_genital_std_duration,-0.09943242755764566,217.04527859460362
id_17,Approach_active_count,1.0821507164471358,141.86793541627773
id_17,Approach_passive_count,-2.4112908218428024,141.86793541627773
id_17,Approach_mean_duration,0.9947429559381005,141.86793541627773
id_17,Approach_std_duration,0.030529995644741015,141.86793541627773
id_17,Approach_contact_active_count,-0.022779344830120254,141.86793541627773
id_17,Approach_contact_passive_count,-0.3921996527587663,141.86793541627773
id_17,Approach_contact_mean_duration,0.9665067937362564,141.86793541627773
id_17,Approach_contact_std_duration,-0.1554329605421684,141.86793541627773
id_17,Approach_rear_active_count,-1.3114333880347044,141.86793541627773
id_17,Approach_rear_passive_count,-0.5112661526316116,141.86793541627773
id_17,Approach_rear_mean_duration,-1.827883064590899,141.86793541627773
id_17,Approach_rear_std_duration,-0.3739490632787926,141.86793541627773
id_17,Break_contact_active_count,-0.1085809311786578,141.86793541627773
id_17,Break_contact_passive_count,0.6157005803059521,141.86793541627773
id_17,Break_contact_mean_duration,-0.49420768763745454,141.86793541627773
id_17,Break_contact_std_duration,0.9770810006828209,141.86793541627773
id_17,Center_Zone_count,0.33755087679929335,141.86793541627773
id_17,Center_Zone_mean_duration,1.7402493206411807,141.86793541627773
id_17,Center_Zone_std_duration,-1.142169247236435,141.86793541627773
id_17,Contact_active_count,-0.47943284534323183,141.86793541627773
id_17,Contact_passive_count,-0.48485782670296784,141.86793541627773
id_17,Contact_mean_duration,0.37080258144822564,141.86793541627773
id_17,Contact_std_duration,-0.09014508326680078,141.86793541627773
id_17,Get_away_active_count,-0.5951841634001769,141.86793541627773
id_17,Get_away_passive_count,-0.07296949977740688,141.86793541627773
id_17,Get_away_mean_duration,-0.7174690603277318,141.86793541627773
id_17,Get_away_std_duration,-0.48117462630045293,141.86793541627773
id_17,Group_3_break_count,-1.4754571421899834,141.86793541627773
id_17,Group_3_break_mean_duration,-1.1264254760328276,141.86793541627773
id_17,Group_3_break_std_duration,0.671247838247728,141.86793541627773
id_17,Group_3_make_count,1.7597253900071996,141.86793541627773
id_17,Group_3_make_mean_duration,-0.46200876471241087,141.86793541627773
id_17,Group_3_make_std_duration,0.3455166352870269,141.86793541627773
id_17,Group_4_break_count,-0.8917411831948402,141.86793541627773
id_17,Group_4_break_mean_duration,0.6560263730250453,141.86793541627773
id_17,Group_4_break_std_duration,-0.2664924157446855,141.86793541627773
id_17,Group_4_make_count,0.1812427263842877,141.86793541627773
id_17,Group_4_make_mean_duration,-0.3565226418812215,141.86793541627773
id_17,Group_4_make_std_duration,0.12734327180788363,141.86793541627773
id_17,Group2_active_count,0.04093460361380401,141.86793541627773
id_17,Group2_passive_count,0.038905030774284435,141.86793541627773
id_17,Group2_mean_duration,0.5719657026500587,141.86793541627773
id_17,Group2_std_duration,0.0906370040876347,141.86793541627773
id_17,Huddling_count,-1.4197193548825782,141.86793541627773
id_17,Huddling_mean_duration,0.3649764833506965,141.86793541627773
id_17,Huddling_std_duration,-0.591948055577327,141.86793541627773
id_17,Move_in_contact_active_count,0.5610190937181433,141.86793541627773
id_17,Move_in_contact_passive_count,-0.33603524982507815,141.86793541627773
id_17,Move_in_contact_mean_duration,-1.1111945986331098,141.86793541627773
id_17,Move_in_contact_std_duration,0.8986502286574763,141.86793541627773
id_17,Move_isolated_count,0.5508413153017923,141.86793541627773
id_17,Move_isolated_mean_duration,-1.2317510075592477,141.86793541627773
id_17,Move_isolated_std_duration,0.229118015814708,141.86793541627773
id_17,Oral_genital_Contact_active_count,-0.21794662762848296,141.86793541627773
id_17,Oral_genital_Contact_passive_count,0.4342073480560498,141.86793541627773
id_17,Oral_genital_Contact_mean_duration,-1.4953785788736778,141.86793541627773
id_17,Oral_genital_Contact_std_duration,0.05100718225037031,141.86793541627773
id_17,Oral_oral_Contact_active_count,0.3373244201576092,141.86793541627773
id_17,Oral_oral_Contact_passive_count,0.33732442015760056,141.86793541627773
id_17,Oral_oral_Contact_mean_duration,-0.5177589639699595,141.86793541627773
id_17,Oral_oral_Contact_std_duration,-0.2474807678866698,141.86793541627773
id_17,Periphery_Zone_count,-2.327041497035193,141.86793541627773
id_17,Periphery_Zone_mean_duration,-0.3391870937052916,141.86793541627773
id_17,Periphery_Zone_std_duration,0.46661639294214946,141.86793541627773
id_17,Rear_at_periphery_count,0.5350587382056791,141.86793541627773
id_17,Rear_at_periphery_mean_duration,0.40014578703387577,141.86793541627773
id_17,Rear_at_periphery_std_duration,0.9410661419787708,141.86793541627773
id_17,Rear_in_centerWindow_count,0.4238451181446097,141.86793541627773
id_17,Rear_in_centerWindow_mean_duration,0.7768988446199905,141.86793541627773
id_17,Rear_in_centerWindow_std_duration,-0.6977658232310873,141.86793541627773
id_17,Rear_in_contact_count,-0.7775279137271216,141.86793541627773
id_17,Rear_in_contact_mean_duration,0.7601519684954692,141.86793541627773
id_17,Rear_in_contact_std_duration,0.254443547375419,141.86793541627773
id_17,Rear_isolated_count,1.1666118502872191,141.86793541627773
id_17,Rear_isolated_mean_duration,-0.06702863242432762,141.86793541627773
id_17,Rear_isolated_std_duration,-0.9318161574728403,141.86793541627773
id_17,Rearing_count,-0.8003945374092849,141.86793541627773
id_17,Rearing_mean_duration,0.03199779188262985,141.86793541627773
id_17,Rearing_std_duration,-0.5742935880473157,141.86793541627773
id_17,SAP_count,3.1393482614423505,141.86793541627773
id_17,SAP_mean_duration,1.3163441123364876,141.86793541627773
id_17,SAP_std_duration,-0.7203666166078141,141.86793541627773
id_17,Side_by_side_Contact_active_count,0.4935165275535104,141.86793541627773
id_17,Side_by_side_Contact_passive_count,0.4935165275535069,141.86793541627773
id_17,Side_by_side_Contact_mean_duration,0.7455798050175413,141.86793541627773
id_17,Side_by_side_Contact_std_duration,0.7312756444859767,141.86793541627773
id_17,Side_by_side_Contact_opposite_way_active_count,0.5587201239448799,141.86793541627773
id_17,Side_by_side_Contact_opposite_way_passive_count,0.5587201239448822,141.86793541627773
id_17,Side_by_side_Contact_opposite_way_mean_duration,-0.5727692197282566,141.86793541627773
id_17,Side_by_side_Contact_opposite_way_std_duration,0.5701702481584422,141.86793541627773
id_17,Social_approach_active_count,-0.19085072049057958,141.86793541627773
id_17,Social_approach_passive_count,-0.471350089329316,141.86793541627773
id_17,Social_approach_mean_duration,-0.23969093566109806,141.86793541627773
id_17,Social_approach_std_duration,0.7760974030851658,141.86793541627773
id_17,Social_escape_active_count,-0.5061185289849738,141.86793541627773
id_17,Social_escape_passive_count,-0.48257741473114524,141.86793541627773
id_17,Social_escape_mean_duration,-0.7548909868269555,141.86793541627773
id_17,Social_escape_std_duration,-1.0605398008836615,141.86793541627773
id_17,Stop_count,0.351233711825825,141.86793541627773
id_17,Stop_mean_duration,-1.4542327198277016,141.86793541627773
id_17,Stop_std_duration,0.3571169015861045,141.86793541627773
id_17,Stop_in_contact_active_count,1.0374829874658649,141.86793541627773
id_17,Stop_in_contact_passive_count,0.4455661286435722,141.86793541627773
id_17,Stop_in_contact_mean_duration,-0.9940242481440003,141.86793541627773
id_17,Stop_in_contact_std_duration,-1.3103475423037834,141.86793541627773
id_17,Stop_isolated_count,0.5968858685820255,141.86793541627773
id_17,Stop_isolated_mean_duration,-1.9133865120439273,141.86793541627773
id_17,Stop_isolated_std_duration,0.775243040467582,141.86793541627773
id_17,Train2_active_count,0.13355519898595647,141.86793541627773
id_17,Train2_passive_count,0.526893700900134,141.86793541627773
id_17,Train2_mean_duration,0.09063348928017519,141.86793541627773
id_17,Train2_std_duration,0.27596517174935575,141.86793541627773
id_17,WallJump_count,-0.3638171665267166,141.86793541627773
id_17,WallJump_mean_duration,-0.10109338290768989,141.86793541627773
id_17,WallJump_std_duration,0.16221073511941705,141.86793541627773
id_17,isolated_count,-0.3861505948215862,141.86793541627773
id_17,isolated_mean_duration,-1.3941191446562298,141.86793541627773
id_17,isolated_std_duration,0.7776196301133169,141.86793541627773
id_17,seq_oral_geni___oral_oral_active_count,-0.698087053064981,141.86793541627773
id_17,seq_oral_geni___oral_oral_passive_count,0.7957894684993583,141.86793541627773
id_17,seq_oral_geni___oral_oral_mean_duration,0.8302157955031794,141.86793541627773
id_17,seq_oral_geni___oral_oral_std_duration,-0.027835170425457977,141.86793541627773
id_17,seq_oral_oral___oral_genital_active_count,1.0307008063377194,141.86793541627773
id_17,seq_oral_oral___oral_genital_passive_count,2.155876743559166,141.86793541627773
id_17,seq_oral_oral___oral_genital_mean_duration,-0.21414766838801316,141.86793541627773
id_17,seq_oral_oral___oral_genital_std_duration,0.2132823614540441,141.86793541627773
id_18,Approach_active_count,1.6803899791892307,118.00419558183759
id_18,Approach_passive_count,-0.6432696750038555,118.00419558183759
id_18,Approach_mean_duration,1.29397162888113,118.00419558183759
id_18,Approach_std_duration,-1.104897883374784,118.00419558183759
id_18,Approach_contact_active_count,0.6924148275087492,118.00419558183759
id_18,Approach_contact_passive_count,-1.011244868387166,118.00419558183759
id_18,Approach_contact_mean_duration,1.2453657965053948,118.00419558183759
id_18,Approach_contact_std_duration,-0.14153046638569786,118.00419558183759
id_18,Approach_rear_active_count,-0.1045849651650593,118.00419558183759
id_18,Approach_rear_passive_count,-0.3048984461024741,118.00419558183759
id_18,Approach_rear_mean_duration,0.07490428448012035,118.00419558183759
id_18,Approach_rear_std_duration,-0.05040800985036647,118.00419558183759
id_18,Break_contact_active_count,-0.48806994099882045,118.00419558183759
id_18,Break_contact_passive_count,-0.2086245361999775,118.00419558183759
id_18,Break_contact_mean_duration,-0.23657895062332027,118.00419558183759
id_18,Break_contact_std_duration,0.11037478698062869,118.00419558183759
id_18,Center_Zone_count,-0.04478721301318074,118.00419558183759
id_18,Center_Zone_mean_duration,-0.5921911315700692,118.00419558183759
id_18,Center_Zone_std_duration,0.6226307499677974,118.00419558183759
id_18,Contact_active_count,0.9317460957106272,118.00419558183759
id_18,Contact_passive_count,0.917026177610919,118.00419558183759
id_18,Contact_mean_duration,-0.25265805594230417,118.00419558183759
id_18,Contact_std_duration,0.07671889037656168,118.00419558183759
id_18,Get_away_active_count,0.16924704435226254,118.00419558183759
id_18,Get_away_passive_count,0.23413318948700781,118.00419558183759
id_18,Get_away_mean_duration,0.8378713160179933,118.00419558183759
id_18,Get_away_std_duration,0.5790286556863263,118.00419558183759
id_18,Group_3_break_count,2.965075576917026,118.00419558183759
id_18,Group_3_break_mean_duration,-1.2316986113330846,118.00419558183759
id_18,Group_3_break_std_duration,0.5492710659362826,118.00419558183759
id_18,Group_3_make_count,-3.4527899358344514,118.00419558183759
id_18,Group_3_make_mean_duration,1.2360220048408233,118.00419558183759
id_18,Group_3_make_std_duration,-1.1815799189465384,118.00419558183759
id_18,Group_4_break_count,-1.4596706918624256,118.00419558183759
id_18,Group_4_break_mean_duration,1.251200973096226,118.00419558183759
id_18,Group_4_break_std_duration,-0.4748510963940989,118.00419558183759
id_18,Group_4_make_count,0.4895979320068952,118.00419558183759
id_18,Group_4_make_mean_duration,-0.655149278433537,118.00419558183759
id_18,Group_4_make_std_duration,0.19544180079069723,118.00419558183759
id_18,Group2_active_count,-0.6428514200128497,118.00419558183759
id_18,Group2_passive_count,-0.6411723104750179,118.00419558183759
id_18,Group2_mean_duration,-1.1410951826361797,118.00419558183759
id_18,Group2_std_duration,0.37487756184100834,118.00419558183759
id_18,Huddling_count,0.28353468218081446,118.00419558183759
id_18,Huddling_mean_duration,0.2874160038275597,118.00419558183759
id_18,Huddling_std_duration,-0.4990101149635355,118.00419558183759
id_18,Move_in_contact_active_count,0.06307373481182268,118.00419558183759
id_18,Move_in_contact_passive_count,0.10779319437023306,118.00419558183759
id_18,Move_in_contact_mean_duration,-0.29848315664195924,118.00419558183759
id_18,Move_in_contact_std_duration,0.543043030927785,118.00419558183759
id_18,Move_isolated_count,0.9010476006426599,118.00419558183759
id_18,Move_isolated_mean_duration,-1.9660213661083519,118.00419558183759
id_18,Move_isolated_std_duration,0.41107462545930423,118.00419558183759
id_18,Oral_genital_Contact_active_count,0.8264548384370112,118.00419558183759
id_18,Oral_genital_Contact_passive_count,0.22000180005697123,118.00419558183759
id_18,Oral_genital_Contact_mean_duration,-2.0892124677059956,118.00419558183759
id_18,Oral_genital_Contact_std_duration,0.5644593060296392,118.00419558183759
id_18,Oral_oral_Contact_active_count,-0.3762239683507639,118.00419558183759
id_18,Oral_oral_Contact_passive_count,-0.3762239683507737,118.00419558183759
id_18,Oral_oral_Contact_mean_duration,-0.9230147538417792,118.00419558183759
id_18,Oral_oral_Contact_std_duration,0.37824337832814386,118.00419558183759
id_18,Periphery_Zone_count,-0.5751977758384769,118.00419558183759
id_18,Periphery_Zone_mean_duration,1.3205739670492689,118.00419558183759
id_18,Periphery_Zone_std_duration,0.5985035879803696,118.00419558183759
id_18,Rear_at_periphery_count,-0.5190622600392298,118.00419558183759
id_18,Rear_at_periphery_mean_duration,-0.21115619966253085,118.00419558183759
id_18,Rear_at_periphery_std_duration,-0.28947814064388616,118.00419558183759
id_18,Rear_in_centerWindow_count,0.8259422193230409,118.00419558183759
id_18,Rear_in_centerWindow_mean_duration,0.5699158400360184,118.00419558183759
id_18,Rear_in_centerWindow_std_duration,0.06969365654243442,118.00419558183759
id_18,Rear_in_contact_count,0.012720361711891035,118.00419558183759
id_18,Rear_in_contact_mean_duration,-0.007177753251921602,118.00419558183759
id_18,Rear_in_contact_std_duration,0.22291836286900044,118.00419558183759
id_18,Rear_isolated_count,-0.39592563400218367,118.00419558183759
id_18,Rear_isolated_mean_duration,-0.6577517584501058,118.00419558183759
id_18,Rear_isolated_std_duration,0.7113212663602986,118.00419558183759
id_18,Rearing_count,-1.2353384069495554,118.00419558183759
id_18,Rearing_mean_duration,-0.3235797037676928,118.00419558183759
id_18,Rearing_std_duration,-0.0845568952604355,118.00419558183759
id_18,SAP_count,-0.44459647250429085,118.00419558183759
id_18,SAP_mean_duration,0.7490101304793629,118.00419558183759
id_18,SAP_std_duration,-0.4648945558271596,118.00419558183759
id_18,Side_by_side_Contact_active_count,-0.7289993841884592,118.00419558183759
id_18,Side_by_side_Contact_passive_count,-0.7289993841884653,118.00419558183759
id_18,Side_by_side_Contact_mean_duration,-1.5317304854647509,118.00419558183759
id_18,Side_by_side_Contact_std_duration,0.971292976471766,118.00419558183759
id_18,Side_by_side_Contact_opposite_way_active_count,0.5149535062212196,118.00419558183759
id_18,Side_by_side_Contact_opposite_way_passive_count,0.5149535062212225,118.00419558183759
id_18,Side_by_side_Contact_opposite_way_mean_duration,-1.0143886831965712,118.00419558183759
id_18,Side_by_side_Contact_opposite_way_std_duration,-0.0066692850420302496,118.00419558183759
id_18,Social_approach_active_count,0.12244327640525092,118.00419558183759
id_18,Social_approach_passive_count,-0.5885432439113847,118.00419558183759
id_18,Social_approach_mean_duration,0.22014501968784397,118.00419558183759
id_18,Social_approach_std_duration,0.9339168857738898,118.00419558183759
id_18,Social_escape_active_count,-0.2742871208975847,118.00419558183759
id_18,Social_escape_passive_count,-0.5195288654203333,118.00419558183759
id_18,Social_escape_mean_duration,-0.2481540891839296,118.00419558183759
id_18,Social_escape_std_duration,-0.10344031073393065,118.00419558183759
id_18,Stop_count,-0.574802023109178,118.00419558183759
id_18,Stop_mean_duration,-0.9878954464602899,118.00419558183759
id_18,Stop_std_duration,-0.6621421244238452,118.00419558183759
id_18,Stop_in_contact_active_count,0.07845270527346455,118.00419558183759
id_18,Stop_in_contact_passive_count,0.2900561570233221,118.00419558183759
id_18,Stop_in_contact_mean_duration,0.598032554123975,118.00419558183759
id_18,Stop_in_contact_std_duration,0.6525620698687399,118.00419558183759
id_18,Stop_isolated_count,-0.7547427981537489,118.00419558183759
id_18,Stop_isolated_mean_duration,2.2369231309269884,118.00419558183759
id_18,Stop_isolated_std_duration,-0.21337855552541257,118.00419558183759
id_18,Train2_active_count,0.347152446576378,118.00419558183759
id_18,Train2_passive_count,-0.19042609044121633,118.00419558183759
id_18,Train2_mean_duration,0.7206447964830898,118.00419558183759
id_18,Train2_std_duration,-0.389689601264766,118.00419558183759
id_18,WallJump_count,0.11071740653885138,118.00419558183759
id_18,WallJump_mean_duration,-0.023170927203422516,118.00419558183759
id_18,WallJump_std_duration,0.3315106248306309,118.00419558183759
id_18,isolated_count,0.6819678529527521,118.00419558183759
id_18,isolated_mean_duration,-0.7417380558605143,118.00419558183759
id_18,isolated_std_duration,-0.17119826771413937,118.00419558183759
id_18,seq_oral_geni___oral_oral_active_count,2.2503613443362447,118.00419558183759
id_18,seq_oral_geni___oral_oral_passive_count,0.0686297243422864,118.00419558183759
id_18,seq_oral_geni___oral_oral_mean_duration,-0.09029739883287193,118.00419558183759
id_18,seq_oral_geni___oral_oral_std_duration,0.08572945269485675,118.00419558183759
id_18,seq_oral_oral___oral_genital_active_count,0.7169729634475841,118.00419558183759
id_18,seq_oral_oral___oral_genital_passive_count,-0.4765398860494717,118.00419558183759
id_18,seq_oral_oral___oral_genital_mean_duration,-1.6643464181921106,118.00419558183759
id_18,seq_oral_oral___oral_genital_std_duration,0.452846401090788,118.00419558183759
id_19,Approach_active_count,1.2751966131116412,107.47097681994721
id_19,Approach_passive_count,-1.662625840441376,107.47097681994721
id_19,Approach_mean_duration,-1.823335152964297,107.47097681994721
id_19,Approach_std_duration,0.36303349472700125,107.47097681994721
id_19,Approach_contact_active_count,-0.6034807524475236,107.47097681994721
id_19,Approach_contact_passive_count,-0.27416651634919054,107.47097681994721
id_19,Approach_contact_mean_duration,-0.18706215783905103,107.47097681994721
id_19,Approach_contact_std_duration,-0.9477310952668149,107.47097681994721
id_19,Approach_rear_active_count,-0.33813110592461226,107.47097681994721
id_19,Approach_rear_passive_count,-0.15790597870245482,107.47097681994721
id_19,Approach_rear_mean_duration,-0.9666421659601186,107.47097681994721
id_19,Approach_rear_std_duration,2.3702010479992093,107.47097681994721
id_19,Break_contact_active_count,-0.3627395054211613,107.47097681994721
id_19,Break_contact_passive_count,-0.5929987121899919,107.47097681994721
id_19,Break_contact_mean_duration,0.21182122995594124,107.47097681994721
id_19,Break_contact_std_duration,-0.38370975640076976,107.47097681994721
id_19,Center_Zone_count,-0.06993689854554852,107.47097681994721
id_19,Center_Zone_mean_duration,-2.054253876668702,107.47097681994721
id_19,Center_Zone_std_duration,1.0470339078843334,107.47097681994721
id_19,Contact_active_count,0.5455387965625985,107.47097681994721
id_19,Contact_passive_count,0.5301458499297556,107.47097681994721
id_19,Contact_mean_duration,2.3848768426402525,107.47097681994721
id_19,Contact_std_duration,-0.5620966123034199,107.47097681994721
id_19,Get_away_active_count,-0.6492631667666473,107.47097681994721
id_19,Get_away_passive_count,-0.6026231138574042,107.47097681994721
id_19,Get_away_mean_duration,0.6172142172923343,107.47097681994721
id_19,Get_away_std_duration,-0.49796291558667294,107.47097681994721
id_19,Group_3_break_count,-1.50318869612331,107.47097681994721
id_19,Group_3_break_mean_duration,0.11219834536668295,107.47097681994721
id_19,Group_3_break_std_duration,-0.3642971281965066,107.47097681994721
id_19,Group_3_make_count,0.057288157291581925,107.47097681994721
id_19,Group_3_make_mean_duration,0.4773976122224625,107.47097681994721
id_19,Group_3_make_std_duration,0.10373099828504022,107.47097681994721
id_19,Group_4_break_count,-0.7012530208947005,107.47097681994721
id_19,Group_4_break_mean_duration,-0.14735364706617993,107.47097681994721
id_19,Group_4_break_std_duration,0.11732994778805363,107.47097681994721
id_19,Group_4_make_count,0.01098945221108566,107.47097681994721
id_19,Group_4_make_mean_duration,-0.14670331580725318,107.47097681994721
id_19,Group_4_make_std_duration,-0.021611051239985715,107.47097681994721
id_19,Group2_active_count,0.1824258101553119,107.47097681994721
id_19,Group2_passive_count,0.18180181189468544,107.47097681994721
id_19,Group2_mean_duration,-1.833896741525353,107.47097681994721
id_19,Group2_std_duration,0.3426022733855693,107.47097681994721
id_19,Huddling_count,-1.8554026323450485,107.47097681994721
id_19,Huddling_mean_duration,1.0908058983351863,107.47097681994721
id_19,Huddling_std_duration,-1.0253825991048122,107.47097681994721
id_19,Move_in_contact_active_count,0.8575213487191067,107.47097681994721
id_19,Move_in_contact_passive_count,0.2859808229340744,107.47097681994721
id_19,Move_in_contact_mean_duration,0.6410102599050378,107.47097681994721
id_19,Move_in_contact_std_duration,-1.34211710371249,107.47097681994721
id_19,Move_isolated_count,0.26988259813371057,107.47097681994721
id_19,Move_isolated_mean_duration,-1.43580589221265,107.47097681994721
id_19,Move_isolated_std_duration,0.624903267857971,107.47097681994721
id_19,Oral_genital_Contact_active_count,0.7310634367256367,107.47097681994721
id_19,Oral_genital_Contact_passive_count,0.21283561363129078,107.47097681994721
id_19,Oral_genital_Contact_mean_duration,0.7967216374295142,107.47097681994721
id_19,Oral_genital_Contact_std_duration,0.7966821562892573,107.47097681994721
id_19,Oral_oral_Contact_active_count,0.411807483638519,107.47097681994721
id_19,Oral_oral_Contact_passive_count,0.41180748363852115,107.47097681994721
id_19,Oral_oral_Contact_mean_duration,-0.5407490224535106,107.47097681994721
id_19,Oral_oral_Contact_std_duration,0.8953323456682646,107.47097681994721
id_19,Periphery_Zone_count,0.9572487081871831,107.47097681994721
id_19,Periphery_Zone_mean_duration,0.3173561602923821,107.47097681994721
id_19,Periphery_Zone_std_duration,0.19454931772341816,107.47097681994721
id_19,Rear_at_periphery_count,1.9423688457600616,107.47097681994721
id_19,Rear_at_periphery_mean_duration,0.18681748623057612,107.47097681994721
id_19,Rear_at_periphery_std_duration,-0.8474210827184689,107.47097681994721
id_19,Rear_in_centerWindow_count,-0.5394060887234359,107.47097681994721
id_19,Rear_in_centerWindow_mean_duration,-1.0657408531179835,107.47097681994721
id_19,Rear_in_centerWindow_std_duration,0.8329681747004369,107.47097681994721
id_19,Rear_in_contact_count,0.8839657978045112,107.47097681994721
id_19,Rear_in_contact_mean_duration,-1.779870697644374,107.47097681994721
id_19,Rear_in_contact_std_duration,-0.6629452259446649,107.47097681994721
id_19,Rear_isolated_count,0.9733218652366051,107.47097681994721
id_19,Rear_isolated_mean_duration,1.5377805686671586,107.47097681994721
id_19,Rear_isolated_std_duration,0.12936997397880276,107.47097681994721
id_19,Rearing_count,0.7953055774381402,107.47097681994721
id_19,Rearing_mean_duration,0.8577057367584171,107.47097681994721
id_19,Rearing_std_duration,-0.6991124885895301,107.47097681994721
id_19,SAP_count,0.23607480363877323,107.47097681994721
id_19,SAP_mean_duration,1.1062748134727682,107.47097681994721
id_19,SAP_std_duration,-0.5831542333297136,107.47097681994721
id_19,Side_by_side_Contact_active_count,0.45342839649334765,107.47097681994721
id_19,Side_by_side_Contact_passive_count,0.45342839649334316,107.47097681994721
id_19,Side_by_side_Contact_mean_duration,-0.5316195197359224,107.47097681994721
id_19,Side_by_side_Contact_std_duration,-0.09288478217715325,107.47097681994721
id_19,Side_by_side_Contact_opposite_way_active_count,0.9251141664731473,107.47097681994721
id_19,Side_by_side_Contact_opposite_way_passive_count,0.9251141664731501,107.47097681994721
id_19,Side_by_side_Contact_opposite_way_mean_duration,1.116696819824401,107.47097681994721
id_19,Side_by_side_Contact_opposite_way_std_duration,0.19328583841190417,107.47097681994721
id_19,Social_approach_active_count,-0.5362909639416114,107.47097681994721
id_19,Social_approach_passive_count,-0.6831618692472848,107.47097681994721
id_19,Social_approach_mean_duration,-1.1370409909708097,107.47097681994721
id_19,Social_approach_std_duration,-1.5757707793378595,107.47097681994721
id_19,Social_escape_active_count,-0.09232629247438996,107.47097681994721
id_19,Social_escape_passive_count,-0.4877790917817921,107.47097681994721
id_19,Social_escape_mean_duration,0.6458760621926941,107.47097681994721
id_19,Social_escape_std_duration,0.7003407580389511,107.47097681994721
id_19,Stop_count,-0.09363617854117406,107.47097681994721
id_19,Stop_mean_duration,0.7677224987185497,107.47097681994721
id_19,Stop_std_duration,0.17424150811269484,107.47097681994721
id_19,Stop_in_contact_active_count,0.13587382273083246,107.47097681994721
id_19,Stop_in_contact_passive_count,0.020788285626444747,107.47097681994721
id_19,Stop_in_contact_mean_duration,0.871511361411659,107.47097681994721
id_19,Stop_in_contact_std_duration,-0.8813660163370106,107.47097681994721
id_19,Stop_isolated_count,-0.838030680737692,107.47097681994721
id_19,Stop_isolated_mean_duration,0.9859942284739525,107.47097681994721
id_19,Stop_isolated_std_duration,0.36834254745343736,107.47097681994721
id_19,Train2_active_count,0.26215626402961967,107.47097681994721
id_19,Train2_passive_count,0.5446754056192095,107.47097681994721
id_19,Train2_mean_duration,0.5920836171053526,107.47097681994721
id_19,Train2_std_duration,-0.11846993183427185,107.47097681994721
id_19,WallJump_count,-0.3281018828310574,107.47097681994721
id_19,WallJump_mean_duration,-0.30244159182795644,107.47097681994721
id_19,WallJump_std_duration,0.30081879138520634,107.47097681994721
id_19,isolated_count,-0.875955002926918,107.47097681994721
id_19,isolated_mean_duration,0.04866126643284641,107.47097681994721
id_19,isolated_std_duration,0.025476894024463164,107.47097681994721
id_19,seq_oral_geni___oral_oral_active_count,-0.41533665698091266,107.47097681994721
id_19,seq_oral_geni___oral_oral_passive_count,-0.7484403022051407,107.47097681994721
id_19,seq_oral_geni___oral_oral_mean_duration,1.1682951075529477,107.47097681994721
id_19,seq_oral_geni___oral_oral_std_duration,-0.887793947329764,107.47097681994721
id_19,seq_oral_oral___oral_genital_active_count,-1.1866352138395233,107.47097681994721
id_19,seq_oral_oral___oral_genital_passive_count,0.8181910048266168,107.47097681994721
id_19,seq_oral_oral___oral_genital_mean_duration,-0.7188715972979689,107.47097681994721
id_19,seq_oral_oral___oral_genital_std_duration,0.22212717830832135,107.47097681994721
id_20,Approach_active_count,-0.4237752573553353,93.39541805460613
id_20,Approach_passive_count,0.3831215798887904,93.39541805460613
id_20,Approach_mean_duration,0.8970152836202787,93.39541805460613
id_20,Approach_std_duration,-0.8295918763475107,93.39541805460613
id_20,Approach_contact_active_count,-0.18408683560729178,93.39541805460613
id_20,Approach_contact_passive_count,0.6207499797324487,93.39541805460613
id_20,Approach_contact_mean_duration,-1.5592017550774089,93.39541805460613
id_20,Approach_contact_std_duration,0.42619159535416634,93.39541805460613
id_20,Approach_rear_active_count,-0.1421096634730978,93.39541805460613
id_20,Approach_rear_passive_count,0.7267197033133302,93.39541805460613
id_20,Approach_rear_mean_duration,-0.8011732471668637,93.39541805460613
id_20,Approach_rear_std_duration,-0.1488757067522595,93.39541805460613
id_20,Break_contact_active_count,0.31739756590174795,93.39541805460613
id_20,Break_contact_passive_count,-0.22759754823732703,93.39541805460613
id_20,Break_contact_mean_duration,0.019973051979226407,93.39541805460613
id_20,Break_contact_std_duration,0.26187622726540777,93.39541805460613
id_20,Center_Zone_count,3.2728957844775546,93.39541805460613
id_20,Center_Zone_mean_duration,-0.7784489651553651,93.39541805460613
id_20,Center_Zone_std_duration,0.9350549264354423,93.39541805460613
id_20,Contact_active_count,-0.6613317664324253,93.39541805460613
id_20,Contact_passive_count,-0.6682997008406828,93.39541805460613
id_20,Contact_mean_duration,0.326846117912735,93.39541805460613
id_20,Contact_std_duration,-0.3853509744544601,93.39541805460613
id_20,Get_away_active_count,-1.694841221392618,93.39541805460613
id_20,Get_away_passive_count,-1.0537249153993755,93.39541805460613
id_20,Get_away_mean_duration,0.38157067805966255,93.39541805460613
id_20,Get_away_std_duration,0.2372022495741502,93.39541805460613
id_20,Group_3_break_count,1.4813451524645556,93.39541805460613
id_20,Group_3_break_mean_duration,-0.1775033592886899,93.39541805460613
id_20,Group_3_break_std_duration,-0.3967826954691576,93.39541805460613
id_20,Group_3_make_count,-0.712048753828593,93.39541805460613
id_20,Group_3_make_mean_duration,-0.2411759533226252,93.39541805460613
id_20,Group_3_make_std_duration,0.49125078516018134,93.39541805460613
id_20,Group_4_break_count,0.3656560416943353,93.39541805460613
id_20,Group_4_break_mean_duration,-0.00585867261171119,93.39541805460613
id_20,Group_4_break_std_duration,-0.7612917858250873,93.39541805460613
id_20,Group_4_make_count,0.11180808729454249,93.39541805460613
id_20,Group_4_make_mean_duration,-1.1645726030642745,93.39541805460613
id_20,Group_4_make_std_duration,0.8151886124812366,93.39541805460613
id_20,Group2_active_count,0.8384798537137537,93.39541805460613
id_20,Group2_passive_count,0.8554662804288715,93.39541805460613
id_20,Group2_mean_duration,-1.5495461673801214,93.39541805460613
id_20,Group2_std_duration,1.1884320998878093,93.39541805460613
id_20,Huddling_count,0.4459726212084315,93.39541805460613
id_20,Huddling_mean_duration,-0.957884885293775,93.39541805460613
id_20,Huddling_std_duration,0.5207732912643076,93.39541805460613
id_20,Move_in_contact_active_count,1.113583225309949,93.39541805460613
id_20,Move_in_contact_passive_count,0.5498993205390238,93.39541805460613
id_20,Move_in_contact_mean_duration,1.3450889946200664,93.39541805460613
id_20,Move_in_contact_std_duration,-0.8237877001426619,93.39541805460613
id_20,Move_isolated_count,-1.2504095115849256,93.39541805460613
id_20,Move_isolated_mean_duration,-0.378872740473964,93.39541805460613
id_20,Move_isolated_std_duration,-0.056622074214684986,93.39541805460613
id_20,Oral_genital_Contact_active_count,-0.005617374507699817,93.39541805460613
id_20,Oral_genital_Contact_passive_count,1.9126590237575722,93.39541805460613
id_20,Oral_genital_Contact_mean_duration,-0.5290252843449761,93.39541805460613
id_20,Oral_genital_Contact_std_duration,-0.7716609302323953,93.39541805460613
id_20,Oral_oral_Contact_active_count,-0.08083727116654933,93.39541805460613
id_20,Oral_oral_Contact_passive_count,-0.08083727116648894,93.39541805460613
id_20,Oral_oral_Contact_mean_duration,-0.9473759130867645,93.39541805460613
id_20,Oral_oral_Contact_std_duration,0.6537241541094165,93.39541805460613
id_20,Periphery_Zone_count,-0.35443205037904396,93.39541805460613
id_20,Periphery_Zone_mean_duration,-0.1850613734521044,93.39541805460613
id_20,Periphery_Zone_std_duration,0.3540103734925525,93.39541805460613
id_20,Rear_at_periphery_count,-1.2545191403856057,93.39541805460613
id_20,Rear_at_periphery_mean_duration,0.17671052687373312,93.39541805460613
id_20,Rear_at_periphery_std_duration,0.9131593991697263,93.39541805460613
id_20,Rear_in_centerWindow_count,-0.3498461290984013,93.39541805460613
id_20,Rear_in_centerWindow_mean_duration,-0.5539369621156369,93.39541805460613
id_20,Rear_in_centerWindow_std_duration,0.5078880351605738,93.39541805460613
id_20,Rear_in_contact_count,1.1566243596048904,93.39541805460613
id_20,Rear_in_contact_mean_duration,1.273402100172126,93.39541805460613
id_20,Rear_in_contact_std_duration,0.15178712797473243,93.39541805460613
id_20,Rear_isolated_count,-0.33132221719849264,93.39541805460613
id_20,Rear_isolated_mean_duration,-0.14214920198293474,93.39541805460613
id_20,Rear_isolated_std_duration,-0.8991632647126946,93.39541805460613
id_20,Rearing_count,1.584268739932619,93.39541805460613
id_20,Rearing_mean_duration,0.8301239323978923,93.39541805460613
id_20,Rearing_std_duration,0.49822714100960575,93.39541805460613
id_20,SAP_count,1.4425522587612167,93.39541805460613
id_20,SAP_mean_duration,-0.25903357983207365,93.39541805460613
id_20,SAP_std_duration,-0.07882266029950963,93.39541805460613
id_20,Side_by_side_Contact_active_count,-0.4306313346727121,93.39541805460613
id_20,Side_by_side_Contact_passive_count,-0.4306313346727039,93.39541805460613
id_20,Side_by_side_Contact_mean_duration,-0.16008618160666174,93.39541805460613
id_20,Side_by_side_Contact_std_duration,-0.7462569785254056,93.39541805460613
id_20,Side_by_side_Contact_opposite_way_active_count,0.6176722174178211,93.39541805460613
id_20,Side_by_side_Contact_opposite_way_passive_count,0.61767221741782,93.39541805460613
id_20,Side_by_side_Contact_opposite_way_mean_duration,0.661830605959614,93.39541805460613
id_20,Side_by_side_Contact_opposite_way_std_duration,-0.10827142221538444,93.39541805460613
id_20,Social_approach_active_count,-1.4227563529003764,93.39541805460613
id_20,Social_approach_passive_count,-0.28327686664912455,93.39541805460613
id_20,Social_approach_mean_duration,-0.7488240045256103,93.39541805460613
id_20,Social_approach_std_duration,1.8993750405353464,93.39541805460613
id_20,Social_escape_active_count,-1.2873851825212248,93.39541805460613
id_20,Social_escape_passive_count,-1.4336579289315743,93.39541805460613
id_20,Social_escape_mean_duration,0.7220444727428589,93.39541805460613
id_20,Social_escape_std_duration,0.02703043965720376,93.39541805460613
id_20,Stop_count,0.5177213262237796,93.39541805460613
id_20,Stop_mean_duration,-0.07834571152979329,93.39541805460613
id_20,Stop_std_duration,0.7370363878622068,93.39541805460613
id_20,Stop_in_contact_active_count,0.8052224788639276,93.39541805460613
id_20,Stop_in_contact_passive_count,0.6851210658181343,93.39541805460613
id_20,Stop_in_contact_mean_duration,-0.6464676107505465,93.39541805460613
id_20,Stop_in_contact_std_duration,-0.4667692293862803,93.39541805460613
id_20,Stop_isolated_count,0.004876682231707135,93.39541805460613
id_20,Stop_isolated_mean_duration,0.33737838335492215,93.39541805460613
id_20,Stop_isolated_std_duration,-1.0347280576935771,93.39541805460613
id_20,Train2_active_count,-0.28948225539042416,93.39541805460613
id_20,Train2_passive_count,-0.19089923847859863,93.39541805460613
id_20,Train2_mean_duration,-0.027410198871017744,93.39541805460613
id_20,Train2_std_duration,-0.2532622129764757,93.39541805460613
id_20,WallJump_count,0.055988829853536905,93.39541805460613
id_20,WallJump_mean_duration,0.37262048775021295,93.39541805460613
id_20,WallJump_std_duration,-0.1844989496939207,93.39541805460613
id_20,isolated_count,0.012359408133023496,93.39541805460613
id_20,isolated_mean_duration,-0.03643980604054404,93.39541805460613
id_20,isolated_std_duration,-0.7372759918764479,93.39541805460613
id_20,seq_oral_geni___oral_oral_active_count,-0.369188512156462,93.39541805460613
id_20,seq_oral_geni___oral_oral_passive_count,0.046754818968295524,93.39541805460613
id_20,seq_oral_geni___oral_oral_mean_duration,0.7003778128240367,93.39541805460613
id_20,seq_oral_geni___oral_oral_std_duration,-0.2054825287797561,93.39541805460613
id_20,seq_oral_oral___oral_genital_active_count,-1.2077379349923092,93.39541805460613
id_20,seq_oral_oral___oral_genital_passive_count,-1.2340924322755902,93.39541805460613
id_20,seq_oral_oral___oral_genital_mean_duration,1.7824418056137925,93.39541805460613
id_20,seq_oral_oral___oral_genital_std_duration,-0.6351495761414288,93.39541805460613
id_21,Approach_active_count,-0.4324003715653329,78.03054580330168
id_21,Approach_passive_count,-1.3680025190855203,78.03054580330168
id_21,Approach_mean_duration,0.8110445062651728,78.03054580330168
id_21,Approach_std_duration,-0.09294200257056191,78.03054580330168
id_21,Approach_contact_active_count,1.487706519133806,78.03054580330168
id_21,Approach_contact_passive_count,-0.8968050671911378,78.03054580330168
id_21,Approach_contact_mean_duration,-0.8663139478526873,78.03054580330168
id_21,Approach_contact_std_duration,0.42366807173926485,78.03054580330168
id_21,Approach_rear_active_count,0.9798398342316084,78.03054580330168
id_21,Approach_rear_passive_count,-0.5504028171612204,78.03054580330168
id_21,Approach_rear_mean_duration,-0.20902016386102154,78.03054580330168
id_21,Approach_rear_std_duration,-0.49617912384554724,78.03054580330168
id_21,Break_contact_active_count,-0.1191484590398542,78.03054580330168
id_21,Break_contact_passive_count,-0.09418240009038212,78.03054580330168
id_21,Break_contact_mean_duration,-0.13726815075225512,78.03054580330168
id_21,Break_contact_std_duration,0.5136018245264868,78.03054580330168
id_21,Center_Zone_count,1.0500335730223886,78.03054580330168
id_21,Center_Zone_mean_duration,-0.38224989392778586,78.03054580330168
id_21,Center_Zone_std_duration,0.024041980218386563,78.03054580330168
id_21,Contact_active_count,0.8569009492959366,78.03054580330168
id_21,Contact_passive_count,0.8403923325421467,78.03054580330168
id_21,Contact_mean_duration,-1.3001201700945186,78.03054580330168
id_21,Contact_std_duration,0.4057274092971771,78.03054580330168
id_21,Get_away_active_count,-0.3044043841152509,78.03054580330168
id_21,Get_away_passive_count,-1.0034516000743676,78.03054580330168
id_21,Get_away_mean_duration,-0.1358189147251087,78.03054580330168
id_21,Get_away_std_duration,0.626759023559255,78.03054580330168
id_21,Group_3_break_count,-1.293470651617793,78.03054580330168
id_21,Group_3_break_mean_duration,0.6066134916741479,78.03054580330168
id_21,Group_3_break_std_duration,0.11299943199847542,78.03054580330168
id_21,Group_3_make_count,0.2172576563600027,78.03054580330168
id_21,Group_3_make_mean_duration,0.5478874461148742,78.03054580330168
id_21,Group_3_make_std_duration,-0.272401550539814,78.03054580330168
id_21,Group_4_break_count,-0.7658424813820602,78.03054580330168
id_21,Group_4_break_mean_duration,0.19462034771599498,78.03054580330168
id_21,Group_4_break_std_duration,-0.09599998267115264,78.03054580330168
id_21,Group_4_make_count,-0.5709237274864463,78.03054580330168
id_21,Group_4_make_mean_duration,-0.3804143266723982,78.03054580330168
id_21,Group_4_make_std_duration,0.2848637163412064,78.03054580330168
id_21,Group2_active_count,0.13756094270072686,78.03054580330168
id_21,Group2_passive_count,0.13592194927870307,78.03054580330168
id_21,Group2_mean_duration,2.085175580239652,78.03054580330168
id_21,Group2_std_duration,-0.5808181534616768,78.03054580330168
id_21,Huddling_count,0.3459350917689494,78.03054580330168
id_21,Huddling_mean_duration,-0.7712376178610489,78.03054580330168
id_21,Huddling_std_duration,0.2816241490739759,78.03054580330168
id_21,Move_in_contact_active_count,-0.6012200812551856,78.03054580330168
id_21,Move_in_contact_passive_count,-0.44277560001248206,78.03054580330168
id_21,Move_in_contact_mean_duration,1.0631694102715474,78.03054580330168
id_21,Move_in_contact_std_duration,-0.45488652881530856,78.03054580330168
id_21,Move_isolated_count,0.5396145851069606,78.03054580330168
id_21,Move_isolated_mean_duration,0.0416942414451606,78.03054580330168
id_21,Move_isolated_std_duration,-0.17447139205941511,78.03054580330168
id_21,Oral_genital_Contact_active_count,1.018363988245516,78.03054580330168
id_21,Oral_genital_Contact_passive_count,-0.4131127457174915,78.03054580330168
id_21,Oral_genital_Contact_mean_duration,-1.2177576815556066,78.03054580330168
id_21,Oral_genital_Contact_std_duration,0.001995848730551402,78.03054580330168
id_21,Oral_oral_Contact_active_count,-0.4622797169623326,78.03054580330168
id_21,Oral_oral_Contact_passive_count,-0.462279716962393,78.03054580330168
id_21,Oral_oral_Contact_mean_duration,1.0683514639267013,78.03054580330168
id_21,Oral_oral_Contact_std_duration,-0.863928864648346,78.03054580330168
id_21,Periphery_Zone_count,0.1114415367272922,78.03054580330168
id_21,Periphery_Zone_mean_duration,0.605536521055729,78.03054580330168
id_21,Periphery_Zone_std_duration,0.16378707232138312,78.03054580330168
id_21,Rear_at_periphery_count,0.848293273860045,78.03054580330168
id_21,Rear_at_periphery_mean_duration,-0.4934515531658824,78.03054580330168
id_21,Rear_at_periphery_std_duration,-0.2737287637112682,78.03054580330168
id_21,Rear_in_centerWindow_count,-0.07782707585449977,78.03054580330168
id_21,Rear_in_centerWindow_mean_duration,0.425322917362703,78.03054580330168
id_21,Rear_in_centerWindow_std_duration,-0.7366934838000421,78.03054580330168
id_21,Rear_in_contact_count,0.696541005293766,78.03054580330168
id_21,Rear_in_contact_mean_duration,-0.7684555130497126,78.03054580330168
id_21,Rear_in_contact_std_duration,0.6409593544887254,78.03054580330168
id_21,Rear_isolated_count,1.8234363429631661,78.03054580330168
id_21,Rear_isolated_mean_duration,0.6637430690324375,78.03054580330168
id_21,Rear_isolated_std_duration,0.2629569287810765,78.03054580330168
id_21,Rearing_count,1.3519645399671127,78.03054580330168
id_21,Rearing_mean_duration,0.760794020229699,78.03054580330168
id_21,Rearing_std_duration,0.2502631630264099,78.03054580330168
id_21,SAP_count,-1.5577782902261257,78.03054580330168
id_21,SAP_mean_duration,0.13511057747040056,78.03054580330168
id_21,SAP_std_duration,-0.19623581044708194,78.03054580330168
id_21,Side_by_side_Contact_active_count,0.6973463307943382,78.03054580330168
id_21,Side_by_side_Contact_passive_count,0.6973463307943456,78.03054580330168
id_21,Side_by_side_Contact_mean_duration,0.4419281969770714,78.03054580330168
id_21,Side_by_side_Contact_std_duration,0.5178281736032049,78.03054580330168
id_21,Side_by_side_Contact_opposite_way_active_count,0.8644828276528782,78.03054580330168
id_21,Side_by_side_Contact_opposite_way_passive_count,0.8644828276528792,78.03054580330168
id_21,Side_by_side_Contact_opposite_way_mean_duration,-0.49979962588375093,78.03054580330168
id_21,Side_by_side_Contact_opposite_way_std_duration,0.07089270989532917,78.03054580330168
id_21,Social_approach_active_count,-0.6388096893861419,78.03054580330168
id_21,Social_approach_passive_count,-2.275236028312495,78.03054580330168
id_21,Social_approach_mean_duration,0.5555863215264953,78.03054580330168
id_21,Social_approach_std_duration,1.0838791249565314,78.03054580330168
id_21,Social_escape_active_count,-1.6222506437419273,78.03054580330168
id_21,Social_escape_passive_count,-1.212075584290185,78.03054580330168
id_21,Social_escape_mean_duration,1.2596460501971445,78.03054580330168
id_21,Social_escape_std_duration,-0.17794203261348301,78.03054580330168
id_21,Stop_count,0.33333770537143437,78.03054580330168
id_21,Stop_mean_duration,1.8940863461229203,78.03054580330168
id_21,Stop_std_duration,-1.1898389376899838,78.03054580330168
id_21,Stop_in_contact_active_count,-0.8503911282655723,78.03054580330168
id_21,Stop_in_contact_passive_count,0.5289165916320678,78.03054580330168
id_21,Stop_in_contact_mean_duration,-1.5952507208017677,78.03054580330168
id_21,Stop_in_contact_std_duration,-1.8721833891491575,78.03054580330168
id_21,Stop_isolated_count,0.2955294849717964,78.03054580330168
id_21,Stop_isolated_mean_duration,0.6339898671877968,78.03054580330168
id_21,Stop_isolated_std_duration,0.6068205381546539,78.03054580330168
id_21,Train2_active_count,0.1463621443533941,78.03054580330168
id_21,Train2_passive_count,0.4048676659386344,78.03054580330168
id_21,Train2_mean_duration,-0.18929421041949865,78.03054580330168
id_21,Train2_std_duration,-0.023240196117115534,78.03054580330168
id_21,WallJump_count,0.002506236428097835,78.03054580330168
id_21,WallJump_mean_duration,-0.09054973202184832,78.03054580330168
id_21,WallJump_std_duration,0.11876057305911734,78.03054580330168
id_21,isolated_count,-0.1933339905904465,78.03054580330168
id_21,isolated_mean_duration,-1.7036789348320365,78.03054580330168
id_21,isolated_std_duration,0.6635348513097601,78.03054580330168
id_21,seq_oral_geni___oral_oral_active_count,0.4279056250462763,78.03054580330168
id_21,seq_oral_geni___oral_oral_passive_count,-1.4179581937937098,78.03054580330168
id_21,seq_oral_geni___oral_oral_mean_duration,-1.398141439581463,78.03054580330168
id_21,seq_oral_geni___oral_oral_std_duration,0.6299855827345371,78.03054580330168
id_21,seq_oral_oral___oral_genital_active_count,1.8005507562595477,78.03054580330168
id_21,seq_oral_oral___oral_genital_passive_count,-1.0662544619062422,78.03054580330168
id_21,seq_oral_oral___oral_genital_mean_duration,1.3413263798049675,78.03054580330168
id_21,seq_oral_oral___oral_genital_std_duration,-0.13505810088580544,78.03054580330168
id_22,Approach_active_count,-0.3342297134880444,73.08107716879667
id_22,Approach_passive_count,0.3434587556384252,73.08107716879667
id_22,Approach_mean_duration,1.3898780310530925,73.08107716879667
id_22,Approach_std_duration,-0.4660815457353601,73.08107716879667
id_22,Approach_contact_active_count,-0.5198637860985977,73.08107716879667
id_22,Approach_contact_passive_count,1.0245854343523055,73.08107716879667
id_22,Approach_contact_mean_duration,1.6219512016845476,73.08107716879667
id_22,Approach_contact_std_duration,1.1503055337732315,73.08107716879667
id_22,Approach_rear_active_count,1.0023494044883405,73.08107716879667
id_22,Approach_rear_passive_count,0.3845318962853214,73.08107716879667
id_22,Approach_rear_mean_duration,0.40608920742734667,73.08107716879667
id_22,Approach_rear_std_duration,-0.4200737883099067,73.08107716879667
id_22,Break_contact_active_count,1.4631307135859755,73.08107716879667
id_22,Break_contact_passive_count,-0.04030185375983949,73.08107716879667
id_22,Break_contact_mean_duration,0.09034010528445083,73.08107716879667
id_22,Break_contact_std_duration,-0.17386499656480936,73.08107716879667
id_22,Center_Zone_count,-0.982738087005052,73.08107716879667
id_22,Center_Zone_mean_duration,-1.1240131273064267,73.08107716879667
id_22,Center_Zone_std_duration,-0.14862027010419215,73.08107716879667
id_22,Contact_active_count,-0.7277890488047791,73.08107716879667
id_22,Contact_passive_count,-0.7564780407293773,73.08107716879667
id_22,Contact_mean_duration,-0.8905279955193182,73.08107716879667
id_22,Contact_std_duration,-0.16959805530218586,73.08107716879667
id_22,Get_away_active_count,0.3614231447701693,73.08107716879667
id_22,Get_away_passive_count,-0.4313322166986138,73.08107716879667
id_22,Get_away_mean_duration,-1.203850590674905,73.08107716879667
id_22,Get_away_std_duration,1.0993752307061482,73.08107716879667
id_22,Group_3_break_count,0.49958849325127647,73.08107716879667
id_22,Group_3_break_mean_duration,0.5418735821575612,73.08107716879667
id_22,Group_3_break_std_duration,-0.5836151777353795,73.08107716879667
id_22,Group_3_make_count,-0.6395976687319825,73.08107716879667
id_22,Group_3_make_mean_duration,-1.1401560873886087,73.08107716879667
id_22,Group_3_make_std_duration,1.1121458604662506,73.08107716879667
id_22,Group_4_break_count,-1.4252131565711965,73.08107716879667
id_22,Group_4_break_mean_duration,-1.8574607577730995,73.08107716879667
id_22,Group_4_break_std_duration,0.7356487447524952,73.08107716879667
id_22,Group_4_make_count,0.9627199896919207,73.08107716879667
id_22,Group_4_make_mean_duration,1.9094708531716431,73.08107716879667
id_22,Group_4_make_std_duration,-0.7159791171857127,73.08107716879667
id_22,Group2_active_count,0.1432084417107657,73.08107716879667
id_22,Group2_passive_count,0.16087892836988124,73.08107716879667
id_22,Group2_mean_duration,-1.4492795157463183,73.08107716879667
id_22,Group2_std_duration,0.22178649905360862,73.08107716879667
id_22,Huddling_count,-1.9976236592631302,73.08107716879667
id_22,Huddling_mean_duration,-0.1925033728995799,73.08107716879667
id_22,Huddling_std_duration,0.21577489494174312,73.08107716879667
id_22,Move_in_contact_active_count,-0.06915458560134827,73.08107716879667
id_22,Move_in_contact_passive_count,0.5860834691474419,73.08107716879667
id_22,Move_in_contact_mean_duration,-0.08234149096699707,73.08107716879667
id_22,Move_in_contact_std_duration,0.3463718050929504,73.08107716879667
id_22,Move_isolated_count,-0.02822832450458849,73.08107716879667
id_22,Move_isolated_mean_duration,-0.40364391979008013,73.08107716879667
id_22,Move_isolated_std_duration,-0.21932040583831552,73.08107716879667
id_22,Oral_genital_Contact_active_count,0.4660544111919556,73.08107716879667
id_22,Oral_genital_Contact_passive_count,0.23738392653835946,73.08107716879667
id_22,Oral_genital_Contact_mean_duration,1.0684748953831056,73.08107716879667
id_22,Oral_genital_Contact_std_duration,0.9486582898134895,73.08107716879667
id_22,Oral_oral_Contact_active_count,0.6609455865361614,73.08107716879667
id_22,Oral_oral_Contact_passive_count,0.6609455865361353,73.08107716879667
id_22,Oral_oral_Contact_mean_duration,0.21735028294908068,73.08107716879667
id_22,Oral_oral_Contact_std_duration,-0.6336464569402847,73.08107716879667
id_22,Periphery_Zone_count,0.08763275236990785,73.08107716879667
id_22,Periphery_Zone_mean_duration,-1.537969733590654,73.08107716879667
id_22,Periphery_Zone_std_duration,0.044388295776136094,73.08107716879667
id_22,Rear_at_periphery_count,1.6268755673870992,73.08107716879667
id_22,Rear_at_periphery_mean_duration,0.8592152600723746,73.08107716879667
id_22,Rear_at_periphery_std_duration,-0.23189620349488432,73.08107716879667
id_22,Rear_in_centerWindow_count,-0.2090381913878247,73.08107716879667
id_22,Rear_in_centerWindow_mean_duration,0.9389199830552306,73.08107716879667
id_22,Rear_in_centerWindow_std_duration,-0.805669548572732,73.08107716879667
id_22,Rear_in_contact_count,-0.12416310371941221,73.08107716879667
id_22,Rear_in_contact_mean_duration,-1.2031940212191812,73.08107716879667
id_22,Rear_in_contact_std_duration,0.287072248684587,73.08107716879667
id_22,Rear_isolated_count,0.9465770214279454,73.08107716879667
id_22,Rear_isolated_mean_duration,-1.7403665834763455,73.08107716879667
id_22,Rear_isolated_std_duration,0.8877673540300348,73.08107716879667
id_22,Rearing_count,-0.773277030997588,73.08107716879667
id_22,Rearing_mean_duration,-0.9626182243818683,73.08107716879667
id_22,Rearing_std_duration,0.2872208694195404,73.08107716879667
id_22,SAP_count,-1.465200868062142,73.08107716879667
id_22,SAP_mean_duration,0.4385155258977845,73.08107716879667
id_22,SAP_std_duration,-0.020768959789194522,73.08107716879667
id_22,Side_by_side_Contact_active_count,0.11260098485905612,73.08107716879667
id_22,Side_by_side_Contact_passive_count,0.1126009848590666,73.08107716879667
id_22,Side_by_side_Contact_mean_duration,-0.3757457170952493,73.08107716879667
id_22,Side_by_side_Contact_std_duration,0.729021928082512,73.08107716879667
id_22,Side_by_side_Contact_opposite_way_active_count,0.2392935282696079,73.08107716879667
id_22,Side_by_side_Contact_opposite_way_passive_count,0.23929352826960584,73.08107716879667
id_22,Side_by_side_Contact_opposite_way_mean_duration,0.7753428932667413,73.08107716879667
id_22,Side_by_side_Contact_opposite_way_std_duration,0.06422372003545249,73.08107716879667
id_22,Social_approach_active_count,-0.9194505626321495,73.08107716879667
id_22,Social_approach_passive_count,-1.0792542084775922,73.08107716879667
id_22,Social_approach_mean_duration,-0.3709530591961481,73.08107716879667
id_22,Social_approach_std_duration,0.2514794129640191,73.08107716879667
id_22,Social_escape_active_count,-0.7332101204103976,73.08107716879667
id_22,Social_escape_passive_count,-0.5036628444459367,73.08107716879667
id_22,Social_escape_mean_duration,-2.1195571253188223,73.08107716879667
id_22,Social_escape_std_duration,-0.031154192382346107,73.08107716879667
id_22,Stop_count,-1.142235447498951,73.08107716879667
id_22,Stop_mean_duration,0.6035291374008571,73.08107716879667
id_22,Stop_std_duration,-0.301655352045433,73.08107716879667
id_22,Stop_in_contact_active_count,-0.27226161679273136,73.08107716879667
id_22,Stop_in_contact_passive_count,0.2167103203656069,73.08107716879667
id_22,Stop_in_contact_mean_duration,-0.5025286122714904,73.08107716879667
id_22,Stop_in_contact_std_duration,-0.8817249270407298,73.08107716879667
id_22,Stop_isolated_count,-0.22851759637121236,73.08107716879667
id_22,Stop_isolated_mean_duration,1.312869209759683,73.08107716879667
id_22,Stop_isolated_std_duration,-0.17940376092085514,73.08107716879667
id_22,Train2_active_count,-0.19659049044813862,73.08107716879667
id_22,Train2_passive_count,0.40726179381163774,73.08107716879667
id_22,Train2_mean_duration,0.08792785876408678,73.08107716879667
id_22,Train2_std_duration,0.30146569835299847,73.08107716879667
id_22,WallJump_count,0.2143796887487162,73.08107716879667
id_22,WallJump_mean_duration,-0.12411217249330206,73.08107716879667
id_22,WallJump_std_duration,-0.17705714608509288,73.08107716879667
id_22,isolated_count,-0.13817878097745268,73.08107716879667
id_22,isolated_mean_duration,-0.2559104563979546,73.08107716879667
id_22,isolated_std_duration,0.47579117096268897,73.08107716879667
id_22,seq_oral_geni___oral_oral_active_count,-0.16720673501806976,73.08107716879667
id_22,seq_oral_geni___oral_oral_passive_count,0.4750510957076433,73.08107716879667
id_22,seq_oral_geni___oral_oral_mean_duration,-0.4355246111767436,73.08107716879667
id_22,seq_oral_geni___oral_oral_std_duration,-0.16000795058554093,73.08107716879667
id_22,seq_oral_oral___oral_genital_active_count,-1.4085256513536408,73.08107716879667
id_22,seq_oral_oral___oral_genital_passive_count,0.686085047841967,73.08107716879667
id_22,seq_oral_oral___oral_genital_mean_duration,2.0868896717962553,73.08107716879667
id_22,seq_oral_oral___oral_genital_std_duration,-0.4754966724920667,73.08107716879667
id_23,Approach_active_count,-0.5853591282989702,59.95365318206493
id_23,Approach_passive_count,-0.31751943975462615,59.95365318206493
id_23,Approach_mean_duration,-1.3358999790308281,59.95365318206493
id_23,Approach_std_duration,0.714581332826954,59.95365318206493
id_23,Approach_contact_active_count,-0.5653313001037652,59.95365318206493
id_23,Approach_contact_passive_count,-0.5938015110215614,59.95365318206493
id_23,Approach_contact_mean_duration,-1.3893977692426034,59.95365318206493
id_23,Approach_contact_std_duration,1.1244832682004262,59.95365318206493
id_23,Approach_rear_active_count,-0.8323597383892256,59.95365318206493
id_23,Approach_rear_passive_count,-0.5683421970817061,59.95365318206493
id_23,Approach_rear_mean_duration,0.3551228584784063,59.95365318206493
id_23,Approach_rear_std_duration,0.6615420422930437,59.95365318206493
id_23,Break_contact_active_count,-0.858869021138087,59.95365318206493
id_23,Break_contact_passive_count,-0.6738673192599319,59.95365318206493
id_23,Break_contact_mean_duration,0.4991592659601845,59.95365318206493
id_23,Break_contact_std_duration,0.05559183076401877,59.95365318206493
id_23,Center_Zone_count,-0.42637310304541454,59.95365318206493
id_23,Center_Zone_mean_duration,2.094102901707784,59.95365318206493
id_23,Center_Zone_std_duration,-0.5603183071799869,59.95365318206493
id_23,Contact_active_count,1.8487870426178956,59.95365318206493
id_23,Contact_passive_count,1.8441812474949917,59.95365318206493
id_23,Contact_mean_duration,2.047672326091819,59.95365318206493
id_23,Contact_std_duration,0.5109825790337289,59.95365318206493
id_23,Get_away_active_count,-0.2242629091347172,59.95365318206493
id_23,Get_away_passive_count,-0.44554135366676706,59.95365318206493
id_23,Get_away_mean_duration,-0.8225877482373475,59.95365318206493
id_23,Get_away_std_duration,-1.407073608818341,59.95365318206493
id_23,Group_3_break_count,0.044227066383941235,59.95365318206493
id_23,Group_3_break_mean_duration,0.14832798286837054,59.95365318206493
id_23,Group_3_break_std_duration,-0.17115482524134662,59.95365318206493
id_23,Group_3_make_count,-0.35562608192958306,59.95365318206493
id_23,Group_3_make_mean_duration,0.5121175613497465,59.95365318206493
id_23,Group_3_make_std_duration,-0.15363645118462851,59.95365318206493
id_23,Group_4_break_count,-0.9967901801355543,59.95365318206493
id_23,Group_4_break_mean_duration,-0.4373467936058931,59.95365318206493
id_23,Group_4_break_std_duration,1.0870193394630137,59.95365318206493
id_23,Group_4_make_count,0.845046351467855,59.95365318206493
id_23,Group_4_make_mean_duration,0.3026202119487834,59.95365318206493
id_23,Group_4_make_std_duration,-0.9223479132204724,59.95365318206493
id_23,Group2_active_count,0.43385836349658136,59.95365318206493
id_23,Group2_passive_count,0.431600800729566,59.95365318206493
id_23,Group2_mean_duration,0.7045582032630414,59.95365318206493
id_23,Group2_std_duration,-0.15244497408372393,59.95365318206493
id_23,Huddling_count,0.17386101917229096,59.95365318206493
id_23,Huddling_mean_duration,-1.0631436704897883,59.95365318206493
id_23,Huddling_std_duration,0.35391234491858387,59.95365318206493
id_23,Move_in_contact_active_count,0.4643285264053228,59.95365318206493
id_23,Move_in_contact_passive_count,1.065572226097134,59.95365318206493
id_23,Move_in_contact_mean_duration,0.21466558772335181,59.95365318206493
id_23,Move_in_contact_std_duration,-0.8102348279692744,59.95365318206493
id_23,Move_isolated_count,-0.3309050330576983,59.95365318206493
id_23,Move_isolated_mean_duration,0.2805719912513711,59.95365318206493
id_23,Move_isolated_std_duration,-0.5005721462002086,59.95365318206493
id_23,Oral_genital_Contact_active_count,0.5863866508719261,59.95365318206493
id_23,Oral_genital_Contact_passive_count,0.7793341067979522,59.95365318206493
id_23,Oral_genital_Contact_mean_duration,-0.2792657557040416,59.95365318206493
id_23,Oral_genital_Contact_std_duration,0.30514318181422434,59.95365318206493
id_23,Oral_oral_Contact_active_count,0.28346514591445143,59.95365318206493
id_23,Oral_oral_Contact_passive_count,0.2834651459144644,59.95365318206493
id_23,Oral_oral_Contact_mean_duration,0.29289193376895006,59.95365318206493
id_23,Oral_oral_Contact_std_duration,-0.32888856099248226,59.95365318206493
id_23,Periphery_Zone_count,-0.8100345876855557,59.95365318206493
id_23,Periphery_Zone_mean_duration,2.4163632233890855,59.95365318206493
id_23,Periphery_Zone_std_duration,-1.1988820327289653,59.95365318206493
id_23,Rear_at_periphery_count,0.1180314033847858,59.95365318206493
id_23,Rear_at_periphery_mean_duration,-0.18403069656011153,59.95365318206493
id_23,Rear_at_periphery_std_duration,-0.4110828421743087,59.95365318206493
id_23,Rear_in_centerWindow_count,0.43752536919730306,59.95365318206493
id_23,Rear_in_centerWindow_mean_duration,0.7012496122159567,59.95365318206493
id_23,Rear_in_centerWindow_std_duration,-0.7113311354081894,59.95365318206493
id_23,Rear_in_contact_count,-0.6948009005318295,59.95365318206493
id_23,Rear_in_contact_mean_duration,0.5368960484520799,59.95365318206493
id_23,Rear_in_contact_std_duration,0.03596433273149149,59.95365318206493
id_23,Rear_isolated_count,0.02986577125038367,59.95365318206493
id_23,Rear_isolated_mean_duration,-0.8239076144839554,59.95365318206493
id_23,Rear_isolated_std_duration,1.1685401830011497,59.95365318206493
id_23,Rearing_count,0.25913378267393083,59.95365318206493
id_23,Rearing_mean_duration,0.39053705323239263,59.95365318206493
id_23,Rearing_std_duration,-0.016878067860291012,59.95365318206493
id_23,SAP_count,1.591452058776118,59.95365318206493
id_23,SAP_mean_duration,-0.4169640174651683,59.95365318206493
id_23,SAP_std_duration,0.4296400947578254,59.95365318206493
id_23,Side_by_side_Contact_active_count,0.440137252187174,59.95365318206493
id_23,Side_by_side_Contact_passive_count,0.4401372521871929,59.95365318206493
id_23,Side_by_side_Contact_mean_duration,0.6877212555489549,59.95365318206493
id_23,Side_by_side_Contact_std_duration,-0.09911385309514587,59.95365318206493
id_23,Side_by_side_Contact_opposite_way_active_count,-0.30328689969286604,59.95365318206493
id_23,Side_by_side_Contact_opposite_way_passive_count,-0.30328689969286804,59.95365318206493
id_23,Side_by_side_Contact_opposite_way_mean_duration,-0.8597413341785441,59.95365318206493
id_23,Side_by_side_Contact_opposite_way_std_duration,-0.2190101523480551,59.95365318206493
id_23,Social_approach_active_count,0.4255380814474759,59.95365318206493
id_23,Social_approach_passive_count,0.14366149250084526,59.95365318206493
id_23,Social_approach_mean_duration,-0.705618648389076,59.95365318206493
id_23,Social_approach_std_duration,0.8135927829683015,59.95365318206493
id_23,Social_escape_active_count,0.011924135583677064,59.95365318206493
id_23,Social_escape_passive_count,0.05098128995046388,59.95365318206493
id_23,Social_escape_mean_duration,-0.9409281508372849,59.95365318206493
id_23,Social_escape_std_duration,0.9089540186044802,59.95365318206493
id_23,Stop_count,0.5015525642055392,59.95365318206493
id_23,Stop_mean_duration,-0.26241216595169414,59.95365318206493
id_23,Stop_std_duration,-0.0663606315269958,59.95365318206493
id_23,Stop_in_contact_active_count,-0.07241486674237699,59.95365318206493
id_23,Stop_in_contact_passive_count,0.43575129567966825,59.95365318206493
id_23,Stop_in_contact_mean_duration,-0.07143143669545726,59.95365318206493
id_23,Stop_in_contact_std_duration,-1.4151776471804105,59.95365318206493
id_23,Stop_isolated_count,-0.1784809100358774,59.95365318206493
id_23,Stop_isolated_mean_duration,0.9715454022037358,59.95365318206493
id_23,Stop_isolated_std_duration,-0.8206864821551121,59.95365318206493
id_23,Train2_active_count,0.3138498414015513,59.95365318206493
id_23,Train2_passive_count,0.24326531034761265,59.95365318206493
id_23,Train2_mean_duration,0.4427336577694147,59.95365318206493
id_23,Train2_std_duration,-0.5248223981624593,59.95365318206493
id_23,WallJump_count,0.31949707902643876,59.95365318206493
id_23,WallJump_mean_duration,-0.011426616817144051,59.95365318206493
id_23,WallJump_std_duration,-0.28160077763674013,59.95365318206493
id_23,isolated_count,1.5828139722666517,59.95365318206493
id_23,isolated_mean_duration,0.22272420444767263,59.95365318206493
id_23,isolated_std_duration,-0.22440625800661915,59.95365318206493
id_23,seq_oral_geni___oral_oral_active_count,1.437964853940998,59.95365318206493
id_23,seq_oral_geni___oral_oral_passive_count,0.6381602973243382,59.95365318206493
id_23,seq_oral_geni___oral_oral_mean_duration,-3.151967023335456,59.95365318206493
id_23,seq_oral_geni___oral_oral_std_duration,0.6722782312904729,59.95365318206493
id_23,seq_oral_oral___oral_genital_active_count,-2.9562932219563276,59.95365318206493
id_23,seq_oral_oral___oral_genital_passive_count,0.9229220404049153,59.95365318206493
id_23,seq_oral_oral___oral_genital_mean_duration,0.6013550564806184,59.95365318206493
id_23,seq_oral_oral___oral_genital_std_duration,-0.06413473477955385,59.95365318206493
id_24,Approach_active_count,0.2582034809236551,52.86109620891896
id_24,Approach_passive_count,-0.27435636969598004,52.86109620891896
id_24,Approach_mean_duration,-0.5824316938344265,52.86109620891896
id_24,Approach_std_duration,1.363161799908012,52.86109620891896
id_24,Approach_contact_active_count,-1.5347682496333686,52.86109620891896
id_24,Approach_contact_passive_count,-0.2372925888790554,52.86109620891896
id_24,Approach_contact_mean_duration,1.6571961578514895,52.86109620891896
id_24,Approach_contact_std_duration,0.7967242418750503,52.86109620891896
id_24,Approach_rear_active_count,-0.07815129496236471,52.86109620891896
id_24,Approach_rear_passive_count,0.3363991995716419,52.86109620891896
id_24,Approach_rear_mean_duration,0.6658440281726887,52.86109620891896
id_24,Approach_rear_std_duration,0.16964443307704058,52.86109620891896
id_24,Break_contact_active_count,0.11198859212549478,52.86109620891896
id_24,Break_contact_passive_count,-0.6402228242996865,52.86109620891896
id_24,Break_contact_mean_duration,-0.31887705346543543,52.86109620891896
id_24,Break_contact_std_duration,0.07155828149070283,52.86109620891896
id_24,Center_Zone_count,-0.158796548767268,52.86109620891896
id_24,Center_Zone_mean_duration,1.676348870590439,52.86109620891896
id_24,Center_Zone_std_duration,-0.14128637217419307,52.86109620891896
id_24,Contact_active_count,0.857252761944829,52.86109620891896
id_24,Contact_passive_count,0.8814891473857535,52.86109620891896
id_24,Contact_mean_duration,1.1494511858265333,52.86109620891896
id_24,Contact_std_duration,0.25833261209328545,52.86109620891896
id_24,Get_away_active_count,-1.555512969468141,52.86109620891896
id_24,Get_away_passive_count,-1.0183847873416498,52.86109620891896
id_24,Get_away_mean_duration,-0.8125881710829865,52.86109620891896
id_24,Get_away_std_duration,-0.9261004194050935,52.86109620891896
id_24,Group_3_break_count,0.8588807897758205,52.86109620891896
id_24,Group_3_break_mean_duration,0.6010565523026027,52.86109620891896
id_24,Group_3_break_std_duration,-0.7912951344723901,52.86109620891896
id_24,Group_3_make_count,-1.0838305312420766,52.86109620891896
id_24,Group_3_make_mean_duration,-0.5258295724872242,52.86109620891896
id_24,Group_3_make_std_duration,0.7660861581748668,52.86109620891896
id_24,Group_4_break_count,-0.23618557916949803,52.86109620891896
id_24,Group_4_break_mean_duration,0.48029454006066585,52.86109620891896
id_24,Group_4_break_std_duration,-0.19119424710857916,52.86109620891896
id_24,Group_4_make_count,-0.43113188728403196,52.86109620891896
id_24,Group_4_make_mean_duration,-0.47829060594533795,52.86109620891896
id_24,Group_4_make_std_duration,-0.07884874091468164,52.86109620891896
id_24,Group2_active_count,0.5062479160829912,52.86109620891896
id_24,Group2_passive_count,0.5048947734192746,52.86109620891896
id_24,Group2_mean_duration,-0.20546838236240378,52.86109620891896
id_24,Group2_std_duration,-0.09657054582035289,52.86109620891896
id_24,Huddling_count,2.543346818482529,52.86109620891896
id_24,Huddling_mean_duration,-0.9045968823301598,52.86109620891896
id_24,Huddling_std_duration,0.28089086321577195,52.86109620891896
id_24,Move_in_contact_active_count,0.057748386536325046,52.86109620891896
id_24,Move_in_contact_passive_count,-0.6287556126862357,52.86109620891896
id_24,Move_in_contact_mean_duration,2.8445223622691107,52.86109620891896
id_24,Move_in_contact_std_duration,-0.6869790741798377,52.86109620891896
id_24,Move_isolated_count,-0.6095126609461652,52.86109620891896
id_24,Move_isolated_mean_duration,-0.18814063253309862,52.86109620891896
id_24,Move_isolated_std_duration,0.054065265338675034,52.86109620891896
id_24,Oral_genital_Contact_active_count,-0.14842613803909466,52.86109620891896
id_24,Oral_genital_Contact_passive_count,-0.6175401967633388,52.86109620891896
id_24,Oral_genital_Contact_mean_duration,-0.5916884458822236,52.86109620891896
id_24,Oral_genital_Contact_std_duration,-0.17686650898492678,52.86109620891896
id_24,Oral_oral_Contact_active_count,0.006584611642314935,52.86109620891896
id_24,Oral_oral_Contact_passive_count,0.006584611642305467,52.86109620891896
id_24,Oral_oral_Contact_mean_duration,-1.7401406802766706,52.86109620891896
id_24,Oral_oral_Contact_std_duration,0.506420170950014,52.86109620891896
id_24,Periphery_Zone_count,-0.16245832708390565,52.86109620891896
id_24,Periphery_Zone_mean_duration,-1.213973345461965,52.86109620891896
id_24,Periphery_Zone_std_duration,1.5349098817473945,52.86109620891896
id_24,Rear_at_periphery_count,1.272240066692084,52.86109620891896
id_24,Rear_at_periphery_mean_duration,0.002732340078111317,52.86109620891896
id_24,Rear_at_periphery_std_duration,-0.5929013241086024,52.86109620891896
id_24,Rear_in_centerWindow_count,-1.0888726998630471,52.86109620891896
id_24,Rear_in_centerWindow_mean_duration,0.5845351418426894,52.86109620891896
id_24,Rear_in_centerWindow_std_duration,-0.802138959842938,52.86109620891896
id_24,Rear_in_contact_count,0.1379601717561642,52.86109620891896
id_24,Rear_in_contact_mean_duration,-0.4266254969812493,52.86109620891896
id_24,Rear_in_contact_std_duration,0.03908128453686821,52.86109620891896
id_24,Rear_isolated_count,0.6037462883270429,52.86109620891896
id_24,Rear_isolated_mean_duration,0.5931103573227294,52.86109620891896
id_24,Rear_isolated_std_duration,0.4402200360581898,52.86109620891896
id_24,Rearing_count,-1.3953186142813871,52.86109620891896
id_24,Rearing_mean_duration,-0.4834887468833118,52.86109620891896
id_24,Rearing_std_duration,-0.533671982470089,52.86109620891896
id_24,SAP_count,-1.0381591033483881,52.86109620891896
id_24,SAP_mean_duration,-0.05791164829930627,52.86109620891896
id_24,SAP_std_duration,0.20059808203595006,52.86109620891896
id_24,Side_by_side_Contact_active_count,-0.6833536533502779,52.86109620891896
id_24,Side_by_side_Contact_passive_count,-0.6833536533502782,52.86109620891896
id_24,Side_by_side_Contact_mean_duration,0.23700689173253262,52.86109620891896
id_24,Side_by_side_Contact_std_duration,-0.326037322207936,52.86109620891896
id_24,Side_by_side_Contact_opposite_way_active_count,0.8568332484171851,52.86109620891896
id_24,Side_by_side_Contact_opposite_way_passive_count,0.856833248417186,52.86109620891896
id_24,Side_by_side_Contact_opposite_way_mean_duration,-0.2697741452652312,52.86109620891896
id_24,Side_by_side_Contact_opposite_way_std_duration,-0.15229060897803798,52.86109620891896
id_24,Social_approach_active_count,-0.6581478729350135,52.86109620891896
id_24,Social_approach_passive_count,0.6328442279661353,52.86109620891896
id_24,Social_approach_mean_duration,-0.9157979482195273,52.86109620891896
id_24,Social_approach_std_duration,-0.9397806441149814,52.86109620891896
id_24,Social_escape_active_count,-0.6844787565091556,52.86109620891896
id_24,Social_escape_passive_count,-0.25186053564054844,52.86109620891896
id_24,Social_escape_mean_duration,-1.3407977955027541,52.86109620891896
id_24,Social_escape_std_duration,-0.29181904188362723,52.86109620891896
id_24,Stop_count,0.11315010359445062,52.86109620891896
id_24,Stop_mean_duration,0.8135715223946149,52.86109620891896
id_24,Stop_std_duration,-0.4403246911933223,52.86109620891896
id_24,Stop_in_contact_active_count,1.4523538965312504,52.86109620891896
id_24,Stop_in_contact_passive_count,-0.31515793859544267,52.86109620891896
id_24,Stop_in_contact_mean_duration,0.15944712694700933,52.86109620891896
id_24,Stop_in_contact_std_duration,1.2735698257954302,52.86109620891896
id_24,Stop_isolated_count,0.5149499956934238,52.86109620891896
id_24,Stop_isolated_mean_duration,-1.494744235315064,52.86109620891896
id_24,Stop_isolated_std_duration,-0.40833839799019894,52.86109620891896
id_24,Train2_active_count,-0.013251107028751392,52.86109620891896
id_24,Train2_passive_count,-0.23050680827010878,52.86109620891896
id_24,Train2_mean_duration,-0.12311241095367222,52.86109620891896
id_24,Train2_std_duration,-0.1818876022467969,52.86109620891896
id_24,WallJump_count,0.07474180178830103,52.86109620891896
id_24,WallJump_mean_duration,0.11677929204256729,52.86109620891896
id_24,WallJump_std_duration,-0.0836982646845965,52.86109620891896
id_24,isolated_count,1.4633845361820783,52.86109620891896
id_24,isolated_mean_duration,-0.19092074786253777,52.86109620891896
id_24,isolated_std_duration,0.7033627815258642,52.86109620891896
id_24,seq_oral_geni___oral_oral_active_count,-0.14807526596676138,52.86109620891896
id_24,seq_oral_geni___oral_oral_passive_count,-1.146611557299402,52.86109620891896
id_24,seq_oral_geni___oral_oral_mean_duration,-0.03484557612500809,52.86109620891896
id_24,seq_oral_geni___oral_oral_std_duration,0.09307508800747444,52.86109620891896
id_24,seq_oral_oral___oral_genital_active_count,2.538789253947688,52.86109620891896
id_24,seq_oral_oral___oral_genital_passive_count,0.6167042248870066,52.86109620891896
id_24,seq_oral_oral___oral_genital_mean_duration,0.5383538352662037,52.86109620891896
id_24,seq_oral_oral___oral_genital_std_duration,-0.26004174329435703,52.86109620891896
id_25,Approach_active_count,-0.6616325785479175,39.30420252618005
id_25,Approach_passive_count,1.4953275998827191,39.30420252618005
id_25,Approach_mean_duration,-0.7112907207595401,39.30420252618005
id_25,Approach_std_duration,0.34606470643397136,39.30420252618005
id_25,Approach_contact_active_count,-0.9891503791568121,39.30420252618005
id_25,Approach_contact_passive_count,0.3393289487141741,39.30420252618005
id_25,Approach_contact_mean_duration,-2.3331952569580308,39.30420252618005
id_25,Approach_contact_std_duration,1.307339181302305,39.30420252618005
id_25,Approach_rear_active_count,-1.7958979016180732,39.30420252618005
id_25,Approach_rear_passive_count,0.8149627424078607,39.30420252618005
id_25,Approach_rear_mean_duration,-1.5396687085191805,39.30420252618005
id_25,Approach_rear_std_duration,0.6735365011597377,39.30420252618005
id_25,Break_contact_active_count,0.09628336897498713,39.30420252618005
id_25,Break_contact_passive_count,-0.8213773911655774,39.30420252618005
id_25,Break_contact_mean_duration,0.12932465908191573,39.30420252618005
id_25,Break_contact_std_duration,0.14121475104154005,39.30420252618005
id_25,Center_Zone_count,1.495110645893385,39.30420252618005
id_25,Center_Zone_mean_duration,1.8822088815714801,39.30420252618005
id_25,Center_Zone_std_duration,-0.9484438140231171,39.30420252618005
id_25,Contact_active_count,-0.08798704062073436,39.30420252618005
id_25,Contact_passive_count,-0.08720929619819662,39.30420252618005
id_25,Contact_mean_duration,0.41115220693620036,39.30420252618005
id_25,Contact_std_duration,0.24266667678086312,39.30420252618005
id_25,Get_away_active_count,1.236471057659617,39.30420252618005
id_25,Get_away_passive_count,0.6141568463402554,39.30420252618005
id_25,Get_away_mean_duration,0.14994768572374081,39.30420252618005
id_25,Get_away_std_duration,-2.2146285433861617,39.30420252618005
id_25,Group_3_break_count,-0.5244168875686389,39.30420252618005
id_25,Group_3_break_mean_duration,0.206852541246375,39.30420252618005
id_25,Group_3_break_std_duration,0.13386172901477997,39.30420252618005
id_25,Group_3_make_count,0.7859372025615655,39.30420252618005
id_25,Group_3_make_mean_duration,-0.18100094161522148,39.30420252618005
id_25,Group_3_make_std_duration,-0.2881624893196404,39.30420252618005
id_25,Group_4_break_count,-1.44560916591794,39.30420252618005
id_25,Group_4_break_mean_duration,-1.1368809939795852,39.30420252618005
id_25,Group_4_break_std_duration,0.4657247456931393,39.30420252618005
id_25,Group_4_make_count,0.8255708887360889,39.30420252618005
id_25,Group_4_make_mean_duration,1.2223608825805088,39.30420252618005
id_25,Group_4_make_std_duration,-0.3811023432210686,39.30420252618005
id_25,Group2_active_count,0.46496170988188007,39.30420252618005
id_25,Group2_passive_count,0.4725834771573922,39.30420252618005
id_25,Group2_mean_duration,0.1854438486572535,39.30420252618005
id_25,Group2_std_duration,0.05848524060446164,39.30420252618005
id_25,Huddling_count,-0.7220077774370585,39.30420252618005
id_25,Huddling_mean_duration,0.1970912384510298,39.30420252618005
id_25,Huddling_std_duration,-0.27526856177119385,39.30420252618005
id_25,Move_in_contact_active_count,-0.6050285095883696,39.30420252618005
id_25,Move_in_contact_passive_count,-0.09855546529986131,39.30420252618005
id_25,Move_in_contact_mean_duration,0.00041262242600953144,39.30420252618005
id_25,Move_in_contact_std_duration,0.2506838884763548,39.30420252618005
id_25,Move_isolated_count,-0.9808218505614048,39.30420252618005
id_25,Move_isolated_mean_duration,0.720825814529388,39.30420252618005
id_25,Move_isolated_std_duration,0.06206373766604778,39.30420252618005
id_25,Oral_genital_Contact_active_count,0.05303070292908886,39.30420252618005
id_25,Oral_genital_Contact_passive_count,0.5112643195929418,39.30420252618005
id_25,Oral_genital_Contact_mean_duration,-1.5156402504969433,39.30420252618005
id_25,Oral_genital_Contact_std_duration,0.34985713495400284,39.30420252618005
id_25,Oral_oral_Contact_active_count,0.5798181168890458,39.30420252618005
id_25,Oral_oral_Contact_passive_count,0.5798181168891222,39.30420252618005
id_25,Oral_oral_Contact_mean_duration,-0.17370699899088546,39.30420252618005
id_25,Oral_oral_Contact_std_duration,-0.572914234934043,39.30420252618005
id_25,Periphery_Zone_count,0.4145745886832015,39.30420252618005
id_25,Periphery_Zone_mean_duration,-0.1620049584647085,39.30420252618005
id_25,Periphery_Zone_std_duration,2.7202970881806623,39.30420252618005
id_25,Rear_at_periphery_count,-0.23090025529676342,39.30420252618005
id_25,Rear_at_periphery_mean_duration,-0.7497135989940451,39.30420252618005
id_25,Rear_at_periphery_std_duration,0.36611259456018075,39.30420252618005
id_25,Rear_in_centerWindow_count,0.3721297090009674,39.30420252618005
id_25,Rear_in_centerWindow_mean_duration,-0.36709905617216293,39.30420252618005
id_25,Rear_in_centerWindow_std_duration,0.05833498305532366,39.30420252618005
id_25,Rear_in_contact_count,0.8198327231095969,39.30420252618005
id_25,Rear_in_contact_mean_duration,-0.4617286625640697,39.30420252618005
id_25,Rear_in_contact_std_duration,0.2490191631260885,39.30420252618005
id_25,Rear_isolated_count,-0.4227191539792174,39.30420252618005
id_25,Rear_isolated_mean_duration,0.6223432025192748,39.30420252618005
id_25,Rear_isolated_std_duration,-0.06065476843754388,39.30420252618005
id_25,Rearing_count,-0.2858698103332989,39.30420252618005
id_25,Rearing_mean_duration,-0.15024076291697103,39.30420252618005
id_25,Rearing_std_duration,0.008460738684452077,39.30420252618005
id_25,SAP_count,-3.2757960918356583,39.30420252618005
id_25,SAP_mean_duration,-0.5061749016755385,39.30420252618005
id_25,SAP_std_duration,0.600157648970943,39.30420252618005
id_25,Side_by_side_Contact_active_count,-0.18992695616449026,39.30420252618005
id_25,Side_by_side_Contact_passive_count,-0.18992695616451466,39.30420252618005
id_25,Side_by_side_Contact_mean_duration,0.4259672431390634,39.30420252618005
id_25,Side_by_side_Contact_std_duration,0.15156515619681477,39.30420252618005
id_25,Side_by_side_Contact_opposite_way_active_count,0.6097942428082235,39.30420252618005
id_25,Side_by_side_Contact_opposite_way_passive_count,0.6097942428082181,39.30420252618005
id_25,Side_by_side_Contact_opposite_way_mean_duration,0.012002784481230907,39.30420252618005
id_25,Side_by_side_Contact_opposite_way_std_duration,-0.35983030253214804,39.30420252618005
id_25,Social_approach_active_count,-0.5445989099678173,39.30420252618005
id_25,Social_approach_passive_count,0.13214155959253976,39.30420252618005
id_25,Social_approach_mean_duration,0.4143137452248834,39.30420252618005
id_25,Social_approach_std_duration,0.3051658219223147,39.30420252618005
id_25,Social_escape_active_count,-0.06847910854928019,39.30420252618005
id_25,Social_escape_passive_count,0.1358848161082367,39.30420252618005
id_25,Social_escape_mean_duration,-0.292367554457537,39.30420252618005
id_25,Social_escape_std_duration,0.4433675445935902,39.30420252618005
id_25,Stop_count,-0.48851666654265874,39.30420252618005
id_25,Stop_mean_duration,-0.35701045860960373,39.30420252618005
id_25,Stop_std_duration,-0.7626767951514776,39.30420252618005
id_25,Stop_in_contact_active_count,0.6604437314027732,39.30420252618005
id_25,Stop_in_contact_passive_count,0.1555383363332846,39.30420252618005
id_25,Stop_in_contact_mean_duration,-0.5451171863256339,39.30420252618005
id_25,Stop_in_contact_std_duration,-1.2136072047031587,39.30420252618005
id_25,Stop_isolated_count,-0.3383253166101892,39.30420252618005
id_25,Stop_isolated_mean_duration,0.9207291738203397,39.30420252618005
id_25,Stop_isolated_std_duration,0.017648202705251182,39.30420252618005
id_25,Train2_active_count,0.09379847094802214,39.30420252618005
id_25,Train2_passive_count,-0.14848164022751686,39.30420252618005
id_25,Train2_mean_duration,-0.34766844733075336,39.30420252618005
id_25,Train2_std_duration,0.45719760336268606,39.30420252618005
id_25,WallJump_count,0.2222407267670781,39.30420252618005
id_25,WallJump_mean_duration,-0.12307602447840303,39.30420252618005
id_25,WallJump_std_duration,0.005744415015244619,39.30420252618005
id_25,isolated_count,-2.030170419296652,39.30420252618005
id_25,isolated_mean_duration,0.4292267178915563,39.30420252618005
id_25,isolated_std_duration,0.05210167837879264,39.30420252618005
id_25,seq_oral_geni___oral_oral_active_count,1.620011870053507,39.30420252618005
id_25,seq_oral_geni___oral_oral_passive_count,0.5862083095874785,39.30420252618005
id_25,seq_oral_geni___oral_oral_mean_duration,1.0789829269936224,39.30420252618005
id_25,seq_oral_geni___oral_oral_std_duration,-0.14644437442387218,39.30420252618005
id_25,seq_oral_oral___oral_genital_active_count,1.4302964197307086,39.30420252618005
id_25,seq_oral_oral___oral_genital_passive_count,-0.4179177663131699,39.30420252618005
id_25,seq_oral_oral___oral_genital_mean_duration,-1.337192748143835,39.30420252618005
id_25,seq_oral_oral___oral_genital_std_duration,0.4258052526666365,39.30420252618005
id_26,Approach_active_count,0.4992049055566998,32.44173487642374
id_26,Approach_passive_count,-0.7962741949081354,32.44173487642374
id_26,Approach_mean_duration,0.7151555515507853,32.44173487642374
id_26,Approach_std_duration,-0.1279995980775223,32.44173487642374
id_26,Approach_contact_active_count,-0.5883717187851705,32.44173487642374
id_26,Approach_contact_passive_count,-0.6708022218933493,32.44173487642374
id_26,Approach_contact_mean_duration,-1.2523258277242735,32.44173487642374
id_26,Approach_contact_std_duration,1.1010337828312051,32.44173487642374
id_26,Approach_rear_active_count,-0.7781641444829298,32.44173487642374
id_26,Approach_rear_passive_count,-1.3271267164940632,32.44173487642374
id_26,Approach_rear_mean_duration,1.7175542680774385,32.44173487642374
id_26,Approach_rear_std_duration,-0.3750417708398011,32.44173487642374
id_26,Break_contact_active_count,-0.18349205668878538,32.44173487642374
id_26,Break_contact_passive_count,0.6823517952491582,32.44173487642374
id_26,Break_contact_mean_duration,0.10199859432184512,32.44173487642374
id_26,Break_contact_std_duration,0.08110059501911486,32.44173487642374
id_26,Center_Zone_count,0.944836620741933,32.44173487642374
id_26,Center_Zone_mean_duration,-0.4514201311966382,32.44173487642374
id_26,Center_Zone_std_duration,0.7084661881135693,32.44173487642374
id_26,Contact_active_count,0.008372186800790805,32.44173487642374
id_26,Contact_passive_count,0.006868798978055762,32.44173487642374
id_26,Contact_mean_duration,-0.4428062551051637,32.44173487642374
id_26,Contact_std_duration,-1.0312052456804266,32.44173487642374
id_26,Get_away_active_count,1.2139485837304125,32.44173487642374
id_26,Get_away_passive_count,0.09120661210405495,32.44173487642374
id_26,Get_away_mean_duration,-1.0061274530052913,32.44173487642374
id_26,Get_away_std_duration,-0.49306830224218506,32.44173487642374
id_26,Group_3_break_count,-0.34120044375488634,32.44173487642374
id_26,Group_3_break_mean_duration,0.049224494788768954,32.44173487642374
id_26,Group_3_break_std_duration,0.4396546215702304,32.44173487642374
id_26,Group_3_make_count,0.19069894937721116,32.44173487642374
id_26,Group_3_make_mean_duration,-0.22981461258105962,32.44173487642374
id_26,Group_3_make_std_duration,-0.2181777227677854,32.44173487642374
id_26,Group_4_break_count,1.5483829177025197,32.44173487642374
id_26,Group_4_break_mean_duration,0.7127683266729345,32.44173487642374
id_26,Group_4_break_std_duration,-0.24968930254760624,32.44173487642374
id_26,Group_4_make_count,-2.0698648291353003,32.44173487642374
id_26,Group_4_make_mean_duration,-1.3152431721497837,32.44173487642374
id_26,Group_4_make_std_duration,0.6384454141848459,32.44173487642374
id_26,Group2_active_count,-0.8067481830065176,32.44173487642374
id_26,Group2_passive_count,-0.8108986152960912,32.44173487642374
id_26,Group2_mean_duration,-2.4510400917499906,32.44173487642374
id_26,Group2_std_duration,0.9183185971475751,32.44173487642374
id_26,Huddling_count,-0.45978561429052084,32.44173487642374
id_26,Huddling_mean_duration,0.23340495085241614,32.44173487642374
id_26,Huddling_std_duration,-0.049430263606749104,32.44173487642374
id_26,Move_in_contact_active_count,-0.13704064554450515,32.44173487642374
id_26,Move_in_contact_passive_count,0.9058541597655632,32.44173487642374
id_26,Move_in_contact_mean_duration,-0.14679644824705354,32.44173487642374
id_26,Move_in_contact_std_duration,-1.3548812895801652,32.44173487642374
id_26,Move_isolated_count,0.8269658912003292,32.44173487642374
id_26,Move_isolated_mean_duration,-0.002920905031841443,32.44173487642374
id_26,Move_isolated_std_duration,-0.09374711209109937,32.44173487642374
id_26,Oral_genital_Contact_active_count,1.3689685692825355,32.44173487642374
id_26,Oral_genital_Contact_passive_count,0.1969307858984611,32.44173487642374
id_26,Oral_genital_Contact_mean_duration,-1.2699013493414868,32.44173487642374
id_26,Oral_genital_Contact_std_duration,0.08405877336539748,32.44173487642374
id_26,Oral_oral_Contact_active_count,1.1553801792224907,32.44173487642374
id_26,Oral_oral_Contact_passive_count,1.1553801792227065,32.44173487642374
id_26,Oral_oral_Contact_mean_duration,-0.3164581139497956,32.44173487642374
id_26,Oral_oral_Contact_std_duration,0.10858385129296155,32.44173487642374
id_26,Periphery_Zone_count,0.33301285320711504,32.44173487642374
id_26,Periphery_Zone_mean_duration,-0.7087455245328601,32.44173487642374
id_26,Periphery_Zone_std_duration,1.1620039301658325,32.44173487642374
id_26,Rear_at_periphery_count,0.493757737325576,32.44173487642374
id_26,Rear_at_periphery_mean_duration,-0.3946100441028044,32.44173487642374
id_26,Rear_at_periphery_std_duration,0.09118859660448775,32.44173487642374
id_26,Rear_in_centerWindow_count,-0.13928167256904728,32.44173487642374
id_26,Rear_in_centerWindow_mean_duration,-0.16330010625723554,32.44173487642374
id_26,Rear_in_centerWindow_std_duration,0.31775874801462906,32.44173487642374
id_26,Rear_in_contact_count,-1.0022363126944311,32.44173487642374
id_26,Rear_in_contact_mean_duration,0.7812818970559631,32.44173487642374
id_26,Rear_in_contact_std_duration,-0.15804411977531915,32.44173487642374
id_26,Rear_isolated_count,0.2642364613974566,32.44173487642374
id_26,Rear_isolated_mean_duration,0.1683657528771133,32.44173487642374
id_26,Rear_isolated_std_duration,0.11390918018105488,32.44173487642374
id_26,Rearing_count,0.5255049646906225,32.44173487642374
id_26,Rearing_mean_duration,0.6514638961621628,32.44173487642374
id_26,Rearing_std_duration,-0.008007888317842821,32.44173487642374
id_26,SAP_count,-0.5132441744440902,32.44173487642374
id_26,SAP_mean_duration,-0.035407651285455276,32.44173487642374
id_26,SAP_std_duration,-0.0240200130310414,32.44173487642374
id_26,Side_by_side_Contact_active_count,-0.19888473509806356,32.44173487642374
id_26,Side_by_side_Contact_passive_count,-0.1988847350980665,32.44173487642374
id_26,Side_by_side_Contact_mean_duration,2.416122725706943,32.44173487642374
id_26,Side_by_side_Contact_std_duration,-0.8475867094579667,32.44173487642374
id_26,Side_by_side_Contact_opposite_way_active_count,0.24201130360972872,32.44173487642374
id_26,Side_by_side_Contact_opposite_way_passive_count,0.24201130360972703,32.44173487642374
id_26,Side_by_side_Contact_opposite_way_mean_duration,-1.2866166192050894,32.44173487642374
id_26,Side_by_side_Contact_opposite_way_std_duration,0.00484914541901072,32.44173487642374
id_26,Social_approach_active_count,0.36069854506926546,32.44173487642374
id_26,Social_approach_passive_count,-1.4725125430932176,32.44173487642374
id_26,Social_approach_mean_duration,1.28343498502169,32.44173487642374
id_26,Social_approach_std_duration,-0.6901133066338735,32.44173487642374
id_26,Social_escape_active_count,-0.012247349431424482,32.44173487642374
id_26,Social_escape_passive_count,0.36597728911029725,32.44173487642374
id_26,Social_escape_mean_duration,-1.0539043245495554,32.44173487642374
id_26,Social_escape_std_duration,2.1671970378370986,32.44173487642374
id_26,Stop_count,-0.6167932680621375,32.44173487642374
id_26,Stop_mean_duration,-0.9208754547290359,32.44173487642374
id_26,Stop_std_duration,0.070492488404108,32.44173487642374
id_26,Stop_in_contact_active_count,-0.5270234233793656,32.44173487642374
id_26,Stop_in_contact_passive_count,0.21364617715930212,32.44173487642374
id_26,Stop_in_contact_mean_duration,0.7298946993108992,32.44173487642374
id_26,Stop_in_contact_std_duration,0.748436005540293,32.44173487642374
id_26,Stop_isolated_count,0.08039792345149434,32.44173487642374
id_26,Stop_isolated_mean_duration,0.7073436975630211,32.44173487642374
id_26,Stop_isolated_std_duration,-0.5120953422149627,32.44173487642374
id_26,Train2_active_count,0.07596967718230067,32.44173487642374
id_26,Train2_passive_count,-0.21607647747162667,32.44173487642374
id_26,Train2_mean_duration,-0.45377455961517765,32.44173487642374
id_26,Train2_std_duration,0.2979416287016543,32.44173487642374
id_26,WallJump_count,0.2868093796087073,32.44173487642374
id_26,WallJump_mean_duration,-0.07361253858178872,32.44173487642374
id_26,WallJump_std_duration,-0.03598033613950994,32.44173487642374
id_26,isolated_count,-1.1262446398855002,32.44173487642374
id_26,isolated_mean_duration,0.13421114324731367,32.44173487642374
id_26,isolated_std_duration,-0.20840125939844298,32.44173487642374
id_26,seq_oral_geni___oral_oral_active_count,-0.8144582679582693,32.44173487642374
id_26,seq_oral_geni___oral_oral_passive_count,0.854865191173309,32.44173487642374
id_26,seq_oral_geni___oral_oral_mean_duration,-0.659143262144512,32.44173487642374
id_26,seq_oral_geni___oral_oral_std_duration,0.48127149220485615,32.44173487642374
id_26,seq_oral_oral___oral_genital_active_count,0.33539052407318537,32.44173487642374
id_26,seq_oral_oral___oral_genital_passive_count,0.14683363735500188,32.44173487642374
id_26,seq_oral_oral___oral_genital_mean_duration,0.6907357666783929,32.44173487642374
id_26,seq_oral_oral___oral_genital_std_duration,-0.29654794975692095,32.44173487642374
id_27,Approach_active_count,0.9138616304346662,26.857078969922295
id_27,Approach_passive_count,0.5458858960875722,26.857078969922295
id_27,Approach_mean_duration,0.9154107595929316,26.857078969922295
id_27,Approach_std_duration,0.1951572161679196,26.857078969922295
id_27,Approach_contact_active_count,0.3148897700872665,26.857078969922295
id_27,Approach_contact_passive_count,-0.12237042682812362,26.857078969922295
id_27,Approach_contact_mean_duration,-1.4338791461074836,26.857078969922295
id_27,Approach_contact_std_duration,0.6382689354237573,26.857078969922295
id_27,Approach_rear_active_count,3.0960222483967783,26.857078969922295
id_27,Approach_rear_passive_count,1.2933584423866185,26.857078969922295
id_27,Approach_rear_mean_duration,-0.6785900704730702,26.857078969922295
id_27,Approach_rear_std_duration,0.15843096609237994,26.857078969922295
id_27,Break_contact_active_count,-1.5156105266673237,26.857078969922295
id_27,Break_contact_passive_count,-0.22165401932429887,26.857078969922295
id_27,Break_contact_mean_duration,-0.16916411236824286,26.857078969922295
id_27,Break_contact_std_duration,0.14333353448921818,26.857078969922295
id_27,Center_Zone_count,-0.5399048316626742,26.857078969922295
id_27,Center_Zone_mean_duration,0.1745469542145334,26.857078969922295
id_27,Center_Zone_std_duration,-0.5046516148811828,26.857078969922295
id_27,Contact_active_count,-0.13471363238728265,26.857078969922295
id_27,Contact_passive_count,-0.13388002791860515,26.857078969922295
id_27,Contact_mean_duration,1.2670475160491566,26.857078969922295
id_27,Contact_std_duration,0.0372990384390141,26.857078969922295
id_27,Get_away_active_count,-0.9733981678432506,26.857078969922295
id_27,Get_away_passive_count,-0.38712412594587525,26.857078969922295
id_27,Get_away_mean_duration,-2.5863350114494272,26.857078969922295
id_27,Get_away_std_duration,0.6505988817736055,26.857078969922295
id_27,Group_3_break_count,0.04865247506074576,26.857078969922295
id_27,Group_3_break_mean_duration,0.07195126114199792,26.857078969922295
id_27,Group_3_break_std_duration,0.6116004428567062,26.857078969922295
id_27,Group_3_make_count,0.6683590206970078,26.857078969922295
id_27,Group_3_make_mean_duration,-0.7154792464058103,26.857078969922295
id_27,Group_3_make_std_duration,-0.5187664859741861,26.857078969922295
id_27,Group_4_break_count,0.8798628645525309,26.857078969922295
id_27,Group_4_break_mean_duration,-0.011605842474843475,26.857078969922295
id_27,Group_4_break_std_duration,0.15651919519837856,26.857078969922295
id_27,Group_4_make_count,0.3856396225200771,26.857078969922295
id_27,Group_4_make_mean_duration,-0.4125948276814555,26.857078969922295
id_27,Group_4_make_std_duration,0.027121436457898412,26.857078969922295
id_27,Group2_active_count,0.6788861429441275,26.857078969922295
id_27,Group2_passive_count,0.6836481185365995,26.857078969922295
id_27,Group2_mean_duration,0.030353631907643924,26.857078969922295
id_27,Group2_std_duration,0.32616369118849203,26.857078969922295
id_27,Huddling_count,1.1175105525235531,26.857078969922295
id_27,Huddling_mean_duration,0.03637213611230527,26.857078969922295
id_27,Huddling_std_duration,-0.04338135557373999,26.857078969922295
id_27,Move_in_contact_active_count,0.30438438719874866,26.857078969922295
id_27,Move_in_contact_passive_count,0.3333710416762467,26.857078969922295
id_27,Move_in_contact_mean_duration,0.2953648534784551,26.857078969922295
id_27,Move_in_contact_std_duration,-0.5953182716497849,26.857078969922295
id_27,Move_isolated_count,-0.36791191020829384,26.857078969922295
id_27,Move_isolated_mean_duration,0.909966189196244,26.857078969922295
id_27,Move_isolated_std_duration,-0.040625209193985296,26.857078969922295
id_27,Oral_genital_Contact_active_count,1.2113064154848425,26.857078969922295
id_27,Oral_genital_Contact_passive_count,0.2238764467371872,26.857078969922295
id_27,Oral_genital_Contact_mean_duration,-0.6261950908784034,26.857078969922295
id_27,Oral_genital_Contact_std_duration,0.1788859379721117,26.857078969922295
id_27,Oral_oral_Contact_active_count,-0.1427717543170562,26.857078969922295
id_27,Oral_oral_Contact_passive_count,-0.14277175431703418,26.857078969922295
id_27,Oral_oral_Contact_mean_duration,-1.0825591701927197,26.857078969922295
id_27,Oral_oral_Contact_std_duration,0.891749940130934,26.857078969922295
id_27,Periphery_Zone_count,-1.2142106264498258,26.857078969922295
id_27,Periphery_Zone_mean_duration,0.28798537665991497,26.857078969922295
id_27,Periphery_Zone_std_duration,-0.520350143865333,26.857078969922295
id_27,Rear_at_periphery_count,-0.37256453852044025,26.857078969922295
id_27,Rear_at_periphery_mean_duration,0.5626981693929386,26.857078969922295
id_27,Rear_at_periphery_std_duration,0.34792761834338587,26.857078969922295
id_27,Rear_in_centerWindow_count,0.09366046629676858,26.857078969922295
id_27,Rear_in_centerWindow_mean_duration,0.32063970687001536,26.857078969922295
id_27,Rear_in_centerWindow_std_duration,0.3162468646834204,26.857078969922295
id_27,Rear_in_contact_count,0.9905006388639158,26.857078969922295
id_27,Rear_in_contact_mean_duration,-2.455254885527311,26.857078969922295
id_27,Rear_in_contact_std_duration,0.5933334197528958,26.857078969922295
id_27,Rear_isolated_count,-0.5614598489894008,26.857078969922295
id_27,Rear_isolated_mean_duration,-0.2358111142647004,26.857078969922295
id_27,Rear_isolated_std_duration,-0.9247787730591623,26.857078969922295
id_27,Rearing_count,-1.7840688726739813,26.857078969922295
id_27,Rearing_mean_duration,-1.1672957589707311,26.857078969922295
id_27,Rearing_std_duration,-0.15242769969592923,26.857078969922295
id_27,SAP_count,-0.33179076526396883,26.857078969922295
id_27,SAP_mean_duration,-0.3658708653416966,26.857078969922295
id_27,SAP_std_duration,0.28595938009755445,26.857078969922295
id_27,Side_by_side_Contact_active_count,1.0159983064916742,26.857078969922295
id_27,Side_by_side_Contact_passive_count,1.0159983064916582,26.857078969922295
id_27,Side_by_side_Contact_mean_duration,-0.22740208337303097,26.857078969922295
id_27,Side_by_side_Contact_std_duration,0.055948915648628646,26.857078969922295
id_27,Side_by_side_Contact_opposite_way_active_count,-0.24317002536878654,26.857078969922295
id_27,Side_by_side_Contact_opposite_way_passive_count,-0.24317002536877602,26.857078969922295
id_27,Side_by_side_Contact_opposite_way_mean_duration,-1.0365914986178173,26.857078969922295
id_27,Side_by_side_Contact_opposite_way_std_duration,-0.25451184452742437,26.857078969922295
id_27,Social_approach_active_count,1.5420506162544578,26.857078969922295
id_27,Social_approach_passive_count,0.7157849321366893,26.857078969922295
id_27,Social_approach_mean_duration,-0.7563782354713192,26.857078969922295
id_27,Social_approach_std_duration,-0.6583193829437697,26.857078969922295
id_27,Social_escape_active_count,-0.49098168647079793,26.857078969922295
id_27,Social_escape_passive_count,0.36282796856360394,26.857078969922295
id_27,Social_escape_mean_duration,0.5693084352581883,26.857078969922295
id_27,Social_escape_std_duration,0.34047540705828716,26.857078969922295
id_27,Stop_count,-0.4727336705760454,26.857078969922295
id_27,Stop_mean_duration,-2.6988540077040444,26.857078969922295
id_27,Stop_std_duration,0.33838225534426997,26.857078969922295
id_27,Stop_in_contact_active_count,-0.34358275178559555,26.857078969922295
id_27,Stop_in_contact_passive_count,0.3680580373102538,26.857078969922295
id_27,Stop_in_contact_mean_duration,0.3726786153366821,26.857078969922295
id_27,Stop_in_contact_std_duration,0.5584800021383104,26.857078969922295
id_27,Stop_isolated_count,-0.8918742724735783,26.857078969922295
id_27,Stop_isolated_mean_duration,1.3144632281667903,26.857078969922295
id_27,Stop_isolated_std_duration,-0.2804704580266665,26.857078969922295
id_27,Train2_active_count,0.03719661827784035,26.857078969922295
id_27,Train2_passive_count,0.13154552320090196,26.857078969922295
id_27,Train2_mean_duration,0.13919929611520962,26.857078969922295
id_27,Train2_std_duration,-0.21562388712336533,26.857078969922295
id_27,WallJump_count,-0.27442408035741034,26.857078969922295
id_27,WallJump_mean_duration,0.30399794466573116,26.857078969922295
id_27,WallJump_std_duration,-0.12556879166874627,26.857078969922295
id_27,isolated_count,-1.7706427110225174,26.857078969922295
id_27,isolated_mean_duration,-0.09666478052786212,26.857078969922295
id_27,isolated_std_duration,-0.32490106227369714,26.857078969922295
id_27,seq_oral_geni___oral_oral_active_count,-0.6147420881325465,26.857078969922295
id_27,seq_oral_geni___oral_oral_passive_count,-1.636126035681397,26.857078969922295
id_27,seq_oral_geni___oral_oral_mean_duration,0.3707372171139618,26.857078969922295
id_27,seq_oral_geni___oral_oral_std_duration,-0.2651860358188727,26.857078969922295
id_27,seq_oral_oral___oral_genital_active_count,0.4296397252797618,26.857078969922295
id_27,seq_oral_oral___oral_genital_passive_count,0.8848452204737612,26.857078969922295
id_27,seq_oral_oral___oral_genital_mean_duration,-0.5748346532630523,26.857078969922295
id_27,seq_oral_oral___oral_genital_std_duration,0.21422987004140842,26.857078969922295
id_28,Approach_active_count,-1.3773903402971575,25.155428367462125
id_28,Approach_passive_count,0.856697636774708,25.155428367462125
id_28,Approach_mean_duration,-0.23403694230167402,25.155428367462125
id_28,Approach_std_duration,-0.3039476879413287,25.155428367462125
id_28,Approach_contact_active_count,0.4676053148221261,25.155428367462125
id_28,Approach_contact_passive_count,-1.6057669746746186,25.155428367462125
id_28,Approach_contact_mean_duration,0.4472459073530966,25.155428367462125
id_28,Approach_contact_std_duration,-1.3582637556076222,25.155428367462125
id_28,Approach_rear_active_count,1.1407187324304482,25.155428367462125
id_28,Approach_rear_passive_count,-0.49046736171127303,25.155428367462125
id_28,Approach_rear_mean_duration,0.17427221383119984,25.155428367462125
id_28,Approach_rear_std_duration,-0.17234470976181215,25.155428367462125
id_28,Break_contact_active_count,-0.1743469373181021,25.155428367462125
id_28,Break_contact_passive_count,0.1315259194909847,25.155428367462125
id_28,Break_contact_mean_duration,0.12073092451561264,25.155428367462125
id_28,Break_contact_std_duration,0.10240813846732466,25.155428367462125
id_28,Center_Zone_count,1.3987858543354201,25.155428367462125
id_28,Center_Zone_mean_duration,-0.12253907126099091,25.155428367462125
id_28,Center_Zone_std_duration,0.34626646973465036,25.155428367462125
id_28,Contact_active_count,-0.3094576976449619,25.155428367462125
id_28,Contact_passive_count,-0.382081410261047,25.155428367462125
id_28,Contact_mean_duration,0.34516218574236784,25.155428367462125
id_28,Contact_std_duration,-1.3217402073657838,25.155428367462125
id_28,Get_away_active_count,-0.6009453791594738,25.155428367462125
id_28,Get_away_passive_count,-1.3371141002966067,25.155428367462125
id_28,Get_away_mean_duration,-1.4200556740442478,25.155428367462125
id_28,Get_away_std_duration,-0.1490646204175355,25.155428367462125
id_28,Group_3_break_count,0.25791336724148295,25.155428367462125
id_28,Group_3_break_mean_duration,0.09050489641821668,25.155428367462125
id_28,Group_3_break_std_duration,0.5280014295762668,25.155428367462125
id_28,Group_3_make_count,-0.2444599235055716,25.155428367462125
id_28,Group_3_make_mean_duration,-0.0666585212607768,25.155428367462125
id_28,Group_3_make_std_duration,-0.35019790406054746,25.155428367462125
id_28,Group_4_break_count,-0.6489070175021087,25.155428367462125
id_28,Group_4_break_mean_duration,-0.600920919678436,25.155428367462125
id_28,Group_4_break_std_duration,0.6132867421227698,25.155428367462125
id_28,Group_4_make_count,0.630474682458096,25.155428367462125
id_28,Group_4_make_mean_duration,1.4510484528520038,25.155428367462125
id_28,Group_4_make_std_duration,-0.9392453845261999,25.155428367462125
id_28,Group2_active_count,-0.7296649688799588,25.155428367462125
id_28,Group2_passive_count,-0.7119917660339831,25.155428367462125
id_28,Group2_mean_duration,-0.21041281101721743,25.155428367462125
id_28,Group2_std_duration,-0.4146567303255258,25.155428367462125
id_28,Huddling_count,1.0319849647152877,25.155428367462125
id_28,Huddling_mean_duration,-0.8801933362007963,25.155428367462125
id_28,Huddling_std_duration,0.5319017915158831,25.155428367462125
id_28,Move_in_contact_active_count,0.05458801499350302,25.155428367462125
id_28,Move_in_contact_passive_count,-0.7194218748271392,25.155428367462125
id_28,Move_in_contact_mean_duration,-0.3085401727236501,25.155428367462125
id_28,Move_in_contact_std_duration,-0.16758021437290804,25.155428367462125
id_28,Move_isolated_count,1.4848454859645395,25.155428367462125
id_28,Move_isolated_mean_duration,0.2928808523974873,25.155428367462125
id_28,Move_isolated_std_duration,-0.2491608451450766,25.155428367462125
id_28,Oral_genital_Contact_active_count,-0.3084474787060484,25.155428367462125
id_28,Oral_genital_Contact_passive_count,-0.7111062918696633,25.155428367462125
id_28,Oral_genital_Contact_mean_duration,-1.3929362332193604,25.155428367462125
id_28,Oral_genital_Contact_std_duration,-0.01805853322083301,25.155428367462125
id_28,Oral_oral_Contact_active_count,0.7578767319799561,25.155428367462125
id_28,Oral_oral_Contact_passive_count,0.7578767319799675,25.155428367462125
id_28,Oral_oral_Contact_mean_duration,0.73963928344929,25.155428367462125
id_28,Oral_oral_Contact_std_duration,-0.7642457192768197,25.155428367462125
id_28,Periphery_Zone_count,-1.16086887738904,25.155428367462125
id_28,Periphery_Zone_mean_duration,-0.3561984374858767,25.155428367462125
id_28,Periphery_Zone_std_duration,0.9093584261342827,25.155428367462125
id_28,Rear_at_periphery_count,0.29570397787025277,25.155428367462125
id_28,Rear_at_periphery_mean_duration,1.6770516071003345,25.155428367462125
id_28,Rear_at_periphery_std_duration,-1.6099889958661635,25.155428367462125
id_28,Rear_in_centerWindow_count,0.6641810185438534,25.155428367462125
id_28,Rear_in_centerWindow_mean_duration,-0.3980872244042042,25.155428367462125
id_28,Rear_in_centerWindow_std_duration,-0.5055922917462096,25.155428367462125
id_28,Rear_in_contact_count,0.30681782227914,25.155428367462125
id_28,Rear_in_contact_mean_duration,-0.7086471765895069,25.155428367462125
id_28,Rear_in_contact_std_duration,0.5105476816705659,25.155428367462125
id_28,Rear_isolated_count,-1.614579860786946,25.155428367462125
id_28,Rear_isolated_mean_duration,-1.525004560297056,25.155428367462125
id_28,Rear_isolated_std_duration,1.64234491344195,25.155428367462125
id_28,Rearing_count,2.136490487600998,25.155428367462125
id_28,Rearing_mean_duration,1.355042020264176,25.155428367462125
id_28,Rearing_std_duration,0.26021038418130854,25.155428367462125
id_28,SAP_count,0.871791924838131,25.155428367462125
id_28,SAP_mean_duration,0.38634435419995106,25.155428367462125
id_28,SAP_std_duration,-0.2155300177322322,25.155428367462125
id_28,Side_by_side_Contact_active_count,0.2283922192315335,25.155428367462125
id_28,Side_by_side_Contact_passive_count,0.22839221923150063,25.155428367462125
id_28,Side_by_side_Contact_mean_duration,0.23525426473261277,25.155428367462125
id_28,Side_by_side_Contact_std_duration,0.026473464906028903,25.155428367462125
id_28,Side_by_side_Contact_opposite_way_active_count,0.034722658437365425,25.155428367462125
id_28,Side_by_side_Contact_opposite_way_passive_count,0.03472265843736624,25.155428367462125
id_28,Side_by_side_Contact_opposite_way_mean_duration,0.341863272098331,25.155428367462125
id_28,Side_by_side_Contact_opposite_way_std_duration,0.3357080824208904,25.155428367462125
id_28,Social_approach_active_count,0.6302191349603247,25.155428367462125
id_28,Social_approach_passive_count,0.9645727303555607,25.155428367462125
id_28,Social_approach_mean_duration,1.490968538493855,25.155428367462125
id_28,Social_approach_std_duration,0.7694205322571328,25.155428367462125
id_28,Social_escape_active_count,0.9714588809989215,25.155428367462125
id_28,Social_escape_passive_count,0.458287302743745,25.155428367462125
id_28,Social_escape_mean_duration,-0.6212595583980857,25.155428367462125
id_28,Social_escape_std_duration,0.6018928998503428,25.155428367462125
id_28,Stop_count,-0.1850248749297363,25.155428367462125
id_28,Stop_mean_duration,0.15158213001265972,25.155428367462125
id_28,Stop_std_duration,-0.18239080635061106,25.155428367462125
id_28,Stop_in_contact_active_count,0.29124463221855523,25.155428367462125
id_28,Stop_in_contact_passive_count,0.021970459927887973,25.155428367462125
id_28,Stop_in_contact_mean_duration,0.6419545699342923,25.155428367462125
id_28,Stop_in_contact_std_duration,0.32669777321308185,25.155428367462125
id_28,Stop_isolated_count,-0.8728991086206226,25.155428367462125
id_28,Stop_isolated_mean_duration,-1.0076501626698569,25.155428367462125
id_28,Stop_isolated_std_duration,-0.25879986416703343,25.155428367462125
id_28,Train2_active_count,-0.04966110995608611,25.155428367462125
id_28,Train2_passive_count,0.07696856598558806,25.155428367462125
id_28,Train2_mean_duration,-0.2750693351122273,25.155428367462125
id_28,Train2_std_duration,0.12445190196567496,25.155428367462125
id_28,WallJump_count,-0.09907185625961723,25.155428367462125
id_28,WallJump_mean_duration,0.07519070000550128,25.155428367462125
id_28,WallJump_std_duration,0.16553656926238214,25.155428367462125
id_28,isolated_count,-0.04308371864575254,25.155428367462125
id_28,isolated_mean_duration,0.3334968023049235,25.155428367462125
id_28,isolated_std_duration,0.03372609216705255,25.155428367462125
id_28,seq_oral_geni___oral_oral_active_count,0.07097290812008406,25.155428367462125
id_28,seq_oral_geni___oral_oral_passive_count,-0.20297209692371787,25.155428367462125
id_28,seq_oral_geni___oral_oral_mean_duration,1.241092773260861,25.155428367462125
id_28,seq_oral_geni___oral_oral_std_duration,-0.4509588358176559,25.155428367462125
id_28,seq_oral_oral___oral_genital_active_count,-0.1343648946336539,25.155428367462125
id_28,seq_oral_oral___oral_genital_passive_count,-0.6892013943835791,25.155428367462125
id_28,seq_oral_oral___oral_genital_mean_duration,-0.5476520040513475,25.155428367462125
id_28,seq_oral_oral___oral_genital_std_duration,0.3059559585871903,25.155428367462125
id_29,Approach_active_count,-0.15673566712412906,23.143270733402836
id_29,Approach_passive_count,1.3778912412644748,23.143270733402836
id_29,Approach_mean_duration,-1.3611253243166612,23.143270733402836
id_29,Approach_std_duration,0.29774207138310954,23.143270733402836
id_29,Approach_contact_active_count,-0.4459327319862011,23.143270733402836
id_29,Approach_contact_passive_count,0.35451187031817577,23.143270733402836
id_29,Approach_contact_mean_duration,-1.0474033077533451,23.143270733402836
id_29,Approach_contact_std_duration,0.5456793452437408,23.143270733402836
id_29,Approach_rear_active_count,-0.6174457312011827,23.143270733402836
id_29,Approach_rear_passive_count,0.3561706527592202,23.143270733402836
id_29,Approach_rear_mean_duration,0.9168091488629633,23.143270733402836
id_29,Approach_rear_std_duration,-1.2649826190269315,23.143270733402836
id_29,Break_contact_active_count,-0.0117983209034564,23.143270733402836
id_29,Break_contact_passive_count,-1.0017808514134605,23.143270733402836
id_29,Break_contact_mean_duration,0.3435032844768016,23.143270733402836
id_29,Break_contact_std_duration,0.010771971350579387,23.143270733402836
id_29,Center_Zone_count,0.7733650082578185,23.143270733402836
id_29,Center_Zone_mean_duration,0.2006027546160388,23.143270733402836
id_29,Center_Zone_std_duration,-0.07617737125636721,23.143270733402836
id_29,Contact_active_count,0.3271598335579051,23.143270733402836
id_29,Contact_passive_count,0.35917686301505214,23.143270733402836
id_29,Contact_mean_duration,0.689808558428941,23.143270733402836
id_29,Contact_std_duration,-0.2626016561954245,23.143270733402836
id_29,Get_away_active_count,-0.03140169697250519,23.143270733402836
id_29,Get_away_passive_count,-0.3398377731266099,23.143270733402836
id_29,Get_away_mean_duration,1.0212171698486534,23.143270733402836
id_29,Get_away_std_duration,2.5408247744400034,23.143270733402836
id_29,Group_3_break_count,-1.6120328505003547,23.143270733402836
id_29,Group_3_break_mean_duration,-0.8341128330620201,23.143270733402836
id_29,Group_3_break_std_duration,0.9968234127543555,23.143270733402836
id_29,Group_3_make_count,1.8824465113073892,23.143270733402836
id_29,Group_3_make_mean_duration,0.7879078513615525,23.143270733402836
id_29,Group_3_make_std_duration,-0.8464926441062156,23.143270733402836
id_29,Group_4_break_count,-1.361107092729382,23.143270733402836
id_29,Group_4_break_mean_duration,-0.2406515586195531,23.143270733402836
id_29,Group_4_break_std_duration,-0.14459307410645555,23.143270733402836
id_29,Group_4_make_count,1.7077665157153368,23.143270733402836
id_29,Group_4_make_mean_duration,-0.25093822741073757,23.143270733402836
id_29,Group_4_make_std_duration,0.32108115783429964,23.143270733402836
id_29,Group2_active_count,-0.11535234578628258,23.143270733402836
id_29,Group2_passive_count,-0.11730676097721213,23.143270733402836
id_29,Group2_mean_duration,-2.3817465272844007,23.143270733402836
id_29,Group2_std_duration,1.1551745307262438,23.143270733402836
id_29,Huddling_count,-1.1545156171260418,23.143270733402836
id_29,Huddling_mean_duration,0.35432466522541556,23.143270733402836
id_29,Huddling_std_duration,-0.11999383723281079,23.143270733402836
id_29,Move_in_contact_active_count,-0.37470857152441583,23.143270733402836
id_29,Move_in_contact_passive_count,-0.23864810130079483,23.143270733402836
id_29,Move_in_contact_mean_duration,0.495350398668941,23.143270733402836
id_29,Move_in_contact_std_duration,0.3235868656038247,23.143270733402836
id_29,Move_isolated_count,0.4359039168352421,23.143270733402836
id_29,Move_isolated_mean_duration,0.5235574282449263,23.143270733402836
id_29,Move_isolated_std_duration,0.13541230383588448,23.143270733402836
id_29,Oral_genital_Contact_active_count,-0.19506321519351588,23.143270733402836
id_29,Oral_genital_Contact_passive_count,-0.8528947298163908,23.143270733402836
id_29,Oral_genital_Contact_mean_duration,-0.17315037297783362,23.143270733402836
id_29,Oral_genital_Contact_std_duration,0.17741131661408513,23.143270733402836
id_29,Oral_oral_Contact_active_count,-0.41284645179798385,23.143270733402836
id_29,Oral_oral_Contact_passive_count,-0.41284645179812735,23.143270733402836
id_29,Oral_oral_Contact_mean_duration,-1.0600870159835518,23.143270733402836
id_29,Oral_oral_Contact_std_duration,0.5284132579210974,23.143270733402836
id_29,Periphery_Zone_count,0.28876244350697183,23.143270733402836
id_29,Periphery_Zone_mean_duration,0.7663233070424303,23.143270733402836
id_29,Periphery_Zone_std_duration,0.8398001273714366,23.143270733402836
id_29,Rear_at_periphery_count,-0.5261547736208676,23.143270733402836
id_29,Rear_at_periphery_mean_duration,0.2419165316833933,23.143270733402836
id_29,Rear_at_periphery_std_duration,0.07702964663429893,23.143270733402836
id_29,Rear_in_centerWindow_count,0.6124578201747384,23.143270733402836
id_29,Rear_in_centerWindow_mean_duration,0.7167099143426922,23.143270733402836
id_29,Rear_in_centerWindow_std_duration,-0.1789020740979156,23.143270733402836
id_29,Rear_in_contact_count,0.5767260316783557,23.143270733402836
id_29,Rear_in_contact_mean_duration,-1.243297017745844,23.143270733402836
id_29,Rear_in_contact_std_duration,0.8705065006556734,23.143270733402836
id_29,Rear_isolated_count,-0.9106727203854909,23.143270733402836
id_29,Rear_isolated_mean_duration,-0.6317501381030802,23.143270733402836
id_29,Rear_isolated_std_duration,0.18112523917852671,23.143270733402836
id_29,Rearing_count,-0.48890051181682403,23.143270733402836
id_29,Rearing_mean_duration,-1.03500481238445,23.143270733402836
id_29,Rearing_std_duration,0.2068445807141612,23.143270733402836
id_29,SAP_count,1.0820909422024152,23.143270733402836
id_29,SAP_mean_duration,-0.2973563295587688,23.143270733402836
id_29,SAP_std_duration,0.02018486688431954,23.143270733402836
id_29,Side_by_side_Contact_active_count,-0.5102594537929235,23.143270733402836
id_29,Side_by_side_Contact_passive_count,-0.5102594537929057,23.143270733402836
id_29,Side_by_side_Contact_mean_duration,0.6063904736334463,23.143270733402836
id_29,Side_by_side_Contact_std_duration,0.2826150888944067,23.143270733402836
id_29,Side_by_side_Contact_opposite_way_active_count,-0.5384609154743778,23.143270733402836
id_29,Side_by_side_Contact_opposite_way_passive_count,-0.5384609154743999,23.143270733402836
id_29,Side_by_side_Contact_opposite_way_mean_duration,-0.03696590669578804,23.143270733402836
id_29,Side_by_side_Contact_opposite_way_std_duration,0.2958096182249228,23.143270733402836
id_29,Social_approach_active_count,-0.5309427866074939,23.143270733402836
id_29,Social_approach_passive_count,-0.2813298209324033,23.143270733402836
id_29,Social_approach_mean_duration,0.5322954040919377,23.143270733402836
id_29,Social_approach_std_duration,-0.8935446533778277,23.143270733402836
id_29,Social_escape_active_count,-1.2150424563419293,23.143270733402836
id_29,Social_escape_passive_count,0.017783502169610964,23.143270733402836
id_29,Social_escape_mean_duration,0.9113425561308385,23.143270733402836
id_29,Social_escape_std_duration,-2.8953687245409854,23.143270733402836
id_29,Stop_count,-1.7798766804989803,23.143270733402836
id_29,Stop_mean_duration,0.4922545570143027,23.143270733402836
id_29,Stop_std_duration,-1.08004663924419,23.143270733402836
id_29,Stop_in_contact_active_count,-0.23252541793084758,23.143270733402836
id_29,Stop_in_contact_passive_count,-0.1694936153377823,23.143270733402836
id_29,Stop_in_contact_mean_duration,0.6586283802076328,23.143270733402836
id_29,Stop_in_contact_std_duration,0.44784997842839697,23.143270733402836
id_29,Stop_isolated_count,-0.5598155071398658,23.143270733402836
id_29,Stop_isolated_mean_duration,-1.1459919282008169,23.143270733402836
id_29,Stop_isolated_std_duration,1.4579069739263302,23.143270733402836
id_29,Train2_active_count,0.1462688251112558,23.143270733402836
id_29,Train2_passive_count,-0.16955186171922923,23.143270733402836
id_29,Train2_mean_duration,-0.3695259021967085,23.143270733402836
id_29,Train2_std_duration,0.3213156951790691,23.143270733402836
id_29,WallJump_count,-0.11256781241520396,23.143270733402836
id_29,WallJump_mean_duration,0.199831367994022,23.143270733402836
id_29,WallJump_std_duration,-0.06533695648886409,23.143270733402836
id_29,isolated_count,1.6256205682686022,23.143270733402836
id_29,isolated_mean_duration,0.04030380372859121,23.143270733402836
id_29,isolated_std_duration,-0.5190328463030303,23.143270733402836
id_29,seq_oral_geni___oral_oral_active_count,0.8202755706201081,23.143270733402836
id_29,seq_oral_geni___oral_oral_passive_count,0.4381057901387077,23.143270733402836
id_29,seq_oral_geni___oral_oral_mean_duration,-0.20145528750364286,23.143270733402836
id_29,seq_oral_geni___oral_oral_std_duration,-0.0732810754645786,23.143270733402836
id_29,seq_oral_oral___oral_genital_active_count,0.7887444188364957,23.143270733402836
id_29,seq_oral_oral___oral_genital_passive_count,-0.33825577917500416,23.143270733402836
id_29,seq_oral_oral___oral_genital_mean_duration,1.0069761200433418,23.143270733402836
id_29,seq_oral_oral___oral_genital_std_duration,-0.29274550391638743,23.143270733402836
id_30,Approach_active_count,0.1949459004464492,19.590025162831974
id_30,Approach_passive_count,-0.5599630613582929,19.590025162831974
id_30,Approach_mean_duration,0.08541360165907975,19.590025162831974
id_30,Approach_std_duration,-0.4897628908122325,19.590025162831974
id_30,Approach_contact_active_count,-0.22697662644989322,19.590025162831974
id_30,Approach_contact_passive_count,0.6031238872079769,19.590025162831974
id_30,Approach_contact_mean_duration,-0.374247249241037,19.590025162831974
id_30,Approach_contact_std_duration,-1.9356490643006368,19.590025162831974
id_30,Approach_rear_active_count,-1.0526379472090643,19.590025162831974
id_30,Approach_rear_passive_count,0.17551230752176325,19.590025162831974
id_30,Approach_rear_mean_duration,1.4694255748238962,19.590025162831974
id_30,Approach_rear_std_duration,-0.7812757555129093,19.590025162831974
id_30,Break_contact_active_count,-0.908630369715979,19.590025162831974
id_30,Break_contact_passive_count,-0.0024592686710448704,19.590025162831974
id_30,Break_contact_mean_duration,-0.15573258436757303,19.590025162831974
id_30,Break_contact_std_duration,0.20036329096197555,19.590025162831974
id_30,Center_Zone_count,-1.0061724704689854,19.590025162831974
id_30,Center_Zone_mean_duration,0.808893830234556,19.590025162831974
id_30,Center_Zone_std_duration,-0.9947914429023996,19.590025162831974
id_30,Contact_active_count,0.27674424125048896,19.590025162831974
id_30,Contact_passive_count,0.28813742081102495,19.590025162831974
id_30,Contact_mean_duration,-0.6458961550031117,19.590025162831974
id_30,Contact_std_duration,0.5603077041408989,19.590025162831974
id_30,Get_away_active_count,-0.18956825017965348,19.590025162831974
id_30,Get_away_passive_count,1.0834791648921311,19.590025162831974
id_30,Get_away_mean_duration,1.4943324237509026,19.590025162831974
id_30,Get_away_std_duration,1.284284134039993,19.590025162831974
id_30,Group_3_break_count,-0.20673389770631184,19.590025162831974
id_30,Group_3_break_mean_duration,-0.22361473398548914,19.590025162831974
id_30,Group_3_break_std_duration,0.18457122935189238,19.590025162831974
id_30,Group_3_make_count,0.268578004801255,19.590025162831974
id_30,Group_3_make_mean_duration,0.2553351502299954,19.590025162831974
id_30,Group_3_make_std_duration,-0.24300448025306312,19.590025162831974
id_30,Group_4_break_count,-0.8891014878873698,19.590025162831974
id_30,Group_4_break_mean_duration,-0.3750503139710816,19.590025162831974
id_30,Group_4_break_std_duration,0.21381511645445128,19.590025162831974
id_30,Group_4_make_count,1.8666141258335045,19.590025162831974
id_30,Group_4_make_mean_duration,-1.052884457810092,19.590025162831974
id_30,Group_4_make_std_duration,0.5598813347510437,19.590025162831974
id_30,Group2_active_count,0.5121285509798246,19.590025162831974
id_30,Group2_passive_count,0.5101324711150151,19.590025162831974
id_30,Group2_mean_duration,0.5462083929823309,19.590025162831974
id_30,Group2_std_duration,-0.779528691182522,19.590025162831974
id_30,Huddling_count,0.33026891097788824,19.590025162831974
id_30,Huddling_mean_duration,-0.03745546916992674,19.590025162831974
id_30,Huddling_std_duration,-0.05872799153981603,19.590025162831974
id_30,Move_in_contact_active_count,-0.7289014887617875,19.590025162831974
id_30,Move_in_contact_passive_count,0.6891611790179829,19.590025162831974
id_30,Move_in_contact_mean_duration,2.336765047136281,19.590025162831974
id_30,Move_in_contact_std_duration,-0.9390617983720303,19.590025162831974
id_30,Move_isolated_count,0.2610623356175633,19.590025162831974
id_30,Move_isolated_mean_duration,0.08732279061633991,19.590025162831974
id_30,Move_isolated_std_duration,-0.027087956055779197,19.590025162831974
id_30,Oral_genital_Contact_active_count,0.3639790529658057,19.590025162831974
id_30,Oral_genital_Contact_passive_count,0.3008657840116229,19.590025162831974
id_30,Oral_genital_Contact_mean_duration,-1.8670341908330008,19.590025162831974
id_30,Oral_genital_Contact_std_duration,0.4691244453001119,19.590025162831974
id_30,Oral_oral_Contact_active_count,0.7160420321986654,19.590025162831974
id_30,Oral_oral_Contact_passive_count,0.716042032198414,19.590025162831974
id_30,Oral_oral_Contact_mean_duration,0.6125467968978006,19.590025162831974
id_30,Oral_oral_Contact_std_duration,0.31045054745241585,19.590025162831974
id_30,Periphery_Zone_count,0.8301328586443181,19.590025162831974
id_30,Periphery_Zone_mean_duration,-0.08393820346828855,19.590025162831974
id_30,Periphery_Zone_std_duration,-0.2171998523047307,19.590025162831974
id_30,Rear_at_periphery_count,-0.42828598968001075,19.590025162831974
id_30,Rear_at_periphery_mean_duration,2.196263764561694,19.590025162831974
id_30,Rear_at_periphery_std_duration,-0.1509051882437269,19.590025162831974
id_30,Rear_in_centerWindow_count,-0.3779758826763165,19.590025162831974
id_30,Rear_in_centerWindow_mean_duration,-0.29475186701863915,19.590025162831974
id_30,Rear_in_centerWindow_std_duration,0.4399819171678818,19.590025162831974
id_30,Rear_in_contact_count,-0.6932761741565241,19.590025162831974
id_30,Rear_in_contact_mean_duration,-0.2838780590054199,19.590025162831974
id_30,Rear_in_contact_std_duration,0.3946630939362475,19.590025162831974
id_30,Rear_isolated_count,-1.1021695313544755,19.590025162831974
id_30,Rear_isolated_mean_duration,-1.6882590753919835,19.590025162831974
id_30,Rear_isolated_std_duration,-0.22948582247289412,19.590025162831974
id_30,Rearing_count,1.2985778139774562,19.590025162831974
id_30,Rearing_mean_duration,1.9758573439363112,19.590025162831974
id_30,Rearing_std_duration,-0.6377002787959805,19.590025162831974
id_30,SAP_count,-0.32952878314830986,19.590025162831974
id_30,SAP_mean_duration,0.3883298442243284,19.590025162831974
id_30,SAP_std_duration,-0.29328793676443826,19.590025162831974
id_30,Side_by_side_Contact_active_count,0.18507656742841186,19.590025162831974
id_30,Side_by_side_Contact_passive_count,0.18507656742840478,19.590025162831974
id_30,Side_by_side_Contact_mean_duration,-1.5666569226536198,19.590025162831974
id_30,Side_by_side_Contact_std_duration,0.6328367247515608,19.590025162831974
id_30,Side_by_side_Contact_opposite_way_active_count,0.059566804935029055,19.590025162831974
id_30,Side_by_side_Contact_opposite_way_passive_count,0.059566804935029236,19.590025162831974
id_30,Side_by_side_Contact_opposite_way_mean_duration,0.291111780483631,19.590025162831974
id_30,Side_by_side_Contact_opposite_way_std_duration,0.11222387771500171,19.590025162831974
id_30,Social_approach_active_count,0.03834492662601264,19.590025162831974
id_30,Social_approach_passive_count,0.1615455948508421,19.590025162831974
id_30,Social_approach_mean_duration,0.7896914767239843,19.590025162831974
id_30,Social_approach_std_duration,-0.014544168488985777,19.590025162831974
id_30,Social_escape_active_count,-0.7950909304503582,19.590025162831974
id_30,Social_escape_passive_count,1.083463507889495,19.590025162831974
id_30,Social_escape_mean_duration,-0.6536067096801217,19.590025162831974
id_30,Social_escape_std_duration,-0.05145388761786609,19.590025162831974
id_30,Stop_count,1.0003173660249671,19.590025162831974
id_30,Stop_mean_duration,-0.30913772271903284,19.590025162831974
id_30,Stop_std_duration,-0.06806690971667186,19.590025162831974
id_30,Stop_in_contact_active_count,0.17721481633806085,19.590025162831974
id_30,Stop_in_contact_passive_count,0.1495723501884494,19.590025162831974
id_30,Stop_in_contact_mean_duration,-0.225039137403866,19.590025162831974
id_30,Stop_in_contact_std_duration,0.026589463486882244,19.590025162831974
id_30,Stop_isolated_count,-0.2643672782708301,19.590025162831974
id_30,Stop_isolated_mean_duration,-0.15461679577691675,19.590025162831974
id_30,Stop_isolated_std_duration,0.983063244618447,19.590025162831974
id_30,Train2_active_count,-0.3902657799959595,19.590025162831974
id_30,Train2_passive_count,-0.05690653723648126,19.590025162831974
id_30,Train2_mean_duration,0.026940157166072988,19.590025162831974
id_30,Train2_std_duration,0.01298856864288371,19.590025162831974
id_30,WallJump_count,-0.5330263970506698,19.590025162831974
id_30,WallJump_mean_duration,0.008974410936326517,19.590025162831974
id_30,WallJump_std_duration,0.18158453634144578,19.590025162831974
id_30,isolated_count,-2.5628974784699388,19.590025162831974
id_30,isolated_mean_duration,0.49089359421813394,19.590025162831974
id_30,isolated_std_duration,-0.2958092045735345,19.590025162831974
id_30,seq_oral_geni___oral_oral_active_count,-0.26466417902940026,19.590025162831974
id_30,seq_oral_geni___oral_oral_passive_count,-2.2167972515028285,19.590025162831974
id_30,seq_oral_geni___oral_oral_mean_duration,0.7984151515316681,19.590025162831974
id_30,seq_oral_geni___oral_oral_std_duration,-0.4114582866187819,19.590025162831974
id_30,seq_oral_oral___oral_genital_active_count,-0.39505809875187997,19.590025162831974
id_30,seq_oral_oral___oral_genital_passive_count,1.171144622610643,19.590025162831974
id_30,seq_oral_oral___oral_genital_mean_duration,0.33491511018281095,19.590025162831974
id_30,seq_oral_oral___oral_genital_std_duration,0.108374768785724,19.590025162831974
id_31,Approach_active_count,-0.25471598275371565,17.151946607098477
id_31,Approach_passive_count,0.43027641036231395,17.151946607098477
id_31,Approach_mean_duration,-0.14090494132175296,17.151946607098477
id_31,Approach_std_duration,-0.020263492208823692,17.151946607098477
id_31,Approach_contact_active_count,2.124398449995906,17.151946607098477
id_31,Approach_contact_passive_count,-2.186782047172479,17.151946607098477
id_31,Approach_contact_mean_duration,-0.5269205633730033,17.151946607098477
id_31,Approach_contact_std_duration,0.41843075411667335,17.151946607098477
id_31,Approach_rear_active_count,2.442640625696787,17.151946607098477
id_31,Approach_rear_passive_count,1.5103067776684684,17.151946607098477
id_31,Approach_rear_mean_duration,-0.061648077360070525,17.151946607098477
id_31,Approach_rear_std_duration,0.1591058249543563,17.151946607098477
id_31,Break_contact_active_count,-0.812849228127353,17.151946607098477
id_31,Break_contact_passive_count,-0.09204977490435338,17.151946607098477
id_31,Break_contact_mean_duration,0.03669882875015143,17.151946607098477
id_31,Break_contact_std_duration,-0.24621871630798564,17.151946607098477
id_31,Center_Zone_count,-1.3853148889374103,17.151946607098477
id_31,Center_Zone_mean_duration,0.4714022838814142,17.151946607098477
id_31,Center_Zone_std_duration,-0.24026138541199027,17.151946607098477
id_31,Contact_active_count,0.6752797960340402,17.151946607098477
id_31,Contact_passive_count,0.7317044927079087,17.151946607098477
id_31,Contact_mean_duration,0.1761120139854031,17.151946607098477
id_31,Contact_std_duration,-0.351067753100663,17.151946607098477
id_31,Get_away_active_count,0.6246410986004635,17.151946607098477
id_31,Get_away_passive_count,0.3243386430795424,17.151946607098477
id_31,Get_away_mean_duration,0.41726020565201505,17.151946607098477
id_31,Get_away_std_duration,-1.5699307146502164,17.151946607098477
id_31,Group_3_break_count,-1.24409738351233,17.151946607098477
id_31,Group_3_break_mean_duration,-0.24108702803618912,17.151946607098477
id_31,Group_3_break_std_duration,-0.09341385885524392,17.151946607098477
id_31,Group_3_make_count,0.7845710507694834,17.151946607098477
id_31,Group_3_make_mean_duration,0.20649718481314722,17.151946607098477
id_31,Group_3_make_std_duration,0.1082651120348429,17.151946607098477
id_31,Group_4_break_count,0.6284083090457829,17.151946607098477
id_31,Group_4_break_mean_duration,0.23678868569924624,17.151946607098477
id_31,Group_4_break_std_duration,-0.4971026335138408,17.151946607098477
id_31,Group_4_make_count,-1.3777207044067765,17.151946607098477
id_31,Group_4_make_mean_duration,-0.6629535154580644,17.151946607098477
id_31,Group_4_make_std_duration,0.7240948543835692,17.151946607098477
id_31,Group2_active_count,0.01070384195411672,17.151946607098477
id_31,Group2_passive_count,0.0007181247085152569,17.151946607098477
id_31,Group2_mean_duration,-1.0865701014689724,17.151946607098477
id_31,Group2_std_duration,0.25006363755429223,17.151946607098477
id_31,Huddling_count,-0.24787542415955421,17.151946607098477
id_31,Huddling_mean_duration,-0.1427261315263029,17.151946607098477
id_31,Huddling_std_duration,-0.04416257338695243,17.151946607098477
id_31,Move_in_contact_active_count,-0.523632853740168,17.151946607098477
id_31,Move_in_contact_passive_count,0.5000431626539545,17.151946607098477
id_31,Move_in_contact_mean_duration,0.6476096981152449,17.151946607098477
id_31,Move_in_contact_std_duration,0.5576897549297992,17.151946607098477
id_31,Move_isolated_count,0.7582067780039099,17.151946607098477
id_31,Move_isolated_mean_duration,0.8956025126442769,17.151946607098477
id_31,Move_isolated_std_duration,-0.028096862119365854,17.151946607098477
id_31,Oral_genital_Contact_active_count,0.37092781215787374,17.151946607098477
id_31,Oral_genital_Contact_passive_count,0.5281570780674001,17.151946607098477
id_31,Oral_genital_Contact_mean_duration,0.17752103119641657,17.151946607098477
id_31,Oral_genital_Contact_std_duration,-0.07841002006330276,17.151946607098477
id_31,Oral_oral_Contact_active_count,0.23422017743819515,17.151946607098477
id_31,Oral_oral_Contact_passive_count,0.23422017743832946,17.151946607098477
id_31,Oral_oral_Contact_mean_duration,-0.7171897856864657,17.151946607098477
id_31,Oral_oral_Contact_std_duration,0.3065644071510105,17.151946607098477
id_31,Periphery_Zone_count,0.8703487279209431,17.151946607098477
id_31,Periphery_Zone_mean_duration,-0.628424378509801,17.151946607098477
id_31,Periphery_Zone_std_duration,0.2493580208494561,17.151946607098477
id_31,Rear_at_periphery_count,-2.058901147736647,17.151946607098477
id_31,Rear_at_periphery_mean_duration,2.2318554903317143,17.151946607098477
id_31,Rear_at_periphery_std_duration,-0.4284738911548222,17.151946607098477
id_31,Rear_in_centerWindow_count,-0.30638065010707616,17.151946607098477
id_31,Rear_in_centerWindow_mean_duration,0.5595354986159198,17.151946607098477
id_31,Rear_in_centerWindow_std_duration,0.008727213702050611,17.151946607098477
id_31,Rear_in_contact_count,1.4797439083744175,17.151946607098477
id_31,Rear_in_contact_mean_duration,-0.82817931771951,17.151946607098477
id_31,Rear_in_contact_std_duration,-0.03393914760083463,17.151946607098477
id_31,Rear_isolated_count,-0.5659784667355856,17.151946607098477
id_31,Rear_isolated_mean_duration,-1.4814351199929146,17.151946607098477
id_31,Rear_isolated_std_duration,0.15208433802168295,17.151946607098477
id_31,Rearing_count,-0.5683987127447918,17.151946607098477
id_31,Rearing_mean_duration,0.508987358026781,17.151946607098477
id_31,Rearing_std_duration,-0.47474827643673695,17.151946607098477
id_31,SAP_count,1.2888288084625668,17.151946607098477
id_31,SAP_mean_duration,0.7288632028418449,17.151946607098477
id_31,SAP_std_duration,-0.36209589077145893,17.151946607098477
id_31,Side_by_side_Contact_active_count,0.020991988647944614,17.151946607098477
id_31,Side_by_side_Contact_passive_count,0.020991988647923836,17.151946607098477
id_31,Side_by_side_Contact_mean_duration,0.4611302892026347,17.151946607098477
id_31,Side_by_side_Contact_std_duration,0.1528525689355298,17.151946607098477
id_31,Side_by_side_Contact_opposite_way_active_count,-0.5697982805293448,17.151946607098477
id_31,Side_by_side_Contact_opposite_way_passive_count,-0.5697982805293423,17.151946607098477
id_31,Side_by_side_Contact_opposite_way_mean_duration,0.1548350034060164,17.151946607098477
id_31,Side_by_side_Contact_opposite_way_std_duration,0.12983239165247698,17.151946607098477
id_31,Social_approach_active_count,-2.22940096844614,17.151946607098477
id_31,Social_approach_passive_count,-1.6786716323173507,17.151946607098477
id_31,Social_approach_mean_duration,0.103128945489793,17.151946607098477
id_31,Social_approach_std_duration,0.9518787679485603,17.151946607098477
id_31,Social_escape_active_count,-0.6823626251343288,17.151946607098477
id_31,Social_escape_passive_count,-1.2052603569305427,17.151946607098477
id_31,Social_escape_mean_duration,-1.2398249688334144,17.151946607098477
id_31,Social_escape_std_duration,0.6810996313520676,17.151946607098477
id_31,Stop_count,0.5782839620967973,17.151946607098477
id_31,Stop_mean_duration,0.4970549053602997,17.151946607098477
id_31,Stop_std_duration,-0.1771813735430505,17.151946607098477
id_31,Stop_in_contact_active_count,-0.4783601736405547,17.151946607098477
id_31,Stop_in_contact_passive_count,-0.44129433716860633,17.151946607098477
id_31,Stop_in_contact_mean_duration,0.9231308378651566,17.151946607098477
id_31,Stop_in_contact_std_duration,-0.6337577239817418,17.151946607098477
id_31,Stop_isolated_count,-0.09928223366475798,17.151946607098477
id_31,Stop_isolated_mean_duration,-0.5360191576399098,17.151946607098477
id_31,Stop_isolated_std_duration,0.23360604108689972,17.151946607098477
id_31,Train2_active_count,-0.3343722448042093,17.151946607098477
id_31,Train2_passive_count,0.11354584522113571,17.151946607098477
id_31,Train2_mean_duration,-0.1503168843089214,17.151946607098477
id_31,Train2_std_duration,0.10348226693915834,17.151946607098477
id_31,WallJump_count,-0.025978275569905396,17.151946607098477
id_31,WallJump_mean_duration,0.03887861569157332,17.151946607098477
id_31,WallJump_std_duration,0.0688651916893878,17.151946607098477
id_31,isolated_count,0.14638565426140762,17.151946607098477
id_31,isolated_mean_duration,-0.610807337929564,17.151946607098477
id_31,isolated_std_duration,0.4230547916838889,17.151946607098477
id_31,seq_oral_geni___oral_oral_active_count,0.3796765407859049,17.151946607098477
id_31,seq_oral_geni___oral_oral_passive_count,1.6807753595912007,17.151946607098477
id_31,seq_oral_geni___oral_oral_mean_duration,0.7595693030950653,17.151946607098477
id_31,seq_oral_geni___oral_oral_std_duration,-0.307609870985125,17.151946607098477
id_31,seq_oral_oral___oral_genital_active_count,-0.23967036306533424,17.151946607098477
id_31,seq_oral_oral___oral_genital_passive_count,-0.628462681418573,17.151946607098477
id_31,seq_oral_oral___oral_genital_mean_duration,-0.2734040826329813,17.151946607098477
id_31,seq_oral_oral___oral_genital_std_duration,-0.051121807356461026,17.151946607098477
id_32,Approach_active_count,-0.5887433528232635,11.602325567725012
id_32,Approach_passive_count,0.1792827091514833,11.602325567725012
id_32,Approach_mean_duration,0.014688545225491453,11.602325567725012
id_32,Approach_std_duration,-0.5091389133107999,11.602325567725012
id_32,Approach_contact_active_count,0.13162805787178086,11.602325567725012
id_32,Approach_contact_passive_count,-0.5999795548135355,11.602325567725012
id_32,Approach_contact_mean_duration,-1.125367248149485,11.602325567725012
id_32,Approach_contact_std_duration,0.63305441797965,11.602325567725012
id_32,Approach_rear_active_count,1.3233337786248554,11.602325567725012
id_32,Approach_rear_passive_count,0.5599411954510345,11.602325567725012
id_32,Approach_rear_mean_duration,0.8747676772904623,11.602325567725012
id_32,Approach_rear_std_duration,-0.640499858276702,11.602325567725012
id_32,Break_contact_active_count,-0.07765077032272122,11.602325567725012
id_32,Break_contact_passive_count,0.06654072758770317,11.602325567725012
id_32,Break_contact_mean_duration,-0.25474394319597937,11.602325567725012
id_32,Break_contact_std_duration,0.01736350902659021,11.602325567725012
id_32,Center_Zone_count,2.143564116898686,11.602325567725012
id_32,Center_Zone_mean_duration,0.313899386832647,11.602325567725012
id_32,Center_Zone_std_duration,-0.2696074935679702,11.602325567725012
id_32,Contact_active_count,-0.08774999663230634,11.602325567725012
id_32,Contact_passive_count,-0.12016930109087912,11.602325567725012
id_32,Contact_mean_duration,-0.24894308968875903,11.602325567725012
id_32,Contact_std_duration,0.2150799470825174,11.602325567725012
id_32,Get_away_active_count,-0.8801535060189813,11.602325567725012
id_32,Get_away_passive_count,-0.5941745746214152,11.602325567725012
id_32,Get_away_mean_duration,0.3420199700123821,11.602325567725012
id_32,Get_away_std_duration,1.5489370566835623,11.602325567725012
id_32,Group_3_break_count,-0.047348620964783414,11.602325567725012
id_32,Group_3_break_mean_duration,0.2715480370914122,11.602325567725012
id_32,Group_3_break_std_duration,-0.36561612584670894,11.602325567725012
id_32,Group_3_make_count,0.10132682259400189,11.602325567725012
id_32,Group_3_make_mean_duration,-0.07856973315525478,11.602325567725012
id_32,Group_3_make_std_duration,0.30631067392712197,11.602325567725012
id_32,Group_4_break_count,0.1320402155274231,11.602325567725012
id_32,Group_4_break_mean_duration,-0.13082737721598714,11.602325567725012
id_32,Group_4_break_std_duration,0.1899907302087785,11.602325567725012
id_32,Group_4_make_count,-0.1965749359529071,11.602325567725012
id_32,Group_4_make_mean_duration,0.13399254577797107,11.602325567725012
id_32,Group_4_make_std_duration,0.04374463417651963,11.602325567725012
id_32,Group2_active_count,0.6550458719644107,11.602325567725012
id_32,Group2_passive_count,0.635330749906244,11.602325567725012
id_32,Group2_mean_duration,-0.820381361550966,11.602325567725012
id_32,Group2_std_duration,0.09936448210354476,11.602325567725012
id_32,Huddling_count,-1.047823804318565,11.602325567725012
id_32,Huddling_mean_duration,-0.5292429781334727,11.602325567725012
id_32,Huddling_std_duration,0.3714722536872374,11.602325567725012
id_32,Move_in_contact_active_count,0.0012195398277599007,11.602325567725012
id_32,Move_in_contact_passive_count,0.24971862077994023,11.602325567725012
id_32,Move_in_contact_mean_duration,-2.482859814216216,11.602325567725012
id_32,Move_in_contact_std_duration,0.567617884156459,11.602325567725012
id_32,Move_isolated_count,-0.6221316526498645,11.602325567725012
id_32,Move_isolated_mean_duration,-0.7140094092816147,11.602325567725012
id_32,Move_isolated_std_duration,0.008165247931068077,11.602325567725012
id_32,Oral_genital_Contact_active_count,0.9423076453303115,11.602325567725012
id_32,Oral_genital_Contact_passive_count,-0.16411441577525093,11.602325567725012
id_32,Oral_genital_Contact_mean_duration,-0.4993939098566392,11.602325567725012
id_32,Oral_genital_Contact_std_duration,-0.19087393389615284,11.602325567725012
id_32,Oral_oral_Contact_active_count,0.2756523646016967,11.602325567725012
id_32,Oral_oral_Contact_passive_count,0.2756523646015915,11.602325567725012
id_32,Oral_oral_Contact_mean_duration,0.5549842012686439,11.602325567725012
id_32,Oral_oral_Contact_std_duration,0.09387436607492473,11.602325567725012
id_32,Periphery_Zone_count,-0.4154113375059054,11.602325567725012
id_32,Periphery_Zone_mean_duration,0.5632661402041652,11.602325567725012
id_32,Periphery_Zone_std_duration,0.17595064785195813,11.602325567725012
id_32,Rear_at_periphery_count,-0.8996435674689526,11.602325567725012
id_32,Rear_at_periphery_mean_duration,-0.8027218808797051,11.602325567725012
id_32,Rear_at_periphery_std_duration,-0.09767545059262134,11.602325567725012
id_32,Rear_in_centerWindow_count,-0.2363093735194732,11.602325567725012
id_32,Rear_in_centerWindow_mean_duration,-0.036696548095810945,11.602325567725012
id_32,Rear_in_centerWindow_std_duration,-0.31252330664300226,11.602325567725012
id_32,Rear_in_contact_count,-0.5110126722464925,11.602325567725012
id_32,Rear_in_contact_mean_duration,0.8687671601647768,11.602325567725012
id_32,Rear_in_contact_std_duration,-0.07679591478232953,11.602325567725012
id_32,Rear_isolated_count,-0.29988942090084564,11.602325567725012
id_32,Rear_isolated_mean_duration,1.4871139042916106,11.602325567725012
id_32,Rear_isolated_std_duration,-0.3168989248343166,11.602325567725012
id_32,Rearing_count,-0.7921690240417261,11.602325567725012
id_32,Rearing_mean_duration,-0.7170307172450058,11.602325567725012
id_32,Rearing_std_duration,0.09905765586861752,11.602325567725012
id_32,SAP_count,-0.2225254926696166,11.602325567725012
id_32,SAP_mean_duration,-0.38325569599407877,11.602325567725012
id_32,SAP_std_duration,0.0661289626387379,11.602325567725012
id_32,Side_by_side_Contact_active_count,0.5567483557898173,11.602325567725012
id_32,Side_by_side_Contact_passive_count,0.5567483557898296,11.602325567725012
id_32,Side_by_side_Contact_mean_duration,0.00359079976339156,11.602325567725012
id_32,Side_by_side_Contact_std_duration,-0.13156372164409944,11.602325567725012
id_32,Side_by_side_Contact_opposite_way_active_count,-0.28176304646844874,11.602325567725012
id_32,Side_by_side_Contact_opposite_way_passive_count,-0.28176304646845285,11.602325567725012
id_32,Side_by_side_Contact_opposite_way_mean_duration,0.4051334646456616,11.602325567725012
id_32,Side_by_side_Contact_opposite_way_std_duration,-0.025744966081275838,11.602325567725012
id_32,Social_approach_active_count,-0.34452142957805904,11.602325567725012
id_32,Social_approach_passive_count,0.13169896245433974,11.602325567725012
id_32,Social_approach_mean_duration,1.3755942225612126,11.602325567725012
id_32,Social_approach_std_duration,-1.3658369857833943,11.602325567725012
id_32,Social_escape_active_count,-0.16157160958031422,11.602325567725012
id_32,Social_escape_passive_count,-0.54341813435693,11.602325567725012
id_32,Social_escape_mean_duration,-0.508572928817737,11.602325567725012
id_32,Social_escape_std_duration,-1.0456209919626218,11.602325567725012
id_32,Stop_count,1.973343166344121,11.602325567725012
id_32,Stop_mean_duration,1.211257660386691,11.602325567725012
id_32,Stop_std_duration,0.45612479844745,11.602325567725012
id_32,Stop_in_contact_active_count,0.995490315244637,11.602325567725012
id_32,Stop_in_contact_passive_count,0.5217035878373413,11.602325567725012
id_32,Stop_in_contact_mean_duration,-0.4208988259047039,11.602325567725012
id_32,Stop_in_contact_std_duration,1.179605587878322,11.602325567725012
id_32,Stop_isolated_count,0.21623888767672256,11.602325567725012
id_32,Stop_isolated_mean_duration,0.4538665708140533,11.602325567725012
id_32,Stop_isolated_std_duration,-0.581269571755566,11.602325567725012
id_32,Train2_active_count,-0.1508173745409695,11.602325567725012
id_32,Train2_passive_count,0.06596768714168333,11.602325567725012
id_32,Train2_mean_duration,-0.02896016268143774,11.602325567725012
id_32,Train2_std_duration,0.033804292629873604,11.602325567725012
id_32,WallJump_count,-0.04586577417338695,11.602325567725012
id_32,WallJump_mean_duration,0.23753915274958234,11.602325567725012
id_32,WallJump_std_duration,-0.14934546860858014,11.602325567725012
id_32,isolated_count,-0.6379986271586954,11.602325567725012
id_32,isolated_mean_duration,0.42632294758026207,11.602325567725012
id_32,isolated_std_duration,-0.2387191016197488,11.602325567725012
id_32,seq_oral_geni___oral_oral_active_count,-0.778903960919421,11.602325567725012
id_32,seq_oral_geni___oral_oral_passive_count,-0.6312707505485382,11.602325567725012
id_32,seq_oral_geni___oral_oral_mean_duration,0.06724736402509392,11.602325567725012
id_32,seq_oral_geni___oral_oral_std_duration,0.11840580705800939,11.602325567725012
id_32,seq_oral_oral___oral_genital_active_count,0.5691214059592978,11.602325567725012
id_32,seq_oral_oral___oral_genital_passive_count,-0.052494025252421965,11.602325567725012
id_32,seq_oral_oral___oral_genital_mean_duration,-0.3928438452873619,11.602325567725012
id_32,seq_oral_oral___oral_genital_std_duration,0.22101699083383045,11.602325567725012
id_33,Approach_active_count,0.09169776196238154,10.634509075188609
id_33,Approach_passive_count,-0.9472277133711272,10.634509075188609
id_33,Approach_mean_duration,-0.10718557460049583,10.634509075188609
id_33,Approach_std_duration,-0.35251361825911504,10.634509075188609
id_33,Approach_contact_active_count,0.9220204410887303,10.634509075188609
id_33,Approach_contact_passive_count,-0.7214252552571565,10.634509075188609
id_33,Approach_contact_mean_duration,0.24028438250162057,10.634509075188609
id_33,Approach_contact_std_duration,0.3347351764337379,10.634509075188609
id_33,Approach_rear_active_count,-0.03288401759791336,10.634509075188609
id_33,Approach_rear_passive_count,1.280524092730187,10.634509075188609
id_33,Approach_rear_mean_duration,0.3860206952690298,10.634509075188609
id_33,Approach_rear_std_duration,-0.21810827490751653,10.634509075188609
id_33,Break_contact_active_count,0.2554505170826021,10.634509075188609
id_33,Break_contact_passive_count,0.6222516162988408,10.634509075188609
id_33,Break_contact_mean_duration,-0.14053991975118932,10.634509075188609
id_33,Break_contact_std_duration,0.0773181260459434,10.634509075188609
id_33,Center_Zone_count,1.041966412543095,10.634509075188609
id_33,Center_Zone_mean_duration,-0.06159245546568142,10.634509075188609
id_33,Center_Zone_std_duration,0.030501865211513834,10.634509075188609
id_33,Contact_active_count,-0.6023902122166914,10.634509075188609
id_33,Contact_passive_count,-0.5779554758117836,10.634509075188609
id_33,Contact_mean_duration,0.28408113100286064,10.634509075188609
id_33,Contact_std_duration,-0.8893683136571507,10.634509075188609
id_33,Get_away_active_count,-1.501443253641913,10.634509075188609
id_33,Get_away_passive_count,-0.2623677604618528,10.634509075188609
id_33,Get_away_mean_duration,-0.9660606208376309,10.634509075188609
id_33,Get_away_std_duration,-0.0919105835359378,10.634509075188609
id_33,Group_3_break_count,-0.15831719489793547,10.634509075188609
id_33,Group_3_break_mean_duration,0.052238971058496,10.634509075188609
id_33,Group_3_break_std_duration,0.6027953647610358,10.634509075188609
id_33,Group_3_make_count,0.19390216148317435,10.634509075188609
id_33,Group_3_make_mean_duration,-0.03381443279415836,10.634509075188609
id_33,Group_3_make_std_duration,-0.44384039948724585,10.634509075188609
id_33,Group_4_break_count,-0.9776590895993973,10.634509075188609
id_33,Group_4_break_mean_duration,-0.38639552842472147,10.634509075188609
id_33,Group_4_break_std_duration,0.5864970280370385,10.634509075188609
id_33,Group_4_make_count,0.6473380021044585,10.634509075188609
id_33,Group_4_make_mean_duration,1.6117826091451675,10.634509075188609
id_33,Group_4_make_std_duration,-1.0247753363500633,10.634509075188609
id_33,Group2_active_count,-0.9645971204809595,10.634509075188609
id_33,Group2_passive_count,-0.977182386227869,10.634509075188609
id_33,Group2_mean_duration,-0.3878724233020207,10.634509075188609
id_33,Group2_std_duration,0.28521740791539113,10.634509075188609
id_33,Huddling_count,0.19993910843054596,10.634509075188609
id_33,Huddling_mean_duration,-0.5422013029137159,10.634509075188609
id_33,Huddling_std_duration,0.22670123840852277,10.634509075188609
id_33,Move_in_contact_active_count,-0.31106108081942474,10.634509075188609
id_33,Move_in_contact_passive_count,-0.9455856432644819,10.634509075188609
id_33,Move_in_contact_mean_duration,-0.2775076964994415,10.634509075188609
id_33,Move_in_contact_std_duration,-0.42573603254708897,10.634509075188609
id_33,Move_isolated_count,0.005531448778880924,10.634509075188609
id_33,Move_isolated_mean_duration,-0.07036311058489107,10.634509075188609
id_33,Move_isolated_std_duration,0.014691392393467801,10.634509075188609
id_33,Oral_genital_Contact_active_count,1.4375723097319517,10.634509075188609
id_33,Oral_genital_Contact_passive_count,-0.4818200183991327,10.634509075188609
id_33,Oral_genital_Contact_mean_duration,-0.9113747175725619,10.634509075188609
id_33,Oral_genital_Contact_std_duration,0.7374890090717972,10.634509075188609
id_33,Oral_oral_Contact_active_count,-1.9177462348027314,10.634509075188609
id_33,Oral_oral_Contact_passive_count,-1.9177462348025822,10.634509075188609
id_33,Oral_oral_Contact_mean_duration,0.3156102365765313,10.634509075188609
id_33,Oral_oral_Contact_std_duration,-0.28857659496160354,10.634509075188609
id_33,Periphery_Zone_count,1.4838107059927168,10.634509075188609
id_33,Periphery_Zone_mean_duration,0.4882063485623284,10.634509075188609
id_33,Periphery_Zone_std_duration,0.6463404789435597,10.634509075188609
id_33,Rear_at_periphery_count,-0.7688203543030642,10.634509075188609
id_33,Rear_at_periphery_mean_duration,0.3184872747792028,10.634509075188609
id_33,Rear_at_periphery_std_duration,-0.23625576434439866,10.634509075188609
id_33,Rear_in_centerWindow_count,-5.429948438826184e-05,10.634509075188609
id_33,Rear_in_centerWindow_mean_duration,0.043427448267018484,10.634509075188609
id_33,Rear_in_centerWindow_std_duration,-0.14891445870923956,10.634509075188609
id_33,Rear_in_contact_count,0.20429986344021944,10.634509075188609
id_33,Rear_in_contact_mean_duration,-0.47499735709028873,10.634509075188609
id_33,Rear_in_contact_std_duration,0.2889491339486869,10.634509075188609
id_33,Rear_isolated_count,0.419643823407468,10.634509075188609
id_33,Rear_isolated_mean_duration,-0.5298970957483994,10.634509075188609
id_33,Rear_isolated_std_duration,0.3550349784458286,10.634509075188609
id_33,Rearing_count,0.9396524195423258,10.634509075188609
id_33,Rearing_mean_duration,0.34164497037710995,10.634509075188609
id_33,Rearing_std_duration,0.26671282116203443,10.634509075188609
id_33,SAP_count,0.1911328902485202,10.634509075188609
id_33,SAP_mean_duration,-0.12904482276147117,10.634509075188609
id_33,SAP_std_duration,0.15574281671578802,10.634509075188609
id_33,Side_by_side_Contact_active_count,-0.2635922050910361,10.634509075188609
id_33,Side_by_side_Contact_passive_count,-0.2635922050910956,10.634509075188609
id_33,Side_by_side_Contact_mean_duration,1.2216809712888699,10.634509075188609
id_33,Side_by_side_Contact_std_duration,0.2171050406328685,10.634509075188609
id_33,Side_by_side_Contact_opposite_way_active_count,0.42235523942612907,10.634509075188609
id_33,Side_by_side_Contact_opposite_way_passive_count,0.4223552394261533,10.634509075188609
id_33,Side_by_side_Contact_opposite_way_mean_duration,0.8430906083140461,10.634509075188609
id_33,Side_by_side_Contact_opposite_way_std_duration,0.011700652904176054,10.634509075188609
id_33,Social_approach_active_count,-0.4140027567005877,10.634509075188609
id_33,Social_approach_passive_count,1.5984108316128982,10.634509075188609
id_33,Social_approach_mean_duration,-1.336124351598916,10.634509075188609
id_33,Social_approach_std_duration,0.10376744883781278,10.634509075188609
id_33,Social_escape_active_count,1.5280453742758562,10.634509075188609
id_33,Social_escape_passive_count,0.548918194416389,10.634509075188609
id_33,Social_escape_mean_duration,0.9759677076263333,10.634509075188609
id_33,Social_escape_std_duration,0.5942067420691665,10.634509075188609
id_33,Stop_count,0.6420146094987356,10.634509075188609
id_33,Stop_mean_duration,0.4321559253084788,10.634509075188609
id_33,Stop_std_duration,-0.05502331880531555,10.634509075188609
id_33,Stop_in_contact_active_count,-0.8084002948487804,10.634509075188609
id_33,Stop_in_contact_passive_count,-2.042948981640643,10.634509075188609
id_33,Stop_in_contact_mean_duration,-0.6420382698809554,10.634509075188609
id_33,Stop_in_contact_std_duration,0.012298362439750925,10.634509075188609
id_33,Stop_isolated_count,0.6993251675948688,10.634509075188609
id_33,Stop_isolated_mean_duration,0.7656361794800166,10.634509075188609
id_33,Stop_isolated_std_duration,-0.45195642706052447,10.634509075188609
id_33,Train2_active_count,-0.06963829019176745,10.634509075188609
id_33,Train2_passive_count,0.16773900442175682,10.634509075188609
id_33,Train2_mean_duration,-0.23425601658717277,10.634509075188609
id_33,Train2_std_duration,0.25249435860810143,10.634509075188609
id_33,WallJump_count,0.24651445467108582,10.634509075188609
id_33,WallJump_mean_duration,-0.1952749874780214,10.634509075188609
id_33,WallJump_std_duration,0.051560753273406264,10.634509075188609
id_33,isolated_count,-0.08387325887839243,10.634509075188609
id_33,isolated_mean_duration,-0.6323385329182244,10.634509075188609
id_33,isolated_std_duration,0.6050389973546997,10.634509075188609
id_33,seq_oral_geni___oral_oral_active_count,-0.3285329278378434,10.634509075188609
id_33,seq_oral_geni___oral_oral_passive_count,0.5362346750763144,10.634509075188609
id_33,seq_oral_geni___oral_oral_mean_duration,0.68824005635055,10.634509075188609
id_33,seq_oral_geni___oral_oral_std_duration,-0.2818247395733534,10.634509075188609
id_33,seq_oral_oral___oral_genital_active_count,0.07081342840886677,10.634509075188609
id_33,seq_oral_oral___oral_genital_passive_count,0.2826835120388354,10.634509075188609
id_33,seq_oral_oral___oral_genital_mean_duration,-0.600555707233279,10.634509075188609
id_33,seq_oral_oral___oral_genital_std_duration,0.31643426526526236,10.634509075188609
id_34,Approach_active_count,0.09010194765383778,9.591323767562871
id_34,Approach_passive_count,0.6601233099937955,9.591323767562871
id_34,Approach_mean_duration,0.9436709279050868,9.591323767562871
id_34,Approach_std_duration,-0.5483537213488278,9.591323767562871
id_34,Approach_contact_active_count,2.1409481493428704,9.591323767562871
id_34,Approach_contact_passive_count,-1.1761456142483833,9.591323767562871
id_34,Approach_contact_mean_duration,-0.6580425062078742,9.591323767562871
id_34,Approach_contact_std_duration,0.30326658593777917,9.591323767562871
id_34,Approach_rear_active_count,-0.687849506814344,9.591323767562871
id_34,Approach_rear_passive_count,-0.707715371388986,9.591323767562871
id_34,Approach_rear_mean_duration,0.9816397998852779,9.591323767562871
id_34,Approach_rear_std_duration,-0.3663198163464667,9.591323767562871
id_34,Break_contact_active_count,-0.13919043370706005,9.591323767562871
id_34,Break_contact_passive_count,1.2722377539421543,9.591323767562871
id_34,Break_contact_mean_duration,0.3167342828894201,9.591323767562871
id_34,Break_contact_std_duration,-0.2699684934573235,9.591323767562871
id_34,Center_Zone_count,0.33217600553387366,9.591323767562871
id_34,Center_Zone_mean_duration,-0.898647701519063,9.591323767562871
id_34,Center_Zone_std_duration,0.01891831684834599,9.591323767562871
id_34,Contact_active_count,-0.3727744428477337,9.591323767562871
id_34,Contact_passive_count,-0.35762053315096354,9.591323767562871
id_34,Contact_mean_duration,-1.0327546720545193,9.591323767562871
id_34,Contact_std_duration,0.2969353622853821,9.591323767562871
id_34,Get_away_active_count,-0.5748899574875559,9.591323767562871
id_34,Get_away_passive_count,-0.13761991195998383,9.591323767562871
id_34,Get_away_mean_duration,0.37258981967692556,9.591323767562871
id_34,Get_away_std_duration,-0.8760691535368382,9.591323767562871
id_34,Group_3_break_count,-0.4118140794054693,9.591323767562871
id_34,Group_3_break_mean_duration,0.20341595519956646,9.591323767562871
id_34,Group_3_break_std_duration,0.1417482010202969,9.591323767562871
id_34,Group_3_make_count,0.33925987429129534,9.591323767562871
id_34,Group_3_make_mean_duration,0.11536410421335407,9.591323767562871
id_34,Group_3_make_std_duration,-0.3885909537934523,9.591323767562871
id_34,Group_4_break_count,-0.9337913496764845,9.591323767562871
id_34,Group_4_break_mean_duration,0.21281434179116168,9.591323767562871
id_34,Group_4_break_std_duration,-0.06040911514751831,9.591323767562871
id_34,Group_4_make_count,0.993476684260999,9.591323767562871
id_34,Group_4_make_mean_duration,-0.3381945744746627,9.591323767562871
id_34,Group_4_make_std_duration,0.21693326271447377,9.591323767562871
id_34,Group2_active_count,0.490128731651608,9.591323767562871
id_34,Group2_passive_count,0.4682347866024824,9.591323767562871
id_34,Group2_mean_duration,0.3168594613149785,9.591323767562871
id_34,Group2_std_duration,-0.23893239765518082,9.591323767562871
id_34,Huddling_count,-1.2629506869227338,9.591323767562871
id_34,Huddling_mean_duration,0.5480840272968566,9.591323767562871
id_34,Huddling_std_duration,-0.07020438740620713,9.591323767562871
id_34,Move_in_contact_active_count,1.399013017404845,9.591323767562871
id_34,Move_in_contact_passive_count,0.8757121540572451,9.591323767562871
id_34,Move_in_contact_mean_duration,0.8640844646210037,9.591323767562871
id_34,Move_in_contact_std_duration,0.30904448032490184,9.591323767562871
id_34,Move_isolated_count,-4.079574276761547,9.591323767562871
id_34,Move_isolated_mean_duration,0.227259009130876,9.591323767562871
id_34,Move_isolated_std_duration,0.016477265376451687,9.591323767562871
id_34,Oral_genital_Contact_active_count,0.5686380375361395,9.591323767562871
id_34,Oral_genital_Contact_passive_count,-0.31911341280375055,9.591323767562871
id_34,Oral_genital_Contact_mean_duration,0.08598652574597421,9.591323767562871
id_34,Oral_genital_Contact_std_duration,0.1921929691260115,9.591323767562871
id_34,Oral_oral_Contact_active_count,-0.8280244270514591,9.591323767562871
id_34,Oral_oral_Contact_passive_count,-0.8280244270515998,9.591323767562871
id_34,Oral_oral_Contact_mean_duration,1.8994619459697297,9.591323767562871
id_34,Oral_oral_Contact_std_duration,-0.64664927030746,9.591323767562871
id_34,Periphery_Zone_count,-0.9697298693837108,9.591323767562871
id_34,Periphery_Zone_mean_duration,-0.7278920259254237,9.591323767562871
id_34,Periphery_Zone_std_duration,-0.029654640871505676,9.591323767562871
id_34,Rear_at_periphery_count,0.8343293841534003,9.591323767562871
id_34,Rear_at_periphery_mean_duration,0.4499322146606587,9.591323767562871
id_34,Rear_at_periphery_std_duration,-0.5426722457078316,9.591323767562871
id_34,Rear_in_centerWindow_count,-0.07120027473589716,9.591323767562871
id_34,Rear_in_centerWindow_mean_duration,-0.0940663439498519,9.591323767562871
id_34,Rear_in_centerWindow_std_duration,-0.22355736307085053,9.591323767562871
id_34,Rear_in_contact_count,0.265680739459968,9.591323767562871
id_34,Rear_in_contact_mean_duration,-0.9223565486588925,9.591323767562871
id_34,Rear_in_contact_std_duration,0.34756058100712617,9.591323767562871
id_34,Rear_isolated_count,0.00323841627134225,9.591323767562871
id_34,Rear_isolated_mean_duration,0.08459489488945644,9.591323767562871
id_34,Rear_isolated_std_duration,0.38615266216444405,9.591323767562871
id_34,Rearing_count,-1.095613936126462,9.591323767562871
id_34,Rearing_mean_duration,-0.8763515908439478,9.591323767562871
id_34,Rearing_std_duration,-0.282880915679731,9.591323767562871
id_34,SAP_count,0.5933155683506867,9.591323767562871
id_34,SAP_mean_duration,0.3120961682191301,9.591323767562871
id_34,SAP_std_duration,-0.15421691201177615,9.591323767562871
id_34,Side_by_side_Contact_active_count,-0.6812449222212129,9.591323767562871
id_34,Side_by_side_Contact_passive_count,-0.6812449222212028,9.591323767562871
id_34,Side_by_side_Contact_mean_duration,0.20829672800620852,9.591323767562871
id_34,Side_by_side_Contact_std_duration,0.04144406318860884,9.591323767562871
id_34,Side_by_side_Contact_opposite_way_active_count,-0.0020712888070490263,9.591323767562871
id_34,Side_by_side_Contact_opposite_way_passive_count,-0.0020712888070318967,9.591323767562871
id_34,Side_by_side_Contact_opposite_way_mean_duration,0.6827383499368451,9.591323767562871
id_34,Side_by_side_Contact_opposite_way_std_duration,-0.11945265286854842,9.591323767562871
id_34,Social_approach_active_count,0.3666606410999141,9.591323767562871
id_34,Social_approach_passive_count,-0.9617853435807269,9.591323767562871
id_34,Social_approach_mean_duration,0.5021170902311152,9.591323767562871
id_34,Social_approach_std_duration,0.23905747749094428,9.591323767562871
id_34,Social_escape_active_count,0.24644163257659438,9.591323767562871
id_34,Social_escape_passive_count,0.08532576544106062,9.591323767562871
id_34,Social_escape_mean_duration,-2.1030961288742067,9.591323767562871
id_34,Social_escape_std_duration,0.5452793567836225,9.591323767562871
id_34,Stop_count,-0.9433463427586256,9.591323767562871
id_34,Stop_mean_duration,-0.9771231613803065,9.591323767562871
id_34,Stop_std_duration,0.038270239647682266,9.591323767562871
id_34,Stop_in_contact_active_count,0.9902579847551878,9.591323767562871
id_34,Stop_in_contact_passive_count,0.49622362976781453,9.591323767562871
id_34,Stop_in_contact_mean_duration,-0.12941889588242902,9.591323767562871
id_34,Stop_in_contact_std_duration,0.25094363451121016,9.591323767562871
id_34,Stop_isolated_count,0.5590944257512135,9.591323767562871
id_34,Stop_isolated_mean_duration,1.5368711330038165,9.591323767562871
id_34,Stop_isolated_std_duration,-0.018462800344887204,9.591323767562871
id_34,Train2_active_count,-0.11987250864087953,9.591323767562871
id_34,Train2_passive_count,-0.01267601128588967,9.591323767562871
id_34,Train2_mean_duration,0.17585362449191744,9.591323767562871
id_34,Train2_std_duration,0.040367818874596506,9.591323767562871
id_34,WallJump_count,-0.12279376027848797,9.591323767562871
id_34,WallJump_mean_duration,-0.013476710346882262,9.591323767562871
id_34,WallJump_std_duration,-0.007343808123391987,9.591323767562871
id_34,isolated_count,1.1644823173946866,9.591323767562871
id_34,isolated_mean_duration,0.4967285909126979,9.591323767562871
id_34,isolated_std_duration,-0.11848704471086474,9.591323767562871
id_34,seq_oral_geni___oral_oral_active_count,-1.0242222406203392,9.591323767562871
id_34,seq_oral_geni___oral_oral_passive_count,-0.3674959519107421,9.591323767562871
id_34,seq_oral_geni___oral_oral_mean_duration,0.33275407569833054,9.591323767562871
id_34,seq_oral_geni___oral_oral_std_duration,-0.16737785216764142,9.591323767562871
id_34,seq_oral_oral___oral_genital_active_count,0.54056499531148,9.591323767562871
id_34,seq_oral_oral___oral_genital_passive_count,0.12919467720754702,9.591323767562871
id_34,seq_oral_oral___oral_genital_mean_duration,-0.8533762083420591,9.591323767562871
id_34,seq_oral_oral___oral_genital_std_duration,0.1674034442000326,9.591323767562871
id_35,Approach_active_count,0.3357279601020963,9.135743144208751
id_35,Approach_passive_count,-0.3802400351478022,9.135743144208751
id_35,Approach_mean_duration,-0.02172018560385291,9.135743144208751
id_35,Approach_std_duration,-0.186314789410815,9.135743144208751
id_35,Approach_contact_active_count,-2.3570852357752545,9.135743144208751
id_35,Approach_contact_passive_count,-1.2533296521624808,9.135743144208751
id_35,Approach_contact_mean_duration,0.6218556052214526,9.135743144208751
id_35,Approach_contact_std_duration,-0.06261305863884072,9.135743144208751
id_35,Approach_rear_active_count,0.5177639364369696,9.135743144208751
id_35,Approach_rear_passive_count,-1.9650573373838351,9.135743144208751
id_35,Approach_rear_mean_duration,1.098841730024449,9.135743144208751
id_35,Approach_rear_std_duration,0.10875514906789441,9.135743144208751
id_35,Break_contact_active_count,0.4328749441027645,9.135743144208751
id_35,Break_contact_passive_count,0.0540023514793494,9.135743144208751
id_35,Break_contact_mean_duration,-0.1789433377394811,9.135743144208751
id_35,Break_contact_std_duration,0.18067439389760243,9.135743144208751
id_35,Center_Zone_count,0.2958184213380635,9.135743144208751
id_35,Center_Zone_mean_duration,-0.09037085361659433,9.135743144208751
id_35,Center_Zone_std_duration,0.11157368145614383,9.135743144208751
id_35,Contact_active_count,-0.6639109768721064,9.135743144208751
id_35,Contact_passive_count,-0.6809831240254176,9.135743144208751
id_35,Contact_mean_duration,-1.3679967638241475,9.135743144208751
id_35,Contact_std_duration,-0.4982657521144269,9.135743144208751
id_35,Get_away_active_count,-0.009685818331425325,9.135743144208751
id_35,Get_away_passive_count,-0.8413310486309543,9.135743144208751
id_35,Get_away_mean_duration,0.6867938106018349,9.135743144208751
id_35,Get_away_std_duration,0.5503644635861158,9.135743144208751
id_35,Group_3_break_count,-0.9222328614299186,9.135743144208751
id_35,Group_3_break_mean_duration,-0.28739889272041363,9.135743144208751
id_35,Group_3_break_std_duration,0.4655363730166593,9.135743144208751
id_35,Group_3_make_count,0.32971244251962395,9.135743144208751
id_35,Group_3_make_mean_duration,0.9741951135354212,9.135743144208751
id_35,Group_3_make_std_duration,-0.7976032069516759,9.135743144208751
id_35,Group_4_break_count,0.2174161444922211,9.135743144208751
id_35,Group_4_break_mean_duration,-0.17608595944957584,9.135743144208751
id_35,Group_4_break_std_duration,-0.215843051417945,9.135743144208751
id_35,Group_4_make_count,-0.5476435882630742,9.135743144208751
id_35,Group_4_make_mean_duration,-0.37932237167809935,9.135743144208751
id_35,Group_4_make_std_duration,0.34730753303639417,9.135743144208751
id_35,Group2_active_count,2.2871639656321254,9.135743144208751
id_35,Group2_passive_count,2.3027119056760594,9.135743144208751
id_35,Group2_mean_duration,-0.12088428801829594,9.135743144208751
id_35,Group2_std_duration,0.3712222706606583,9.135743144208751
id_35,Huddling_count,0.4394433534867148,9.135743144208751
id_35,Huddling_mean_duration,0.06785722194879927,9.135743144208751
id_35,Huddling_std_duration,-0.14854256848211617,9.135743144208751
id_35,Move_in_contact_active_count,1.5155551655972288,9.135743144208751
id_35,Move_in_contact_passive_count,0.055606255521186795,9.135743144208751
id_35,Move_in_contact_mean_duration,-1.09375142491318,9.135743144208751
id_35,Move_in_contact_std_duration,-0.02184691521410665,9.135743144208751
id_35,Move_isolated_count,-0.4279870273627225,9.135743144208751
id_35,Move_isolated_mean_duration,-1.0703005651372994,9.135743144208751
id_35,Move_isolated_std_duration,0.3243384116988811,9.135743144208751
id_35,Oral_genital_Contact_active_count,-0.7164370877055566,9.135743144208751
id_35,Oral_genital_Contact_passive_count,-1.2777519112256752,9.135743144208751
id_35,Oral_genital_Contact_mean_duration,0.05330561018411164,9.135743144208751
id_35,Oral_genital_Contact_std_duration,0.1243819454157445,9.135743144208751
id_35,Oral_oral_Contact_active_count,-0.3607066829357326,9.135743144208751
id_35,Oral_oral_Contact_passive_count,-0.3607066829357314,9.135743144208751
id_35,Oral_oral_Contact_mean_duration,-1.1779486528777185,9.135743144208751
id_35,Oral_oral_Contact_std_duration,0.355637652463974,9.135743144208751
id_35,Periphery_Zone_count,0.4885334848751367,9.135743144208751
id_35,Periphery_Zone_mean_duration,0.9328282280787152,9.135743144208751
id_35,Periphery_Zone_std_duration,-0.6370990193544788,9.135743144208751
id_35,Rear_at_periphery_count,1.3030767512438903,9.135743144208751
id_35,Rear_at_periphery_mean_duration,0.7059799628019656,9.135743144208751
id_35,Rear_at_periphery_std_duration,0.09994940842065644,9.135743144208751
id_35,Rear_in_centerWindow_count,0.17569131013268505,9.135743144208751
id_35,Rear_in_centerWindow_mean_duration,0.3905766043020149,9.135743144208751
id_35,Rear_in_centerWindow_std_duration,0.13092941874347486,9.135743144208751
id_35,Rear_in_contact_count,-1.4545822135335407,9.135743144208751
id_35,Rear_in_contact_mean_duration,-0.48199141753836783,9.135743144208751
id_35,Rear_in_contact_std_duration,0.1864244595640425,9.135743144208751
id_35,Rear_isolated_count,0.027325064112798177,9.135743144208751
id_35,Rear_isolated_mean_duration,-1.4709222638238046,9.135743144208751
id_35,Rear_isolated_std_duration,0.13333411951625035,9.135743144208751
id_35,Rearing_count,0.6569373774494628,9.135743144208751
id_35,Rearing_mean_duration,0.6414853895157077,9.135743144208751
id_35,Rearing_std_duration,-0.11649269518296464,9.135743144208751
id_35,SAP_count,-1.7152874696901406,9.135743144208751
id_35,SAP_mean_duration,-0.10157247387852436,9.135743144208751
id_35,SAP_std_duration,0.033174777439448244,9.135743144208751
id_35,Side_by_side_Contact_active_count,1.3603692779909429,9.135743144208751
id_35,Side_by_side_Contact_passive_count,1.3603692779909051,9.135743144208751
id_35,Side_by_side_Contact_mean_duration,0.18375797798509047,9.135743144208751
id_35,Side_by_side_Contact_std_duration,0.10558575819149175,9.135743144208751
id_35,Side_by_side_Contact_opposite_way_active_count,0.15906626376014593,9.135743144208751
id_35,Side_by_side_Contact_opposite_way_passive_count,0.15906626376012872,9.135743144208751
id_35,Side_by_side_Contact_opposite_way_mean_duration,-1.4412807945270028,9.135743144208751
id_35,Side_by_side_Contact_opposite_way_std_duration,0.11387542460151992,9.135743144208751
id_35,Social_approach_active_count,-0.9388292379578074,9.135743144208751
id_35,Social_approach_passive_count,0.10267611678950861,9.135743144208751
id_35,Social_approach_mean_duration,0.5130827914279493,9.135743144208751
id_35,Social_approach_std_duration,0.02077682799913662,9.135743144208751
id_35,Social_escape_active_count,0.6836585671545811,9.135743144208751
id_35,Social_escape_passive_count,-0.2707007820656734,9.135743144208751
id_35,Social_escape_mean_duration,0.3573945669879537,9.135743144208751
id_35,Social_escape_std_duration,0.45286571326887476,9.135743144208751
id_35,Stop_count,-0.4095661792404813,9.135743144208751
id_35,Stop_mean_duration,-0.31708839389955074,9.135743144208751
id_35,Stop_std_duration,0.013718064688538211,9.135743144208751
id_35,Stop_in_contact_active_count,-0.12811470917641418,9.135743144208751
id_35,Stop_in_contact_passive_count,-0.739110996828016,9.135743144208751
id_35,Stop_in_contact_mean_duration,0.607018423186385,9.135743144208751
id_35,Stop_in_contact_std_duration,0.689442156259009,9.135743144208751
id_35,Stop_isolated_count,-0.34092291441001815,9.135743144208751
id_35,Stop_isolated_mean_duration,-0.2793548058823895,9.135743144208751
id_35,Stop_isolated_std_duration,0.33270535737609813,9.135743144208751
id_35,Train2_active_count,0.3257936873788557,9.135743144208751
id_35,Train2_passive_count,-0.2113282176489892,9.135743144208751
id_35,Train2_mean_duration,-0.09974976787326512,9.135743144208751
id_35,Train2_std_duration,0.13625974827306278,9.135743144208751
id_35,WallJump_count,0.07922912205127972,9.135743144208751
id_35,WallJump_mean_duration,-0.019011787412369252,9.135743144208751
id_35,WallJump_std_duration,0.09151324074207419,9.135743144208751
id_35,isolated_count,-1.1063491261580192,9.135743144208751
id_35,isolated_mean_duration,-0.115990035644976,9.135743144208751
id_35,isolated_std_duration,-0.17101369068246491,9.135743144208751
id_35,seq_oral_geni___oral_oral_active_count,0.912872621516501,9.135743144208751
id_35,seq_oral_geni___oral_oral_passive_count,1.4108307877704065,9.135743144208751
id_35,seq_oral_geni___oral_oral_mean_duration,-0.5430055836367826,9.135743144208751
id_35,seq_oral_geni___oral_oral_std_duration,0.26881413801000903,9.135743144208751
id_35,seq_oral_oral___oral_genital_active_count,0.5063486323980395,9.135743144208751
id_35,seq_oral_oral___oral_genital_passive_count,-0.054418962541967236,9.135743144208751
id_35,seq_oral_oral___oral_genital_mean_duration,-0.2950140524459389,9.135743144208751
id_35,seq_oral_oral___oral_genital_std_duration,0.06151835352461899,9.135743144208751
id_36,Approach_active_count,0.00438256612117229,8.685526448646561
id_36,Approach_passive_count,0.2709640033383736,8.685526448646561
id_36,Approach_mean_duration,1.4381534935690565,8.685526448646561
id_36,Approach_std_duration,-0.15175575035841113,8.685526448646561
id_36,Approach_contact_active_count,-1.3216795539515158,8.685526448646561
id_36,Approach_contact_passive_count,-2.3383136458328924,8.685526448646561
id_36,Approach_contact_mean_duration,1.7547642674888264,8.685526448646561
id_36,Approach_contact_std_duration,-0.9144075945734474,8.685526448646561
id_36,Approach_rear_active_count,-2.1254757015921966,8.685526448646561
id_36,Approach_rear_passive_count,1.3672479607494925,8.685526448646561
id_36,Approach_rear_mean_duration,-1.293001389778924,8.685526448646561
id_36,Approach_rear_std_duration,0.14363731228505977,8.685526448646561
id_36,Break_contact_active_count,-0.2764583317649388,8.685526448646561
id_36,Break_contact_passive_count,0.738541110375552,8.685526448646561
id_36,Break_contact_mean_duration,-0.04923119895891222,8.685526448646561
id_36,Break_contact_std_duration,-0.08163396249577531,8.685526448646561
id_36,Center_Zone_count,3.5666741140366853,8.685526448646561
id_36,Center_Zone_mean_duration,-0.28303592052753795,8.685526448646561
id_36,Center_Zone_std_duration,0.14735125054202336,8.685526448646561
id_36,Contact_active_count,0.5663363527003227,8.685526448646561
id_36,Contact_passive_count,0.564170999655169,8.685526448646561
id_36,Contact_mean_duration,-0.7021400826150828,8.685526448646561
id_36,Contact_std_duration,-0.6644408540026917,8.685526448646561
id_36,Get_away_active_count,0.03882141213016014,8.685526448646561
id_36,Get_away_passive_count,0.7942797251180572,8.685526448646561
id_36,Get_away_mean_duration,0.0391758004078811,8.685526448646561
id_36,Get_away_std_duration,0.1726948784814617,8.685526448646561
id_36,Group_3_break_count,-0.09594841550691063,8.685526448646561
id_36,Group_3_break_mean_duration,0.4083426874632089,8.685526448646561
id_36,Group_3_break_std_duration,-0.6417910165436267,8.685526448646561
id_36,Group_3_make_count,0.3861654756994339,8.685526448646561
id_36,Group_3_make_mean_duration,-0.3087515180295153,8.685526448646561
id_36,Group_3_make_std_duration,0.6601064969777892,8.685526448646561
id_36,Group_4_break_count,-0.14674752611357791,8.685526448646561
id_36,Group_4_break_mean_duration,0.28228476990475015,8.685526448646561
id_36,Group_4_break_std_duration,-0.30261617172339,8.685526448646561
id_36,Group_4_make_count,-0.01663629105376269,8.685526448646561
id_36,Group_4_make_mean_duration,0.4936444118588078,8.685526448646561
id_36,Group_4_make_std_duration,0.06844986986870863,8.685526448646561
id_36,Group2_active_count,0.08965754671639489,8.685526448646561
id_36,Group2_passive_count,0.10196424837578139,8.685526448646561
id_36,Group2_mean_duration,0.4163791943074884,8.685526448646561
id_36,Group2_std_duration,0.3063033675220683,8.685526448646561
id_36,Huddling_count,-0.5682783109664621,8.685526448646561
id_36,Huddling_mean_duration,0.033917692306751554,8.685526448646561
id_36,Huddling_std_duration,0.1749215144286057,8.685526448646561
id_36,Move_in_contact_active_count,-0.377176857049989,8.685526448646561
id_36,Move_in_contact_passive_count,-0.525384547759507,8.685526448646561
id_36,Move_in_contact_mean_duration,0.9263139244847707,8.685526448646561
id_36,Move_in_contact_std_duration,-0.02993062266043432,8.685526448646561
id_36,Move_isolated_count,0.02638952100457289,8.685526448646561
id_36,Move_isolated_mean_duration,0.8924647331033284,8.685526448646561
id_36,Move_isolated_std_duration,-0.1876198801565541,8.685526448646561
id_36,Oral_genital_Contact_active_count,0.05977496572242438,8.685526448646561
id_36,Oral_genital_Contact_passive_count,-1.2309621286310508,8.685526448646561
id_36,Oral_genital_Contact_mean_duration,0.08800116437103842,8.685526448646561
id_36,Oral_genital_Contact_std_duration,0.10924001075531276,8.685526448646561
id_36,Oral_oral_Contact_active_count,1.4489352275921337,8.685526448646561
id_36,Oral_oral_Contact_passive_count,1.448935227592009,8.685526448646561
id_36,Oral_oral_Contact_mean_duration,0.07920911650786285,8.685526448646561
id_36,Oral_oral_Contact_std_duration,0.22890771247158992,8.685526448646561
id_36,Periphery_Zone_count,-0.7392214801201323,8.685526448646561
id_36,Periphery_Zone_mean_duration,1.6651274638669804,8.685526448646561
id_36,Periphery_Zone_std_duration,-1.4576237690918972,8.685526448646561
id_36,Rear_at_periphery_count,-0.3568807457345169,8.685526448646561
id_36,Rear_at_periphery_mean_duration,1.4125144474061893,8.685526448646561
id_36,Rear_at_periphery_std_duration,-0.8742960211573683,8.685526448646561
id_36,Rear_in_centerWindow_count,0.03505289507746675,8.685526448646561
id_36,Rear_in_centerWindow_mean_duration,0.0648610587440059,8.685526448646561
id_36,Rear_in_centerWindow_std_duration,-0.34847141384516983,8.685526448646561
id_36,Rear_in_contact_count,0.7207825989718784,8.685526448646561
id_36,Rear_in_contact_mean_duration,0.5742859828858229,8.685526448646561
id_36,Rear_in_contact_std_duration,-0.11654611366312351,8.685526448646561
id_36,Rear_isolated_count,0.8883667655078461,8.685526448646561
id_36,Rear_isolated_mean_duration,-1.3344088564186076,8.685526448646561
id_36,Rear_isolated_std_duration,0.968957329760681,8.685526448646561
id_36,Rearing_count,-0.722051084984126,8.685526448646561
id_36,Rearing_mean_duration,-1.5159826673726124,8.685526448646561
id_36,Rearing_std_duration,0.5135827661426148,8.685526448646561
id_36,SAP_count,-0.4084672571547764,8.685526448646561
id_36,SAP_mean_duration,0.12302873696314624,8.685526448646561
id_36,SAP_std_duration,-0.035542067761793215,8.685526448646561
id_36,Side_by_side_Contact_active_count,0.3404997192754911,8.685526448646561
id_36,Side_by_side_Contact_passive_count,0.3404997192755231,8.685526448646561
id_36,Side_by_side_Contact_mean_duration,0.2428239228059016,8.685526448646561
id_36,Side_by_side_Contact_std_duration,-0.16013441201682443,8.685526448646561
id_36,Side_by_side_Contact_opposite_way_active_count,-1.3684946488969065,8.685526448646561
id_36,Side_by_side_Contact_opposite_way_passive_count,-1.368494648896844,8.685526448646561
id_36,Side_by_side_Contact_opposite_way_mean_duration,0.2689348312333974,8.685526448646561
id_36,Side_by_side_Contact_opposite_way_std_duration,-0.16428066602417543,8.685526448646561
id_36,Social_approach_active_count,-0.38134498868010386,8.685526448646561
id_36,Social_approach_passive_count,-0.17151238245850295,8.685526448646561
id_36,Social_approach_mean_duration,-1.2492016280066527,8.685526448646561
id_36,Social_approach_std_duration,-0.42808135037366635,8.685526448646561
id_36,Social_escape_active_count,-0.4738605431191566,8.685526448646561
id_36,Social_escape_passive_count,0.4032071094116615,8.685526448646561
id_36,Social_escape_mean_duration,1.4558175864653777,8.685526448646561
id_36,Social_escape_std_duration,0.3610993326843693,8.685526448646561
id_36,Stop_count,-0.3603167592920352,8.685526448646561
id_36,Stop_mean_duration,-0.05102901732347394,8.685526448646561
id_36,Stop_std_duration,0.5094180653662302,8.685526448646561
id_36,Stop_in_contact_active_count,-0.5177957576517985,8.685526448646561
id_36,Stop_in_contact_passive_count,-0.8942832222082758,8.685526448646561
id_36,Stop_in_contact_mean_duration,1.1356413369278027,8.685526448646561
id_36,Stop_in_contact_std_duration,0.5470140185771742,8.685526448646561
id_36,Stop_isolated_count,0.3473185384624264,8.685526448646561
id_36,Stop_isolated_mean_duration,0.18526198045027212,8.685526448646561
id_36,Stop_isolated_std_duration,-0.4130616508010986,8.685526448646561
id_36,Train2_active_count,0.1440718610111696,8.685526448646561
id_36,Train2_passive_count,-0.20798192344381866,8.685526448646561
id_36,Train2_mean_duration,0.1595894177208967,8.685526448646561
id_36,Train2_std_duration,-0.21309462572495727,8.685526448646561
id_36,WallJump_count,-0.203876031491866,8.685526448646561
id_36,WallJump_mean_duration,-0.13361098493175233,8.685526448646561
id_36,WallJump_std_duration,0.09350504841334617,8.685526448646561
id_36,isolated_count,-1.0458209106420648,8.685526448646561
id_36,isolated_mean_duration,0.08960528337422996,8.685526448646561
id_36,isolated_std_duration,0.0047887662288517785,8.685526448646561
id_36,seq_oral_geni___oral_oral_active_count,-0.9040372883991512,8.685526448646561
id_36,seq_oral_geni___oral_oral_passive_count,-1.3185291907723609,8.685526448646561
id_36,seq_oral_geni___oral_oral_mean_duration,-1.0369434981850147,8.685526448646561
id_36,seq_oral_geni___oral_oral_std_duration,0.02540513144171821,8.685526448646561
id_36,seq_oral_oral___oral_genital_active_count,0.4776174294765354,8.685526448646561
id_36,seq_oral_oral___oral_genital_passive_count,1.0249797328420813,8.685526448646561
id_36,seq_oral_oral___oral_genital_mean_duration,1.032647768720081,8.685526448646561
id_36,seq_oral_oral___oral_genital_std_duration,-0.08363423621647004,8.685526448646561
id_37,Approach_active_count,-0.12124817537255549,7.298759004408812
id_37,Approach_passive_count,-0.09793968582485078,7.298759004408812
id_37,Approach_mean_duration,0.38258118367971145,7.298759004408812
id_37,Approach_std_duration,-0.09757686283927863,7.298759004408812
id_37,Approach_contact_active_count,2.283565059938328,7.298759004408812
id_37,Approach_contact_passive_count,-3.3857852368809995,7.298759004408812
id_37,Approach_contact_mean_duration,-1.136985579478284,7.298759004408812
id_37,Approach_contact_std_duration,0.5209712759670989,7.298759004408812
id_37,Approach_rear_active_count,-0.7691864131092615,7.298759004408812
id_37,Approach_rear_passive_count,-1.5498253751527524,7.298759004408812
id_37,Approach_rear_mean_duration,0.5309306833143306,7.298759004408812
id_37,Approach_rear_std_duration,-0.1123442928295754,7.298759004408812
id_37,Break_contact_active_count,-0.5296643301817945,7.298759004408812
id_37,Break_contact_passive_count,1.2621784472880164,7.298759004408812
id_37,Break_contact_mean_duration,0.2798906662653917,7.298759004408812
id_37,Break_contact_std_duration,-0.2625333769121194,7.298759004408812
id_37,Center_Zone_count,-0.8351992609332571,7.298759004408812
id_37,Center_Zone_mean_duration,-0.46769468839119205,7.298759004408812
id_37,Center_Zone_std_duration,0.15688492189409406,7.298759004408812
id_37,Contact_active_count,-0.2547648272458338,7.298759004408812
id_37,Contact_passive_count,-0.22564907788863164,7.298759004408812
id_37,Contact_mean_duration,0.26931564684118914,7.298759004408812
id_37,Contact_std_duration,-0.5740788781288347,7.298759004408812
id_37,Get_away_active_count,0.09746445954093924,7.298759004408812
id_37,Get_away_passive_count,0.734495063500766,7.298759004408812
id_37,Get_away_mean_duration,-1.7257444310975807,7.298759004408812
id_37,Get_away_std_duration,0.34161362410815527,7.298759004408812
id_37,Group_3_break_count,-0.49742218675159916,7.298759004408812
id_37,Group_3_break_mean_duration,-0.031753180218401754,7.298759004408812
id_37,Group_3_break_std_duration,-0.3918401721279888,7.298759004408812
id_37,Group_3_make_count,0.47796204306964246,7.298759004408812
id_37,Group_3_make_mean_duration,-0.050008162098343655,7.298759004408812
id_37,Group_3_make_std_duration,0.4318052190996583,7.298759004408812
id_37,Group_4_break_count,-0.4389093625661804,7.298759004408812
id_37,Group_4_break_mean_duration,-0.4515007807311387,7.298759004408812
id_37,Group_4_break_std_duration,0.12540946124693872,7.298759004408812
id_37,Group_4_make_count,0.5674249345046498,7.298759004408812
id_37,Group_4_make_mean_duration,0.4607756831905172,7.298759004408812
id_37,Group_4_make_std_duration,-0.12152246455928391,7.298759004408812
id_37,Group2_active_count,0.2938649569442286,7.298759004408812
id_37,Group2_passive_count,0.3067271312608188,7.298759004408812
id_37,Group2_mean_duration,0.32565175406952,7.298759004408812
id_37,Group2_std_duration,-0.31049984542326187,7.298759004408812
id_37,Huddling_count,-1.20137175164459,7.298759004408812
id_37,Huddling_mean_duration,0.16619704741044555,7.298759004408812
id_37,Huddling_std_duration,0.07250059762663509,7.298759004408812
id_37,Move_in_contact_active_count,-0.23591146113596798,7.298759004408812
id_37,Move_in_contact_passive_count,-0.28164593917833675,7.298759004408812
id_37,Move_in_contact_mean_duration,-0.33836969655545424,7.298759004408812
id_37,Move_in_contact_std_duration,0.4714994473520393,7.298759004408812
id_37,Move_isolated_count,1.5582517098240423,7.298759004408812
id_37,Move_isolated_mean_duration,-0.06794832119471321,7.298759004408812
id_37,Move_isolated_std_duration,-0.003930833355598589,7.298759004408812
id_37,Oral_genital_Contact_active_count,0.37801887513507626,7.298759004408812
id_37,Oral_genital_Contact_passive_count,1.455131544097998,7.298759004408812
id_37,Oral_genital_Contact_mean_duration,0.4704570036416427,7.298759004408812
id_37,Oral_genital_Contact_std_duration,0.028076350592725525,7.298759004408812
id_37,Oral_oral_Contact_active_count,0.6133682795506871,7.298759004408812
id_37,Oral_oral_Contact_passive_count,0.6133682795507093,7.298759004408812
id_37,Oral_oral_Contact_mean_duration,-0.3932274614780327,7.298759004408812
id_37,Oral_oral_Contact_std_duration,0.31675908882623155,7.298759004408812
id_37,Periphery_Zone_count,1.184917034339861,7.298759004408812
id_37,Periphery_Zone_mean_duration,0.8660409794025082,7.298759004408812
id_37,Periphery_Zone_std_duration,-0.8318757823397631,7.298759004408812
id_37,Rear_at_periphery_count,0.4605800635389124,7.298759004408812
id_37,Rear_at_periphery_mean_duration,-0.9484878321416528,7.298759004408812
id_37,Rear_at_periphery_std_duration,0.36083429362293656,7.298759004408812
id_37,Rear_in_centerWindow_count,0.10848304646932896,7.298759004408812
id_37,Rear_in_centerWindow_mean_duration,-0.20702123836066322,7.298759004408812
id_37,Rear_in_centerWindow_std_duration,0.1317323861348329,7.298759004408812
id_37,Rear_in_contact_count,0.5492730048533963,7.298759004408812
id_37,Rear_in_contact_mean_duration,0.20687692862780735,7.298759004408812
id_37,Rear_in_contact_std_duration,0.08597333708894477,7.298759004408812
id_37,Rear_isolated_count,-1.0546487321544078,7.298759004408812
id_37,Rear_isolated_mean_duration,1.3940504057357666,7.298759004408812
id_37,Rear_isolated_std_duration,-0.4688848631614806,7.298759004408812
id_37,Rearing_count,-0.032074390928376065,7.298759004408812
id_37,Rearing_mean_duration,-0.24418514587028023,7.298759004408812
id_37,Rearing_std_duration,0.10481055453837472,7.298759004408812
id_37,SAP_count,-0.6833907045069539,7.298759004408812
id_37,SAP_mean_duration,0.12469661826311322,7.298759004408812
id_37,SAP_std_duration,-0.0756195810447545,7.298759004408812
id_37,Side_by_side_Contact_active_count,-0.9541498745621837,7.298759004408812
id_37,Side_by_side_Contact_passive_count,-0.9541498745622181,7.298759004408812
id_37,Side_by_side_Contact_mean_duration,0.2610166245596284,7.298759004408812
id_37,Side_by_side_Contact_std_duration,-0.24992896128329073,7.298759004408812
id_37,Side_by_side_Contact_opposite_way_active_count,0.7835314513636094,7.298759004408812
id_37,Side_by_side_Contact_opposite_way_passive_count,0.7835314513635607,7.298759004408812
id_37,Side_by_side_Contact_opposite_way_mean_duration,-0.007005618412804823,7.298759004408812
id_37,Side_by_side_Contact_opposite_way_std_duration,0.15518423878863077,7.298759004408812
id_37,Social_approach_active_count,-0.3701388502709328,7.298759004408812
id_37,Social_approach_passive_count,0.6640776356557844,7.298759004408812
id_37,Social_approach_mean_duration,-0.19796499157783562,7.298759004408812
id_37,Social_approach_std_duration,-0.5074509521526007,7.298759004408812
id_37,Social_escape_active_count,-0.5009071762955015,7.298759004408812
id_37,Social_escape_passive_count,0.5088975641345818,7.298759004408812
id_37,Social_escape_mean_duration,-0.8840252775574351,7.298759004408812
id_37,Social_escape_std_duration,0.212011687197241,7.298759004408812
id_37,Stop_count,0.18712262333315477,7.298759004408812
id_37,Stop_mean_duration,0.029116281562688084,7.298759004408812
id_37,Stop_std_duration,-0.3506334442181654,7.298759004408812
id_37,Stop_in_contact_active_count,-0.4145056385091579,7.298759004408812
id_37,Stop_in_contact_passive_count,0.3789041417191814,7.298759004408812
id_37,Stop_in_contact_mean_duration,-0.2364090312062498,7.298759004408812
id_37,Stop_in_contact_std_duration,1.3173753105065609,7.298759004408812
id_37,Stop_isolated_count,-1.3384381266697496,7.298759004408812
id_37,Stop_isolated_mean_duration,-0.12011527916286277,7.298759004408812
id_37,Stop_isolated_std_duration,0.8224502518519609,7.298759004408812
id_37,Train2_active_count,-0.08337769986042648,7.298759004408812
id_37,Train2_passive_count,-0.10168895437711319,7.298759004408812
id_37,Train2_mean_duration,-0.03803333253405366,7.298759004408812
id_37,Train2_std_duration,0.11261754145876825,7.298759004408812
id_37,WallJump_count,0.0012775102370674192,7.298759004408812
id_37,WallJump_mean_duration,-0.12205793327685142,7.298759004408812
id_37,WallJump_std_duration,0.053567544316048196,7.298759004408812
id_37,isolated_count,1.7984034428911282,7.298759004408812
id_37,isolated_mean_duration,0.20120952800149486,7.298759004408812
id_37,isolated_std_duration,-0.11194562236691621,7.298759004408812
id_37,seq_oral_geni___oral_oral_active_count,-1.165490542625419,7.298759004408812
id_37,seq_oral_geni___oral_oral_passive_count,-1.301695500159699,7.298759004408812
id_37,seq_oral_geni___oral_oral_mean_duration,-0.08074343038121844,7.298759004408812
id_37,seq_oral_geni___oral_oral_std_duration,-0.11907463455066566,7.298759004408812
id_37,seq_oral_oral___oral_genital_active_count,0.616514907922748,7.298759004408812
id_37,seq_oral_oral___oral_genital_passive_count,0.921504543260661,7.298759004408812
id_37,seq_oral_oral___oral_genital_mean_duration,0.4149718104761504,7.298759004408812
id_37,seq_oral_oral___oral_genital_std_duration,-0.049190065112498196,7.298759004408812
id_38,Approach_active_count,-0.41357822822450374,6.823515014886823
id_38,Approach_passive_count,0.5467750755915121,6.823515014886823
id_38,Approach_mean_duration,-1.8451946878277725,6.823515014886823
id_38,Approach_std_duration,0.4332010424526768,6.823515014886823
id_38,Approach_contact_active_count,0.5587788209784682,6.823515014886823
id_38,Approach_contact_passive_count,-1.5391139627921018,6.823515014886823
id_38,Approach_contact_mean_duration,2.638027007167551,6.823515014886823
id_38,Approach_contact_std_duration,-0.9145259076493205,6.823515014886823
id_38,Approach_rear_active_count,-1.2843193612577022,6.823515014886823
id_38,Approach_rear_passive_count,0.23408064015730237,6.823515014886823
id_38,Approach_rear_mean_duration,-0.1041738224496381,6.823515014886823
id_38,Approach_rear_std_duration,0.7596611987242547,6.823515014886823
id_38,Break_contact_active_count,0.8585979257479717,6.823515014886823
id_38,Break_contact_passive_count,0.6563323206427746,6.823515014886823
id_38,Break_contact_mean_duration,-0.18587852225811471,6.823515014886823
id_38,Break_contact_std_duration,-0.05909651660968662,6.823515014886823
id_38,Center_Zone_count,-0.2581438864420272,6.823515014886823
id_38,Center_Zone_mean_duration,-0.3593627757219487,6.823515014886823
id_38,Center_Zone_std_duration,-0.06517875411827073,6.823515014886823
id_38,Contact_active_count,-0.7228907314013306,6.823515014886823
id_38,Contact_passive_count,-0.7004813824056916,6.823515014886823
id_38,Contact_mean_duration,-0.9905465704990564,6.823515014886823
id_38,Contact_std_duration,0.4062982059703063,6.823515014886823
id_38,Get_away_active_count,0.4241324585075639,6.823515014886823
id_38,Get_away_passive_count,-0.13221229320229586,6.823515014886823
id_38,Get_away_mean_duration,-1.7745297190883416,6.823515014886823
id_38,Get_away_std_duration,0.36777177955528073,6.823515014886823
id_38,Group_3_break_count,-0.02821242160107895,6.823515014886823
id_38,Group_3_break_mean_duration,0.13101568915464196,6.823515014886823
id_38,Group_3_break_std_duration,0.18826007442036713,6.823515014886823
id_38,Group_3_make_count,-0.28949481872979405,6.823515014886823
id_38,Group_3_make_mean_duration,0.1293054462999487,6.823515014886823
id_38,Group_3_make_std_duration,-0.22153026315176702,6.823515014886823
id_38,Group_4_break_count,-0.7966107415962925,6.823515014886823
id_38,Group_4_break_mean_duration,-0.47623820716455334,6.823515014886823
id_38,Group_4_break_std_duration,0.3140648588526707,6.823515014886823
id_38,Group_4_make_count,0.561283720438276,6.823515014886823
id_38,Group_4_make_mean_duration,-0.13258221079452617,6.823515014886823
id_38,Group_4_make_std_duration,-0.04573972841030219,6.823515014886823
id_38,Group2_active_count,-0.03764433940082257,6.823515014886823
id_38,Group2_passive_count,-0.0638771624621672,6.823515014886823
id_38,Group2_mean_duration,0.34342327830450237,6.823515014886823
id_38,Group2_std_duration,0.30500278457781266,6.823515014886823
id_38,Huddling_count,0.4614706433093568,6.823515014886823
id_38,Huddling_mean_duration,0.23285477640157842,6.823515014886823
id_38,Huddling_std_duration,-0.1773803629338384,6.823515014886823
id_38,Move_in_contact_active_count,-0.9096654336874533,6.823515014886823
id_38,Move_in_contact_passive_count,1.2060122607219699,6.823515014886823
id_38,Move_in_contact_mean_duration,0.567511395332221,6.823515014886823
id_38,Move_in_contact_std_duration,-1.0784649587919652,6.823515014886823
id_38,Move_isolated_count,0.17537451011309743,6.823515014886823
id_38,Move_isolated_mean_duration,0.9073736010094734,6.823515014886823
id_38,Move_isolated_std_duration,-0.011782344610564313,6.823515014886823
id_38,Oral_genital_Contact_active_count,0.14717035839763132,6.823515014886823
id_38,Oral_genital_Contact_passive_count,1.8636128686193527,6.823515014886823
id_38,Oral_genital_Contact_mean_duration,0.8999763954704738,6.823515014886823
id_38,Oral_genital_Contact_std_duration,-0.18123445821965103,6.823515014886823
id_38,Oral_oral_Contact_active_count,-0.3926267630698842,6.823515014886823
id_38,Oral_oral_Contact_passive_count,-0.3926267630695683,6.823515014886823
id_38,Oral_oral_Contact_mean_duration,-1.3696258228399207,6.823515014886823
id_38,Oral_oral_Contact_std_duration,0.46705983097393083,6.823515014886823
id_38,Periphery_Zone_count,-1.0793445919058398,6.823515014886823
id_38,Periphery_Zone_mean_duration,-0.9129394371901346,6.823515014886823
id_38,Periphery_Zone_std_duration,0.11719162723927609,6.823515014886823
id_38,Rear_at_periphery_count,0.14488013879753203,6.823515014886823
id_38,Rear_at_periphery_mean_duration,-0.6003871900499048,6.823515014886823
id_38,Rear_at_periphery_std_duration,0.21939229205192112,6.823515014886823
id_38,Rear_in_centerWindow_count,-0.08551273959995363,6.823515014886823
id_38,Rear_in_centerWindow_mean_duration,-0.12505912790059368,6.823515014886823
id_38,Rear_in_centerWindow_std_duration,0.07190480522273904,6.823515014886823
id_38,Rear_in_contact_count,-0.6032544418382011,6.823515014886823
id_38,Rear_in_contact_mean_duration,-0.026360774832267703,6.823515014886823
id_38,Rear_in_contact_std_duration,-0.18169533205070384,6.823515014886823
id_38,Rear_isolated_count,0.21411627491736196,6.823515014886823
id_38,Rear_isolated_mean_duration,0.6245265228218697,6.823515014886823
id_38,Rear_isolated_std_duration,-0.3025987373300769,6.823515014886823
id_38,Rearing_count,-0.2540978860692019,6.823515014886823
id_38,Rearing_mean_duration,0.012855326236330311,6.823515014886823
id_38,Rearing_std_duration,-0.26726737056741173,6.823515014886823
id_38,SAP_count,0.4416991496399706,6.823515014886823
id_38,SAP_mean_duration,0.1311258373986679,6.823515014886823
id_38,SAP_std_duration,0.182490179628037,6.823515014886823
id_38,Side_by_side_Contact_active_count,-0.3480225973220133,6.823515014886823
id_38,Side_by_side_Contact_passive_count,-0.34802259732203655,6.823515014886823
id_38,Side_by_side_Contact_mean_duration,1.0258262386590793,6.823515014886823
id_38,Side_by_side_Contact_std_duration,-0.444895444523724,6.823515014886823
id_38,Side_by_side_Contact_opposite_way_active_count,-0.45558552171776445,6.823515014886823
id_38,Side_by_side_Contact_opposite_way_passive_count,-0.45558552171779576,6.823515014886823
id_38,Side_by_side_Contact_opposite_way_mean_duration,-1.0425791402640021,6.823515014886823
id_38,Side_by_side_Contact_opposite_way_std_duration,0.1552954609189551,6.823515014886823
id_38,Social_approach_active_count,-0.27018922892955444,6.823515014886823
id_38,Social_approach_passive_count,-0.13530247407724758,6.823515014886823
id_38,Social_approach_mean_duration,2.0710442077142073,6.823515014886823
id_38,Social_approach_std_duration,-0.4508642144782472,6.823515014886823
id_38,Social_escape_active_count,-0.6261197349935554,6.823515014886823
id_38,Social_escape_passive_count,-0.13841384504130388,6.823515014886823
id_38,Social_escape_mean_duration,2.228536273505828,6.823515014886823
id_38,Social_escape_std_duration,-0.5182473487367467,6.823515014886823
id_38,Stop_count,0.08069727834920967,6.823515014886823
id_38,Stop_mean_duration,0.4151131040259829,6.823515014886823
id_38,Stop_std_duration,0.4065814796416143,6.823515014886823
id_38,Stop_in_contact_active_count,-0.7898038295285897,6.823515014886823
id_38,Stop_in_contact_passive_count,1.3288936188545115,6.823515014886823
id_38,Stop_in_contact_mean_duration,-0.8235995810137109,6.823515014886823
id_38,Stop_in_contact_std_duration,-0.4990723833541812,6.823515014886823
id_38,Stop_isolated_count,-0.026604376763540254,6.823515014886823
id_38,Stop_isolated_mean_duration,2.0465670240506255,6.823515014886823
id_38,Stop_isolated_std_duration,-0.8911739537557014,6.823515014886823
id_38,Train2_active_count,0.0761576568881813,6.823515014886823
id_38,Train2_passive_count,-0.14964727258585653,6.823515014886823
id_38,Train2_mean_duration,-0.08354661180824606,6.823515014886823
id_38,Train2_std_duration,0.19194352925077082,6.823515014886823
id_38,WallJump_count,-0.007719896426000733,6.823515014886823
id_38,WallJump_mean_duration,0.02627339360058308,6.823515014886823
id_38,WallJump_std_duration,0.0033721192592753037,6.823515014886823
id_38,isolated_count,-0.9174005392206847,6.823515014886823
id_38,isolated_mean_duration,0.16780791505912562,6.823515014886823
id_38,isolated_std_duration,-0.16031036531520124,6.823515014886823
id_38,seq_oral_geni___oral_oral_active_count,1.2650354778781696,6.823515014886823
id_38,seq_oral_geni___oral_oral_passive_count,-0.35332421929562796,6.823515014886823
id_38,seq_oral_geni___oral_oral_mean_duration,0.43368681803617254,6.823515014886823
id_38,seq_oral_geni___oral_oral_std_duration,0.051416577186862426,6.823515014886823
id_38,seq_oral_oral___oral_genital_active_count,-0.022341369132836582,6.823515014886823
id_38,seq_oral_oral___oral_genital_passive_count,0.37069724378068675,6.823515014886823
id_38,seq_oral_oral___oral_genital_mean_duration,-0.32257457313468524,6.823515014886823
id_38,seq_oral_oral___oral_genital_std_duration,-0.0786513445236846,6.823515014886823
id_39,Approach_active_count,-0.11859371122669442,5.446818171787738
id_39,Approach_passive_count,0.05004348224433741,5.446818171787738
id_39,Approach_mean_duration,-0.19703958946683064,5.446818171787738
id_39,Approach_std_duration,0.8862685593692559,5.446818171787738
id_39,Approach_contact_active_count,-0.35391549750578655,5.446818171787738
id_39,Approach_contact_passive_count,1.5353241856576152,5.446818171787738
id_39,Approach_contact_mean_duration,0.16511110377201552,5.446818171787738
id_39,Approach_contact_std_duration,-0.36078134850532123,5.446818171787738
id_39,Approach_rear_active_count,-0.2349145319982416,5.446818171787738
id_39,Approach_rear_passive_count,0.9258157127013069,5.446818171787738
id_39,Approach_rear_mean_duration,-1.9382554606132234,5.446818171787738
id_39,Approach_rear_std_duration,-0.04199161178189718,5.446818171787738
id_39,Break_contact_active_count,0.29915535481607786,5.446818171787738
id_39,Break_contact_passive_count,-0.05458315800216854,5.446818171787738
id_39,Break_contact_mean_duration,-0.14743688027544277,5.446818171787738
id_39,Break_contact_std_duration,0.07552657403578578,5.446818171787738
id_39,Center_Zone_count,0.8978348019069801,5.446818171787738
id_39,Center_Zone_mean_duration,0.03368502816891878,5.446818171787738
id_39,Center_Zone_std_duration,0.09253320436388617,5.446818171787738
id_39,Contact_active_count,0.23651592963103701,5.446818171787738
id_39,Contact_passive_count,0.21255896607718375,5.446818171787738
id_39,Contact_mean_duration,0.746358665492232,5.446818171787738
id_39,Contact_std_duration,0.5743420291229209,5.446818171787738
id_39,Get_away_active_count,0.8819898788313885,5.446818171787738
id_39,Get_away_passive_count,1.138775531200014,5.446818171787738
id_39,Get_away_mean_duration,-0.14567863503796966,5.446818171787738
id_39,Get_away_std_duration,-0.7969677374742353,5.446818171787738
id_39,Group_3_break_count,0.9056628035497161,5.446818171787738
id_39,Group_3_break_mean_duration,0.18276261920966383,5.446818171787738
id_39,Group_3_break_std_duration,0.16537704462739236,5.446818171787738
id_39,Group_3_make_count,-0.8510558444240277,5.446818171787738
id_39,Group_3_make_mean_duration,-0.2300974157999736,5.446818171787738
id_39,Group_3_make_std_duration,-0.08397670544655675,5.446818171787738
id_39,Group_4_break_count,0.7342877135145661,5.446818171787738
id_39,Group_4_break_mean_duration,0.20404830251279363,5.446818171787738
id_39,Group_4_break_std_duration,-0.08492981521488704,5.446818171787738
id_39,Group_4_make_count,-0.8616918499405923,5.446818171787738
id_39,Group_4_make_mean_duration,-0.1724608373278842,5.446818171787738
id_39,Group_4_make_std_duration,0.16933332038274812,5.446818171787738
id_39,Group2_active_count,1.0242831853309098,5.446818171787738
id_39,Group2_passive_count,1.0441310176909246,5.446818171787738
id_39,Group2_mean_duration,1.1681228037715377,5.446818171787738
id_39,Group2_std_duration,-0.7539759005860253,5.446818171787738
id_39,Huddling_count,-1.2276625223127293,5.446818171787738
id_39,Huddling_mean_duration,-0.13748912841994496,5.446818171787738
id_39,Huddling_std_duration,0.06214029435625676,5.446818171787738
id_39,Move_in_contact_active_count,-0.5927913823627029,5.446818171787738
id_39,Move_in_contact_passive_count,0.6824174821209221,5.446818171787738
id_39,Move_in_contact_mean_duration,0.6438070364851514,5.446818171787738
id_39,Move_in_contact_std_duration,0.5887926223423152,5.446818171787738
id_39,Move_isolated_count,1.8315594372175352,5.446818171787738
id_39,Move_isolated_mean_duration,-0.02887642798493546,5.446818171787738
id_39,Move_isolated_std_duration,-0.03444683766436242,5.446818171787738
id_39,Oral_genital_Contact_active_count,1.7164505640492629,5.446818171787738
id_39,Oral_genital_Contact_passive_count,-0.6833610460295814,5.446818171787738
id_39,Oral_genital_Contact_mean_duration,0.523275542959723,5.446818171787738
id_39,Oral_genital_Contact_std_duration,-0.271733331231797,5.446818171787738
id_39,Oral_oral_Contact_active_count,-0.4952779335466678,5.446818171787738
id_39,Oral_oral_Contact_passive_count,-0.49527793354675204,5.446818171787738
id_39,Oral_oral_Contact_mean_duration,0.44741458275159524,5.446818171787738
id_39,Oral_oral_Contact_std_duration,-0.1841720370261436,5.446818171787738
id_39,Periphery_Zone_count,1.2097080304202155,5.446818171787738
id_39,Periphery_Zone_mean_duration,1.117223199556399,5.446818171787738
id_39,Periphery_Zone_std_duration,-1.0033886513533163,5.446818171787738
id_39,Rear_at_periphery_count,-0.30470876248722795,5.446818171787738
id_39,Rear_at_periphery_mean_duration,1.0578424956401071,5.446818171787738
id_39,Rear_at_periphery_std_duration,-0.2473709859472825,5.446818171787738
id_39,Rear_in_centerWindow_count,-0.10359568054552094,5.446818171787738
id_39,Rear_in_centerWindow_mean_duration,0.03386894501741942,5.446818171787738
id_39,Rear_in_centerWindow_std_duration,-0.10870781253551605,5.446818171787738
id_39,Rear_in_contact_count,0.6386320595225659,5.446818171787738
id_39,Rear_in_contact_mean_duration,1.3474523411933335,5.446818171787738
id_39,Rear_in_contact_std_duration,-0.24263799849458864,5.446818171787738
id_39,Rear_isolated_count,-1.182740561885916,5.446818171787738
id_39,Rear_isolated_mean_duration,-0.470404702811918,5.446818171787738
id_39,Rear_isolated_std_duration,0.015347097329679066,5.446818171787738
id_39,Rearing_count,-0.4994782642438649,5.446818171787738
id_39,Rearing_mean_duration,-0.2583732718569147,5.446818171787738
id_39,Rearing_std_duration,-0.11012753466277593,5.446818171787738
id_39,SAP_count,-0.7887686118827931,5.446818171787738
id_39,SAP_mean_duration,0.36442735971984447,5.446818171787738
id_39,SAP_std_duration,-0.24552640224632652,5.446818171787738
id_39,Side_by_side_Contact_active_count,-0.5015250232225416,5.446818171787738
id_39,Side_by_side_Contact_passive_count,-0.5015250232226018,5.446818171787738
id_39,Side_by_side_Contact_mean_duration,-0.4585704146581723,5.446818171787738
id_39,Side_by_side_Contact_std_duration,0.09161638268267931,5.446818171787738
id_39,Side_by_side_Contact_opposite_way_active_count,-0.3784125554549052,5.446818171787738
id_39,Side_by_side_Contact_opposite_way_passive_count,-0.3784125554548114,5.446818171787738
id_39,Side_by_side_Contact_opposite_way_mean_duration,1.0554396978265939,5.446818171787738
id_39,Side_by_side_Contact_opposite_way_std_duration,-0.07602290288784692,5.446818171787738
id_39,Social_approach_active_count,-1.304252199320965,5.446818171787738
id_39,Social_approach_passive_count,-1.4002724234357693,5.446818171787738
id_39,Social_approach_mean_duration,1.8897495700303963,5.446818171787738
id_39,Social_approach_std_duration,-1.5739709805761033,5.446818171787738
id_39,Social_escape_active_count,-0.6627392945030856,5.446818171787738
id_39,Social_escape_passive_count,-0.5935526912597598,5.446818171787738
id_39,Social_escape_mean_duration,-0.7953340348278098,5.446818171787738
id_39,Social_escape_std_duration,0.24158777297879985,5.446818171787738
id_39,Stop_count,-0.7804975501301514,5.446818171787738
id_39,Stop_mean_duration,-1.3730729731699753,5.446818171787738
id_39,Stop_std_duration,0.7255718084465804,5.446818171787738
id_39,Stop_in_contact_active_count,-0.09060630264337975,5.446818171787738
id_39,Stop_in_contact_passive_count,0.28682276609565727,5.446818171787738
id_39,Stop_in_contact_mean_duration,-1.0599515334767917,5.446818171787738
id_39,Stop_in_contact_std_duration,-0.5299926053016264,5.446818171787738
id_39,Stop_isolated_count,-0.5688409352941345,5.446818171787738
id_39,Stop_isolated_mean_duration,-0.19497877739702246,5.446818171787738
id_39,Stop_isolated_std_duration,-0.6016633244836391,5.446818171787738
id_39,Train2_active_count,0.1259756550385333,5.446818171787738
id_39,Train2_passive_count,-0.04723820199192798,5.446818171787738
id_39,Train2_mean_duration,0.29075216803258297,5.446818171787738
id_39,Train2_std_duration,-0.2983382186773502,5.446818171787738
id_39,WallJump_count,-0.0660313249891733,5.446818171787738
id_39,WallJump_mean_duration,-0.12847912497276318,5.446818171787738
id_39,WallJump_std_duration,0.10331880200285741,5.446818171787738
id_39,isolated_count,0.9205483767302859,5.446818171787738
id_39,isolated_mean_duration,0.36317661379872823,5.446818171787738
id_39,isolated_std_duration,-0.034331344908952295,5.446818171787738
id_39,seq_oral_geni___oral_oral_active_count,-1.1136397025349,5.446818171787738
id_39,seq_oral_geni___oral_oral_passive_count,-0.31051068771553786,5.446818171787738
id_39,seq_oral_geni___oral_oral_mean_duration,-0.16075353878772558,5.446818171787738
id_39,seq_oral_geni___oral_oral_std_duration,-0.010854278564694106,5.446818171787738
id_39,seq_oral_oral___oral_genital_active_count,-0.08803859209188375,5.446818171787738
id_39,seq_oral_oral___oral_genital_passive_count,0.5351504032351435,5.446818171787738
id_39,seq_oral_oral___oral_genital_mean_duration,-0.32858498641124184,5.446818171787738
id_39,seq_oral_oral___oral_genital_std_duration,0.1681046823826235,5.446818171787738
id_40,Approach_active_count,-0.08235409520124144,4.458416407770021
id_40,Approach_passive_count,-0.41617624750565957,4.458416407770021
id_40,Approach_mean_duration,0.16527111713897114,4.458416407770021
id_40,Approach_std_duration,-0.29980371789017857,4.458416407770021
id_40,Approach_contact_active_count,1.0266671192631196,4.458416407770021
id_40,Approach_contact_passive_count,0.3016333603129225,4.458416407770021
id_40,Approach_contact_mean_duration,-0.5147047361608141,4.458416407770021
id_40,Approach_contact_std_duration,0.110574022511286,4.458416407770021
id_40,Approach_rear_active_count,-0.5012443621730936,4.458416407770021
id_40,Approach_rear_passive_count,-0.4329398496404499,4.458416407770021
id_40,Approach_rear_mean_duration,-1.184491940804112,4.458416407770021
id_40,Approach_rear_std_duration,0.040499566824952406,4.458416407770021
id_40,Break_contact_active_count,0.14512138100584662,4.458416407770021
id_40,Break_contact_passive_count,0.08875894597690369,4.458416407770021
id_40,Break_contact_mean_duration,0.17983594330397357,4.458416407770021
id_40,Break_contact_std_duration,0.16508584798379933,4.458416407770021
id_40,Center_Zone_count,-0.9180290056359108,4.458416407770021
id_40,Center_Zone_mean_duration,-0.18786881573000977,4.458416407770021
id_40,Center_Zone_std_duration,0.09325458896512964,4.458416407770021
id_40,Contact_active_count,-0.12343221626225499,4.458416407770021
id_40,Contact_passive_count,-0.18104671765048136,4.458416407770021
id_40,Contact_mean_duration,-0.2406121427522541,4.458416407770021
id_40,Contact_std_duration,0.522697829520874,4.458416407770021
id_40,Get_away_active_count,-0.3739907811748525,4.458416407770021
id_40,Get_away_passive_count,0.5850908299137848,4.458416407770021
id_40,Get_away_mean_duration,-1.855561808383426,4.458416407770021
id_40,Get_away_std_duration,0.48184882031105725,4.458416407770021
id_40,Group_3_break_count,-0.22255825462752535,4.458416407770021
id_40,Group_3_break_mean_duration,-0.0765430302212245,4.458416407770021
id_40,Group_3_break_std_duration,0.35814875746616404,4.458416407770021
id_40,Group_3_make_count,0.48746597060340746,4.458416407770021
id_40,Group_3_make_mean_duration,0.19162055740351883,4.458416407770021
id_40,Group_3_make_std_duration,-0.42857202656957605,4.458416407770021
id_40,Group_4_break_count,0.9999682198001485,4.458416407770021
id_40,Group_4_break_mean_duration,0.23632579658649452,4.458416407770021
id_40,Group_4_break_std_duration,0.06800878839007854,4.458416407770021
id_40,Group_4_make_count,-0.6165287921412227,4.458416407770021
id_40,Group_4_make_mean_duration,-0.09891739410265478,4.458416407770021
id_40,Group_4_make_std_duration,-0.20050887240508944,4.458416407770021
id_40,Group2_active_count,-0.11325496459699108,4.458416407770021
id_40,Group2_passive_count,-0.08250487053646419,4.458416407770021
id_40,Group2_mean_duration,0.4621761780312948,4.458416407770021
id_40,Group2_std_duration,0.09193587610370661,4.458416407770021
id_40,Huddling_count,0.4331175830557569,4.458416407770021
id_40,Huddling_mean_duration,0.1441551688308335,4.458416407770021
id_40,Huddling_std_duration,-0.04238513934090593,4.458416407770021
id_40,Move_in_contact_active_count,-0.4178503710753788,4.458416407770021
id_40,Move_in_contact_passive_count,0.6501738712795242,4.458416407770021
id_40,Move_in_contact_mean_duration,0.89573873102851,4.458416407770021
id_40,Move_in_contact_std_duration,-0.2246077581799911,4.458416407770021
id_40,Move_isolated_count,-0.22990459800638655,4.458416407770021
id_40,Move_isolated_mean_duration,-0.5556974199098923,4.458416407770021
id_40,Move_isolated_std_duration,0.02723275378212624,4.458416407770021
id_40,Oral_genital_Contact_active_count,0.2526047195281857,4.458416407770021
id_40,Oral_genital_Contact_passive_count,-1.667509582613069,4.458416407770021
id_40,Oral_genital_Contact_mean_duration,-0.40092409749145397,4.458416407770021
id_40,Oral_genital_Contact_std_duration,-0.1612955495917525,4.458416407770021
id_40,Oral_oral_Contact_active_count,0.15024022168000062,4.458416407770021
id_40,Oral_oral_Contact_passive_count,0.15024022168018403,4.458416407770021
id_40,Oral_oral_Contact_mean_duration,-0.34639563631101794,4.458416407770021
id_40,Oral_oral_Contact_std_duration,0.12152087447420039,4.458416407770021
id_40,Periphery_Zone_count,-0.6516159573223377,4.458416407770021
id_40,Periphery_Zone_mean_duration,-0.49283749473631977,4.458416407770021
id_40,Periphery_Zone_std_duration,0.34568695745742933,4.458416407770021
id_40,Rear_at_periphery_count,0.3524885930633639,4.458416407770021
id_40,Rear_at_periphery_mean_duration,-0.0707023106321444,4.458416407770021
id_40,Rear_at_periphery_std_duration,0.4210463238075752,4.458416407770021
id_40,Rear_in_centerWindow_count,0.11730116398412799,4.458416407770021
id_40,Rear_in_centerWindow_mean_duration,0.10856711831191942,4.458416407770021
id_40,Rear_in_centerWindow_std_duration,0.16003514299155921,4.458416407770021
id_40,Rear_in_contact_count,1.5997732300357155,4.458416407770021
id_40,Rear_in_contact_mean_duration,0.250341204978285,4.458416407770021
id_40,Rear_in_contact_std_duration,-0.053302045243372266,4.458416407770021
id_40,Rear_isolated_count,0.18017035982232332,4.458416407770021
id_40,Rear_isolated_mean_duration,-0.19463717490633964,4.458416407770021
id_40,Rear_isolated_std_duration,-0.3347291274436243,4.458416407770021
id_40,Rearing_count,0.16800870460328685,4.458416407770021
id_40,Rearing_mean_duration,0.2255127141617413,4.458416407770021
id_40,Rearing_std_duration,0.013352348798534515,4.458416407770021
id_40,SAP_count,0.5333598255676101,4.458416407770021
id_40,SAP_mean_duration,0.18507184802834886,4.458416407770021
id_40,SAP_std_duration,-0.06596195968523474,4.458416407770021
id_40,Side_by_side_Contact_active_count,0.22802532028612682,4.458416407770021
id_40,Side_by_side_Contact_passive_count,0.22802532028612338,4.458416407770021
id_40,Side_by_side_Contact_mean_duration,-0.3864693665621562,4.458416407770021
id_40,Side_by_side_Contact_std_duration,-0.2584577736923306,4.458416407770021
id_40,Side_by_side_Contact_opposite_way_active_count,-0.5496804373506332,4.458416407770021
id_40,Side_by_side_Contact_opposite_way_passive_count,-0.5496804373506711,4.458416407770021
id_40,Side_by_side_Contact_opposite_way_mean_duration,-0.4644652572223239,4.458416407770021
id_40,Side_by_side_Contact_opposite_way_std_duration,0.11379236939103339,4.458416407770021
id_40,Social_approach_active_count,-0.45773387956666667,4.458416407770021
id_40,Social_approach_passive_count,0.3587580915990446,4.458416407770021
id_40,Social_approach_mean_duration,0.6185487341613805,4.458416407770021
id_40,Social_approach_std_duration,0.27638245934837563,4.458416407770021
id_40,Social_escape_active_count,0.6882775552273454,4.458416407770021
id_40,Social_escape_passive_count,1.0907193847041583,4.458416407770021
id_40,Social_escape_mean_duration,-0.27739864936347547,4.458416407770021
id_40,Social_escape_std_duration,0.3171158146843105,4.458416407770021
id_40,Stop_count,-0.0729954686425646,4.458416407770021
id_40,Stop_mean_duration,-0.4015502415061632,4.458416407770021
id_40,Stop_std_duration,-0.10879468685383194,4.458416407770021
id_40,Stop_in_contact_active_count,0.940013294986455,4.458416407770021
id_40,Stop_in_contact_passive_count,-1.0993267315928903,4.458416407770021
id_40,Stop_in_contact_mean_duration,-0.6766031905264217,4.458416407770021
id_40,Stop_in_contact_std_duration,-0.09484111370350116,4.458416407770021
id_40,Stop_isolated_count,-0.1774950790457161,4.458416407770021
id_40,Stop_isolated_mean_duration,0.3805953648664849,4.458416407770021
id_40,Stop_isolated_std_duration,-0.07129518650258813,4.458416407770021
id_40,Train2_active_count,-0.12904107206572912,4.458416407770021
id_40,Train2_passive_count,0.006068152782123773,4.458416407770021
id_40,Train2_mean_duration,-0.16655900390819312,4.458416407770021
id_40,Train2_std_duration,0.14467895863669958,4.458416407770021
id_40,WallJump_count,0.19253262175401153,4.458416407770021
id_40,WallJump_mean_duration,-0.05539236064760074,4.458416407770021
id_40,WallJump_std_duration,0.004250979730527185,4.458416407770021
id_40,isolated_count,0.45535644486945753,4.458416407770021
id_40,isolated_mean_duration,-0.1086552740072816,4.458416407770021
id_40,isolated_std_duration,-0.006752644683022193,4.458416407770021
id_40,seq_oral_geni___oral_oral_active_count,1.0256143424200066,4.458416407770021
id_40,seq_oral_geni___oral_oral_passive_count,0.5576028082615676,4.458416407770021
id_40,seq_oral_geni___oral_oral_mean_duration,0.45092285040430824,4.458416407770021
id_40,seq_oral_geni___oral_oral_std_duration,-0.12499385416839719,4.458416407770021
id_40,seq_oral_oral___oral_genital_active_count,-0.06385732613081271,4.458416407770021
id_40,seq_oral_oral___oral_genital_passive_count,-1.2003671799534625,4.458416407770021
id_40,seq_oral_oral___oral_genital_mean_duration,0.17099900564663884,4.458416407770021
id_40,seq_oral_oral___oral_genital_std_duration,-0.058129238757987166,4.458416407770021
id_41,Approach_active_count,0.2705597797834517,4.042722348903228
id_41,Approach_passive_count,-0.10530081666772802,4.042722348903228
id_41,Approach_mean_duration,0.7714432014073869,4.042722348903228
id_41,Approach_std_duration,-0.6595895059791494,4.042722348903228
id_41,Approach_contact_active_count,-0.5685523818363158,4.042722348903228
id_41,Approach_contact_passive_count,0.62954314652083,4.042722348903228
id_41,Approach_contact_mean_duration,-0.14773172029634607,4.042722348903228
id_41,Approach_contact_std_duration,-1.1832150171338396,4.042722348903228
id_41,Approach_rear_active_count,1.258190242991502,4.042722348903228
id_41,Approach_rear_passive_count,-0.07446343168464392,4.042722348903228
id_41,Approach_rear_mean_duration,0.7302498520196541,4.042722348903228
id_41,Approach_rear_std_duration,-0.5083528929003367,4.042722348903228
id_41,Break_contact_active_count,0.08806959110779598,4.042722348903228
id_41,Break_contact_passive_count,0.16190586220561404,4.042722348903228
id_41,Break_contact_mean_duration,0.41992882029699924,4.042722348903228
id_41,Break_contact_std_duration,-0.0786178241681734,4.042722348903228
id_41,Center_Zone_count,-0.7332357023554372,4.042722348903228
id_41,Center_Zone_mean_duration,-0.09051136981601288,4.042722348903228
id_41,Center_Zone_std_duration,-0.49229245040735825,4.042722348903228
id_41,Contact_active_count,-0.1708297711004235,4.042722348903228
id_41,Contact_passive_count,-0.2704501429029714,4.042722348903228
id_41,Contact_mean_duration,0.19879139068499424,4.042722348903228
id_41,Contact_std_duration,-0.3178210605961804,4.042722348903228
id_41,Get_away_active_count,-0.09022765171778882,4.042722348903228
id_41,Get_away_passive_count,1.1423366888154955,4.042722348903228
id_41,Get_away_mean_duration,0.5368437475647746,4.042722348903228
id_41,Get_away_std_duration,0.09936881793895364,4.042722348903228
id_41,Group_3_break_count,-0.26630647567233123,4.042722348903228
id_41,Group_3_break_mean_duration,0.1783679484183657,4.042722348903228
id_41,Group_3_break_std_duration,0.028570976903140467,4.042722348903228
id_41,Group_3_make_count,0.12794789871038814,4.042722348903228
id_41,Group_3_make_mean_duration,0.10186656850714197,4.042722348903228
id_41,Group_3_make_std_duration,-0.07197216063629991,4.042722348903228
id_41,Group_4_break_count,-0.22852938979226528,4.042722348903228
id_41,Group_4_break_mean_duration,-0.36489178907485426,4.042722348903228
id_41,Group_4_break_std_duration,0.5291702734171402,4.042722348903228
id_41,Group_4_make_count,0.09706296695133648,4.042722348903228
id_41,Group_4_make_mean_duration,0.14049799242599134,4.042722348903228
id_41,Group_4_make_std_duration,-0.2719951019874111,4.042722348903228
id_41,Group2_active_count,0.30803615054424943,4.042722348903228
id_41,Group2_passive_count,0.32772054430019276,4.042722348903228
id_41,Group2_mean_duration,-0.3187003255525003,4.042722348903228
id_41,Group2_std_duration,0.3812592011172906,4.042722348903228
id_41,Huddling_count,-0.2728769059498025,4.042722348903228
id_41,Huddling_mean_duration,-0.5680444761303202,4.042722348903228
id_41,Huddling_std_duration,0.31486540809208596,4.042722348903228
id_41,Move_in_contact_active_count,-0.9454984096034472,4.042722348903228
id_41,Move_in_contact_passive_count,0.9151507588504831,4.042722348903228
id_41,Move_in_contact_mean_duration,0.05602448721787219,4.042722348903228
id_41,Move_in_contact_std_duration,-0.37947512767529373,4.042722348903228
id_41,Move_isolated_count,-0.5006757329047107,4.042722348903228
id_41,Move_isolated_mean_duration,0.6963633791656927,4.042722348903228
id_41,Move_isolated_std_duration,-0.16027712300599475,4.042722348903228
id_41,Oral_genital_Contact_active_count,-1.3694009605145787,4.042722348903228
id_41,Oral_genital_Contact_passive_count,-2.5299761693542493,4.042722348903228
id_41,Oral_genital_Contact_mean_duration,-1.7439298156965484,4.042722348903228
id_41,Oral_genital_Contact_std_duration,0.37216834822307,4.042722348903228
id_41,Oral_oral_Contact_active_count,0.2448618619936716,4.042722348903228
id_41,Oral_oral_Contact_passive_count,0.24486186199489093,4.042722348903228
id_41,Oral_oral_Contact_mean_duration,-0.7153361534475196,4.042722348903228
id_41,Oral_oral_Contact_std_duration,0.3873584704817559,4.042722348903228
id_41,Periphery_Zone_count,0.34465365006642057,4.042722348903228
id_41,Periphery_Zone_mean_duration,1.139650446467541,4.042722348903228
id_41,Periphery_Zone_std_duration,-2.0184164369316497,4.042722348903228
id_41,Rear_at_periphery_count,0.4045336698104935,4.042722348903228
id_41,Rear_at_periphery_mean_duration,-0.8838114093551698,4.042722348903228
id_41,Rear_at_periphery_std_duration,0.18036516684709886,4.042722348903228
id_41,Rear_in_centerWindow_count,-0.03914633389421799,4.042722348903228
id_41,Rear_in_centerWindow_mean_duration,-0.2644077487507562,4.042722348903228
id_41,Rear_in_centerWindow_std_duration,-0.01982496482812838,4.042722348903228
id_41,Rear_in_contact_count,-0.2007354384582316,4.042722348903228
id_41,Rear_in_contact_mean_duration,-0.7115348619357595,4.042722348903228
id_41,Rear_in_contact_std_duration,0.3500767198461648,4.042722348903228
id_41,Rear_isolated_count,-0.5324278411305915,4.042722348903228
id_41,Rear_isolated_mean_duration,1.3279423384450937,4.042722348903228
id_41,Rear_isolated_std_duration,-0.24173492819003636,4.042722348903228
id_41,Rearing_count,-1.048886929590822,4.042722348903228
id_41,Rearing_mean_duration,-0.9225018690089984,4.042722348903228
id_41,Rearing_std_duration,-0.08317743541908765,4.042722348903228
id_41,SAP_count,1.0669816478003342,4.042722348903228
id_41,SAP_mean_duration,0.3748867962357714,4.042722348903228
id_41,SAP_std_duration,0.06949142229098933,4.042722348903228
id_41,Side_by_side_Contact_active_count,-0.32846566420831097,4.042722348903228
id_41,Side_by_side_Contact_passive_count,-0.3284656642083656,4.042722348903228
id_41,Side_by_side_Contact_mean_duration,1.8332182777590957,4.042722348903228
id_41,Side_by_side_Contact_std_duration,-0.3847945136122969,4.042722348903228
id_41,Side_by_side_Contact_opposite_way_active_count,0.20375358929927123,4.042722348903228
id_41,Side_by_side_Contact_opposite_way_passive_count,0.2037535892993139,4.042722348903228
id_41,Side_by_side_Contact_opposite_way_mean_duration,0.528236859757674,4.042722348903228
id_41,Side_by_side_Contact_opposite_way_std_duration,-0.29962081840639654,4.042722348903228
id_41,Social_approach_active_count,-0.09189162123248876,4.042722348903228
id_41,Social_approach_passive_count,-0.18522657877352156,4.042722348903228
id_41,Social_approach_mean_duration,0.12390071959899181,4.042722348903228
id_41,Social_approach_std_duration,1.3369035387345503,4.042722348903228
id_41,Social_escape_active_count,-0.5937309363584613,4.042722348903228
id_41,Social_escape_passive_count,0.02449735690100565,4.042722348903228
id_41,Social_escape_mean_duration,0.2601647954769735,4.042722348903228
id_41,Social_escape_std_duration,0.5760673091344085,4.042722348903228
id_41,Stop_count,1.0108532389863845,4.042722348903228
id_41,Stop_mean_duration,0.4103835188128277,4.042722348903228
id_41,Stop_std_duration,0.7043058385880474,4.042722348903228
id_41,Stop_in_contact_active_count,-0.31790422309264155,4.042722348903228
id_41,Stop_in_contact_passive_count,0.6983320942359849,4.042722348903228
id_41,Stop_in_contact_mean_duration,-2.0324399508178472,4.042722348903228
id_41,Stop_in_contact_std_duration,-0.490831567448619,4.042722348903228
id_41,Stop_isolated_count,0.819801554281936,4.042722348903228
id_41,Stop_isolated_mean_duration,1.407953470128195,4.042722348903228
id_41,Stop_isolated_std_duration,-0.691066245202458,4.042722348903228
id_41,Train2_active_count,-0.037818582041419496,4.042722348903228
id_41,Train2_passive_count,-0.045453869261278826,4.042722348903228
id_41,Train2_mean_duration,-0.2579228631571089,4.042722348903228
id_41,Train2_std_duration,0.3631010060671203,4.042722348903228
id_41,WallJump_count,-0.20684742882310678,4.042722348903228
id_41,WallJump_mean_duration,0.19518046018109964,4.042722348903228
id_41,WallJump_std_duration,-0.19850965034116133,4.042722348903228
id_41,isolated_count,-0.26871663464043116,4.042722348903228
id_41,isolated_mean_duration,0.3361615101907262,4.042722348903228
id_41,isolated_std_duration,-0.030197798632373898,4.042722348903228
id_41,seq_oral_geni___oral_oral_active_count,0.5012843193396375,4.042722348903228
id_41,seq_oral_geni___oral_oral_passive_count,0.08826114980996927,4.042722348903228
id_41,seq_oral_geni___oral_oral_mean_duration,0.7107212475844124,4.042722348903228
id_41,seq_oral_geni___oral_oral_std_duration,-0.2808652754199583,4.042722348903228
id_41,seq_oral_oral___oral_genital_active_count,-0.2220565494185407,4.042722348903228
id_41,seq_oral_oral___oral_genital_passive_count,1.031913479851831,4.042722348903228
id_41,seq_oral_oral___oral_genital_mean_duration,0.032109913149760395,4.042722348903228
id_41,seq_oral_oral___oral_genital_std_duration,0.0665078159805009,4.042722348903228
id_42,Approach_active_count,-0.06271287138546291,2.912744840025973
id_42,Approach_passive_count,0.11469916598020916,2.912744840025973
id_42,Approach_mean_duration,1.4613671610140406,2.912744840025973
id_42,Approach_std_duration,-1.0194388914966168,2.912744840025973
id_42,Approach_contact_active_count,-1.677678967216887,2.912744840025973
id_42,Approach_contact_passive_count,-1.1088418305514367,2.912744840025973
id_42,Approach_contact_mean_duration,-1.3116138981299237,2.912744840025973
id_42,Approach_contact_std_duration,0.43303258868589584,2.912744840025973
id_42,Approach_rear_active_count,-1.3552882728368014,2.912744840025973
id_42,Approach_rear_passive_count,0.020709203208448795,2.912744840025973
id_42,Approach_rear_mean_duration,0.09097812832309574,2.912744840025973
id_42,Approach_rear_std_duration,-0.12529861233551878,2.912744840025973
id_42,Break_contact_active_count,0.31857783343797735,2.912744840025973
id_42,Break_contact_passive_count,-0.1629688938560396,2.912744840025973
id_42,Break_contact_mean_duration,0.0283995278029109,2.912744840025973
id_42,Break_contact_std_duration,0.1423564463993002,2.912744840025973
id_42,Center_Zone_count,-1.5135345149257333,2.912744840025973
id_42,Center_Zone_mean_duration,-0.1483597108924606,2.912744840025973
id_42,Center_Zone_std_duration,-0.053771079407406205,2.912744840025973
id_42,Contact_active_count,-0.4382703879361897,2.912744840025973
id_42,Contact_passive_count,-0.3920656436849216,2.912744840025973
id_42,Contact_mean_duration,-0.30096521213383426,2.912744840025973
id_42,Contact_std_duration,0.16401961360896355,2.912744840025973
id_42,Get_away_active_count,-0.5868344867197834,2.912744840025973
id_42,Get_away_passive_count,0.40527778326254565,2.912744840025973
id_42,Get_away_mean_duration,-1.0866862003570599,2.912744840025973
id_42,Get_away_std_duration,-0.32227410943539386,2.912744840025973
id_42,Group_3_break_count,0.4380622845082444,2.912744840025973
id_42,Group_3_break_mean_duration,-0.10667801327882469,2.912744840025973
id_42,Group_3_break_std_duration,0.012842476693764626,2.912744840025973
id_42,Group_3_make_count,-0.7716897593611906,2.912744840025973
id_42,Group_3_make_mean_duration,0.18093707865981354,2.912744840025973
id_42,Group_3_make_std_duration,-0.10221704469479793,2.912744840025973
id_42,Group_4_break_count,-0.18961142233311834,2.912744840025973
id_42,Group_4_break_mean_duration,-0.3824336237259707,2.912744840025973
id_42,Group_4_break_std_duration,-0.09965963243949817,2.912744840025973
id_42,Group_4_make_count,0.17688568676004549,2.912744840025973
id_42,Group_4_make_mean_duration,0.4449718191039502,2.912744840025973
id_42,Group_4_make_std_duration,0.07503293345671126,2.912744840025973
id_42,Group2_active_count,1.8055290224086196,2.912744840025973
id_42,Group2_passive_count,1.8003648481566834,2.912744840025973
id_42,Group2_mean_duration,-0.10162760136596731,2.912744840025973
id_42,Group2_std_duration,-0.4298923564496827,2.912744840025973
id_42,Huddling_count,-0.4922151549156273,2.912744840025973
id_42,Huddling_mean_duration,0.1753554929341373,2.912744840025973
id_42,Huddling_std_duration,-0.1190659323822066,2.912744840025973
id_42,Move_in_contact_active_count,-0.38677231600241946,2.912744840025973
id_42,Move_in_contact_passive_count,1.8035554226832136,2.912744840025973
id_42,Move_in_contact_mean_duration,-0.9835407340820919,2.912744840025973
id_42,Move_in_contact_std_duration,0.581380794340809,2.912744840025973
id_42,Move_isolated_count,1.376678598384822,2.912744840025973
id_42,Move_isolated_mean_duration,0.23167120017136322,2.912744840025973
id_42,Move_isolated_std_duration,-0.11419983059028907,2.912744840025973
id_42,Oral_genital_Contact_active_count,1.7607687490417898,2.912744840025973
id_42,Oral_genital_Contact_passive_count,-0.01495739888032616,2.912744840025973
id_42,Oral_genital_Contact_mean_duration,-0.21509960028230196,2.912744840025973
id_42,Oral_genital_Contact_std_duration,0.07267229463434181,2.912744840025973
id_42,Oral_oral_Contact_active_count,0.5013586454543367,2.912744840025973
id_42,Oral_oral_Contact_passive_count,0.5013586454539132,2.912744840025973
id_42,Oral_oral_Contact_mean_duration,0.48163402766532004,2.912744840025973
id_42,Oral_oral_Contact_std_duration,-0.17939176280174465,2.912744840025973
id_42,Periphery_Zone_count,-0.29552427628309436,2.912744840025973
id_42,Periphery_Zone_mean_duration,-2.497820437324023,2.912744840025973
id_42,Periphery_Zone_std_duration,2.2065262842605398,2.912744840025973
id_42,Rear_at_periphery_count,-1.1427126254498452,2.912744840025973
id_42,Rear_at_periphery_mean_duration,0.3951948600564204,2.912744840025973
id_42,Rear_at_periphery_std_duration,0.01523434666654167,2.912744840025973
id_42,Rear_in_centerWindow_count,0.22084985763976656,2.912744840025973
id_42,Rear_in_centerWindow_mean_duration,0.16016681440584166,2.912744840025973
id_42,Rear_in_centerWindow_std_duration,-0.14355985789996398,2.912744840025973
id_42,Rear_in_contact_count,-0.24803355388655718,2.912744840025973
id_42,Rear_in_contact_mean_duration,0.6516503519817903,2.912744840025973
id_42,Rear_in_contact_std_duration,-0.16349713485361195,2.912744840025973
id_42,Rear_isolated_count,0.8790032859363247,2.912744840025973
id_42,Rear_isolated_mean_duration,-0.2349305502219105,2.912744840025973
id_42,Rear_isolated_std_duration,-0.004109359244432786,2.912744840025973
id_42,Rearing_count,-0.23389061141722176,2.912744840025973
id_42,Rearing_mean_duration,0.18339909353841283,2.912744840025973
id_42,Rearing_std_duration,-0.22788898488784853,2.912744840025973
id_42,SAP_count,-0.5076071072343054,2.912744840025973
id_42,SAP_mean_duration,0.03607641900023735,2.912744840025973
id_42,SAP_std_duration,-0.0969441427954742,2.912744840025973
id_42,Side_by_side_Contact_active_count,0.32712554507870967,2.912744840025973
id_42,Side_by_side_Contact_passive_count,0.3271255450788468,2.912744840025973
id_42,Side_by_side_Contact_mean_duration,-1.110809093270401,2.912744840025973
id_42,Side_by_side_Contact_std_duration,0.3669143529578285,2.912744840025973
id_42,Side_by_side_Contact_opposite_way_active_count,-0.48731793790767103,2.912744840025973
id_42,Side_by_side_Contact_opposite_way_passive_count,-0.4873179379076864,2.912744840025973
id_42,Side_by_side_Contact_opposite_way_mean_duration,0.05685085217596818,2.912744840025973
id_42,Side_by_side_Contact_opposite_way_std_duration,0.022882421354838044,2.912744840025973
id_42,Social_approach_active_count,-0.09022624222029534,2.912744840025973
id_42,Social_approach_passive_count,0.9720249408826204,2.912744840025973
id_42,Social_approach_mean_duration,-2.3142842149964227,2.912744840025973
id_42,Social_approach_std_duration,1.1149903007532669,2.912744840025973
id_42,Social_escape_active_count,0.46283033726409845,2.912744840025973
id_42,Social_escape_passive_count,-0.4915218222013885,2.912744840025973
id_42,Social_escape_mean_duration,0.9138674079708526,2.912744840025973
id_42,Social_escape_std_duration,-0.12537177711684358,2.912744840025973
id_42,Stop_count,0.3049923850612392,2.912744840025973
id_42,Stop_mean_duration,0.5944862867565955,2.912744840025973
id_42,Stop_std_duration,-0.34730701193118135,2.912744840025973
id_42,Stop_in_contact_active_count,-0.060898112629826584,2.912744840025973
id_42,Stop_in_contact_passive_count,1.0908402419110883,2.912744840025973
id_42,Stop_in_contact_mean_duration,0.35564526119072787,2.912744840025973
id_42,Stop_in_contact_std_duration,0.6148644943182816,2.912744840025973
id_42,Stop_isolated_count,-0.4421465028302908,2.912744840025973
id_42,Stop_isolated_mean_duration,-0.9824438342068696,2.912744840025973
id_42,Stop_isolated_std_duration,0.21209887785318002,2.912744840025973
id_42,Train2_active_count,-0.009549430206604056,2.912744840025973
id_42,Train2_passive_count,0.18395855847507112,2.912744840025973
id_42,Train2_mean_duration,0.30257525816055575,2.912744840025973
id_42,Train2_std_duration,-0.19580929556028112,2.912744840025973
id_42,WallJump_count,-0.003420941027038585,2.912744840025973
id_42,WallJump_mean_duration,0.09313478800856224,2.912744840025973
id_42,WallJump_std_duration,-0.11008699323023072,2.912744840025973
id_42,isolated_count,1.0490665936656478,2.912744840025973
id_42,isolated_mean_duration,0.3302717135935144,2.912744840025973
id_42,isolated_std_duration,-0.03975339027397889,2.912744840025973
id_42,seq_oral_geni___oral_oral_active_count,0.11238021272355866,2.912744840025973
id_42,seq_oral_geni___oral_oral_passive_count,0.06635421622923489,2.912744840025973
id_42,seq_oral_geni___oral_oral_mean_duration,-0.07342922413211551,2.912744840025973
id_42,seq_oral_geni___oral_oral_std_duration,0.0983146663190913,2.912744840025973
id_42,seq_oral_oral___oral_genital_active_count,-0.6549795618610144,2.912744840025973
id_42,seq_oral_oral___oral_genital_passive_count,0.017503978474338776,2.912744840025973
id_42,seq_oral_oral___oral_genital_mean_duration,-0.6673008687649805,2.912744840025973
id_42,seq_oral_oral___oral_genital_std_duration,0.07267691987852416,2.912744840025973
id_43,Approach_active_count,0.6860062309469974,2.735092439056173
id_43,Approach_passive_count,0.23941163536046536,2.735092439056173
id_43,Approach_mean_duration,0.8405181831198882,2.735092439056173
id_43,Approach_std_duration,-0.14946710790439424,2.735092439056173
id_43,Approach_contact_active_count,0.9315514889150622,2.735092439056173
id_43,Approach_contact_passive_count,0.9106798345567558,2.735092439056173
id_43,Approach_contact_mean_duration,0.3918548655898235,2.735092439056173
id_43,Approach_contact_std_duration,-0.5114503477729375,2.735092439056173
id_43,Approach_rear_active_count,1.15417628638702,2.735092439056173
id_43,Approach_rear_passive_count,-0.1412996297571584,2.735092439056173
id_43,Approach_rear_mean_duration,-1.6907975844957963,2.735092439056173
id_43,Approach_rear_std_duration,0.5717503252743104,2.735092439056173
id_43,Break_contact_active_count,-0.1815328234037991,2.735092439056173
id_43,Break_contact_passive_count,-0.574757629097486,2.735092439056173
id_43,Break_contact_mean_duration,-0.07428810786709557,2.735092439056173
id_43,Break_contact_std_duration,0.06025356693039786,2.735092439056173
id_43,Center_Zone_count,-0.7654242361365368,2.735092439056173
id_43,Center_Zone_mean_duration,0.3827962925809018,2.735092439056173
id_43,Center_Zone_std_duration,0.02068877978009318,2.735092439056173
id_43,Contact_active_count,0.14704317040388543,2.735092439056173
id_43,Contact_passive_count,0.0791315618149628,2.735092439056173
id_43,Contact_mean_duration,0.2679841818071145,2.735092439056173
id_43,Contact_std_duration,-0.3811131811873727,2.735092439056173
id_43,Get_away_active_count,0.9232893510403956,2.735092439056173
id_43,Get_away_passive_count,-0.5440696036687215,2.735092439056173
id_43,Get_away_mean_duration,-1.0069272753577212,2.735092439056173
id_43,Get_away_std_duration,-0.016945770188748585,2.735092439056173
id_43,Group_3_break_count,-0.0033641673265708137,2.735092439056173
id_43,Group_3_break_mean_duration,-0.031445141867616135,2.735092439056173
id_43,Group_3_break_std_duration,0.10460476615589888,2.735092439056173
id_43,Group_3_make_count,-0.03357690388220728,2.735092439056173
id_43,Group_3_make_mean_duration,0.13069559223806732,2.735092439056173
id_43,Group_3_make_std_duration,-0.21625530719328867,2.735092439056173
id_43,Group_4_break_count,-0.3661854617005432,2.735092439056173
id_43,Group_4_break_mean_duration,-0.184706040521272,2.735092439056173
id_43,Group_4_break_std_duration,-0.1867264520532896,2.735092439056173
id_43,Group_4_make_count,0.407665543974607,2.735092439056173
id_43,Group_4_make_mean_duration,-0.1971592081506118,2.735092439056173
id_43,Group_4_make_std_duration,0.3025410325576807,2.735092439056173
id_43,Group2_active_count,-0.1822253062841432,2.735092439056173
id_43,Group2_passive_count,-0.14394045311615739,2.735092439056173
id_43,Group2_mean_duration,-0.5923114121258359,2.735092439056173
id_43,Group2_std_duration,-0.13097765228774658,2.735092439056173
id_43,Huddling_count,0.060250328630493094,2.735092439056173
id_43,Huddling_mean_duration,-0.26274938675002607,2.735092439056173
id_43,Huddling_std_duration,0.16555880468461234,2.735092439056173
id_43,Move_in_contact_active_count,0.12172179567456416,2.735092439056173
id_43,Move_in_contact_passive_count,0.7868855886378546,2.735092439056173
id_43,Move_in_contact_mean_duration,-1.0668119706565113,2.735092439056173
id_43,Move_in_contact_std_duration,-0.0480281098079983,2.735092439056173
id_43,Move_isolated_count,-0.9540972919655195,2.735092439056173
id_43,Move_isolated_mean_duration,-0.27680505470600664,2.735092439056173
id_43,Move_isolated_std_duration,-0.03809183025158381,2.735092439056173
id_43,Oral_genital_Contact_active_count,-1.3906751391319123,2.735092439056173
id_43,Oral_genital_Contact_passive_count,1.565449442322138,2.735092439056173
id_43,Oral_genital_Contact_mean_duration,-0.19194255589454742,2.735092439056173
id_43,Oral_genital_Contact_std_duration,0.2123131995803488,2.735092439056173
id_43,Oral_oral_Contact_active_count,1.1020703678151447,2.735092439056173
id_43,Oral_oral_Contact_passive_count,1.1020703678139285,2.735092439056173
id_43,Oral_oral_Contact_mean_duration,1.102889209620478,2.735092439056173
id_43,Oral_oral_Contact_std_duration,-0.547677603124741,2.735092439056173
id_43,Periphery_Zone_count,0.6539375989207082,2.735092439056173
id_43,Periphery_Zone_mean_duration,-0.09810935959373297,2.735092439056173
id_43,Periphery_Zone_std_duration,0.6750661935429741,2.735092439056173
id_43,Rear_at_periphery_count,0.37851196533200493,2.735092439056173
id_43,Rear_at_periphery_mean_duration,0.7750686564833505,2.735092439056173
id_43,Rear_at_periphery_std_duration,-0.2693816754787161,2.735092439056173
id_43,Rear_in_centerWindow_count,0.33829244708565787,2.735092439056173
id_43,Rear_in_centerWindow_mean_duration,0.30364540005889906,2.735092439056173
id_43,Rear_in_centerWindow_std_duration,-0.24202296409693944,2.735092439056173
id_43,Rear_in_contact_count,-0.8943231466928961,2.735092439056173
id_43,Rear_in_contact_mean_duration,0.5051285404852067,2.735092439056173
id_43,Rear_in_contact_std_duration,-0.2314599228509408,2.735092439056173
id_43,Rear_isolated_count,-0.6861530317413252,2.735092439056173
id_43,Rear_isolated_mean_duration,-0.5512649591629651,2.735092439056173
id_43,Rear_isolated_std_duration,0.24481538674939646,2.735092439056173
id_43,Rearing_count,-1.3896558741874234,2.735092439056173
id_43,Rearing_mean_duration,-1.032096312638917,2.735092439056173
id_43,Rearing_std_duration,-0.03741582278634471,2.735092439056173
id_43,SAP_count,-0.2817038641227288,2.735092439056173
id_43,SAP_mean_duration,0.1232176556657949,2.735092439056173
id_43,SAP_std_duration,-0.2274313717125455,2.735092439056173
id_43,Side_by_side_Contact_active_count,0.30788399166848773,2.735092439056173
id_43,Side_by_side_Contact_passive_count,0.3078839916686676,2.735092439056173
id_43,Side_by_side_Contact_mean_duration,-1.8776566349812338,2.735092439056173
id_43,Side_by_side_Contact_std_duration,0.6220214833883365,2.735092439056173
id_43,Side_by_side_Contact_opposite_way_active_count,0.6326201049982828,2.735092439056173
id_43,Side_by_side_Contact_opposite_way_passive_count,0.6326201049981569,2.735092439056173
id_43,Side_by_side_Contact_opposite_way_mean_duration,-0.4495690522912583,2.735092439056173
id_43,Side_by_side_Contact_opposite_way_std_duration,0.2029521161423588,2.735092439056173
id_43,Social_approach_active_count,-1.6652971313600182,2.735092439056173
id_43,Social_approach_passive_count,-0.5743800779357373,2.735092439056173
id_43,Social_approach_mean_duration,0.8869465603793779,2.735092439056173
id_43,Social_approach_std_duration,-0.5045158629732888,2.735092439056173
id_43,Social_escape_active_count,0.029958662150540563,2.735092439056173
id_43,Social_escape_passive_count,-0.16417481278749002,2.735092439056173
id_43,Social_escape_mean_duration,1.9722529387261167,2.735092439056173
id_43,Social_escape_std_duration,0.21557734001166368,2.735092439056173
id_43,Stop_count,1.570816912813828,2.735092439056173
id_43,Stop_mean_duration,1.6913695257438512,2.735092439056173
id_43,Stop_std_duration,-0.6120434131128232,2.735092439056173
id_43,Stop_in_contact_active_count,0.7736376849454479,2.735092439056173
id_43,Stop_in_contact_passive_count,-1.1613347521241453,2.735092439056173
id_43,Stop_in_contact_mean_duration,-0.03336676496294906,2.735092439056173
id_43,Stop_in_contact_std_duration,0.6581103482044146,2.735092439056173
id_43,Stop_isolated_count,0.5201997458622881,2.735092439056173
id_43,Stop_isolated_mean_duration,-0.9523720148944211,2.735092439056173
id_43,Stop_isolated_std_duration,0.5739249272736499,2.735092439056173
id_43,Train2_active_count,0.1384729369749071,2.735092439056173
id_43,Train2_passive_count,0.031197152974789893,2.735092439056173
id_43,Train2_mean_duration,0.045404263430906915,2.735092439056173
id_43,Train2_std_duration,-0.03862232488322016,2.735092439056173
id_43,WallJump_count,-0.11999056676246714,2.735092439056173
id_43,WallJump_mean_duration,0.02895689919336953,2.735092439056173
id_43,WallJump_std_duration,0.025168765837933448,2.735092439056173
id_43,isolated_count,-0.47347088930067377,2.735092439056173
id_43,isolated_mean_duration,-0.24530181657201233,2.735092439056173
id_43,isolated_std_duration,-0.001017166358048101,2.735092439056173
id_43,seq_oral_geni___oral_oral_active_count,0.2963487169092292,2.735092439056173
id_43,seq_oral_geni___oral_oral_passive_count,-0.9849525240557018,2.735092439056173
id_43,seq_oral_geni___oral_oral_mean_duration,-0.20527770083224534,2.735092439056173
id_43,seq_oral_geni___oral_oral_std_duration,0.009659021332063573,2.735092439056173
id_43,seq_oral_oral___oral_genital_active_count,-0.9279441517841807,2.735092439056173
id_43,seq_oral_oral___oral_genital_passive_count,-0.15107694321909554,2.735092439056173
id_43,seq_oral_oral___oral_genital_mean_duration,0.09990116120401674,2.735092439056173
id_43,seq_oral_oral___oral_genital_std_duration,0.1768900955015469,2.735092439056173
id_44,Approach_active_count,-0.328656449933265,2.5422624952776163
id_44,Approach_passive_count,0.4609004865220766,2.5422624952776163
id_44,Approach_mean_duration,-0.15732205991977358,2.5422624952776163
id_44,Approach_std_duration,-0.38097842933627496,2.5422624952776163
id_44,Approach_contact_active_count,0.6985885852270635,2.5422624952776163
id_44,Approach_contact_passive_count,-1.6752043045912781,2.5422624952776163
id_44,Approach_contact_mean_duration,0.28652386360081117,2.5422624952776163
id_44,Approach_contact_std_duration,0.0778144272031123,2.5422624952776163
id_44,Approach_rear_active_count,-2.4583773387550316,2.5422624952776163
id_44,Approach_rear_passive_count,0.33329566225977464,2.5422624952776163
id_44,Approach_rear_mean_duration,0.07207770090302656,2.5422624952776163
id_44,Approach_rear_std_duration,0.2900752349165824,2.5422624952776163
id_44,Break_contact_active_count,-0.4030930687983505,2.5422624952776163
id_44,Break_contact_passive_count,-0.16720829747895788,2.5422624952776163
id_44,Break_contact_mean_duration,-0.05359175943175993,2.5422624952776163
id_44,Break_contact_std_duration,-0.060462759486649316,2.5422624952776163
id_44,Center_Zone_count,-0.7156423474295742,2.5422624952776163
id_44,Center_Zone_mean_duration,-0.027201270442767832,2.5422624952776163
id_44,Center_Zone_std_duration,0.27343463412690594,2.5422624952776163
id_44,Contact_active_count,0.6031883552498912,2.5422624952776163
id_44,Contact_passive_count,0.5853226603734696,2.5422624952776163
id_44,Contact_mean_duration,0.14097069778707533,2.5422624952776163
id_44,Contact_std_duration,-0.2532888335108089,2.5422624952776163
id_44,Get_away_active_count,-0.05104708376724866,2.5422624952776163
id_44,Get_away_passive_count,-0.2459910597558666,2.5422624952776163
id_44,Get_away_mean_duration,1.0633285816714066,2.5422624952776163
id_44,Get_away_std_duration,0.050590214217423754,2.5422624952776163
id_44,Group_3_break_count,-0.301388410360101,2.5422624952776163
id_44,Group_3_break_mean_duration,0.2975516548651638,2.5422624952776163
id_44,Group_3_break_std_duration,-0.07309531801364855,2.5422624952776163
id_44,Group_3_make_count,-0.01727659783999303,2.5422624952776163
id_44,Group_3_make_mean_duration,-0.25328924243956774,2.5422624952776163
id_44,Group_3_make_std_duration,-0.01388958129268483,2.5422624952776163
id_44,Group_4_break_count,0.14684673653797956,2.5422624952776163
id_44,Group_4_break_mean_duration,-0.23798947388800357,2.5422624952776163
id_44,Group_4_break_std_duration,0.04383347430803033,2.5422624952776163
id_44,Group_4_make_count,-0.04218375493373512,2.5422624952776163
id_44,Group_4_make_mean_duration,-0.2148469501514749,2.5422624952776163
id_44,Group_4_make_std_duration,0.020696447619738937,2.5422624952776163
id_44,Group2_active_count,-2.1245592999553753,2.5422624952776163
id_44,Group2_passive_count,-2.124940824297787,2.5422624952776163
id_44,Group2_mean_duration,-0.320086651309468,2.5422624952776163
id_44,Group2_std_duration,0.16665477204943407,2.5422624952776163
id_44,Huddling_count,0.6529850516238693,2.5422624952776163
id_44,Huddling_mean_duration,0.2795006882810516,2.5422624952776163
id_44,Huddling_std_duration,-0.22631584098110216,2.5422624952776163
id_44,Move_in_contact_active_count,0.6459547408934445,2.5422624952776163
id_44,Move_in_contact_passive_count,1.7038740431568857,2.5422624952776163
id_44,Move_in_contact_mean_duration,0.08362622160722488,2.5422624952776163
id_44,Move_in_contact_std_duration,0.05065104138436671,2.5422624952776163
id_44,Move_isolated_count,-1.3216963844960028,2.5422624952776163
id_44,Move_isolated_mean_duration,-0.8265423007293832,2.5422624952776163
id_44,Move_isolated_std_duration,0.19942806587111955,2.5422624952776163
id_44,Oral_genital_Contact_active_count,0.2421461163493529,2.5422624952776163
id_44,Oral_genital_Contact_passive_count,-1.5964382742839671,2.5422624952776163
id_44,Oral_genital_Contact_mean_duration,1.013747074119796,2.5422624952776163
id_44,Oral_genital_Contact_std_duration,-0.257966494720889,2.5422624952776163
id_44,Oral_oral_Contact_active_count,0.5815608869679536,2.5422624952776163
id_44,Oral_oral_Contact_passive_count,0.5815608869680501,2.5422624952776163
id_44,Oral_oral_Contact_mean_duration,0.23796254648479193,2.5422624952776163
id_44,Oral_oral_Contact_std_duration,0.1161493883850065,2.5422624952776163
id_44,Periphery_Zone_count,0.928358842629509,2.5422624952776163
id_44,Periphery_Zone_mean_duration,-0.22530436102390253,2.5422624952776163
id_44,Periphery_Zone_std_duration,0.9715098795252269,2.5422624952776163
id_44,Rear_at_periphery_count,-0.12261020035530983,2.5422624952776163
id_44,Rear_at_periphery_mean_duration,0.046972805072860786,2.5422624952776163
id_44,Rear_at_periphery_std_duration,0.03331727627734732,2.5422624952776163
id_44,Rear_in_centerWindow_count,0.04451470393700072,2.5422624952776163
id_44,Rear_in_centerWindow_mean_duration,0.12366342697426168,2.5422624952776163
id_44,Rear_in_centerWindow_std_duration,0.01455150252432842,2.5422624952776163
id_44,Rear_in_contact_count,1.2767128521291138,2.5422624952776163
id_44,Rear_in_contact_mean_duration,0.08597130542570129,2.5422624952776163
id_44,Rear_in_contact_std_duration,-0.1554759985296765,2.5422624952776163
id_44,Rear_isolated_count,-0.12249144140500018,2.5422624952776163
id_44,Rear_isolated_mean_duration,-0.0685456239349644,2.5422624952776163
id_44,Rear_isolated_std_duration,-0.18678711708599038,2.5422624952776163
id_44,Rearing_count,-0.3508202681827693,2.5422624952776163
id_44,Rearing_mean_duration,-0.17929650255355464,2.5422624952776163
id_44,Rearing_std_duration,0.04065252895847905,2.5422624952776163
id_44,SAP_count,0.12698618565271072,2.5422624952776163
id_44,SAP_mean_duration,-0.23926739952753245,2.5422624952776163
id_44,SAP_std_duration,0.07412161788653157,2.5422624952776163
id_44,Side_by_side_Contact_active_count,1.5874977919670006,2.5422624952776163
id_44,Side_by_side_Contact_passive_count,1.5874977919671147,2.5422624952776163
id_44,Side_by_side_Contact_mean_duration,-0.9810544048060694,2.5422624952776163
id_44,Side_by_side_Contact_std_duration,0.022246640843304074,2.5422624952776163
id_44,Side_by_side_Contact_opposite_way_active_count,-0.4948121741398706,2.5422624952776163
id_44,Side_by_side_Contact_opposite_way_passive_count,-0.49481217413979983,2.5422624952776163
id_44,Side_by_side_Contact_opposite_way_mean_duration,-0.10942030362676479,2.5422624952776163
id_44,Side_by_side_Contact_opposite_way_std_duration,-0.2126271151277127,2.5422624952776163
id_44,Social_approach_active_count,1.1737976537018202,2.5422624952776163
id_44,Social_approach_passive_count,-0.658698357870577,2.5422624952776163
id_44,Social_approach_mean_duration,-1.101427293756524,2.5422624952776163
id_44,Social_approach_std_duration,1.0175082174990486,2.5422624952776163
id_44,Social_escape_active_count,-0.7391793964784279,2.5422624952776163
id_44,Social_escape_passive_count,0.6852051439108939,2.5422624952776163
id_44,Social_escape_mean_duration,-0.2034513533279443,2.5422624952776163
id_44,Social_escape_std_duration,-0.3888030962984304,2.5422624952776163
id_44,Stop_count,0.14278102576662882,2.5422624952776163
id_44,Stop_mean_duration,0.5155661983848344,2.5422624952776163
id_44,Stop_std_duration,-0.46512381525858804,2.5422624952776163
id_44,Stop_in_contact_active_count,-0.1773414574177829,2.5422624952776163
id_44,Stop_in_contact_passive_count,0.3422167477674388,2.5422624952776163
id_44,Stop_in_contact_mean_duration,-0.9181289820297652,2.5422624952776163
id_44,Stop_in_contact_std_duration,1.4205593748245204,2.5422624952776163
id_44,Stop_isolated_count,1.363952264673407,2.5422624952776163
id_44,Stop_isolated_mean_duration,-0.2814050767024943,2.5422624952776163
id_44,Stop_isolated_std_duration,0.4342499001698745,2.5422624952776163
id_44,Train2_active_count,0.024001329858489906,2.5422624952776163
id_44,Train2_passive_count,0.0024227795693244998,2.5422624952776163
id_44,Train2_mean_duration,0.12522502416011527,2.5422624952776163
id_44,Train2_std_duration,-0.19698429326694847,2.5422624952776163
id_44,WallJump_count,0.0620891972717096,2.5422624952776163
id_44,WallJump_mean_duration,-0.020497768770810793,2.5422624952776163
id_44,WallJump_std_duration,0.05203707142295953,2.5422624952776163
id_44,isolated_count,-0.40856467816903974,2.5422624952776163
id_44,isolated_mean_duration,0.21394023993495756,2.5422624952776163
id_44,isolated_std_duration,-0.17484133358812595,2.5422624952776163
id_44,seq_oral_geni___oral_oral_active_count,-0.17784579610299203,2.5422624952776163
id_44,seq_oral_geni___oral_oral_passive_count,-0.5459410673814322,2.5422624952776163
id_44,seq_oral_geni___oral_oral_mean_duration,-0.410737954397342,2.5422624952776163
id_44,seq_oral_geni___oral_oral_std_duration,0.12923034443306977,2.5422624952776163
id_44,seq_oral_oral___oral_genital_active_count,0.41240365694472114,2.5422624952776163
id_44,seq_oral_oral___oral_genital_passive_count,-0.2867754354390299,2.5422624952776163
id_44,seq_oral_oral___oral_genital_mean_duration,0.27616431221253546,2.5422624952776163
id_44,seq_oral_oral___oral_genital_std_duration,-0.03174719793385475,2.5422624952776163
id_45,Approach_active_count,0.19199426697376956,2.1795046073483904
id_45,Approach_passive_count,-0.20988813967542114,2.1795046073483904
id_45,Approach_mean_duration,0.24020979330400316,2.1795046073483904
id_45,Approach_std_duration,0.07180750946577884,2.1795046073483904
id_45,Approach_contact_active_count,0.29499833220444643,2.1795046073483904
id_45,Approach_contact_passive_count,2.321723159834372,2.1795046073483904
id_45,Approach_contact_mean_duration,0.5306026910560994,2.1795046073483904
id_45,Approach_contact_std_duration,0.00814607136567272,2.1795046073483904
id_45,Approach_rear_active_count,0.6651792782198785,2.1795046073483904
id_45,Approach_rear_passive_count,0.38892610677464395,2.1795046073483904
id_45,Approach_rear_mean_duration,0.24753478843024418,2.1795046073483904
id_45,Approach_rear_std_duration,-0.33084103456508823,2.1795046073483904
id_45,Break_contact_active_count,-0.09172929831141824,2.1795046073483904
id_45,Break_contact_passive_count,-0.45612886147721005,2.1795046073483904
id_45,Break_contact_mean_duration,-0.00803327021629905,2.1795046073483904
id_45,Break_contact_std_duration,0.024987415635114182,2.1795046073483904
id_45,Center_Zone_count,0.38767649517382874,2.1795046073483904
id_45,Center_Zone_mean_duration,0.36583657918763696,2.1795046073483904
id_45,Center_Zone_std_duration,-0.15812584377280547,2.1795046073483904
id_45,Contact_active_count,0.11426076328766806,2.1795046073483904
id_45,Contact_passive_count,0.07397909977380775,2.1795046073483904
id_45,Contact_mean_duration,0.4637688190809927,2.1795046073483904
id_45,Contact_std_duration,-0.4402297369334115,2.1795046073483904
id_45,Get_away_active_count,1.9203460469554772,2.1795046073483904
id_45,Get_away_passive_count,-0.13215010078584807,2.1795046073483904
id_45,Get_away_mean_duration,-0.9893112904903538,2.1795046073483904
id_45,Get_away_std_duration,-0.6965302738488344,2.1795046073483904
id_45,Group_3_break_count,0.06601968755181975,2.1795046073483904
id_45,Group_3_break_mean_duration,0.027685528337283476,2.1795046073483904
id_45,Group_3_break_std_duration,-0.13910379033893264,2.1795046073483904
id_45,Group_3_make_count,0.003947783600824981,2.1795046073483904
id_45,Group_3_make_mean_duration,0.06333084641727646,2.1795046073483904
id_45,Group_3_make_std_duration,0.1327387039909085,2.1795046073483904
id_45,Group_4_break_count,-0.3591261463252788,2.1795046073483904
id_45,Group_4_break_mean_duration,-0.04854372584166458,2.1795046073483904
id_45,Group_4_break_std_duration,0.32178025080101164,2.1795046073483904
id_45,Group_4_make_count,0.3546221124085145,2.1795046073483904
id_45,Group_4_make_mean_duration,0.35371545353599126,2.1795046073483904
id_45,Group_4_make_std_duration,-0.3940593533464005,2.1795046073483904
id_45,Group2_active_count,-0.7483381798282913,2.1795046073483904
id_45,Group2_passive_count,-0.7300092792077487,2.1795046073483904
id_45,Group2_mean_duration,-1.3339797673472977,2.1795046073483904
id_45,Group2_std_duration,0.24246223739174225,2.1795046073483904
id_45,Huddling_count,0.2735348431633562,2.1795046073483904
id_45,Huddling_mean_duration,-0.2259292197278895,2.1795046073483904
id_45,Huddling_std_duration,0.051006646844152376,2.1795046073483904
id_45,Move_in_contact_active_count,1.4875335133546932,2.1795046073483904
id_45,Move_in_contact_passive_count,0.7529602380422636,2.1795046073483904
id_45,Move_in_contact_mean_duration,0.38265908571558277,2.1795046073483904
id_45,Move_in_contact_std_duration,-0.08641916753577875,2.1795046073483904
id_45,Move_isolated_count,1.0289861030706455,2.1795046073483904
id_45,Move_isolated_mean_duration,0.06618184137972775,2.1795046073483904
id_45,Move_isolated_std_duration,-0.08145065687828683,2.1795046073483904
id_45,Oral_genital_Contact_active_count,0.2190059373479052,2.1795046073483904
id_45,Oral_genital_Contact_passive_count,-1.1885893295116905,2.1795046073483904
id_45,Oral_genital_Contact_mean_duration,-0.8914959586930117,2.1795046073483904
id_45,Oral_genital_Contact_std_duration,0.1779330342693085,2.1795046073483904
id_45,Oral_oral_Contact_active_count,-0.41158529450400283,2.1795046073483904
id_45,Oral_oral_Contact_passive_count,-0.4115852945020214,2.1795046073483904
id_45,Oral_oral_Contact_mean_duration,-0.6021764833860705,2.1795046073483904
id_45,Oral_oral_Contact_std_duration,0.1130174724938195,2.1795046073483904
id_45,Periphery_Zone_count,-0.9097424668774501,2.1795046073483904
id_45,Periphery_Zone_mean_duration,-0.3706907759514783,2.1795046073483904
id_45,Periphery_Zone_std_duration,0.1791464267965912,2.1795046073483904
id_45,Rear_at_periphery_count,-0.3815371672952056,2.1795046073483904
id_45,Rear_at_periphery_mean_duration,-0.2760651186595564,2.1795046073483904
id_45,Rear_at_periphery_std_duration,0.08511295858220459,2.1795046073483904
id_45,Rear_in_centerWindow_count,-0.09052052147499447,2.1795046073483904
id_45,Rear_in_centerWindow_mean_duration,0.17315972179187758,2.1795046073483904
id_45,Rear_in_centerWindow_std_duration,-0.15362160638971661,2.1795046073483904
id_45,Rear_in_contact_count,-0.7043921923677297,2.1795046073483904
id_45,Rear_in_contact_mean_duration,0.10476576871173371,2.1795046073483904
id_45,Rear_in_contact_std_duration,0.17314668160271593,2.1795046073483904
id_45,Rear_isolated_count,-0.31705644285885015,2.1795046073483904
id_45,Rear_isolated_mean_duration,0.5200636687747752,2.1795046073483904
id_45,Rear_isolated_std_duration,-0.1234934241746784,2.1795046073483904
id_45,Rearing_count,-0.06714894249333991,2.1795046073483904
id_45,Rearing_mean_duration,-0.20409975761563667,2.1795046073483904
id_45,Rearing_std_duration,0.15577771009372532,2.1795046073483904
id_45,SAP_count,-0.49261932956457444,2.1795046073483904
id_45,SAP_mean_duration,0.04232893361619588,2.1795046073483904
id_45,SAP_std_duration,0.10883709793281052,2.1795046073483904
id_45,Side_by_side_Contact_active_count,-0.13042053265441542,2.1795046073483904
id_45,Side_by_side_Contact_passive_count,-0.13042053265432504,2.1795046073483904
id_45,Side_by_side_Contact_mean_duration,0.8589431529158493,2.1795046073483904
id_45,Side_by_side_Contact_std_duration,-0.17379064993673002,2.1795046073483904
id_45,Side_by_side_Contact_opposite_way_active_count,-1.2636431439344706,2.1795046073483904
id_45,Side_by_side_Contact_opposite_way_passive_count,-1.2636431439344258,2.1795046073483904
id_45,Side_by_side_Contact_opposite_way_mean_duration,0.24503912190857935,2.1795046073483904
id_45,Side_by_side_Contact_opposite_way_std_duration,-0.05751890997692199,2.1795046073483904
id_45,Social_approach_active_count,0.8679847120831079,2.1795046073483904
id_45,Social_approach_passive_count,-1.2411493848333082,2.1795046073483904
id_45,Social_approach_mean_duration,0.22979758636814376,2.1795046073483904
id_45,Social_approach_std_duration,0.09887669224443363,2.1795046073483904
id_45,Social_escape_active_count,-0.8089551216690312,2.1795046073483904
id_45,Social_escape_passive_count,1.537996568325787,2.1795046073483904
id_45,Social_escape_mean_duration,-0.242514407236597,2.1795046073483904
id_45,Social_escape_std_duration,1.0271907984903925,2.1795046073483904
id_45,Stop_count,0.9754379254349057,2.1795046073483904
id_45,Stop_mean_duration,1.1300740390994588,2.1795046073483904
id_45,Stop_std_duration,-0.29156150104016515,2.1795046073483904
id_45,Stop_in_contact_active_count,-0.8869571517211159,2.1795046073483904
id_45,Stop_in_contact_passive_count,0.6978687562730359,2.1795046073483904
id_45,Stop_in_contact_mean_duration,1.2118485213013175,2.1795046073483904
id_45,Stop_in_contact_std_duration,-0.4313061569133746,2.1795046073483904
id_45,Stop_isolated_count,-0.8771697388861096,2.1795046073483904
id_45,Stop_isolated_mean_duration,-0.9050543971952245,2.1795046073483904
id_45,Stop_isolated_std_duration,-0.06423033903394437,2.1795046073483904
id_45,Train2_active_count,-0.09386633805973302,2.1795046073483904
id_45,Train2_passive_count,0.019604496557958782,2.1795046073483904
id_45,Train2_mean_duration,0.042049168326294496,2.1795046073483904
id_45,Train2_std_duration,-0.01569307542910853,2.1795046073483904
id_45,WallJump_count,-0.043568720164007764,2.1795046073483904
id_45,WallJump_mean_duration,0.18407109898284632,2.1795046073483904
id_45,WallJump_std_duration,-0.12125971559486028,2.1795046073483904
id_45,isolated_count,0.047336609576904234,2.1795046073483904
id_45,isolated_mean_duration,-0.05683398754404759,2.1795046073483904
id_45,isolated_std_duration,-0.012935229898822738,2.1795046073483904
id_45,seq_oral_geni___oral_oral_active_count,-0.39354078613616617,2.1795046073483904
id_45,seq_oral_geni___oral_oral_passive_count,-0.24162958952751099,2.1795046073483904
id_45,seq_oral_geni___oral_oral_mean_duration,0.5139744511873097,2.1795046073483904
id_45,seq_oral_geni___oral_oral_std_duration,-0.15530073711748135,2.1795046073483904
id_45,seq_oral_oral___oral_genital_active_count,0.35420617070492194,2.1795046073483904
id_45,seq_oral_oral___oral_genital_passive_count,1.170323631024167,2.1795046073483904
id_45,seq_oral_oral___oral_genital_mean_duration,-0.4037239011478367,2.1795046073483904
id_45,seq_oral_oral___oral_genital_std_duration,0.09518220671664636,2.1795046073483904
id_46,Approach_active_count,-0.3379686994506498,1.9285455239653067
id_46,Approach_passive_count,-0.499779200579966,1.9285455239653067
id_46,Approach_mean_duration,-0.05539902489290977,1.9285455239653067
id_46,Approach_std_duration,0.4942736479006021,1.9285455239653067
id_46,Approach_contact_active_count,-2.154329743256745,1.9285455239653067
id_46,Approach_contact_passive_count,-0.20396519588955794,1.9285455239653067
id_46,Approach_contact_mean_duration,-0.6679980607433202,1.9285455239653067
id_46,Approach_contact_std_duration,0.7425867313377315,1.9285455239653067
id_46,Approach_rear_active_count,1.3897107757560598,1.9285455239653067
id_46,Approach_rear_passive_count,0.0458091268840322,1.9285455239653067
id_46,Approach_rear_mean_duration,-0.4761217046516353,1.9285455239653067
id_46,Approach_rear_std_duration,-0.24243753703398047,1.9285455239653067
id_46,Break_contact_active_count,0.04980524519222981,1.9285455239653067
id_46,Break_contact_passive_count,-0.2172017376910652,1.9285455239653067
id_46,Break_contact_mean_duration,-0.19421329831654702,1.9285455239653067
id_46,Break_contact_std_duration,0.10438060513434579,1.9285455239653067
id_46,Center_Zone_count,-0.25904654076894285,1.9285455239653067
id_46,Center_Zone_mean_duration,0.6993135301173782,1.9285455239653067
id_46,Center_Zone_std_duration,-0.26993393210061783,1.9285455239653067
id_46,Contact_active_count,-0.17721896843392815,1.9285455239653067
id_46,Contact_passive_count,-0.32334066027913283,1.9285455239653067
id_46,Contact_mean_duration,-1.315386357040242,1.9285455239653067
id_46,Contact_std_duration,0.6707710138777203,1.9285455239653067
id_46,Get_away_active_count,-0.49413688344558265,1.9285455239653067
id_46,Get_away_passive_count,-0.7385622138714908,1.9285455239653067
id_46,Get_away_mean_duration,-0.2723195970864327,1.9285455239653067
id_46,Get_away_std_duration,1.2206522763410836,1.9285455239653067
id_46,Group_3_break_count,0.378005215082188,1.9285455239653067
id_46,Group_3_break_mean_duration,0.19661730529554627,1.9285455239653067
id_46,Group_3_break_std_duration,0.28081156927450845,1.9285455239653067
id_46,Group_3_make_count,-0.5769851430277906,1.9285455239653067
id_46,Group_3_make_mean_duration,-0.28415356764248223,1.9285455239653067
id_46,Group_3_make_std_duration,-0.16580262510406651,1.9285455239653067
id_46,Group_4_break_count,-0.26103777423189795,1.9285455239653067
id_46,Group_4_break_mean_duration,0.1646700631675204,1.9285455239653067
id_46,Group_4_break_std_duration,-0.34114925982541716,1.9285455239653067
id_46,Group_4_make_count,0.5258350702198767,1.9285455239653067
id_46,Group_4_make_mean_duration,0.16183829173802453,1.9285455239653067
id_46,Group_4_make_std_duration,0.14166920181192522,1.9285455239653067
id_46,Group2_active_count,-0.7371930435760755,1.9285455239653067
id_46,Group2_passive_count,-0.7187639566777797,1.9285455239653067
id_46,Group2_mean_duration,-0.34622940388725015,1.9285455239653067
id_46,Group2_std_duration,-0.12714190977080803,1.9285455239653067
id_46,Huddling_count,-0.5791037760192839,1.9285455239653067
id_46,Huddling_mean_duration,-0.22766413764303373,1.9285455239653067
id_46,Huddling_std_duration,0.15452719041817095,1.9285455239653067
id_46,Move_in_contact_active_count,0.2887756434291913,1.9285455239653067
id_46,Move_in_contact_passive_count,0.8311097739325558,1.9285455239653067
id_46,Move_in_contact_mean_duration,0.107213417070292,1.9285455239653067
id_46,Move_in_contact_std_duration,-0.3905753782621757,1.9285455239653067
id_46,Move_isolated_count,0.05588095931690018,1.9285455239653067
id_46,Move_isolated_mean_duration,-0.26020830462902983,1.9285455239653067
id_46,Move_isolated_std_duration,-0.07903057994516918,1.9285455239653067
id_46,Oral_genital_Contact_active_count,1.0825302077668415,1.9285455239653067
id_46,Oral_genital_Contact_passive_count,1.044979192825656,1.9285455239653067
id_46,Oral_genital_Contact_mean_duration,0.39925444344557537,1.9285455239653067
id_46,Oral_genital_Contact_std_duration,0.05368227740390024,1.9285455239653067
id_46,Oral_oral_Contact_active_count,-0.278801228173559,1.9285455239653067
id_46,Oral_oral_Contact_passive_count,-0.27880122817522596,1.9285455239653067
id_46,Oral_oral_Contact_mean_duration,0.8137652670497938,1.9285455239653067
id_46,Oral_oral_Contact_std_duration,0.014683517862056886,1.9285455239653067
id_46,Periphery_Zone_count,0.34738647535929934,1.9285455239653067
id_46,Periphery_Zone_mean_duration,0.6817749129139327,1.9285455239653067
id_46,Periphery_Zone_std_duration,-0.15542174043382195,1.9285455239653067
id_46,Rear_at_periphery_count,-0.7275161005180549,1.9285455239653067
id_46,Rear_at_periphery_mean_duration,-0.17700286905510085,1.9285455239653067
id_46,Rear_at_periphery_std_duration,0.10751622902019903,1.9285455239653067
id_46,Rear_in_centerWindow_count,-0.1592873967861047,1.9285455239653067
id_46,Rear_in_centerWindow_mean_duration,0.13327822218288277,1.9285455239653067
id_46,Rear_in_centerWindow_std_duration,-0.0980281032810462,1.9285455239653067
id_46,Rear_in_contact_count,0.428536215549395,1.9285455239653067
id_46,Rear_in_contact_mean_duration,0.1129368916549744,1.9285455239653067
id_46,Rear_in_contact_std_duration,0.3481379454686937,1.9285455239653067
id_46,Rear_isolated_count,0.8007214426249376,1.9285455239653067
id_46,Rear_isolated_mean_duration,0.538935356803338,1.9285455239653067
id_46,Rear_isolated_std_duration,-0.29718101399338587,1.9285455239653067
id_46,Rearing_count,0.6189942118644141,1.9285455239653067
id_46,Rearing_mean_duration,0.25442857740491975,1.9285455239653067
id_46,Rearing_std_duration,0.06508116448505862,1.9285455239653067
id_46,SAP_count,0.4307067437583582,1.9285455239653067
id_46,SAP_mean_duration,-0.1548163675416746,1.9285455239653067
id_46,SAP_std_duration,0.01951830894055023,1.9285455239653067
id_46,Side_by_side_Contact_active_count,-0.1294012818227147,1.9285455239653067
id_46,Side_by_side_Contact_passive_count,-0.12940128182244526,1.9285455239653067
id_46,Side_by_side_Contact_mean_duration,-0.12556686435086473,1.9285455239653067
id_46,Side_by_side_Contact_std_duration,0.03384056706735148,1.9285455239653067
id_46,Side_by_side_Contact_opposite_way_active_count,1.028742398004006,1.9285455239653067
id_46,Side_by_side_Contact_opposite_way_passive_count,1.0287423980040702,1.9285455239653067
id_46,Side_by_side_Contact_opposite_way_mean_duration,0.050625486304587415,1.9285455239653067
id_46,Side_by_side_Contact_opposite_way_std_duration,0.08976393064759716,1.9285455239653067
id_46,Social_approach_active_count,1.4203988523055195,1.9285455239653067
id_46,Social_approach_passive_count,0.3710309572235965,1.9285455239653067
id_46,Social_approach_mean_duration,0.6076456148933047,1.9285455239653067
id_46,Social_approach_std_duration,-2.229040216741892,1.9285455239653067
id_46,Social_escape_active_count,-1.5177173781267173,1.9285455239653067
id_46,Social_escape_passive_count,1.3614660619096235,1.9285455239653067
id_46,Social_escape_mean_duration,-1.5877037069479254,1.9285455239653067
id_46,Social_escape_std_duration,-0.4054039451960139,1.9285455239653067
id_46,Stop_count,1.1598396105140165,1.9285455239653067
id_46,Stop_mean_duration,0.4242695587381484,1.9285455239653067
id_46,Stop_std_duration,0.16159435138189945,1.9285455239653067
id_46,Stop_in_contact_active_count,-0.45080175772398823,1.9285455239653067
id_46,Stop_in_contact_passive_count,0.18002404050273962,1.9285455239653067
id_46,Stop_in_contact_mean_duration,0.9640524838059283,1.9285455239653067
id_46,Stop_in_contact_std_duration,0.19554204060554845,1.9285455239653067
id_46,Stop_isolated_count,1.2706011073994246,1.9285455239653067
id_46,Stop_isolated_mean_duration,-1.043569458606642,1.9285455239653067
id_46,Stop_isolated_std_duration,-0.09088079736314038,1.9285455239653067
id_46,Train2_active_count,0.12885228441208144,1.9285455239653067
id_46,Train2_passive_count,-0.062125545046623064,1.9285455239653067
id_46,Train2_mean_duration,0.18754265475447596,1.9285455239653067
id_46,Train2_std_duration,-0.2960206158079076,1.9285455239653067
id_46,WallJump_count,-0.12509367660174167,1.9285455239653067
id_46,WallJump_mean_duration,-0.05305002970506516,1.9285455239653067
id_46,WallJump_std_duration,0.02146443679471419,1.9285455239653067
id_46,isolated_count,-0.12438136956907349,1.9285455239653067
id_46,isolated_mean_duration,-0.25543904429470465,1.9285455239653067
id_46,isolated_std_duration,0.13513669376705167,1.9285455239653067
id_46,seq_oral_geni___oral_oral_active_count,-0.5785926850078282,1.9285455239653067
id_46,seq_oral_geni___oral_oral_passive_count,-0.9546427574850496,1.9285455239653067
id_46,seq_oral_geni___oral_oral_mean_duration,-0.3386721742514907,1.9285455239653067
id_46,seq_oral_geni___oral_oral_std_duration,-0.027037443910776462,1.9285455239653067
id_46,seq_oral_oral___oral_genital_active_count,-0.216795742776425,1.9285455239653067
id_46,seq_oral_oral___oral_genital_passive_count,0.06983088737344882,1.9285455239653067
id_46,seq_oral_oral___oral_genital_mean_duration,-0.30560591801673015,1.9285455239653067
id_46,seq_oral_oral___oral_genital_std_duration,0.20244980515200495,1.9285455239653067
id_47,Approach_active_count,0.012570215846146569,1.5220664015049636
id_47,Approach_passive_count,-0.5677178244724074,1.5220664015049636
id_47,Approach_mean_duration,-0.15895606946739624,1.5220664015049636
id_47,Approach_std_duration,-0.18659853092649029,1.5220664015049636
id_47,Approach_contact_active_count,-0.3351806259448849,1.5220664015049636
id_47,Approach_contact_passive_count,-0.7043349169630011,1.5220664015049636
id_47,Approach_contact_mean_duration,0.18431751641749905,1.5220664015049636
id_47,Approach_contact_std_duration,0.11382525720915994,1.5220664015049636
id_47,Approach_rear_active_count,1.1174514244211209,1.5220664015049636
id_47,Approach_rear_passive_count,0.9990356116770743,1.5220664015049636
id_47,Approach_rear_mean_duration,0.20622639624071568,1.5220664015049636
id_47,Approach_rear_std_duration,0.10516985124794086,1.5220664015049636
id_47,Break_contact_active_count,0.0803407635526176,1.5220664015049636
id_47,Break_contact_passive_count,0.03763202651419034,1.5220664015049636
id_47,Break_contact_mean_duration,0.09284817861531745,1.5220664015049636
id_47,Break_contact_std_duration,-0.007496496998541248,1.5220664015049636
id_47,Center_Zone_count,-0.45625277037455464,1.5220664015049636
id_47,Center_Zone_mean_duration,0.34936873716593553,1.5220664015049636
id_47,Center_Zone_std_duration,-0.2049403994806263,1.5220664015049636
id_47,Contact_active_count,0.2536147886581057,1.5220664015049636
id_47,Contact_passive_count,0.25584421238524185,1.5220664015049636
id_47,Contact_mean_duration,-1.0422046546433636,1.5220664015049636
id_47,Contact_std_duration,0.4427321835694316,1.5220664015049636
id_47,Get_away_active_count,1.3471241891385282,1.5220664015049636
id_47,Get_away_passive_count,-0.08040350785635281,1.5220664015049636
id_47,Get_away_mean_duration,-0.869564872019493,1.5220664015049636
id_47,Get_away_std_duration,-0.060368901716775406,1.5220664015049636
id_47,Group_3_break_count,0.3845677591651792,1.5220664015049636
id_47,Group_3_break_mean_duration,-0.11623952635291775,1.5220664015049636
id_47,Group_3_break_std_duration,-0.10041616663993118,1.5220664015049636
id_47,Group_3_make_count,-0.31223911486859324,1.5220664015049636
id_47,Group_3_make_mean_duration,0.1518412917289004,1.5220664015049636
id_47,Group_3_make_std_duration,0.03139066276207204,1.5220664015049636
id_47,Group_4_break_count,-0.11010683758929136,1.5220664015049636
id_47,Group_4_break_mean_duration,-0.034254091980563034,1.5220664015049636
id_47,Group_4_break_std_duration,0.12691047266166616,1.5220664015049636
id_47,Group_4_make_count,-0.2588295553652032,1.5220664015049636
id_47,Group_4_make_mean_duration,-0.08169861131494556,1.5220664015049636
id_47,Group_4_make_std_duration,-0.009828622860962559,1.5220664015049636
id_47,Group2_active_count,-0.0971105354959389,1.5220664015049636
id_47,Group2_passive_count,-0.08475799897950481,1.5220664015049636
id_47,Group2_mean_duration,0.6426097923289397,1.5220664015049636
id_47,Group2_std_duration,-0.2149763849464229,1.5220664015049636
id_47,Huddling_count,0.3693153363975994,1.5220664015049636
id_47,Huddling_mean_duration,0.06231007543275592,1.5220664015049636
id_47,Huddling_std_duration,-0.04011005818552431,1.5220664015049636
id_47,Move_in_contact_active_count,0.9441855249190529,1.5220664015049636
id_47,Move_in_contact_passive_count,0.18847776426369242,1.5220664015049636
id_47,Move_in_contact_mean_duration,1.4648674843142686,1.5220664015049636
id_47,Move_in_contact_std_duration,0.0981794617264089,1.5220664015049636
id_47,Move_isolated_count,-1.139630594751767,1.5220664015049636
id_47,Move_isolated_mean_duration,-0.31138149804191134,1.5220664015049636
id_47,Move_isolated_std_duration,0.12245689950295019,1.5220664015049636
id_47,Oral_genital_Contact_active_count,0.0979287949269698,1.5220664015049636
id_47,Oral_genital_Contact_passive_count,-0.5827747523658453,1.5220664015049636
id_47,Oral_genital_Contact_mean_duration,0.184171089200431,1.5220664015049636
id_47,Oral_genital_Contact_std_duration,0.052378970020270005,1.5220664015049636
id_47,Oral_oral_Contact_active_count,0.1160388896274359,1.5220664015049636
id_47,Oral_oral_Contact_passive_count,0.11603888962738654,1.5220664015049636
id_47,Oral_oral_Contact_mean_duration,0.21364012750218064,1.5220664015049636
id_47,Oral_oral_Contact_std_duration,-0.10586555738523018,1.5220664015049636
id_47,Periphery_Zone_count,0.30352938196918033,1.5220664015049636
id_47,Periphery_Zone_mean_duration,-0.5352297842960543,1.5220664015049636
id_47,Periphery_Zone_std_duration,0.396469794402018,1.5220664015049636
id_47,Rear_at_periphery_count,0.8982072039889453,1.5220664015049636
id_47,Rear_at_periphery_mean_duration,-1.137065959830957,1.5220664015049636
id_47,Rear_at_periphery_std_duration,0.5188508836528131,1.5220664015049636
id_47,Rear_in_centerWindow_count,-0.2276948663867404,1.5220664015049636
id_47,Rear_in_centerWindow_mean_duration,-0.31280374215262696,1.5220664015049636
id_47,Rear_in_centerWindow_std_duration,0.34673555570865083,1.5220664015049636
id_47,Rear_in_contact_count,-0.6512687789150171,1.5220664015049636
id_47,Rear_in_contact_mean_duration,-0.22067848632987738,1.5220664015049636
id_47,Rear_in_contact_std_duration,-0.1170097007468155,1.5220664015049636
id_47,Rear_isolated_count,-0.32022303084261333,1.5220664015049636
id_47,Rear_isolated_mean_duration,1.187844591546745,1.5220664015049636
id_47,Rear_isolated_std_duration,-0.5574790241442911,1.5220664015049636
id_47,Rearing_count,0.7084783316666752,1.5220664015049636
id_47,Rearing_mean_duration,0.7700919395887414,1.5220664015049636
id_47,Rearing_std_duration,-0.09900332664987227,1.5220664015049636
id_47,SAP_count,0.8199308291987594,1.5220664015049636
id_47,SAP_mean_duration,0.35396115924377675,1.5220664015049636
id_47,SAP_std_duration,-0.25920805209870035,1.5220664015049636
id_47,Side_by_side_Contact_active_count,-0.14923256560026976,1.5220664015049636
id_47,Side_by_side_Contact_passive_count,-0.14923256560049317,1.5220664015049636
id_47,Side_by_side_Contact_mean_duration,0.009632913101475144,1.5220664015049636
id_47,Side_by_side_Contact_std_duration,0.07105567702104718,1.5220664015049636
id_47,Side_by_side_Contact_opposite_way_active_count,-0.6788623597067796,1.5220664015049636
id_47,Side_by_side_Contact_opposite_way_passive_count,-0.6788623597065252,1.5220664015049636
id_47,Side_by_side_Contact_opposite_way_mean_duration,0.7886709668755243,1.5220664015049636
id_47,Side_by_side_Contact_opposite_way_std_duration,-0.12420435324431253,1.5220664015049636
id_47,Social_approach_active_count,-1.3251305150624682,1.5220664015049636
id_47,Social_approach_passive_count,-0.7667958157223382,1.5220664015049636
id_47,Social_approach_mean_duration,-1.116188371627489,1.5220664015049636
id_47,Social_approach_std_duration,0.30427381229787664,1.5220664015049636
id_47,Social_escape_active_count,-0.7873584626763519,1.5220664015049636
id_47,Social_escape_passive_count,0.5249328495487503,1.5220664015049636
id_47,Social_escape_mean_duration,0.39824435852142126,1.5220664015049636
id_47,Social_escape_std_duration,-0.6450338007840896,1.5220664015049636
id_47,Stop_count,-0.371637868934398,1.5220664015049636
id_47,Stop_mean_duration,0.4159626277273313,1.5220664015049636
id_47,Stop_std_duration,-0.13442054103831846,1.5220664015049636
id_47,Stop_in_contact_active_count,0.5322478156098243,1.5220664015049636
id_47,Stop_in_contact_passive_count,-0.7325100808041792,1.5220664015049636
id_47,Stop_in_contact_mean_duration,0.13451575199295307,1.5220664015049636
id_47,Stop_in_contact_std_duration,0.01585272777749347,1.5220664015049636
id_47,Stop_isolated_count,0.6285191589727088,1.5220664015049636
id_47,Stop_isolated_mean_duration,-1.348200450451515,1.5220664015049636
id_47,Stop_isolated_std_duration,0.23126000911234681,1.5220664015049636
id_47,Train2_active_count,0.01574881298428057,1.5220664015049636
id_47,Train2_passive_count,0.09310844510915296,1.5220664015049636
id_47,Train2_mean_duration,0.03240884236088567,1.5220664015049636
id_47,Train2_std_duration,0.01603615971663515,1.5220664015049636
id_47,WallJump_count,-0.03566631430408497,1.5220664015049636
id_47,WallJump_mean_duration,0.126005739969917,1.5220664015049636
id_47,WallJump_std_duration,-0.06876776490868049,1.5220664015049636
id_47,isolated_count,0.8274927260040541,1.5220664015049636
id_47,isolated_mean_duration,0.22738567980466268,1.5220664015049636
id_47,isolated_std_duration,-0.0688142165607999,1.5220664015049636
id_47,seq_oral_geni___oral_oral_active_count,0.5233223240930849,1.5220664015049636
id_47,seq_oral_geni___oral_oral_passive_count,0.5148201809544515,1.5220664015049636
id_47,seq_oral_geni___oral_oral_mean_duration,0.5564894332228374,1.5220664015049636
id_47,seq_oral_geni___oral_oral_std_duration,-0.07277776618593945,1.5220664015049636
id_47,seq_oral_oral___oral_genital_active_count,-0.8993071892720265,1.5220664015049636
id_47,seq_oral_oral___oral_genital_passive_count,-0.3983128582766168,1.5220664015049636
id_47,seq_oral_oral___oral_genital_mean_duration,-0.7726578807149774,1.5220664015049636
id_47,seq_oral_oral___oral_genital_std_duration,0.15736294118232183,1.5220664015049636
id_48,Approach_active_count,-0.03351830005842424,1.3873220656948633
id_48,Approach_passive_count,-0.07124802085322106,1.3873220656948633
id_48,Approach_mean_duration,0.6389653143923605,1.3873220656948633
id_48,Approach_std_duration,-0.2662245350220854,1.3873220656948633
id_48,Approach_contact_active_count,1.997681200937017,1.3873220656948633
id_48,Approach_contact_passive_count,1.9653343313627505,1.3873220656948633
id_48,Approach_contact_mean_duration,-0.7823064001817541,1.3873220656948633
id_48,Approach_contact_std_duration,0.3809789453067728,1.3873220656948633
id_48,Approach_rear_active_count,0.2847564326140062,1.3873220656948633
id_48,Approach_rear_passive_count,-0.5905762826668324,1.3873220656948633
id_48,Approach_rear_mean_duration,0.7287435830688321,1.3873220656948633
id_48,Approach_rear_std_duration,0.12458084269385358,1.3873220656948633
id_48,Break_contact_active_count,-0.11934722316989771,1.3873220656948633
id_48,Break_contact_passive_count,-0.13599460938877744,1.3873220656948633
id_48,Break_contact_mean_duration,0.06856768787930022,1.3873220656948633
id_48,Break_contact_std_duration,-0.10904675024887196,1.3873220656948633
id_48,Center_Zone_count,-0.23021675274231584,1.3873220656948633
id_48,Center_Zone_mean_duration,-0.4693354048131957,1.3873220656948633
id_48,Center_Zone_std_duration,0.14904506818240093,1.3873220656948633
id_48,Contact_active_count,0.6079729613711885,1.3873220656948633
id_48,Contact_passive_count,0.5304296839758901,1.3873220656948633
id_48,Contact_mean_duration,0.15602298849700788,1.3873220656948633
id_48,Contact_std_duration,-0.3753667894343121,1.3873220656948633
id_48,Get_away_active_count,0.14316412787981936,1.3873220656948633
id_48,Get_away_passive_count,-0.12543409859715263,1.3873220656948633
id_48,Get_away_mean_duration,0.020172612443033366,1.3873220656948633
id_48,Get_away_std_duration,-0.6538503739864027,1.3873220656948633
id_48,Group_3_break_count,-0.3238385892395102,1.3873220656948633
id_48,Group_3_break_mean_duration,0.02993131170702982,1.3873220656948633
id_48,Group_3_break_std_duration,-0.2505444313489242,1.3873220656948633
id_48,Group_3_make_count,0.3993203192550643,1.3873220656948633
id_48,Group_3_make_mean_duration,-0.194647902542033,1.3873220656948633
id_48,Group_3_make_std_duration,0.282640763407541,1.3873220656948633
id_48,Group_4_break_count,-0.1880478256882664,1.3873220656948633
id_48,Group_4_break_mean_duration,0.028525563002928196,1.3873220656948633
id_48,Group_4_break_std_duration,-0.1445736092129499,1.3873220656948633
id_48,Group_4_make_count,-0.025951609008011564,1.3873220656948633
id_48,Group_4_make_mean_duration,0.26063478957693714,1.3873220656948633
id_48,Group_4_make_std_duration,0.05270964218502726,1.3873220656948633
id_48,Group2_active_count,-0.4901496424847913,1.3873220656948633
id_48,Group2_passive_count,-0.45076925985063143,1.3873220656948633
id_48,Group2_mean_duration,0.9024284888309446,1.3873220656948633
id_48,Group2_std_duration,-0.2765666788921981,1.3873220656948633
id_48,Huddling_count,-0.7763787101251703,1.3873220656948633
id_48,Huddling_mean_duration,0.4796741142795128,1.3873220656948633
id_48,Huddling_std_duration,-0.14265371596485396,1.3873220656948633
id_48,Move_in_contact_active_count,-0.9791986612763357,1.3873220656948633
id_48,Move_in_contact_passive_count,-2.0463428050023564,1.3873220656948633
id_48,Move_in_contact_mean_duration,0.7832396556113852,1.3873220656948633
id_48,Move_in_contact_std_duration,0.15648789448086325,1.3873220656948633
id_48,Move_isolated_count,0.7688929227990786,1.3873220656948633
id_48,Move_isolated_mean_duration,0.11188537559465626,1.3873220656948633
id_48,Move_isolated_std_duration,0.043294601926677376,1.3873220656948633
id_48,Oral_genital_Contact_active_count,-1.1843485925170516,1.3873220656948633
id_48,Oral_genital_Contact_passive_count,0.8293304278533143,1.3873220656948633
id_48,Oral_genital_Contact_mean_duration,0.09613011498573479,1.3873220656948633
id_48,Oral_genital_Contact_std_duration,0.00841713747835644,1.3873220656948633
id_48,Oral_oral_Contact_active_count,0.4142224623421209,1.3873220656948633
id_48,Oral_oral_Contact_passive_count,0.41422246234153104,1.3873220656948633
id_48,Oral_oral_Contact_mean_duration,-0.02255529607069603,1.3873220656948633
id_48,Oral_oral_Contact_std_duration,0.007502737641351261,1.3873220656948633
id_48,Periphery_Zone_count,0.3420371623744949,1.3873220656948633
id_48,Periphery_Zone_mean_duration,-0.18551269559579472,1.3873220656948633
id_48,Periphery_Zone_std_duration,-0.13766347444665555,1.3873220656948633
id_48,Rear_at_periphery_count,-0.3773925931267551,1.3873220656948633
id_48,Rear_at_periphery_mean_duration,0.4442918628626877,1.3873220656948633
id_48,Rear_at_periphery_std_duration,-0.05259290881154353,1.3873220656948633
id_48,Rear_in_centerWindow_count,0.05152830546376809,1.3873220656948633
id_48,Rear_in_centerWindow_mean_duration,-0.1428234157000506,1.3873220656948633
id_48,Rear_in_centerWindow_std_duration,0.24404717417892957,1.3873220656948633
id_48,Rear_in_contact_count,-1.464334534048809,1.3873220656948633
id_48,Rear_in_contact_mean_duration,-0.20954084904038336,1.3873220656948633
id_48,Rear_in_contact_std_duration,-0.07086255875690343,1.3873220656948633
id_48,Rear_isolated_count,1.5705948954439035,1.3873220656948633
id_48,Rear_isolated_mean_duration,-0.4431548368557874,1.3873220656948633
id_48,Rear_isolated_std_duration,-0.027190750480506808,1.3873220656948633
id_48,Rearing_count,0.6223150923118098,1.3873220656948633
id_48,Rearing_mean_duration,0.6682529069919643,1.3873220656948633
id_48,Rearing_std_duration,-0.17015123018843978,1.3873220656948633
id_48,SAP_count,-0.7657424391885185,1.3873220656948633
id_48,SAP_mean_duration,-0.06139153136972843,1.3873220656948633
id_48,SAP_std_duration,0.07650003411200694,1.3873220656948633
id_48,Side_by_side_Contact_active_count,0.40557311160543136,1.3873220656948633
id_48,Side_by_side_Contact_passive_count,0.40557311160549236,1.3873220656948633
id_48,Side_by_side_Contact_mean_duration,0.11419140918594627,1.3873220656948633
id_48,Side_by_side_Contact_std_duration,-0.15524399856484908,1.3873220656948633
id_48,Side_by_side_Contact_opposite_way_active_count,0.03419489709712856,1.3873220656948633
id_48,Side_by_side_Contact_opposite_way_passive_count,0.03419489709713785,1.3873220656948633
id_48,Side_by_side_Contact_opposite_way_mean_duration,-0.06931152903759043,1.3873220656948633
id_48,Side_by_side_Contact_opposite_way_std_duration,-0.1360743066518301,1.3873220656948633
id_48,Social_approach_active_count,-0.40386597823516074,1.3873220656948633
id_48,Social_approach_passive_count,1.143402917639531,1.3873220656948633
id_48,Social_approach_mean_duration,-1.3780007135138161,1.3873220656948633
id_48,Social_approach_std_duration,0.35923873493501074,1.3873220656948633
id_48,Social_escape_active_count,-1.7775251135689634,1.3873220656948633
id_48,Social_escape_passive_count,0.7029121757125079,1.3873220656948633
id_48,Social_escape_mean_duration,-0.12564188506908122,1.3873220656948633
id_48,Social_escape_std_duration,0.4132781645993627,1.3873220656948633
id_48,Stop_count,-1.5257262067786659,1.3873220656948633
id_48,Stop_mean_duration,-1.1753326382614935,1.3873220656948633
id_48,Stop_std_duration,0.27505801912121514,1.3873220656948633
id_48,Stop_in_contact_active_count,0.44650203346880263,1.3873220656948633
id_48,Stop_in_contact_passive_count,-1.0269749819488123,1.3873220656948633
id_48,Stop_in_contact_mean_duration,-0.17098002505064705,1.3873220656948633
id_48,Stop_in_contact_std_duration,1.137468580040917,1.3873220656948633
id_48,Stop_isolated_count,-0.4865583633196323,1.3873220656948633
id_48,Stop_isolated_mean_duration,0.2625782060242108,1.3873220656948633
id_48,Stop_isolated_std_duration,-0.14472456875919246,1.3873220656948633
id_48,Train2_active_count,0.10389205102376926,1.3873220656948633
id_48,Train2_passive_count,-0.09797096021703011,1.3873220656948633
id_48,Train2_mean_duration,0.0820058820796795,1.3873220656948633
id_48,Train2_std_duration,-0.12630477587130598,1.3873220656948633
id_48,WallJump_count,-0.052538043796476655,1.3873220656948633
id_48,WallJump_mean_duration,-0.036250038079895686,1.3873220656948633
id_48,WallJump_std_duration,0.02906825592491786,1.3873220656948633
id_48,isolated_count,0.1794983637322867,1.3873220656948633
id_48,isolated_mean_duration,0.2926183025129698,1.3873220656948633
id_48,isolated_std_duration,-0.1378523135762965,1.3873220656948633
id_48,seq_oral_geni___oral_oral_active_count,-0.3539722557247213,1.3873220656948633
id_48,seq_oral_geni___oral_oral_passive_count,-0.1919299971154689,1.3873220656948633
id_48,seq_oral_geni___oral_oral_mean_duration,-0.510886082623752,1.3873220656948633
id_48,seq_oral_geni___oral_oral_std_duration,0.127480023534293,1.3873220656948633
id_48,seq_oral_oral___oral_genital_active_count,0.741684205114643,1.3873220656948633
id_48,seq_oral_oral___oral_genital_passive_count,0.11067469453573901,1.3873220656948633
id_48,seq_oral_oral___oral_genital_mean_duration,0.2710716062666863,1.3873220656948633
id_48,seq_oral_oral___oral_genital_std_duration,-0.04118753197708303,1.3873220656948633
id_49,Approach_active_count,-0.2743142342499209,1.2070876509043356
id_49,Approach_passive_count,-0.08285661845432601,1.2070876509043356
id_49,Approach_mean_duration,0.4279888583789556,1.2070876509043356
id_49,Approach_std_duration,-0.4074425808870135,1.2070876509043356
id_49,Approach_contact_active_count,-1.741063177642873,1.2070876509043356
id_49,Approach_contact_passive_count,-0.25086626866355544,1.2070876509043356
id_49,Approach_contact_mean_duration,0.7683630298071408,1.2070876509043356
id_49,Approach_contact_std_duration,-0.6420360544830341,1.2070876509043356
id_49,Approach_rear_active_count,-0.36435468306248814,1.2070876509043356
id_49,Approach_rear_passive_count,-0.11599430903747815,1.2070876509043356
id_49,Approach_rear_mean_duration,1.0516449867678532,1.2070876509043356
id_49,Approach_rear_std_duration,-0.3080935826501171,1.2070876509043356
id_49,Break_contact_active_count,0.412151778210723,1.2070876509043356
id_49,Break_contact_passive_count,0.11059987979866896,1.2070876509043356
id_49,Break_contact_mean_duration,0.10789378814000453,1.2070876509043356
id_49,Break_contact_std_duration,-0.051607820568083024,1.2070876509043356
id_49,Center_Zone_count,-0.6983453275424731,1.2070876509043356
id_49,Center_Zone_mean_duration,0.1768120282273241,1.2070876509043356
id_49,Center_Zone_std_duration,-0.049276053169723256,1.2070876509043356
id_49,Contact_active_count,-0.37645220628925047,1.2070876509043356
id_49,Contact_passive_count,-0.47655594256212236,1.2070876509043356
id_49,Contact_mean_duration,0.49908737918203666,1.2070876509043356
id_49,Contact_std_duration,-0.36142145668678116,1.2070876509043356
id_49,Get_away_active_count,-0.44170863811355887,1.2070876509043356
id_49,Get_away_passive_count,1.13345282369998,1.2070876509043356
id_49,Get_away_mean_duration,0.41524381513658354,1.2070876509043356
id_49,Get_away_std_duration,-0.3575565708208742,1.2070876509043356
id_49,Group_3_break_count,-0.13529358130613445,1.2070876509043356
id_49,Group_3_break_mean_duration,0.03395125014519944,1.2070876509043356
id_49,Group_3_break_std_duration,0.04967624805865905,1.2070876509043356
id_49,Group_3_make_count,0.1430396328082903,1.2070876509043356
id_49,Group_3_make_mean_duration,-0.044467518512391384,1.2070876509043356
id_49,Group_3_make_std_duration,-0.03987513369599968,1.2070876509043356
id_49,Group_4_break_count,-0.16881564703616822,1.2070876509043356
id_49,Group_4_break_mean_duration,0.06521252305468711,1.2070876509043356
id_49,Group_4_break_std_duration,0.33987727029196857,1.2070876509043356
id_49,Group_4_make_count,0.07679796097080917,1.2070876509043356
id_49,Group_4_make_mean_duration,-0.13427406570102596,1.2070876509043356
id_49,Group_4_make_std_duration,-0.2816955514713666,1.2070876509043356
id_49,Group2_active_count,-0.22148227002496662,1.2070876509043356
id_49,Group2_passive_count,-0.22041940152604228,1.2070876509043356
id_49,Group2_mean_duration,-0.39195166963486594,1.2070876509043356
id_49,Group2_std_duration,0.1930760583365281,1.2070876509043356
id_49,Huddling_count,0.18393150938352237,1.2070876509043356
id_49,Huddling_mean_duration,-0.17909225101212767,1.2070876509043356
id_49,Huddling_std_duration,0.03430907022177865,1.2070876509043356
id_49,Move_in_contact_active_count,1.2256827001942556,1.2070876509043356
id_49,Move_in_contact_passive_count,0.01891050952439614,1.2070876509043356
id_49,Move_in_contact_mean_duration,0.6943975182637763,1.2070876509043356
id_49,Move_in_contact_std_duration,-0.5332645728452433,1.2070876509043356
id_49,Move_isolated_count,-0.2507599239814445,1.2070876509043356
id_49,Move_isolated_mean_duration,0.2656113075764957,1.2070876509043356
id_49,Move_isolated_std_duration,-0.12279288494893653,1.2070876509043356
id_49,Oral_genital_Contact_active_count,0.35603263803898144,1.2070876509043356
id_49,Oral_genital_Contact_passive_count,1.0589706264635979,1.2070876509043356
id_49,Oral_genital_Contact_mean_duration,-0.49971974883606446,1.2070876509043356
id_49,Oral_genital_Contact_std_duration,0.1340027068669212,1.2070876509043356
id_49,Oral_oral_Contact_active_count,0.6977192298080764,1.2070876509043356
id_49,Oral_oral_Contact_passive_count,0.6977192298100519,1.2070876509043356
id_49,Oral_oral_Contact_mean_duration,-0.6725312708750111,1.2070876509043356
id_49,Oral_oral_Contact_std_duration,0.1296750141099156,1.2070876509043356
id_49,Periphery_Zone_count,0.5437281038214098,1.2070876509043356
id_49,Periphery_Zone_mean_duration,-0.34908579404005663,1.2070876509043356
id_49,Periphery_Zone_std_duration,0.43057621988566647,1.2070876509043356
id_49,Rear_at_periphery_count,-0.4485594466386982,1.2070876509043356
id_49,Rear_at_periphery_mean_duration,0.4528908755228929,1.2070876509043356
id_49,Rear_at_periphery_std_duration,-0.03604195201076921,1.2070876509043356
id_49,Rear_in_centerWindow_count,-0.0900997234046127,1.2070876509043356
id_49,Rear_in_centerWindow_mean_duration,0.12718045485409016,1.2070876509043356
id_49,Rear_in_centerWindow_std_duration,0.01218973770018108,1.2070876509043356
id_49,Rear_in_contact_count,0.8352833118432093,1.2070876509043356
id_49,Rear_in_contact_mean_duration,-0.5605241897419667,1.2070876509043356
id_49,Rear_in_contact_std_duration,0.031922513751632284,1.2070876509043356
id_49,Rear_isolated_count,0.1610927669006648,1.2070876509043356
id_49,Rear_isolated_mean_duration,-0.6086564062125879,1.2070876509043356
id_49,Rear_isolated_std_duration,0.0029130223290767033,1.2070876509043356
id_49,Rearing_count,-0.5099632786336651,1.2070876509043356
id_49,Rearing_mean_duration,-0.2960724280791074,1.2070876509043356
id_49,Rearing_std_duration,-0.1748505593043581,1.2070876509043356
id_49,SAP_count,0.0269735528046021,1.2070876509043356
id_49,SAP_mean_duration,0.1566488203986659,1.2070876509043356
id_49,SAP_std_duration,-0.018171160867008533,1.2070876509043356
id_49,Side_by_side_Contact_active_count,-1.0880540269071803,1.2070876509043356
id_49,Side_by_side_Contact_passive_count,-1.0880540269064691,1.2070876509043356
id_49,Side_by_side_Contact_mean_duration,0.970789239762139,1.2070876509043356
id_49,Side_by_side_Contact_std_duration,-0.13659818438787985,1.2070876509043356
id_49,Side_by_side_Contact_opposite_way_active_count,-0.2550180334514443,1.2070876509043356
id_49,Side_by_side_Contact_opposite_way_passive_count,-0.25501803345154694,1.2070876509043356
id_49,Side_by_side_Contact_opposite_way_mean_duration,0.6536799423958087,1.2070876509043356
id_49,Side_by_side_Contact_opposite_way_std_duration,-0.10243333733408763,1.2070876509043356
id_49,Social_approach_active_count,0.480800849366526,1.2070876509043356
id_49,Social_approach_passive_count,0.1951648839429884,1.2070876509043356
id_49,Social_approach_mean_duration,0.03382757032602043,1.2070876509043356
id_49,Social_approach_std_duration,0.9290194983667623,1.2070876509043356
id_49,Social_escape_active_count,1.0394856695415788,1.2070876509043356
id_49,Social_escape_passive_count,-0.5675208583542304,1.2070876509043356
id_49,Social_escape_mean_duration,-1.1189496641566694,1.2070876509043356
id_49,Social_escape_std_duration,0.35982635124609047,1.2070876509043356
id_49,Stop_count,1.7180083668342072,1.2070876509043356
id_49,Stop_mean_duration,1.5192166564865375,1.2070876509043356
id_49,Stop_std_duration,-0.18875513142056036,1.2070876509043356
id_49,Stop_in_contact_active_count,-0.9593954635710986,1.2070876509043356
id_49,Stop_in_contact_passive_count,-0.14529252347478133,1.2070876509043356
id_49,Stop_in_contact_mean_duration,-2.190261396814028,1.2070876509043356
id_49,Stop_in_contact_std_duration,0.4640454657635855,1.2070876509043356
id_49,Stop_isolated_count,0.10212004398094858,1.2070876509043356
id_49,Stop_isolated_mean_duration,-0.3283479482451715,1.2070876509043356
id_49,Stop_isolated_std_duration,-0.09477019650300178,1.2070876509043356
id_49,Train2_active_count,-0.16507777132165233,1.2070876509043356
id_49,Train2_passive_count,-0.00409126589380884,1.2070876509043356
id_49,Train2_mean_duration,0.056464154884888415,1.2070876509043356
id_49,Train2_std_duration,-0.028266239926516452,1.2070876509043356
id_49,WallJump_count,-0.007764548573628953,1.2070876509043356
id_49,WallJump_mean_duration,0.20738355523762758,1.2070876509043356
id_49,WallJump_std_duration,-0.08837127798870274,1.2070876509043356
id_49,isolated_count,0.13117308969474775,1.2070876509043356
id_49,isolated_mean_duration,-0.12390975587047989,1.2070876509043356
id_49,isolated_std_duration,0.0680630125232139,1.2070876509043356
id_49,seq_oral_geni___oral_oral_active_count,0.08108860882646408,1.2070876509043356
id_49,seq_oral_geni___oral_oral_passive_count,-0.5249232583597002,1.2070876509043356
id_49,seq_oral_geni___oral_oral_mean_duration,-0.04237346748586114,1.2070876509043356
id_49,seq_oral_geni___oral_oral_std_duration,0.015064601630054684,1.2070876509043356
id_49,seq_oral_oral___oral_genital_active_count,0.6061913959575312,1.2070876509043356
id_49,seq_oral_oral___oral_genital_passive_count,0.4261148393559296,1.2070876509043356
id_49,seq_oral_oral___oral_genital_mean_duration,0.13179127630818643,1.2070876509043356
id_49,seq_oral_oral___oral_genital_std_duration,-0.15378596313879908,1.2070876509043356
id_50,Approach_active_count,0.2418600189496411,0.7944351538966548
id_50,Approach_passive_count,0.17244418197105935,0.7944351538966548
id_50,Approach_mean_duration,-0.1250238084137876,0.7944351538966548
id_50,Approach_std_duration,0.14047920773980782,0.7944351538966548
id_50,Approach_contact_active_count,0.6084659813517455,0.7944351538966548
id_50,Approach_contact_passive_count,-0.21125576468278368,0.7944351538966548
id_50,Approach_contact_mean_duration,0.18324559252102351,0.7944351538966548
id_50,Approach_contact_std_duration,-0.15164649398383545,0.7944351538966548
id_50,Approach_rear_active_count,-1.5763903242522372,0.7944351538966548
id_50,Approach_rear_passive_count,2.0999343738522014,0.7944351538966548
id_50,Approach_rear_mean_duration,-0.808506632462679,0.7944351538966548
id_50,Approach_rear_std_duration,0.24037335077487898,0.7944351538966548
id_50,Break_contact_active_count,0.368369498017635,0.7944351538966548
id_50,Break_contact_passive_count,-0.08917140408535357,0.7944351538966548
id_50,Break_contact_mean_duration,0.07802951705639433,0.7944351538966548
id_50,Break_contact_std_duration,0.03266079595895695,0.7944351538966548
id_50,Center_Zone_count,-0.9195340702017702,0.7944351538966548
id_50,Center_Zone_mean_duration,-0.1384584379752036,0.7944351538966548
id_50,Center_Zone_std_duration,0.14203066394389138,0.7944351538966548
id_50,Contact_active_count,-0.6286975853375203,0.7944351538966548
id_50,Contact_passive_count,-0.7603892762704504,0.7944351538966548
id_50,Contact_mean_duration,0.018670230173590367,0.7944351538966548
id_50,Contact_std_duration,0.23141123015741474,0.7944351538966548
id_50,Get_away_active_count,-1.7407646008943134,0.7944351538966548
id_50,Get_away_passive_count,0.7600382966677451,0.7944351538966548
id_50,Get_away_mean_duration,0.3480456760246175,0.7944351538966548
id_50,Get_away_std_duration,-0.25018590647158073,0.7944351538966548
id_50,Group_3_break_count,0.04003153689168625,0.7944351538966548
id_50,Group_3_break_mean_duration,-0.16272154107726503,0.7944351538966548
id_50,Group_3_break_std_duration,-0.05835173234512463,0.7944351538966548
id_50,Group_3_make_count,0.13518621803333913,0.7944351538966548
id_50,Group_3_make_mean_duration,0.19103495857763825,0.7944351538966548
id_50,Group_3_make_std_duration,-0.013551860103373855,0.7944351538966548
id_50,Group_4_break_count,0.38905318572072894,0.7944351538966548
id_50,Group_4_break_mean_duration,0.22113787672708313,0.7944351538966548
id_50,Group_4_break_std_duration,-0.27121612902991055,0.7944351538966548
id_50,Group_4_make_count,-0.22922628409115606,0.7944351538966548
id_50,Group_4_make_mean_duration,-0.024820639548183556,0.7944351538966548
id_50,Group_4_make_std_duration,0.13802993152420612,0.7944351538966548
id_50,Group2_active_count,-0.6542878388105177,0.7944351538966548
id_50,Group2_passive_count,-0.6568039540247592,0.7944351538966548
id_50,Group2_mean_duration,-0.4970487391076292,0.7944351538966548
id_50,Group2_std_duration,0.1368187809486798,0.7944351538966548
id_50,Huddling_count,0.2309063112498544,0.7944351538966548
id_50,Huddling_mean_duration,0.16486037497541564,0.7944351538966548
id_50,Huddling_std_duration,-0.13945076707093276,0.7944351538966548
id_50,Move_in_contact_active_count,1.754506133781497,0.7944351538966548
id_50,Move_in_contact_passive_count,-0.28920343909490065,0.7944351538966548
id_50,Move_in_contact_mean_duration,-1.2132763076469057,0.7944351538966548
id_50,Move_in_contact_std_duration,-0.23871293415182981,0.7944351538966548
id_50,Move_isolated_count,-1.6179352277496164,0.7944351538966548
id_50,Move_isolated_mean_duration,-0.3471105348078947,0.7944351538966548
id_50,Move_isolated_std_duration,0.008736654070503488,0.7944351538966548
id_50,Oral_genital_Contact_active_count,1.650651304342227,0.7944351538966548
id_50,Oral_genital_Contact_passive_count,0.04178370073937492,0.7944351538966548
id_50,Oral_genital_Contact_mean_duration,-0.09119593325732553,0.7944351538966548
id_50,Oral_genital_Contact_std_duration,0.019512458123712034,0.7944351538966548
id_50,Oral_oral_Contact_active_count,-0.056736684295513706,0.7944351538966548
id_50,Oral_oral_Contact_passive_count,-0.0567366842951332,0.7944351538966548
id_50,Oral_oral_Contact_mean_duration,0.3306394303624942,0.7944351538966548
id_50,Oral_oral_Contact_std_duration,-0.38578714040110446,0.7944351538966548
id_50,Periphery_Zone_count,0.9653351305969522,0.7944351538966548
id_50,Periphery_Zone_mean_duration,-0.010803551163090779,0.7944351538966548
id_50,Periphery_Zone_std_duration,0.3585107410999077,0.7944351538966548
id_50,Rear_at_periphery_count,-0.5279128834503634,0.7944351538966548
id_50,Rear_at_periphery_mean_duration,0.07594954906747815,0.7944351538966548
id_50,Rear_at_periphery_std_duration,-0.27598782308104725,0.7944351538966548
id_50,Rear_in_centerWindow_count,0.23785163672598542,0.7944351538966548
id_50,Rear_in_centerWindow_mean_duration,0.0635107047513579,0.7944351538966548
id_50,Rear_in_centerWindow_std_duration,-0.24282154581070337,0.7944351538966548
id_50,Rear_in_contact_count,-0.7231086023725698,0.7944351538966548
id_50,Rear_in_contact_mean_duration,0.3070639478136291,0.7944351538966548
id_50,Rear_in_contact_std_duration,-0.15060531546028663,0.7944351538966548
id_50,Rear_isolated_count,1.2524707686282317,0.7944351538966548
id_50,Rear_isolated_mean_duration,-0.4978176693925492,0.7944351538966548
id_50,Rear_isolated_std_duration,0.4986040239015248,0.7944351538966548
id_50,Rearing_count,0.09343993177747387,0.7944351538966548
id_50,Rearing_mean_duration,0.19814572571551492,0.7944351538966548
id_50,Rearing_std_duration,-0.048639049150142555,0.7944351538966548
id_50,SAP_count,0.01228389180087677,0.7944351538966548
id_50,SAP_mean_duration,0.062400130539123605,0.7944351538966548
id_50,SAP_std_duration,-0.030745702636840275,0.7944351538966548
id_50,Side_by_side_Contact_active_count,0.8345369290787527,0.7944351538966548
id_50,Side_by_side_Contact_passive_count,0.8345369290791347,0.7944351538966548
id_50,Side_by_side_Contact_mean_duration,0.21343256845288278,0.7944351538966548
id_50,Side_by_side_Contact_std_duration,0.10736392579088147,0.7944351538966548
id_50,Side_by_side_Contact_opposite_way_active_count,-0.31978397016096927,0.7944351538966548
id_50,Side_by_side_Contact_opposite_way_passive_count,-0.31978397016104937,0.7944351538966548
id_50,Side_by_side_Contact_opposite_way_mean_duration,-0.4496779624712892,0.7944351538966548
id_50,Side_by_side_Contact_opposite_way_std_duration,0.16167648371726262,0.7944351538966548
id_50,Social_approach_active_count,-0.05249850650181952,0.7944351538966548
id_50,Social_approach_passive_count,1.911987953864798,0.7944351538966548
id_50,Social_approach_mean_duration,1.0585486536861004,0.7944351538966548
id_50,Social_approach_std_duration,-0.2981320059263925,0.7944351538966548
id_50,Social_escape_active_count,-1.3089095490888862,0.7944351538966548
id_50,Social_escape_passive_count,0.33707959963685213,0.7944351538966548
id_50,Social_escape_mean_duration,0.13418678489316346,0.7944351538966548
id_50,Social_escape_std_duration,0.22675394809211985,0.7944351538966548
id_50,Stop_count,-0.2313804967888371,0.7944351538966548
id_50,Stop_mean_duration,-0.35940208250141625,0.7944351538966548
id_50,Stop_std_duration,-0.0025940146571504755,0.7944351538966548
id_50,Stop_in_contact_active_count,0.896659571793163,0.7944351538966548
id_50,Stop_in_contact_passive_count,0.28853068222000544,0.7944351538966548
id_50,Stop_in_contact_mean_duration,-0.7363900457120549,0.7944351538966548
id_50,Stop_in_contact_std_duration,-0.9018404799938532,0.7944351538966548
id_50,Stop_isolated_count,-0.7080704349813257,0.7944351538966548
id_50,Stop_isolated_mean_duration,0.09308557594682981,0.7944351538966548
id_50,Stop_isolated_std_duration,-0.16368300778783992,0.7944351538966548
id_50,Train2_active_count,0.057094814301715535,0.7944351538966548
id_50,Train2_passive_count,0.1314081675447215,0.7944351538966548
id_50,Train2_mean_duration,-0.18500290236001218,0.7944351538966548
id_50,Train2_std_duration,0.17147345617346002,0.7944351538966548
id_50,WallJump_count,0.1642136987893881,0.7944351538966548
id_50,WallJump_mean_duration,-0.017902506782838924,0.7944351538966548
id_50,WallJump_std_duration,-0.06948866358493465,0.7944351538966548
id_50,isolated_count,-0.5114965358137009,0.7944351538966548
id_50,isolated_mean_duration,-0.18123029736642496,0.7944351538966548
id_50,isolated_std_duration,0.06696047808300404,0.7944351538966548
id_50,seq_oral_geni___oral_oral_active_count,0.11936812683593624,0.7944351538966548
id_50,seq_oral_geni___oral_oral_passive_count,0.4209863568214138,0.7944351538966548
id_50,seq_oral_geni___oral_oral_mean_duration,0.4512502272138231,0.7944351538966548
id_50,seq_oral_geni___oral_oral_std_duration,0.047094980769877295,0.7944351538966548
id_50,seq_oral_oral___oral_genital_active_count,-0.6528547946479559,0.7944351538966548
id_50,seq_oral_oral___oral_genital_passive_count,-0.4764074623251983,0.7944351538966548
id_50,seq_oral_oral___oral_genital_mean_duration,-0.08357591971862927,0.7944351538966548
id_50,seq_oral_oral___oral_genital_std_duration,0.009886317752778831,0.7944351538966548
id_51,Approach_active_count,-0.14287508636394536,0.522875207196146
id_51,Approach_passive_count,0.2504602269545004,0.522875207196146
id_51,Approach_mean_duration,0.35362477603454523,0.522875207196146
id_51,Approach_std_duration,-0.06230390241698148,0.522875207196146
id_51,Approach_contact_active_count,0.5690591068911853,0.522875207196146
id_51,Approach_contact_passive_count,1.105908286344608,0.522875207196146
id_51,Approach_contact_mean_duration,0.6263991337213463,0.522875207196146
id_51,Approach_contact_std_duration,-0.28239717015906873,0.522875207196146
id_51,Approach_rear_active_count,-1.4718068418730006,0.522875207196146
id_51,Approach_rear_passive_count,0.20038262064240578,0.522875207196146
id_51,Approach_rear_mean_duration,0.9199269249558141,0.522875207196146
id_51,Approach_rear_std_duration,-0.262048533647115,0.522875207196146
id_51,Break_contact_active_count,0.2155322936395762,0.522875207196146
id_51,Break_contact_passive_count,-0.17195654879387595,0.522875207196146
id_51,Break_contact_mean_duration,0.010904188855572278,0.522875207196146
id_51,Break_contact_std_duration,0.009940864689136544,0.522875207196146
id_51,Center_Zone_count,-0.44583189336704115,0.522875207196146
id_51,Center_Zone_mean_duration,-0.21840495324147532,0.522875207196146
id_51,Center_Zone_std_duration,0.02873660321053255,0.522875207196146
id_51,Contact_active_count,0.13860815813679192,0.522875207196146
id_51,Contact_passive_count,0.06884393905258962,0.522875207196146
id_51,Contact_mean_duration,-0.23584981302377597,0.522875207196146
id_51,Contact_std_duration,0.2682387210266573,0.522875207196146
id_51,Get_away_active_count,-0.602885422642587,0.522875207196146
id_51,Get_away_passive_count,0.9618058499825283,0.522875207196146
id_51,Get_away_mean_duration,0.873091141734811,0.522875207196146
id_51,Get_away_std_duration,-0.5825251308664156,0.522875207196146
id_51,Group_3_break_count,-0.5044701600600986,0.522875207196146
id_51,Group_3_break_mean_duration,0.11157442847872505,0.522875207196146
id_51,Group_3_break_std_duration,-0.17520152729158403,0.522875207196146
id_51,Group_3_make_count,0.6693438682136787,0.522875207196146
id_51,Group_3_make_mean_duration,-0.1953162017294631,0.522875207196146
id_51,Group_3_make_std_duration,0.21548236195766077,0.522875207196146
id_51,Group_4_break_count,0.2920518118509516,0.522875207196146
id_51,Group_4_break_mean_duration,0.1907745973883455,0.522875207196146
id_51,Group_4_break_std_duration,0.13966672126821,0.522875207196146
id_51,Group_4_make_count,-0.28323611252122066,0.522875207196146
id_51,Group_4_make_mean_duration,-0.3271193497661621,0.522875207196146
id_51,Group_4_make_std_duration,-0.025337164139692964,0.522875207196146
id_51,Group2_active_count,1.0286930173935105,0.522875207196146
id_51,Group2_passive_count,0.993767143377411,0.522875207196146
id_51,Group2_mean_duration,0.3136853173851614,0.522875207196146
id_51,Group2_std_duration,0.028433455208918264,0.522875207196146
id_51,Huddling_count,-0.10557658693883208,0.522875207196146
id_51,Huddling_mean_duration,0.02988365777735161,0.522875207196146
id_51,Huddling_std_duration,0.012976879738916577,0.522875207196146
id_51,Move_in_contact_active_count,1.0058366001890733,0.522875207196146
id_51,Move_in_contact_passive_count,0.4440743034973046,0.522875207196146
id_51,Move_in_contact_mean_duration,-0.3256034000653034,0.522875207196146
id_51,Move_in_contact_std_duration,0.10015523578705773,0.522875207196146
id_51,Move_isolated_count,1.2174033077511215,0.522875207196146
id_51,Move_isolated_mean_duration,0.1057422790458755,0.522875207196146
id_51,Move_isolated_std_duration,-0.012758485127833561,0.522875207196146
id_51,Oral_genital_Contact_active_count,0.8231243239633845,0.522875207196146
id_51,Oral_genital_Contact_passive_count,1.6560094860277232,0.522875207196146
id_51,Oral_genital_Contact_mean_duration,-0.614862891497139,0.522875207196146
id_51,Oral_genital_Contact_std_duration,0.05746581393407604,0.522875207196146
id_51,Oral_oral_Contact_active_count,-1.0522478902125598,0.522875207196146
id_51,Oral_oral_Contact_passive_count,-1.0522478902096335,0.522875207196146
id_51,Oral_oral_Contact_mean_duration,-0.3985408625535634,0.522875207196146
id_51,Oral_oral_Contact_std_duration,0.05953481377586386,0.522875207196146
id_51,Periphery_Zone_count,0.6653950104990514,0.522875207196146
id_51,Periphery_Zone_mean_duration,-0.2774041256409235,0.522875207196146
id_51,Periphery_Zone_std_duration,0.1750311160453629,0.522875207196146
id_51,Rear_at_periphery_count,-0.3532979877262225,0.522875207196146
id_51,Rear_at_periphery_mean_duration,0.2655594745253403,0.522875207196146
id_51,Rear_at_periphery_std_duration,-0.03644880274235565,0.522875207196146
id_51,Rear_in_centerWindow_count,0.18274635852584403,0.522875207196146
id_51,Rear_in_centerWindow_mean_duration,-0.07028633801614173,0.522875207196146
id_51,Rear_in_centerWindow_std_duration,0.09321364056333163,0.522875207196146
id_51,Rear_in_contact_count,-0.49029196844946843,0.522875207196146
id_51,Rear_in_contact_mean_duration,-0.4995861079363977,0.522875207196146
id_51,Rear_in_contact_std_duration,0.17802679451859277,0.522875207196146
id_51,Rear_isolated_count,0.44078661244812295,0.522875207196146
id_51,Rear_isolated_mean_duration,-0.15533983306560006,0.522875207196146
id_51,Rear_isolated_std_duration,-0.01617589800848347,0.522875207196146
id_51,Rearing_count,-0.6868357408461276,0.522875207196146
id_51,Rearing_mean_duration,-0.5114286422614431,0.522875207196146
id_51,Rearing_std_duration,0.09111708027115437,0.522875207196146
id_51,SAP_count,-0.5513041913419143,0.522875207196146
id_51,SAP_mean_duration,-0.012452279836395531,0.522875207196146
id_51,SAP_std_duration,0.060704683827816096,0.522875207196146
id_51,Side_by_side_Contact_active_count,-0.8650851500202762,0.522875207196146
id_51,Side_by_side_Contact_passive_count,-0.8650851500212406,0.522875207196146
id_51,Side_by_side_Contact_mean_duration,0.6410382983383378,0.522875207196146
id_51,Side_by_side_Contact_std_duration,-0.05725213262749304,0.522875207196146
id_51,Side_by_side_Contact_opposite_way_active_count,-0.5057489316654183,0.522875207196146
id_51,Side_by_side_Contact_opposite_way_passive_count,-0.5057489316657298,0.522875207196146
id_51,Side_by_side_Contact_opposite_way_mean_duration,-0.3582318735193993,0.522875207196146
id_51,Side_by_side_Contact_opposite_way_std_duration,0.07038691315451819,0.522875207196146
id_51,Social_approach_active_count,0.6868374283281035,0.522875207196146
id_51,Social_approach_passive_count,0.586173125168379,0.522875207196146
id_51,Social_approach_mean_duration,0.2347399138520324,0.522875207196146
id_51,Social_approach_std_duration,0.30622827493958493,0.522875207196146
id_51,Social_escape_active_count,0.7139387406863583,0.522875207196146
id_51,Social_escape_passive_count,-1.9117646394193326,0.522875207196146
id_51,Social_escape_mean_duration,0.09644038373118258,0.522875207196146
id_51,Social_escape_std_duration,0.33754894588905743,0.522875207196146
id_51,Stop_count,0.11713959580320482,0.522875207196146
id_51,Stop_mean_duration,0.5645061283378173,0.522875207196146
id_51,Stop_std_duration,-0.2736196265338903,0.522875207196146
id_51,Stop_in_contact_active_count,-1.4188169907713835,0.522875207196146
id_51,Stop_in_contact_passive_count,-2.0534999032221926,0.522875207196146
id_51,Stop_in_contact_mean_duration,0.4694981656800216,0.522875207196146
id_51,Stop_in_contact_std_duration,-1.1995001461615957,0.522875207196146
id_51,Stop_isolated_count,-0.8661185436757444,0.522875207196146
id_51,Stop_isolated_mean_duration,-0.28245701467082884,0.522875207196146
id_51,Stop_isolated_std_duration,0.19610530156396808,0.522875207196146
id_51,Train2_active_count,-0.04076773240138159,0.522875207196146
id_51,Train2_passive_count,-0.1095204583047993,0.522875207196146
id_51,Train2_mean_duration,-0.2340271072366692,0.522875207196146
id_51,Train2_std_duration,0.16460605395657274,0.522875207196146
id_51,WallJump_count,0.031580616930446344,0.522875207196146
id_51,WallJump_mean_duration,-0.06714651459712298,0.522875207196146
id_51,WallJump_std_duration,0.09783770640831733,0.522875207196146
id_51,isolated_count,-0.08928504451104032,0.522875207196146
id_51,isolated_mean_duration,0.19743357396166558,0.522875207196146
id_51,isolated_std_duration,-0.08234439676968423,0.522875207196146
id_51,seq_oral_geni___oral_oral_active_count,-0.25280657331267403,0.522875207196146
id_51,seq_oral_geni___oral_oral_passive_count,0.1841874209427434,0.522875207196146
id_51,seq_oral_geni___oral_oral_mean_duration,0.791337517905085,0.522875207196146
id_51,seq_oral_geni___oral_oral_std_duration,-0.13877323135171613,0.522875207196146
id_51,seq_oral_oral___oral_genital_active_count,0.9526866909187345,0.522875207196146
id_51,seq_oral_oral___oral_genital_passive_count,0.5377015804687844,0.522875207196146
id_51,seq_oral_oral___oral_genital_mean_duration,-0.575314772583943,0.522875207196146
id_51,seq_oral_oral___oral_genital_std_duration,0.02361665453813326,0.522875207196146
